crop,class_name,file_name,relative_path,absolute_path,width,height,channels,format,size_bytes,sha256,split
cotton,Bacterial Blight,bacterial_(78).png,data\raw\cotton\cotton_original\Cotton_Original_Dataset\Bacterial Blight\bacterial_(78).png,D:\ZaraiAI_Tomato_Cotton_Wheat\data\raw\cotton\cotton_original\Cotton_Original_Dataset\Bacterial Blight\bacterial_(78).png,700,700,3,JPEG,39123,11354ad83dddfecfe59d5d4d38e9f505a9c18b3833c6b5e4088ac1f86b037d88,train
cotton,Alternaria Leaf Spot,alternaria_(40).png,data\raw\cotton\cotton_original\Cotton_Original_Dataset\Alternaria Leaf Spot\alternaria_(40).png,D:\ZaraiAI_Tomato_Cotton_Wheat\data\raw\cotton\cotton_original\Cotton_Original_Dataset\Alternaria Leaf Spot\alternaria_(40).png,700,700,3,JPEG,40220,b60f822bcff49283586e4e871bd0a4dc392aa1a83cd68592e799634b2cf886d0,train
cotton,Alternaria Leaf Spot,alternaria_(102).png,data\raw\cotton\cotton_original\Cotton_Original_Dataset\Alternaria Leaf Spot\alternaria_(102).png,D:\ZaraiAI_Tomato_Cotton_Wheat\data\raw\cotton\cotton_original\Cotton_Original_Dataset\Alternaria Leaf Spot\alternaria_(102).png,700,700,3,JPEG,32369,ec05edd5c2353e7c01b3d4d52daaf40135ad9e0435ffc1dd02e26c3b65e77516,train
cotton,Healthy Leaf,healthy_(311).png,data\raw\cotton\cotton_original\Cotton_Original_Dataset\Healthy Leaf\healthy_(311).png,D:\ZaraiAI_Tomato_Cotton_Wheat\data\raw\cotton\cotton_original\Cotton_Original_Dataset\Healthy Leaf\healthy_(311).png,700,700,3,JPEG,41291,519998410224382d7f0b85066df2cfe7bbaa4ea98965d0d452fc9233d0987d1e,train
cotton,Healthy Leaf,healthy_(244).png,data\raw\cotton\cotton_original\Cotton_Original_Dataset\Healthy Leaf\healthy_(244).png,D:\ZaraiAI_Tomato_Cotton_Wheat\data\raw\cotton\cotton_original\Cotton_Original_Dataset\Healthy Leaf\healthy_(244).png,700,700,3,JPEG,39055,3860d575b9711e60335e83e95c0c71bfe079e3c47a6ea22273a7fc0841fc0791,train
cotton,Verticillium Wilt,verticillium_(270).png,data\raw\cotton\cotton_original\Cotton_Original_Dataset\Verticillium Wilt\verticillium_(270).png,D:\ZaraiAI_Tomato_Cotton_Wheat\data\raw\cotton\cotton_original\Cotton_Original_Dataset\Verticillium Wilt\verticillium_(270).png,700,700,3,JPEG,39846,ce726ca8d4de06bb8c4ec41fc7d46e746abbbdb8e6ca5cbf9938b413dcfcb36b,train
cotton,Fusarium Wilt,fusarium_(315).png,data\raw\cotton\cotton_original\Cotton_Original_Dataset\Fusarium Wilt\fusarium_(315).png,D:\ZaraiAI_Tomato_Cotton_Wheat\data\raw\cotton\cotton_original\Cotton_Original_Dataset\Fusarium Wilt\fusarium_(315).png,700,700,3,JPEG,36948,3ea646f782c5d4b766a5afa41410ae347ff2de7982af99eed5c13547864af5b4,train
cotton,Bacterial Blight,bacterial_(99).png,data\raw\cotton\cotton_original\Cotton_Original_Dataset\Bacterial Blight\bacterial_(99).png,D:\ZaraiAI_Tomato_Cotton_Wheat\data\raw\cotton\cotton_original\Cotton_Original_Dataset\Bacterial Blight\bacterial_(99).png,700,700,3,JPEG,38777,1851172a422cfc5cfed9542bc3a510411b85bf6205a8b6beb473765e9a21c463,train
cotton,Fusarium Wilt,fusarium_(189).png,data\raw\cotton\cotton_original\Cotton_Original_Dataset\Fusarium Wilt\fusarium_(189).png,D:\ZaraiAI_Tomato_Cotton_Wheat\data\raw\cotton\cotton_original\Cotton_Original_Dataset\Fusarium Wilt\fusarium_(189).png,700,700,3,JPEG,57593,2ccce91518a9028fbfa78470204c2e89cec72c132298d986475795b4add0cc52,train
cotton,Alternaria Leaf Spot,alternaria_(95).png,data\raw\cotton\cotton_original\Cotton_Original_Dataset\Alternaria Leaf Spot\alternaria_(95).png,D:\ZaraiAI_Tomato_Cotton_Wheat\data\raw\cotton\cotton_original\Cotton_Original_Dataset\Alternaria Leaf Spot\alternaria_(95).png,700,700,3,JPEG,36663,3679c885aa9b812694b4b9e860edf417191a358f4c4f42f8f50de2611c81fb93,train
cotton,Healthy Leaf,healthy_(69).png,data\raw\cotton\cotton_original\Cotton_Original_Dataset\Healthy Leaf\healthy_(69).png,D:\ZaraiAI_Tomato_Cotton_Wheat\data\raw\cotton\cotton_original\Cotton_Original_Dataset\Healthy Leaf\healthy_(69).png,700,700,3,JPEG,37800,226fbfb70a116b06e0f58f9fa279b72dc56240301a9dcb9d7d8723d13636a50c,train
cotton,Bacterial Blight,bacterial_(143).png,data\raw\cotton\cotton_original\Cotton_Original_Dataset\Bacterial Blight\bacterial_(143).png,D:\ZaraiAI_Tomato_Cotton_Wheat\data\raw\cotton\cotton_original\Cotton_Original_Dataset\Bacterial Blight\bacterial_(143).png,700,700,3,JPEG,50208,971824171bbbd8e181e288f6fd79177b24579398b3145f908f4a1831003e5af9,train
cotton,Bacterial Blight,bacterial_(5).png,data\raw\cotton\cotton_original\Cotton_Original_Dataset\Bacterial Blight\bacterial_(5).png,D:\ZaraiAI_Tomato_Cotton_Wheat\data\raw\cotton\cotton_original\Cotton_Original_Dataset\Bacterial Blight\bacterial_(5).png,700,700,3,JPEG,55996,7f49f70084afb371417b08599f1b3be3dc2c904fe4fa77ba415abf8aafc9055a,train
cotton,Healthy Leaf,healthy_(84).png,data\raw\cotton\cotton_original\Cotton_Original_Dataset\Healthy Leaf\healthy_(84).png,D:\ZaraiAI_Tomato_Cotton_Wheat\data\raw\cotton\cotton_original\Cotton_Original_Dataset\Healthy Leaf\healthy_(84).png,700,700,3,JPEG,43711,67cb8a4c361d8c704c383878fef8ba91c85e837348f5f3d2226ec621b3914c09,train
cotton,Alternaria Leaf Spot,alternaria_(89).png,data\raw\cotton\cotton_original\Cotton_Original_Dataset\Alternaria Leaf Spot\alternaria_(89).png,D:\ZaraiAI_Tomato_Cotton_Wheat\data\raw\cotton\cotton_original\Cotton_Original_Dataset\Alternaria Leaf Spot\alternaria_(89).png,700,700,3,JPEG,41237,ba6492c11bf143680c5d36e15804744ac9e33470b2e5100cd0fee521d06ba785,train
cotton,Alternaria Leaf Spot,alternaria_(2).png,data\raw\cotton\cotton_original\Cotton_Original_Dataset\Alternaria Leaf Spot\alternaria_(2).png,D:\ZaraiAI_Tomato_Cotton_Wheat\data\raw\cotton\cotton_original\Cotton_Original_Dataset\Alternaria Leaf Spot\alternaria_(2).png,700,700,3,JPEG,35835,05500daff80f61ffdb6bdcdd65b973d95559964762aad841f523af55eaf11526,train
cotton,Healthy Leaf,healthy_(315).png,data\raw\cotton\cotton_original\Cotton_Original_Dataset\Healthy Leaf\healthy_(315).png,D:\ZaraiAI_Tomato_Cotton_Wheat\data\raw\cotton\cotton_original\Cotton_Original_Dataset\Healthy Leaf\healthy_(315).png,700,700,3,JPEG,40593,473a65845bf4cfd5951a48e3ecfe22dea157765cfbdfca284cddab6903dd2911,train
cotton,Fusarium Wilt,fusarium_(72).png,data\raw\cotton\cotton_original\Cotton_Original_Dataset\Fusarium Wilt\fusarium_(72).png,D:\ZaraiAI_Tomato_Cotton_Wheat\data\raw\cotton\cotton_original\Cotton_Original_Dataset\Fusarium Wilt\fusarium_(72).png,700,700,3,JPEG,47322,33a83566750c690f467e7f3eb8bf72801371bac55e65fea004138878f6719646,train
cotton,Fusarium Wilt,fusarium_(17).png,data\raw\cotton\cotton_original\Cotton_Original_Dataset\Fusarium Wilt\fusarium_(17).png,D:\ZaraiAI_Tomato_Cotton_Wheat\data\raw\cotton\cotton_original\Cotton_Original_Dataset\Fusarium Wilt\fusarium_(17).png,700,700,3,JPEG,47889,1ffca98cd7e666d8e907b41b1fcc6fed06a33ddb3114af0dce609ba1d4c723b9,train
cotton,Fusarium Wilt,fusarium_(202).png,data\raw\cotton\cotton_original\Cotton_Original_Dataset\Fusarium Wilt\fusarium_(202).png,D:\ZaraiAI_Tomato_Cotton_Wheat\data\raw\cotton\cotton_original\Cotton_Original_Dataset\Fusarium Wilt\fusarium_(202).png,700,700,3,JPEG,68197,444ce9fba59de14d184babd32ddca923148f579a1539a8ea96e8bd33a487581c,train
cotton,Alternaria Leaf Spot,alternaria_(56).png,data\raw\cotton\cotton_original\Cotton_Original_Dataset\Alternaria Leaf Spot\alternaria_(56).png,D:\ZaraiAI_Tomato_Cotton_Wheat\data\raw\cotton\cotton_original\Cotton_Original_Dataset\Alternaria Leaf Spot\alternaria_(56).png,700,700,3,JPEG,45388,4afb7a17c81e8d59fbb9f5d0e5a06243a42db40ef012ce2ba22cf618e3f78320,train
cotton,Verticillium Wilt,verticillium_(55).png,data\raw\cotton\cotton_original\Cotton_Original_Dataset\Verticillium Wilt\verticillium_(55).png,D:\ZaraiAI_Tomato_Cotton_Wheat\data\raw\cotton\cotton_original\Cotton_Original_Dataset\Verticillium Wilt\verticillium_(55).png,700,700,3,JPEG,54476,6a67aadb5cd06f5d0f5e12d4ee311e85385e2fd99e13eb14d31f384fb0a3187a,train
cotton,Bacterial Blight,bacterial_(86).png,data\raw\cotton\cotton_original\Cotton_Original_Dataset\Bacterial Blight\bacterial_(86).png,D:\ZaraiAI_Tomato_Cotton_Wheat\data\raw\cotton\cotton_original\Cotton_Original_Dataset\Bacterial Blight\bacterial_(86).png,700,700,3,JPEG,43130,ce42de5ce8a2f2d8ab2b35f3cf2d8101545575d71cc657f215d453c6778600c6,train
cotton,Fusarium Wilt,fusarium_(80).png,data\raw\cotton\cotton_original\Cotton_Original_Dataset\Fusarium Wilt\fusarium_(80).png,D:\ZaraiAI_Tomato_Cotton_Wheat\data\raw\cotton\cotton_original\Cotton_Original_Dataset\Fusarium Wilt\fusarium_(80).png,700,700,3,JPEG,50465,0a6d63a8dc677a4b714f4ef5a922eda1df0f4642a3b28610966e99116c6479e9,train
cotton,Alternaria Leaf Spot,alternaria_(100).png,data\raw\cotton\cotton_original\Cotton_Original_Dataset\Alternaria Leaf Spot\alternaria_(100).png,D:\ZaraiAI_Tomato_Cotton_Wheat\data\raw\cotton\cotton_original\Cotton_Original_Dataset\Alternaria Leaf Spot\alternaria_(100).png,700,700,3,JPEG,33646,7373e7bcee92eb641fd7d2de03eba850d03dfdfccadd127a3a2cd5da52516b91,train
cotton,Alternaria Leaf Spot,alternaria_(31).png,data\raw\cotton\cotton_original\Cotton_Original_Dataset\Alternaria Leaf Spot\alternaria_(31).png,D:\ZaraiAI_Tomato_Cotton_Wheat\data\raw\cotton\cotton_original\Cotton_Original_Dataset\Alternaria Leaf Spot\alternaria_(31).png,700,700,3,JPEG,45377,3b299563787f03029a2cd2136ae23b701051612191c13f471e19990775e671e4,train
cotton,Healthy Leaf,healthy_(124).png,data\raw\cotton\cotton_original\Cotton_Original_Dataset\Healthy Leaf\healthy_(124).png,D:\ZaraiAI_Tomato_Cotton_Wheat\data\raw\cotton\cotton_original\Cotton_Original_Dataset\Healthy Leaf\healthy_(124).png,700,700,3,JPEG,40939,e23fc43d32429ce621e2f41863ce5e1745e565b838e85ade767708d8d7f9ae97,train
cotton,Verticillium Wilt,verticillium_(304).png,data\raw\cotton\cotton_original\Cotton_Original_Dataset\Verticillium Wilt\verticillium_(304).png,D:\ZaraiAI_Tomato_Cotton_Wheat\data\raw\cotton\cotton_original\Cotton_Original_Dataset\Verticillium Wilt\verticillium_(304).png,700,700,3,JPEG,35819,e6ef68a59b98f537d19bc270519c78a4313309adb49af820265897123f1dc8eb,train
cotton,Fusarium Wilt,fusarium_(140).png,data\raw\cotton\cotton_original\Cotton_Original_Dataset\Fusarium Wilt\fusarium_(140).png,D:\ZaraiAI_Tomato_Cotton_Wheat\data\raw\cotton\cotton_original\Cotton_Original_Dataset\Fusarium Wilt\fusarium_(140).png,700,700,3,JPEG,53221,b8d7fbcf14e6b9bae5964b670900bcd7c50e8dd2f3a6c2b05e6f587b72909de0,train
cotton,Verticillium Wilt,verticillium_(52).png,data\raw\cotton\cotton_original\Cotton_Original_Dataset\Verticillium Wilt\verticillium_(52).png,D:\ZaraiAI_Tomato_Cotton_Wheat\data\raw\cotton\cotton_original\Cotton_Original_Dataset\Verticillium Wilt\verticillium_(52).png,700,700,3,JPEG,52272,dab07c249f24e0f8a3b42d96cd3485edd220248f996e1033b736ca8fac01faca,train
cotton,Fusarium Wilt,fusarium_(301).png,data\raw\cotton\cotton_original\Cotton_Original_Dataset\Fusarium Wilt\fusarium_(301).png,D:\ZaraiAI_Tomato_Cotton_Wheat\data\raw\cotton\cotton_original\Cotton_Original_Dataset\Fusarium Wilt\fusarium_(301).png,700,700,3,JPEG,47555,c015968ef33c6a2252048485138cb1b0f75beb211414171fa1f6f6489f56fbf3,train
cotton,Fusarium Wilt,fusarium_(311).png,data\raw\cotton\cotton_original\Cotton_Original_Dataset\Fusarium Wilt\fusarium_(311).png,D:\ZaraiAI_Tomato_Cotton_Wheat\data\raw\cotton\cotton_original\Cotton_Original_Dataset\Fusarium Wilt\fusarium_(311).png,700,700,3,JPEG,48366,c29858cb069065171d85217b28ef6cdfc50a1d07dc1b899ab4825cac2d6da945,train
cotton,Verticillium Wilt,verticillium_(213).png,data\raw\cotton\cotton_original\Cotton_Original_Dataset\Verticillium Wilt\verticillium_(213).png,D:\ZaraiAI_Tomato_Cotton_Wheat\data\raw\cotton\cotton_original\Cotton_Original_Dataset\Verticillium Wilt\verticillium_(213).png,700,700,3,JPEG,33162,481eeda906153b8bf0e44280975b7c61b06ee76069e2b957bf46493405efd771,train
cotton,Bacterial Blight,bacterial_(217).png,data\raw\cotton\cotton_original\Cotton_Original_Dataset\Bacterial Blight\bacterial_(217).png,D:\ZaraiAI_Tomato_Cotton_Wheat\data\raw\cotton\cotton_original\Cotton_Original_Dataset\Bacterial Blight\bacterial_(217).png,700,700,3,JPEG,50538,c16fdea163374459aa886dd6702c99e131f5fffa39a22114d174419635150efa,train
cotton,Healthy Leaf,healthy_(314).png,data\raw\cotton\cotton_original\Cotton_Original_Dataset\Healthy Leaf\healthy_(314).png,D:\ZaraiAI_Tomato_Cotton_Wheat\data\raw\cotton\cotton_original\Cotton_Original_Dataset\Healthy Leaf\healthy_(314).png,700,700,3,JPEG,42369,cd2efe6219ecbc05827e8d8576fdc8714325828eaf4681f4620e009d0dddb23e,train
cotton,Fusarium Wilt,fusarium_(187).png,data\raw\cotton\cotton_original\Cotton_Original_Dataset\Fusarium Wilt\fusarium_(187).png,D:\ZaraiAI_Tomato_Cotton_Wheat\data\raw\cotton\cotton_original\Cotton_Original_Dataset\Fusarium Wilt\fusarium_(187).png,700,700,3,JPEG,41789,c94032c6f44b30236cac09400fab1d8f6a294e9273ec587416d2d48461968370,train
cotton,Alternaria Leaf Spot,alternaria_(70).png,data\raw\cotton\cotton_original\Cotton_Original_Dataset\Alternaria Leaf Spot\alternaria_(70).png,D:\ZaraiAI_Tomato_Cotton_Wheat\data\raw\cotton\cotton_original\Cotton_Original_Dataset\Alternaria Leaf Spot\alternaria_(70).png,700,700,3,JPEG,33981,c6e6d492a234748408454f433a75d7af08edd6523c804f0ab4677946054ac785,train
cotton,Healthy Leaf,healthy_(36).png,data\raw\cotton\cotton_original\Cotton_Original_Dataset\Healthy Leaf\healthy_(36).png,D:\ZaraiAI_Tomato_Cotton_Wheat\data\raw\cotton\cotton_original\Cotton_Original_Dataset\Healthy Leaf\healthy_(36).png,700,700,3,JPEG,34072,ff084e50356cfd2aa65a3067bd8f8230eb74c4cf09db9554a853e5643fcf442e,train
cotton,Verticillium Wilt,verticillium_(99).png,data\raw\cotton\cotton_original\Cotton_Original_Dataset\Verticillium Wilt\verticillium_(99).png,D:\ZaraiAI_Tomato_Cotton_Wheat\data\raw\cotton\cotton_original\Cotton_Original_Dataset\Verticillium Wilt\verticillium_(99).png,700,700,3,JPEG,56213,232b067c93c0384f8b757ac9aee58cbf421ea3d87cc93b7837eb1245b9dd5e93,train
cotton,Fusarium Wilt,fusarium_(45).png,data\raw\cotton\cotton_original\Cotton_Original_Dataset\Fusarium Wilt\fusarium_(45).png,D:\ZaraiAI_Tomato_Cotton_Wheat\data\raw\cotton\cotton_original\Cotton_Original_Dataset\Fusarium Wilt\fusarium_(45).png,700,700,3,JPEG,51462,c29d9f76f0d3a5b2a09f9484ed8e4408e83fa81a27c9cda818e816305abafb99,train
cotton,Bacterial Blight,bacterial_(23).png,data\raw\cotton\cotton_original\Cotton_Original_Dataset\Bacterial Blight\bacterial_(23).png,D:\ZaraiAI_Tomato_Cotton_Wheat\data\raw\cotton\cotton_original\Cotton_Original_Dataset\Bacterial Blight\bacterial_(23).png,700,700,3,JPEG,65286,d7c4377f12b4bac434247084236119baf7c33a3569e2f4f64d37b87843a9e0e3,train
cotton,Healthy Leaf,healthy_(282).png,data\raw\cotton\cotton_original\Cotton_Original_Dataset\Healthy Leaf\healthy_(282).png,D:\ZaraiAI_Tomato_Cotton_Wheat\data\raw\cotton\cotton_original\Cotton_Original_Dataset\Healthy Leaf\healthy_(282).png,700,700,3,JPEG,46903,ca41cdc330b60b97e55a419e4e21ea2d49e3cb4db0eff36ad4d32f4f3100e992,train
cotton,Fusarium Wilt,fusarium_(232).png,data\raw\cotton\cotton_original\Cotton_Original_Dataset\Fusarium Wilt\fusarium_(232).png,D:\ZaraiAI_Tomato_Cotton_Wheat\data\raw\cotton\cotton_original\Cotton_Original_Dataset\Fusarium Wilt\fusarium_(232).png,700,700,3,JPEG,43880,66022ce5b63dfbfe48d2eea1c6f759df49a8c10ccb79141e27dc7e7b3ca00c42,train
cotton,Healthy Leaf,healthy_(173).png,data\raw\cotton\cotton_original\Cotton_Original_Dataset\Healthy Leaf\healthy_(173).png,D:\ZaraiAI_Tomato_Cotton_Wheat\data\raw\cotton\cotton_original\Cotton_Original_Dataset\Healthy Leaf\healthy_(173).png,700,700,3,JPEG,40039,b34131b8e3f1dd6ff9ebc391076651b36b110fea5bd902c91180b5ce6cf44ad8,train
cotton,Fusarium Wilt,fusarium_(135).png,data\raw\cotton\cotton_original\Cotton_Original_Dataset\Fusarium Wilt\fusarium_(135).png,D:\ZaraiAI_Tomato_Cotton_Wheat\data\raw\cotton\cotton_original\Cotton_Original_Dataset\Fusarium Wilt\fusarium_(135).png,700,700,3,JPEG,42186,aa41605d30e540068cc284ff6d9d42642338d210fc949f89f7197c12df0c35f1,train
cotton,Alternaria Leaf Spot,alternaria_(129).png,data\raw\cotton\cotton_original\Cotton_Original_Dataset\Alternaria Leaf Spot\alternaria_(129).png,D:\ZaraiAI_Tomato_Cotton_Wheat\data\raw\cotton\cotton_original\Cotton_Original_Dataset\Alternaria Leaf Spot\alternaria_(129).png,700,700,3,JPEG,47157,3aa38f764a99095717e0ee93876a3253bb08a146490a645e2d06b89b167effcb,train
cotton,Verticillium Wilt,verticillium_(246).png,data\raw\cotton\cotton_original\Cotton_Original_Dataset\Verticillium Wilt\verticillium_(246).png,D:\ZaraiAI_Tomato_Cotton_Wheat\data\raw\cotton\cotton_original\Cotton_Original_Dataset\Verticillium Wilt\verticillium_(246).png,700,700,3,JPEG,65536,5e08d4ca47cfac4665db99ecc014c5a6e0661065beafece6c6c58bdbabd96ef5,train
cotton,Bacterial Blight,bacterial_(137).png,data\raw\cotton\cotton_original\Cotton_Original_Dataset\Bacterial Blight\bacterial_(137).png,D:\ZaraiAI_Tomato_Cotton_Wheat\data\raw\cotton\cotton_original\Cotton_Original_Dataset\Bacterial Blight\bacterial_(137).png,700,700,3,JPEG,50876,8871b08d014e0356e3d95ead8e4d65868ede9bd6681ec6478c1752d62243a7fa,train
cotton,Verticillium Wilt,verticillium_(69).png,data\raw\cotton\cotton_original\Cotton_Original_Dataset\Verticillium Wilt\verticillium_(69).png,D:\ZaraiAI_Tomato_Cotton_Wheat\data\raw\cotton\cotton_original\Cotton_Original_Dataset\Verticillium Wilt\verticillium_(69).png,700,700,3,JPEG,56993,2b8269cde1097131b28e945a3b88638d3913b99808d1b3d33490569235a9c180,train
cotton,Healthy Leaf,healthy_(199).png,data\raw\cotton\cotton_original\Cotton_Original_Dataset\Healthy Leaf\healthy_(199).png,D:\ZaraiAI_Tomato_Cotton_Wheat\data\raw\cotton\cotton_original\Cotton_Original_Dataset\Healthy Leaf\healthy_(199).png,700,700,3,JPEG,36201,0ec3b5a2e51fca86abb98397a9fd1a65c5af58b12e147e059ae2763619a0938b,train
cotton,Healthy Leaf,healthy_(231).png,data\raw\cotton\cotton_original\Cotton_Original_Dataset\Healthy Leaf\healthy_(231).png,D:\ZaraiAI_Tomato_Cotton_Wheat\data\raw\cotton\cotton_original\Cotton_Original_Dataset\Healthy Leaf\healthy_(231).png,700,700,3,JPEG,40356,667b991c4d3b906bc65adfb0ad49a2fdf485aad8bfc3794434b0b271f5bf0a5c,train
cotton,Verticillium Wilt,verticillium_(157).png,data\raw\cotton\cotton_original\Cotton_Original_Dataset\Verticillium Wilt\verticillium_(157).png,D:\ZaraiAI_Tomato_Cotton_Wheat\data\raw\cotton\cotton_original\Cotton_Original_Dataset\Verticillium Wilt\verticillium_(157).png,700,700,3,JPEG,63440,aaad8238055fca08af50896bc7c07eb97242345d4c4b0d9fc1b4b233fc24aa42,train
cotton,Alternaria Leaf Spot,alternaria_(71).png,data\raw\cotton\cotton_original\Cotton_Original_Dataset\Alternaria Leaf Spot\alternaria_(71).png,D:\ZaraiAI_Tomato_Cotton_Wheat\data\raw\cotton\cotton_original\Cotton_Original_Dataset\Alternaria Leaf Spot\alternaria_(71).png,700,700,3,JPEG,36829,6922b26cbfdff0478415a63f36ef4f2296d70e9da2f16206644fd53c22ea6b77,train
cotton,Fusarium Wilt,fusarium_(106).png,data\raw\cotton\cotton_original\Cotton_Original_Dataset\Fusarium Wilt\fusarium_(106).png,D:\ZaraiAI_Tomato_Cotton_Wheat\data\raw\cotton\cotton_original\Cotton_Original_Dataset\Fusarium Wilt\fusarium_(106).png,700,700,3,JPEG,41418,3b1544623f4dcab1ea67d33b685e72c822b20ad8fe0b4b758d4d33e4bb3b0e9d,train
cotton,Fusarium Wilt,fusarium_(144).png,data\raw\cotton\cotton_original\Cotton_Original_Dataset\Fusarium Wilt\fusarium_(144).png,D:\ZaraiAI_Tomato_Cotton_Wheat\data\raw\cotton\cotton_original\Cotton_Original_Dataset\Fusarium Wilt\fusarium_(144).png,700,700,3,JPEG,54304,f9476ec84547877b557e0ed400bde4821b82e89bdd248a15b03738619480907a,train
cotton,Fusarium Wilt,fusarium_(149).png,data\raw\cotton\cotton_original\Cotton_Original_Dataset\Fusarium Wilt\fusarium_(149).png,D:\ZaraiAI_Tomato_Cotton_Wheat\data\raw\cotton\cotton_original\Cotton_Original_Dataset\Fusarium Wilt\fusarium_(149).png,700,700,3,JPEG,52974,13aac9f09acab887efefe0c9756cb47ebe491afa84eeadd1949ee723068f0cfb,train
cotton,Verticillium Wilt,verticillium_(56).png,data\raw\cotton\cotton_original\Cotton_Original_Dataset\Verticillium Wilt\verticillium_(56).png,D:\ZaraiAI_Tomato_Cotton_Wheat\data\raw\cotton\cotton_original\Cotton_Original_Dataset\Verticillium Wilt\verticillium_(56).png,700,700,3,JPEG,55572,2635b92769b7d86b5cfcd09c1b881067aa21f9ca96ffe6151b88364cdf25a6e5,train
cotton,Verticillium Wilt,verticillium_(135).png,data\raw\cotton\cotton_original\Cotton_Original_Dataset\Verticillium Wilt\verticillium_(135).png,D:\ZaraiAI_Tomato_Cotton_Wheat\data\raw\cotton\cotton_original\Cotton_Original_Dataset\Verticillium Wilt\verticillium_(135).png,700,700,3,JPEG,66296,b3fb3ca2aefb241a372cacd0a75b57341d6f26f2b42b39f89502d7ad8574c2c2,train
cotton,Fusarium Wilt,fusarium_(305).png,data\raw\cotton\cotton_original\Cotton_Original_Dataset\Fusarium Wilt\fusarium_(305).png,D:\ZaraiAI_Tomato_Cotton_Wheat\data\raw\cotton\cotton_original\Cotton_Original_Dataset\Fusarium Wilt\fusarium_(305).png,700,700,3,JPEG,47691,c0a8b7217a588f3676afce4a86d5c169543bb58d0032bbbe823fbdff89a16903,train
cotton,Verticillium Wilt,verticillium_(295).png,data\raw\cotton\cotton_original\Cotton_Original_Dataset\Verticillium Wilt\verticillium_(295).png,D:\ZaraiAI_Tomato_Cotton_Wheat\data\raw\cotton\cotton_original\Cotton_Original_Dataset\Verticillium Wilt\verticillium_(295).png,700,700,3,JPEG,57939,a50b4b812e8c51e565b17984885ddbc22b8b220573fc6aab96e33cb44936d5bb,train
cotton,Alternaria Leaf Spot,alternaria_(82).png,data\raw\cotton\cotton_original\Cotton_Original_Dataset\Alternaria Leaf Spot\alternaria_(82).png,D:\ZaraiAI_Tomato_Cotton_Wheat\data\raw\cotton\cotton_original\Cotton_Original_Dataset\Alternaria Leaf Spot\alternaria_(82).png,700,700,3,JPEG,37699,02103a3b54e23ca5f607869784f2f369ef5f8ebe33404610e12fa8c089c4bfd2,train
cotton,Alternaria Leaf Spot,alternaria_(169).png,data\raw\cotton\cotton_original\Cotton_Original_Dataset\Alternaria Leaf Spot\alternaria_(169).png,D:\ZaraiAI_Tomato_Cotton_Wheat\data\raw\cotton\cotton_original\Cotton_Original_Dataset\Alternaria Leaf Spot\alternaria_(169).png,700,700,3,JPEG,42245,4a9e1508540cff7065bf4fc26fa014f76112634ada5affc278cf930332180e92,train
cotton,Fusarium Wilt,fusarium_(292).png,data\raw\cotton\cotton_original\Cotton_Original_Dataset\Fusarium Wilt\fusarium_(292).png,D:\ZaraiAI_Tomato_Cotton_Wheat\data\raw\cotton\cotton_original\Cotton_Original_Dataset\Fusarium Wilt\fusarium_(292).png,700,700,3,JPEG,35908,d8acc88d1191585b28ff11e693685cf08a2f799fc326b53dfc56f9e32ef448f6,train
cotton,Verticillium Wilt,verticillium_(144).png,data\raw\cotton\cotton_original\Cotton_Original_Dataset\Verticillium Wilt\verticillium_(144).png,D:\ZaraiAI_Tomato_Cotton_Wheat\data\raw\cotton\cotton_original\Cotton_Original_Dataset\Verticillium Wilt\verticillium_(144).png,700,700,3,JPEG,38221,e9b7b2376320416002d232fde335886a162c375a648a95edc98656e5df6b233c,train
cotton,Healthy Leaf,healthy_(55).png,data\raw\cotton\cotton_original\Cotton_Original_Dataset\Healthy Leaf\healthy_(55).png,D:\ZaraiAI_Tomato_Cotton_Wheat\data\raw\cotton\cotton_original\Cotton_Original_Dataset\Healthy Leaf\healthy_(55).png,700,700,3,JPEG,33780,a0b0a5d0e21e1da5579fa183a96d43afb72bb0ec6f57eeab019e61221fecd27d,train
cotton,Fusarium Wilt,fusarium_(283).png,data\raw\cotton\cotton_original\Cotton_Original_Dataset\Fusarium Wilt\fusarium_(283).png,D:\ZaraiAI_Tomato_Cotton_Wheat\data\raw\cotton\cotton_original\Cotton_Original_Dataset\Fusarium Wilt\fusarium_(283).png,700,700,3,JPEG,51122,6007075616ac183914fdba00816cef7e2f48ae691e82589fef660d9ff23a9f74,train
cotton,Fusarium Wilt,fusarium_(31).png,data\raw\cotton\cotton_original\Cotton_Original_Dataset\Fusarium Wilt\fusarium_(31).png,D:\ZaraiAI_Tomato_Cotton_Wheat\data\raw\cotton\cotton_original\Cotton_Original_Dataset\Fusarium Wilt\fusarium_(31).png,700,700,3,JPEG,41997,8ea86264493cb14c2d0437e5d4b507691d66afe14dab6723052aa8596d419688,train
cotton,Fusarium Wilt,fusarium_(109).png,data\raw\cotton\cotton_original\Cotton_Original_Dataset\Fusarium Wilt\fusarium_(109).png,D:\ZaraiAI_Tomato_Cotton_Wheat\data\raw\cotton\cotton_original\Cotton_Original_Dataset\Fusarium Wilt\fusarium_(109).png,700,700,3,JPEG,41092,5386d1ba22a7bd6d577200bbb22b21cdb40ae3d80eb82939783b9311e14402a9,train
cotton,Bacterial Blight,bacterial_(42).png,data\raw\cotton\cotton_original\Cotton_Original_Dataset\Bacterial Blight\bacterial_(42).png,D:\ZaraiAI_Tomato_Cotton_Wheat\data\raw\cotton\cotton_original\Cotton_Original_Dataset\Bacterial Blight\bacterial_(42).png,700,700,3,JPEG,38678,23ea4e8b2ae08e2a2d5367f75cf44d7cf57a4e5e37108e8242cbf5e5e34d0332,train
cotton,Healthy Leaf,healthy_(333).png,data\raw\cotton\cotton_original\Cotton_Original_Dataset\Healthy Leaf\healthy_(333).png,D:\ZaraiAI_Tomato_Cotton_Wheat\data\raw\cotton\cotton_original\Cotton_Original_Dataset\Healthy Leaf\healthy_(333).png,700,700,3,JPEG,54522,80ceec687c4d5c1f3c05d1f31836a8d7ee52b7f543e9cd163c790067d575b9cf,train
cotton,Healthy Leaf,healthy_(53).png,data\raw\cotton\cotton_original\Cotton_Original_Dataset\Healthy Leaf\healthy_(53).png,D:\ZaraiAI_Tomato_Cotton_Wheat\data\raw\cotton\cotton_original\Cotton_Original_Dataset\Healthy Leaf\healthy_(53).png,700,700,3,JPEG,40271,644a92b6712776b7eac6b687df393ec9338ede9d065374b7577ae462a34d6cb1,train
cotton,Fusarium Wilt,fusarium_(132).png,data\raw\cotton\cotton_original\Cotton_Original_Dataset\Fusarium Wilt\fusarium_(132).png,D:\ZaraiAI_Tomato_Cotton_Wheat\data\raw\cotton\cotton_original\Cotton_Original_Dataset\Fusarium Wilt\fusarium_(132).png,700,700,3,JPEG,68786,e7014233f9e3ad2dd40a9a7624f0efd6428961ec2b4786c6faf0ca3aa6cbd461,train
cotton,Fusarium Wilt,fusarium_(159).png,data\raw\cotton\cotton_original\Cotton_Original_Dataset\Fusarium Wilt\fusarium_(159).png,D:\ZaraiAI_Tomato_Cotton_Wheat\data\raw\cotton\cotton_original\Cotton_Original_Dataset\Fusarium Wilt\fusarium_(159).png,700,700,3,JPEG,52011,3d0ebbf17b8e5fd45a33b81efc9c0577e03fb4f457f8add6a2cb5bfac4d3e467,train
cotton,Verticillium Wilt,verticillium_(112).png,data\raw\cotton\cotton_original\Cotton_Original_Dataset\Verticillium Wilt\verticillium_(112).png,D:\ZaraiAI_Tomato_Cotton_Wheat\data\raw\cotton\cotton_original\Cotton_Original_Dataset\Verticillium Wilt\verticillium_(112).png,700,700,3,JPEG,48988,539d40b1389484945cdfc5778048eb27cd8486c230098669b6dacb2d64eb21ec,train
cotton,Verticillium Wilt,verticillium_(124).png,data\raw\cotton\cotton_original\Cotton_Original_Dataset\Verticillium Wilt\verticillium_(124).png,D:\ZaraiAI_Tomato_Cotton_Wheat\data\raw\cotton\cotton_original\Cotton_Original_Dataset\Verticillium Wilt\verticillium_(124).png,700,700,3,JPEG,49586,090f6e620878298dcb4feb4f940a2d8f980f75e2c708c0ccc98c8f21e1456382,train
cotton,Fusarium Wilt,fusarium_(266).png,data\raw\cotton\cotton_original\Cotton_Original_Dataset\Fusarium Wilt\fusarium_(266).png,D:\ZaraiAI_Tomato_Cotton_Wheat\data\raw\cotton\cotton_original\Cotton_Original_Dataset\Fusarium Wilt\fusarium_(266).png,700,700,3,JPEG,39888,a6f6a12af027b1a61121055d66979137188752667b9b39cc183a29568aafc501,train
cotton,Bacterial Blight,bacterial_(69).png,data\raw\cotton\cotton_original\Cotton_Original_Dataset\Bacterial Blight\bacterial_(69).png,D:\ZaraiAI_Tomato_Cotton_Wheat\data\raw\cotton\cotton_original\Cotton_Original_Dataset\Bacterial Blight\bacterial_(69).png,700,700,3,JPEG,43459,7b4c386c8a2cd7032c46a091cd50e0eba4ad203f1898a0cbe6654862e071cd69,train
cotton,Bacterial Blight,bacterial_(157).png,data\raw\cotton\cotton_original\Cotton_Original_Dataset\Bacterial Blight\bacterial_(157).png,D:\ZaraiAI_Tomato_Cotton_Wheat\data\raw\cotton\cotton_original\Cotton_Original_Dataset\Bacterial Blight\bacterial_(157).png,700,700,3,JPEG,52451,604115330fafb6967027f732500165bb27653a05a53a38551219ef7e6c3cb3ad,train
cotton,Verticillium Wilt,verticillium_(255).png,data\raw\cotton\cotton_original\Cotton_Original_Dataset\Verticillium Wilt\verticillium_(255).png,D:\ZaraiAI_Tomato_Cotton_Wheat\data\raw\cotton\cotton_original\Cotton_Original_Dataset\Verticillium Wilt\verticillium_(255).png,700,700,3,JPEG,63699,8c6b5ce1431b0bc5fe11b710b22574137b0fe4a717383b368ee948ae90daad6c,train
cotton,Healthy Leaf,healthy_(291).png,data\raw\cotton\cotton_original\Cotton_Original_Dataset\Healthy Leaf\healthy_(291).png,D:\ZaraiAI_Tomato_Cotton_Wheat\data\raw\cotton\cotton_original\Cotton_Original_Dataset\Healthy Leaf\healthy_(291).png,700,700,3,JPEG,49515,c04efa8025c8a6d76a792c9d293dcc99de650c1323b9be8383988476be0cfea7,train
cotton,Bacterial Blight,bacterial_(111).png,data\raw\cotton\cotton_original\Cotton_Original_Dataset\Bacterial Blight\bacterial_(111).png,D:\ZaraiAI_Tomato_Cotton_Wheat\data\raw\cotton\cotton_original\Cotton_Original_Dataset\Bacterial Blight\bacterial_(111).png,700,700,3,JPEG,36567,1a84762f346e07d21c425789fa2e4961613bfcf9e99645cb7d871b6756a3d354,train
cotton,Fusarium Wilt,fusarium_(239).png,data\raw\cotton\cotton_original\Cotton_Original_Dataset\Fusarium Wilt\fusarium_(239).png,D:\ZaraiAI_Tomato_Cotton_Wheat\data\raw\cotton\cotton_original\Cotton_Original_Dataset\Fusarium Wilt\fusarium_(239).png,700,700,3,JPEG,42067,d80178488d1dabe93efe77bd65e8215bc707fe09786e7b0e52c28dafca3bd78c,train
cotton,Fusarium Wilt,fusarium_(248).png,data\raw\cotton\cotton_original\Cotton_Original_Dataset\Fusarium Wilt\fusarium_(248).png,D:\ZaraiAI_Tomato_Cotton_Wheat\data\raw\cotton\cotton_original\Cotton_Original_Dataset\Fusarium Wilt\fusarium_(248).png,700,700,3,JPEG,41183,90c586d6cfd77430f3361efd1fc86161d39fc755a7c95fde295f6e4b6173892a,train
cotton,Alternaria Leaf Spot,alternaria_(47).png,data\raw\cotton\cotton_original\Cotton_Original_Dataset\Alternaria Leaf Spot\alternaria_(47).png,D:\ZaraiAI_Tomato_Cotton_Wheat\data\raw\cotton\cotton_original\Cotton_Original_Dataset\Alternaria Leaf Spot\alternaria_(47).png,700,700,3,JPEG,41782,64ce4c63b60f32a2533f57029b53fa2a30e107822a2d265a95d955c335008921,train
cotton,Healthy Leaf,healthy_(147).png,data\raw\cotton\cotton_original\Cotton_Original_Dataset\Healthy Leaf\healthy_(147).png,D:\ZaraiAI_Tomato_Cotton_Wheat\data\raw\cotton\cotton_original\Cotton_Original_Dataset\Healthy Leaf\healthy_(147).png,700,700,3,JPEG,39104,68b0f19077847d321015cb49628602e69219cfcbe1dc9f64c7890f9508dfb09c,train
cotton,Alternaria Leaf Spot,alternaria_(116).png,data\raw\cotton\cotton_original\Cotton_Original_Dataset\Alternaria Leaf Spot\alternaria_(116).png,D:\ZaraiAI_Tomato_Cotton_Wheat\data\raw\cotton\cotton_original\Cotton_Original_Dataset\Alternaria Leaf Spot\alternaria_(116).png,700,700,3,JPEG,36515,22be5c35ff80f6a72a92610ccd9f31cc960a342c36be6501fda71b4d322167a9,train
cotton,Verticillium Wilt,verticillium_(104).png,data\raw\cotton\cotton_original\Cotton_Original_Dataset\Verticillium Wilt\verticillium_(104).png,D:\ZaraiAI_Tomato_Cotton_Wheat\data\raw\cotton\cotton_original\Cotton_Original_Dataset\Verticillium Wilt\verticillium_(104).png,700,700,3,JPEG,52727,fdfbba5458d14adf319dade5ef239963ea765602c04f4ccfbd89dd0e659d3836,train
cotton,Verticillium Wilt,verticillium_(18).png,data\raw\cotton\cotton_original\Cotton_Original_Dataset\Verticillium Wilt\verticillium_(18).png,D:\ZaraiAI_Tomato_Cotton_Wheat\data\raw\cotton\cotton_original\Cotton_Original_Dataset\Verticillium Wilt\verticillium_(18).png,700,700,3,JPEG,64004,cfb0f11d7939dca6e277e041a8d6d0c87fbd99760d299985a0b6e834cd80e322,train
cotton,Verticillium Wilt,verticillium_(151).png,data\raw\cotton\cotton_original\Cotton_Original_Dataset\Verticillium Wilt\verticillium_(151).png,D:\ZaraiAI_Tomato_Cotton_Wheat\data\raw\cotton\cotton_original\Cotton_Original_Dataset\Verticillium Wilt\verticillium_(151).png,700,700,3,JPEG,35071,05b65acf51f5ff90f281e9547823c11bca7c45145839bf80a6759f9fe56a6e78,train
cotton,Fusarium Wilt,fusarium_(108).png,data\raw\cotton\cotton_original\Cotton_Original_Dataset\Fusarium Wilt\fusarium_(108).png,D:\ZaraiAI_Tomato_Cotton_Wheat\data\raw\cotton\cotton_original\Cotton_Original_Dataset\Fusarium Wilt\fusarium_(108).png,700,700,3,JPEG,44964,28bc7afec78e9f0c75ef60e86c3f013ddd42811f3086397ec95e4586b3484a7f,train
cotton,Healthy Leaf,healthy_(5).png,data\raw\cotton\cotton_original\Cotton_Original_Dataset\Healthy Leaf\healthy_(5).png,D:\ZaraiAI_Tomato_Cotton_Wheat\data\raw\cotton\cotton_original\Cotton_Original_Dataset\Healthy Leaf\healthy_(5).png,700,700,3,JPEG,54392,e8fb52d2dc06622ae4dbd93c1c885b005d5a96aab94edd1674dcd14d4729e5c5,train
cotton,Alternaria Leaf Spot,alternaria_(54).png,data\raw\cotton\cotton_original\Cotton_Original_Dataset\Alternaria Leaf Spot\alternaria_(54).png,D:\ZaraiAI_Tomato_Cotton_Wheat\data\raw\cotton\cotton_original\Cotton_Original_Dataset\Alternaria Leaf Spot\alternaria_(54).png,700,700,3,JPEG,46937,3ab1f841c23f8dbc4f53873c5123dfe0432ed34a157a145fe0ee7a0c8722c405,train
cotton,Bacterial Blight,bacterial_(49).png,data\raw\cotton\cotton_original\Cotton_Original_Dataset\Bacterial Blight\bacterial_(49).png,D:\ZaraiAI_Tomato_Cotton_Wheat\data\raw\cotton\cotton_original\Cotton_Original_Dataset\Bacterial Blight\bacterial_(49).png,700,700,3,JPEG,33950,f50a5550601afe71c19c948229c5b0b127cc4f883a8a5a822743282014e4b093,train
cotton,Alternaria Leaf Spot,alternaria_(5).png,data\raw\cotton\cotton_original\Cotton_Original_Dataset\Alternaria Leaf Spot\alternaria_(5).png,D:\ZaraiAI_Tomato_Cotton_Wheat\data\raw\cotton\cotton_original\Cotton_Original_Dataset\Alternaria Leaf Spot\alternaria_(5).png,700,700,3,JPEG,40212,c905f2410662755318b92ddb3c040b3cbb33cafe2ddaaf1a9dea574144e51ab6,train
cotton,Healthy Leaf,healthy_(144).png,data\raw\cotton\cotton_original\Cotton_Original_Dataset\Healthy Leaf\healthy_(144).png,D:\ZaraiAI_Tomato_Cotton_Wheat\data\raw\cotton\cotton_original\Cotton_Original_Dataset\Healthy Leaf\healthy_(144).png,700,700,3,JPEG,36653,8ee0f1a2b68fab5994d7b160ce79638945cc031d8beea959734df5b253d2edaa,train
cotton,Healthy Leaf,healthy_(266).png,data\raw\cotton\cotton_original\Cotton_Original_Dataset\Healthy Leaf\healthy_(266).png,D:\ZaraiAI_Tomato_Cotton_Wheat\data\raw\cotton\cotton_original\Cotton_Original_Dataset\Healthy Leaf\healthy_(266).png,700,700,3,JPEG,49305,69b1775371ff7c8fa80905028f51117d932374b4d558fdda7c9cb1b472c25bde,train
cotton,Verticillium Wilt,verticillium_(262).png,data\raw\cotton\cotton_original\Cotton_Original_Dataset\Verticillium Wilt\verticillium_(262).png,D:\ZaraiAI_Tomato_Cotton_Wheat\data\raw\cotton\cotton_original\Cotton_Original_Dataset\Verticillium Wilt\verticillium_(262).png,700,700,3,JPEG,50866,6cc947d6678421f4a7dec9096dab2b608d2792dca93c0c5065b959a5977893ee,train
cotton,Bacterial Blight,bacterial_(124).png,data\raw\cotton\cotton_original\Cotton_Original_Dataset\Bacterial Blight\bacterial_(124).png,D:\ZaraiAI_Tomato_Cotton_Wheat\data\raw\cotton\cotton_original\Cotton_Original_Dataset\Bacterial Blight\bacterial_(124).png,700,700,3,JPEG,60164,fbef813d03f65c7fdc1e75d4290508c0b853df0dfb2c49c3eac50dd4fa13eb15,train
cotton,Fusarium Wilt,fusarium_(174).png,data\raw\cotton\cotton_original\Cotton_Original_Dataset\Fusarium Wilt\fusarium_(174).png,D:\ZaraiAI_Tomato_Cotton_Wheat\data\raw\cotton\cotton_original\Cotton_Original_Dataset\Fusarium Wilt\fusarium_(174).png,700,700,3,JPEG,49285,3b8faf9a5e25f17aaab9c53a07291f4c4b98c6867a29c7984d7f5b77136906ca,train
cotton,Bacterial Blight,bacterial_(169).png,data\raw\cotton\cotton_original\Cotton_Original_Dataset\Bacterial Blight\bacterial_(169).png,D:\ZaraiAI_Tomato_Cotton_Wheat\data\raw\cotton\cotton_original\Cotton_Original_Dataset\Bacterial Blight\bacterial_(169).png,700,700,3,JPEG,39739,b74bf7fd6fc1b7c5be24ba4e31d2c98a72899ffd41e4fb246fec9e80c113854c,train
cotton,Bacterial Blight,bacterial_(121).png,data\raw\cotton\cotton_original\Cotton_Original_Dataset\Bacterial Blight\bacterial_(121).png,D:\ZaraiAI_Tomato_Cotton_Wheat\data\raw\cotton\cotton_original\Cotton_Original_Dataset\Bacterial Blight\bacterial_(121).png,700,700,3,JPEG,34732,a88cc83d14498bb65464f2f65b66572666c594f01fb1e58a9567c1f6f7f3b1f3,train
cotton,Fusarium Wilt,fusarium_(291).png,data\raw\cotton\cotton_original\Cotton_Original_Dataset\Fusarium Wilt\fusarium_(291).png,D:\ZaraiAI_Tomato_Cotton_Wheat\data\raw\cotton\cotton_original\Cotton_Original_Dataset\Fusarium Wilt\fusarium_(291).png,700,700,3,JPEG,37337,e6b1c0a5db1e1b577bf572f11af9367579c1bd165ef1611fd69c3b45d8ff1ec7,train
cotton,Healthy Leaf,healthy_(118).png,data\raw\cotton\cotton_original\Cotton_Original_Dataset\Healthy Leaf\healthy_(118).png,D:\ZaraiAI_Tomato_Cotton_Wheat\data\raw\cotton\cotton_original\Cotton_Original_Dataset\Healthy Leaf\healthy_(118).png,700,700,3,JPEG,39945,3b975605c72c124eeda01ad7dca33489656879a0f7808af7e9dc003c7b530df3,train
cotton,Alternaria Leaf Spot,alternaria_(165).png,data\raw\cotton\cotton_original\Cotton_Original_Dataset\Alternaria Leaf Spot\alternaria_(165).png,D:\ZaraiAI_Tomato_Cotton_Wheat\data\raw\cotton\cotton_original\Cotton_Original_Dataset\Alternaria Leaf Spot\alternaria_(165).png,700,700,3,JPEG,43489,07666c5a077387317ca04a5135061acdac50ef2f2d1809503208e95bed7e10c8,train
cotton,Verticillium Wilt,verticillium_(148).png,data\raw\cotton\cotton_original\Cotton_Original_Dataset\Verticillium Wilt\verticillium_(148).png,D:\ZaraiAI_Tomato_Cotton_Wheat\data\raw\cotton\cotton_original\Cotton_Original_Dataset\Verticillium Wilt\verticillium_(148).png,700,700,3,JPEG,34103,5dedb66337d54958b1f7408a8466e446b7816d8915452cc03b11eee2653d713f,train
cotton,Verticillium Wilt,verticillium_(187).png,data\raw\cotton\cotton_original\Cotton_Original_Dataset\Verticillium Wilt\verticillium_(187).png,D:\ZaraiAI_Tomato_Cotton_Wheat\data\raw\cotton\cotton_original\Cotton_Original_Dataset\Verticillium Wilt\verticillium_(187).png,700,700,3,JPEG,34697,66d58c3f3cd1c7ef8b91d5fd231ff310cd857be0a65e21400511e225818772d7,train
cotton,Verticillium Wilt,verticillium_(266).png,data\raw\cotton\cotton_original\Cotton_Original_Dataset\Verticillium Wilt\verticillium_(266).png,D:\ZaraiAI_Tomato_Cotton_Wheat\data\raw\cotton\cotton_original\Cotton_Original_Dataset\Verticillium Wilt\verticillium_(266).png,700,700,3,JPEG,64158,541765cb1513c7429988ef2737caf608e1492ff62b5742accd3321417205b18f,train
cotton,Fusarium Wilt,fusarium_(217).png,data\raw\cotton\cotton_original\Cotton_Original_Dataset\Fusarium Wilt\fusarium_(217).png,D:\ZaraiAI_Tomato_Cotton_Wheat\data\raw\cotton\cotton_original\Cotton_Original_Dataset\Fusarium Wilt\fusarium_(217).png,700,700,3,JPEG,55641,6e7468b6a6828ecb9108430627332c5102853f7773b7678a53ab0e66f24f8837,train
cotton,Healthy Leaf,healthy_(255).png,data\raw\cotton\cotton_original\Cotton_Original_Dataset\Healthy Leaf\healthy_(255).png,D:\ZaraiAI_Tomato_Cotton_Wheat\data\raw\cotton\cotton_original\Cotton_Original_Dataset\Healthy Leaf\healthy_(255).png,700,700,3,JPEG,47430,50476706e69b19a94c4aa5b5e9a402ed8485a2375584da1e73e39726c4307e95,train
cotton,Alternaria Leaf Spot,alternaria_(58).png,data\raw\cotton\cotton_original\Cotton_Original_Dataset\Alternaria Leaf Spot\alternaria_(58).png,D:\ZaraiAI_Tomato_Cotton_Wheat\data\raw\cotton\cotton_original\Cotton_Original_Dataset\Alternaria Leaf Spot\alternaria_(58).png,700,700,3,JPEG,41848,57d867c48e2a1615a0c4b784519065371c6d2ea6fc2a0d51368ceb69d810f325,train
cotton,Verticillium Wilt,verticillium_(76).png,data\raw\cotton\cotton_original\Cotton_Original_Dataset\Verticillium Wilt\verticillium_(76).png,D:\ZaraiAI_Tomato_Cotton_Wheat\data\raw\cotton\cotton_original\Cotton_Original_Dataset\Verticillium Wilt\verticillium_(76).png,700,700,3,JPEG,64169,d45bc4b4d6abfaef0491e9a7c047b5f6c5925b95aa73689f5e6220df380a574a,train
cotton,Bacterial Blight,bacterial_(106).png,data\raw\cotton\cotton_original\Cotton_Original_Dataset\Bacterial Blight\bacterial_(106).png,D:\ZaraiAI_Tomato_Cotton_Wheat\data\raw\cotton\cotton_original\Cotton_Original_Dataset\Bacterial Blight\bacterial_(106).png,700,700,3,JPEG,36245,f6cda0cf47f6c31fb76c324698273c4dfaeb2ded23933676f2c32215a4c03c4d,train
cotton,Verticillium Wilt,verticillium_(62).png,data\raw\cotton\cotton_original\Cotton_Original_Dataset\Verticillium Wilt\verticillium_(62).png,D:\ZaraiAI_Tomato_Cotton_Wheat\data\raw\cotton\cotton_original\Cotton_Original_Dataset\Verticillium Wilt\verticillium_(62).png,700,700,3,JPEG,53516,3ef947d77c1f9307a10059b0d4137192c330dd7616823c1ad9a4aff1b4019c90,train
cotton,Bacterial Blight,bacterial_(152).png,data\raw\cotton\cotton_original\Cotton_Original_Dataset\Bacterial Blight\bacterial_(152).png,D:\ZaraiAI_Tomato_Cotton_Wheat\data\raw\cotton\cotton_original\Cotton_Original_Dataset\Bacterial Blight\bacterial_(152).png,700,700,3,JPEG,41764,dfc0771b3827fa8580a7dd444d1ded12982dc2e42cdfe52491c14ee7a2c80371,train
cotton,Alternaria Leaf Spot,alternaria_(133).png,data\raw\cotton\cotton_original\Cotton_Original_Dataset\Alternaria Leaf Spot\alternaria_(133).png,D:\ZaraiAI_Tomato_Cotton_Wheat\data\raw\cotton\cotton_original\Cotton_Original_Dataset\Alternaria Leaf Spot\alternaria_(133).png,700,700,3,JPEG,37573,de4d9b6f722f0f1e56a5e5420284ba5be60d5b21b07bc65ae503d7f1946080e3,train
cotton,Verticillium Wilt,verticillium_(60).png,data\raw\cotton\cotton_original\Cotton_Original_Dataset\Verticillium Wilt\verticillium_(60).png,D:\ZaraiAI_Tomato_Cotton_Wheat\data\raw\cotton\cotton_original\Cotton_Original_Dataset\Verticillium Wilt\verticillium_(60).png,700,700,3,JPEG,53795,278e0067294017f5e8d3c1a92fbea33efd566790f3b896bc49f47201007361b5,train
cotton,Healthy Leaf,healthy_(47).png,data\raw\cotton\cotton_original\Cotton_Original_Dataset\Healthy Leaf\healthy_(47).png,D:\ZaraiAI_Tomato_Cotton_Wheat\data\raw\cotton\cotton_original\Cotton_Original_Dataset\Healthy Leaf\healthy_(47).png,700,700,3,JPEG,39980,dc08443f9a9f50cd11c7c4db5839c3441a1e03484bd95abf7e699f919e29a9cd,train
cotton,Bacterial Blight,bacterial_(190).png,data\raw\cotton\cotton_original\Cotton_Original_Dataset\Bacterial Blight\bacterial_(190).png,D:\ZaraiAI_Tomato_Cotton_Wheat\data\raw\cotton\cotton_original\Cotton_Original_Dataset\Bacterial Blight\bacterial_(190).png,700,700,3,JPEG,47892,3ece9b5c6f344386dadcd359e99f148d4d6be40e13c4ae6a92b5e2499965e0b1,train
cotton,Healthy Leaf,healthy_(264).png,data\raw\cotton\cotton_original\Cotton_Original_Dataset\Healthy Leaf\healthy_(264).png,D:\ZaraiAI_Tomato_Cotton_Wheat\data\raw\cotton\cotton_original\Cotton_Original_Dataset\Healthy Leaf\healthy_(264).png,700,700,3,JPEG,48229,c71a8f18cd34f3bd2e0f37eb2693e3b4acba94957b2fc63c6bb3f014b8ec98d0,train
cotton,Healthy Leaf,healthy_(122).png,data\raw\cotton\cotton_original\Cotton_Original_Dataset\Healthy Leaf\healthy_(122).png,D:\ZaraiAI_Tomato_Cotton_Wheat\data\raw\cotton\cotton_original\Cotton_Original_Dataset\Healthy Leaf\healthy_(122).png,700,700,3,JPEG,39029,e0780596ae052b48f27e817d3b6339bd3009a76f5dd4476f9e0a80fc4d7ad196,train
cotton,Verticillium Wilt,verticillium_(94).png,data\raw\cotton\cotton_original\Cotton_Original_Dataset\Verticillium Wilt\verticillium_(94).png,D:\ZaraiAI_Tomato_Cotton_Wheat\data\raw\cotton\cotton_original\Cotton_Original_Dataset\Verticillium Wilt\verticillium_(94).png,700,700,3,JPEG,40572,928737d49ca579c13016418982710f2a209f8982e93575d8ed323f9c2187de03,train
cotton,Bacterial Blight,bacterial_(104).png,data\raw\cotton\cotton_original\Cotton_Original_Dataset\Bacterial Blight\bacterial_(104).png,D:\ZaraiAI_Tomato_Cotton_Wheat\data\raw\cotton\cotton_original\Cotton_Original_Dataset\Bacterial Blight\bacterial_(104).png,700,700,3,JPEG,38641,876d842095ec2cb7372d5d0efdc3fee12ea5c02d01879c1a1b776f22d569e4ab,train
cotton,Healthy Leaf,healthy_(201).png,data\raw\cotton\cotton_original\Cotton_Original_Dataset\Healthy Leaf\healthy_(201).png,D:\ZaraiAI_Tomato_Cotton_Wheat\data\raw\cotton\cotton_original\Cotton_Original_Dataset\Healthy Leaf\healthy_(201).png,700,700,3,JPEG,39917,fd5b0f31d6532675c3c5bc451aafc22f446f872dd1e67c4babbc224675151c9a,train
cotton,Healthy Leaf,healthy_(327).png,data\raw\cotton\cotton_original\Cotton_Original_Dataset\Healthy Leaf\healthy_(327).png,D:\ZaraiAI_Tomato_Cotton_Wheat\data\raw\cotton\cotton_original\Cotton_Original_Dataset\Healthy Leaf\healthy_(327).png,700,700,3,JPEG,43530,2099384369713fae2418c6ed926203c341c7927657a04b49bad2f6650051f75d,train
cotton,Verticillium Wilt,verticillium_(85).png,data\raw\cotton\cotton_original\Cotton_Original_Dataset\Verticillium Wilt\verticillium_(85).png,D:\ZaraiAI_Tomato_Cotton_Wheat\data\raw\cotton\cotton_original\Cotton_Original_Dataset\Verticillium Wilt\verticillium_(85).png,700,700,3,JPEG,43154,809efc409823c6f0c7bc8c978577f789ec27ed162fa678792161a0c73f8a054b,train
cotton,Bacterial Blight,bacterial_(179).png,data\raw\cotton\cotton_original\Cotton_Original_Dataset\Bacterial Blight\bacterial_(179).png,D:\ZaraiAI_Tomato_Cotton_Wheat\data\raw\cotton\cotton_original\Cotton_Original_Dataset\Bacterial Blight\bacterial_(179).png,700,700,3,JPEG,31899,323b6f1cb9b93bad7096f1bd6ef08080601a575f94f51a97eff375e2ee0eb17b,train
cotton,Healthy Leaf,healthy_(8).png,data\raw\cotton\cotton_original\Cotton_Original_Dataset\Healthy Leaf\healthy_(8).png,D:\ZaraiAI_Tomato_Cotton_Wheat\data\raw\cotton\cotton_original\Cotton_Original_Dataset\Healthy Leaf\healthy_(8).png,700,700,3,JPEG,44217,f87e24fc29c1c0dfcf96e802d4862aff93202adeb2edf1283eade197c80e18f5,train
cotton,Verticillium Wilt,verticillium_(181).png,data\raw\cotton\cotton_original\Cotton_Original_Dataset\Verticillium Wilt\verticillium_(181).png,D:\ZaraiAI_Tomato_Cotton_Wheat\data\raw\cotton\cotton_original\Cotton_Original_Dataset\Verticillium Wilt\verticillium_(181).png,700,700,3,JPEG,36120,309633b885da65b786ced161db039cc42facbf406f548b39387a365801795f80,train
cotton,Bacterial Blight,bacterial_(43).png,data\raw\cotton\cotton_original\Cotton_Original_Dataset\Bacterial Blight\bacterial_(43).png,D:\ZaraiAI_Tomato_Cotton_Wheat\data\raw\cotton\cotton_original\Cotton_Original_Dataset\Bacterial Blight\bacterial_(43).png,700,700,3,JPEG,38875,719302e8d73a713c38d52c2e24fbc381ea9b0990f3988df7acb57d442af31181,train
cotton,Alternaria Leaf Spot,alternaria_(103).png,data\raw\cotton\cotton_original\Cotton_Original_Dataset\Alternaria Leaf Spot\alternaria_(103).png,D:\ZaraiAI_Tomato_Cotton_Wheat\data\raw\cotton\cotton_original\Cotton_Original_Dataset\Alternaria Leaf Spot\alternaria_(103).png,700,700,3,JPEG,33166,1ea9c3d94f812f1a21ba91b3efa9a58f50e41dc5085738f96c2519391c62fac9,train
cotton,Fusarium Wilt,fusarium_(79).png,data\raw\cotton\cotton_original\Cotton_Original_Dataset\Fusarium Wilt\fusarium_(79).png,D:\ZaraiAI_Tomato_Cotton_Wheat\data\raw\cotton\cotton_original\Cotton_Original_Dataset\Fusarium Wilt\fusarium_(79).png,700,700,3,JPEG,46577,da7cb0b8286144880e5c8494ad4b43f0228999c73f8b17ee34354d7ebbcea88c,train
cotton,Fusarium Wilt,fusarium_(73).png,data\raw\cotton\cotton_original\Cotton_Original_Dataset\Fusarium Wilt\fusarium_(73).png,D:\ZaraiAI_Tomato_Cotton_Wheat\data\raw\cotton\cotton_original\Cotton_Original_Dataset\Fusarium Wilt\fusarium_(73).png,700,700,3,JPEG,44986,966e97274f6980127c1e3f2208c323a0bf705d7ca72a6d891decd0f973568a96,train
cotton,Fusarium Wilt,fusarium_(126).png,data\raw\cotton\cotton_original\Cotton_Original_Dataset\Fusarium Wilt\fusarium_(126).png,D:\ZaraiAI_Tomato_Cotton_Wheat\data\raw\cotton\cotton_original\Cotton_Original_Dataset\Fusarium Wilt\fusarium_(126).png,700,700,3,JPEG,43161,55a9fc56ac456d37e87e1d416715646e43c40df9facb3e7cde33de7684114683,train
cotton,Verticillium Wilt,verticillium_(271).png,data\raw\cotton\cotton_original\Cotton_Original_Dataset\Verticillium Wilt\verticillium_(271).png,D:\ZaraiAI_Tomato_Cotton_Wheat\data\raw\cotton\cotton_original\Cotton_Original_Dataset\Verticillium Wilt\verticillium_(271).png,700,700,3,JPEG,39551,a2928ac3dc9a89bf0fc351781787030b3da817ac0fc08398ec001adb21624804,train
cotton,Verticillium Wilt,verticillium_(108).png,data\raw\cotton\cotton_original\Cotton_Original_Dataset\Verticillium Wilt\verticillium_(108).png,D:\ZaraiAI_Tomato_Cotton_Wheat\data\raw\cotton\cotton_original\Cotton_Original_Dataset\Verticillium Wilt\verticillium_(108).png,700,700,3,JPEG,34209,8a40f7ea5246a3df5f4eb91580cdac9df3fbd02673183ad1823ff1d6dce10c9a,train
cotton,Verticillium Wilt,verticillium_(155).png,data\raw\cotton\cotton_original\Cotton_Original_Dataset\Verticillium Wilt\verticillium_(155).png,D:\ZaraiAI_Tomato_Cotton_Wheat\data\raw\cotton\cotton_original\Cotton_Original_Dataset\Verticillium Wilt\verticillium_(155).png,700,700,3,JPEG,34285,be23b2dfd2f610a396ab5d2caaccdf2c5ae54afcee35b04a94d6dcbcfb95c316,train
cotton,Healthy Leaf,healthy_(193).png,data\raw\cotton\cotton_original\Cotton_Original_Dataset\Healthy Leaf\healthy_(193).png,D:\ZaraiAI_Tomato_Cotton_Wheat\data\raw\cotton\cotton_original\Cotton_Original_Dataset\Healthy Leaf\healthy_(193).png,700,700,3,JPEG,40031,901604428043b294d5d96442f12d25cdada6847e728548b1994172abada9944f,train
cotton,Healthy Leaf,healthy_(38).png,data\raw\cotton\cotton_original\Cotton_Original_Dataset\Healthy Leaf\healthy_(38).png,D:\ZaraiAI_Tomato_Cotton_Wheat\data\raw\cotton\cotton_original\Cotton_Original_Dataset\Healthy Leaf\healthy_(38).png,700,700,3,JPEG,29880,5b5b295057fdbb362ba9e49cf7c46bf1d3c3f92adef2b05ae00bd29e57de0b56,train
cotton,Verticillium Wilt,verticillium_(240).png,data\raw\cotton\cotton_original\Cotton_Original_Dataset\Verticillium Wilt\verticillium_(240).png,D:\ZaraiAI_Tomato_Cotton_Wheat\data\raw\cotton\cotton_original\Cotton_Original_Dataset\Verticillium Wilt\verticillium_(240).png,700,700,3,JPEG,54690,49da203b319f6ebf44022f0b8d17ab159680599ffd3cd439b1f759d14c4efd80,train
cotton,Fusarium Wilt,fusarium_(175).png,data\raw\cotton\cotton_original\Cotton_Original_Dataset\Fusarium Wilt\fusarium_(175).png,D:\ZaraiAI_Tomato_Cotton_Wheat\data\raw\cotton\cotton_original\Cotton_Original_Dataset\Fusarium Wilt\fusarium_(175).png,700,700,3,JPEG,34936,587ca748efea5f5d3a606fa9259d1d06130a51100e19cf56a13e13ecc290380a,train
cotton,Alternaria Leaf Spot,alternaria_(67).png,data\raw\cotton\cotton_original\Cotton_Original_Dataset\Alternaria Leaf Spot\alternaria_(67).png,D:\ZaraiAI_Tomato_Cotton_Wheat\data\raw\cotton\cotton_original\Cotton_Original_Dataset\Alternaria Leaf Spot\alternaria_(67).png,700,700,3,JPEG,37473,40700bf8b11fa3a415c55bc30f336dc866522e7658065c12f3321720d1095265,train
cotton,Bacterial Blight,bacterial_(105).png,data\raw\cotton\cotton_original\Cotton_Original_Dataset\Bacterial Blight\bacterial_(105).png,D:\ZaraiAI_Tomato_Cotton_Wheat\data\raw\cotton\cotton_original\Cotton_Original_Dataset\Bacterial Blight\bacterial_(105).png,700,700,3,JPEG,34312,0c9599ac2ea3ead70a23ab560bca21157bff9875078341c9b985157a5f7e1734,train
cotton,Fusarium Wilt,fusarium_(49).png,data\raw\cotton\cotton_original\Cotton_Original_Dataset\Fusarium Wilt\fusarium_(49).png,D:\ZaraiAI_Tomato_Cotton_Wheat\data\raw\cotton\cotton_original\Cotton_Original_Dataset\Fusarium Wilt\fusarium_(49).png,700,700,3,JPEG,46566,c1900da5f57c4e460c0b479bde6db74b826e81f99e53e5351b54a629b7322560,train
cotton,Fusarium Wilt,fusarium_(57).png,data\raw\cotton\cotton_original\Cotton_Original_Dataset\Fusarium Wilt\fusarium_(57).png,D:\ZaraiAI_Tomato_Cotton_Wheat\data\raw\cotton\cotton_original\Cotton_Original_Dataset\Fusarium Wilt\fusarium_(57).png,700,700,3,JPEG,43719,8d816e577d93fc9330b9b4dc4f07a117e463ca98dccadbb1ca8cdff1b36bc372,train
cotton,Healthy Leaf,healthy_(169).png,data\raw\cotton\cotton_original\Cotton_Original_Dataset\Healthy Leaf\healthy_(169).png,D:\ZaraiAI_Tomato_Cotton_Wheat\data\raw\cotton\cotton_original\Cotton_Original_Dataset\Healthy Leaf\healthy_(169).png,700,700,3,JPEG,40054,f245d6b6cc7b3f46a72be955dc384ca1b1a5dbea0ce2d2e8dd4372c4cdacbc50,train
cotton,Alternaria Leaf Spot,alternaria_(65).png,data\raw\cotton\cotton_original\Cotton_Original_Dataset\Alternaria Leaf Spot\alternaria_(65).png,D:\ZaraiAI_Tomato_Cotton_Wheat\data\raw\cotton\cotton_original\Cotton_Original_Dataset\Alternaria Leaf Spot\alternaria_(65).png,700,700,3,JPEG,44891,3b6ecbcf954e9b5de97707b19dc985e12f4e2fa8fd8f5cd0df5d85a35b986144,train
cotton,Verticillium Wilt,verticillium_(269).png,data\raw\cotton\cotton_original\Cotton_Original_Dataset\Verticillium Wilt\verticillium_(269).png,D:\ZaraiAI_Tomato_Cotton_Wheat\data\raw\cotton\cotton_original\Cotton_Original_Dataset\Verticillium Wilt\verticillium_(269).png,700,700,3,JPEG,40706,ac54415ac96d11032b2fbff238e0eb6291f8104eddbc335bcb06b4b1e3aff6e3,train
cotton,Verticillium Wilt,verticillium_(277).png,data\raw\cotton\cotton_original\Cotton_Original_Dataset\Verticillium Wilt\verticillium_(277).png,D:\ZaraiAI_Tomato_Cotton_Wheat\data\raw\cotton\cotton_original\Cotton_Original_Dataset\Verticillium Wilt\verticillium_(277).png,700,700,3,JPEG,49434,6e216a7f9e7ab50a04952676e3b50aba79e1b26c9cef747a895b1c3392610ca7,train
cotton,Alternaria Leaf Spot,alternaria_(98).png,data\raw\cotton\cotton_original\Cotton_Original_Dataset\Alternaria Leaf Spot\alternaria_(98).png,D:\ZaraiAI_Tomato_Cotton_Wheat\data\raw\cotton\cotton_original\Cotton_Original_Dataset\Alternaria Leaf Spot\alternaria_(98).png,700,700,3,JPEG,32512,e2173175ba71e208d3fa9823335868b2e819e5c942305a39f35cecb93f76ee9f,train
cotton,Bacterial Blight,bacterial_(165).png,data\raw\cotton\cotton_original\Cotton_Original_Dataset\Bacterial Blight\bacterial_(165).png,D:\ZaraiAI_Tomato_Cotton_Wheat\data\raw\cotton\cotton_original\Cotton_Original_Dataset\Bacterial Blight\bacterial_(165).png,700,700,3,JPEG,33684,7562fdfcee21eea5d9b63b2fe7eb72f3571bb6e4830f0911b8ed99e0afe1b4a5,train
cotton,Bacterial Blight,bacterial_(130).png,data\raw\cotton\cotton_original\Cotton_Original_Dataset\Bacterial Blight\bacterial_(130).png,D:\ZaraiAI_Tomato_Cotton_Wheat\data\raw\cotton\cotton_original\Cotton_Original_Dataset\Bacterial Blight\bacterial_(130).png,700,700,3,JPEG,37104,560738f1a60d85128abc1d5f11e616401d482d95e073f1c232fbc1b4beabfbd3,train
cotton,Verticillium Wilt,verticillium_(25).png,data\raw\cotton\cotton_original\Cotton_Original_Dataset\Verticillium Wilt\verticillium_(25).png,D:\ZaraiAI_Tomato_Cotton_Wheat\data\raw\cotton\cotton_original\Cotton_Original_Dataset\Verticillium Wilt\verticillium_(25).png,700,700,3,JPEG,53668,0d058449048f6d5b3183438ee657ee9b6a5a936159d6d96fe070eb1391a6f4de,train
cotton,Verticillium Wilt,verticillium_(224).png,data\raw\cotton\cotton_original\Cotton_Original_Dataset\Verticillium Wilt\verticillium_(224).png,D:\ZaraiAI_Tomato_Cotton_Wheat\data\raw\cotton\cotton_original\Cotton_Original_Dataset\Verticillium Wilt\verticillium_(224).png,700,700,3,JPEG,57441,bac9f8e93f00a762da4544fa693c99195dbd24e1d8301cc8af07a3d641247285,train
cotton,Alternaria Leaf Spot,alternaria_(80).png,data\raw\cotton\cotton_original\Cotton_Original_Dataset\Alternaria Leaf Spot\alternaria_(80).png,D:\ZaraiAI_Tomato_Cotton_Wheat\data\raw\cotton\cotton_original\Cotton_Original_Dataset\Alternaria Leaf Spot\alternaria_(80).png,700,700,3,JPEG,40763,570580d41b77ef421b67ad6fbadb3c9b887d7b89dffb6c140956e5c761754416,train
cotton,Bacterial Blight,bacterial_(122).png,data\raw\cotton\cotton_original\Cotton_Original_Dataset\Bacterial Blight\bacterial_(122).png,D:\ZaraiAI_Tomato_Cotton_Wheat\data\raw\cotton\cotton_original\Cotton_Original_Dataset\Bacterial Blight\bacterial_(122).png,700,700,3,JPEG,36589,506059a4cf95594268ef3a522760de22959480e128564ce4df5136ab11d57fb4,train
cotton,Healthy Leaf,healthy_(184).png,data\raw\cotton\cotton_original\Cotton_Original_Dataset\Healthy Leaf\healthy_(184).png,D:\ZaraiAI_Tomato_Cotton_Wheat\data\raw\cotton\cotton_original\Cotton_Original_Dataset\Healthy Leaf\healthy_(184).png,700,700,3,JPEG,35728,13be8e09b97664a4f99658011184736012108c26e73d18cfbb232d269a9304be,train
cotton,Alternaria Leaf Spot,alternaria_(130).png,data\raw\cotton\cotton_original\Cotton_Original_Dataset\Alternaria Leaf Spot\alternaria_(130).png,D:\ZaraiAI_Tomato_Cotton_Wheat\data\raw\cotton\cotton_original\Cotton_Original_Dataset\Alternaria Leaf Spot\alternaria_(130).png,700,700,3,JPEG,37184,350c53a89a8084b828cfb40f895969e3bbafb10077c9a40a6216459a7b4fdef1,train
cotton,Verticillium Wilt,verticillium_(179).png,data\raw\cotton\cotton_original\Cotton_Original_Dataset\Verticillium Wilt\verticillium_(179).png,D:\ZaraiAI_Tomato_Cotton_Wheat\data\raw\cotton\cotton_original\Cotton_Original_Dataset\Verticillium Wilt\verticillium_(179).png,700,700,3,JPEG,58885,40f6e6e9d3844e254783cdc3e69aa3258df883a65f8223ecb0ae23d77781105c,train
cotton,Fusarium Wilt,fusarium_(124).png,data\raw\cotton\cotton_original\Cotton_Original_Dataset\Fusarium Wilt\fusarium_(124).png,D:\ZaraiAI_Tomato_Cotton_Wheat\data\raw\cotton\cotton_original\Cotton_Original_Dataset\Fusarium Wilt\fusarium_(124).png,700,700,3,JPEG,44836,1591c3b9a149df053548c6d3dc576d2b7140781fc64f89545f6f79d18a91f258,train
cotton,Bacterial Blight,bacterial_(91).png,data\raw\cotton\cotton_original\Cotton_Original_Dataset\Bacterial Blight\bacterial_(91).png,D:\ZaraiAI_Tomato_Cotton_Wheat\data\raw\cotton\cotton_original\Cotton_Original_Dataset\Bacterial Blight\bacterial_(91).png,700,700,3,JPEG,35828,3a810dc593c58477733f6f249e2c6d93f5644688fa0f6ee36b4a87389e8f6c77,train
cotton,Alternaria Leaf Spot,alternaria_(137).png,data\raw\cotton\cotton_original\Cotton_Original_Dataset\Alternaria Leaf Spot\alternaria_(137).png,D:\ZaraiAI_Tomato_Cotton_Wheat\data\raw\cotton\cotton_original\Cotton_Original_Dataset\Alternaria Leaf Spot\alternaria_(137).png,700,700,3,JPEG,43397,6afdd749b1d2ed40b5731851806d98c408db550a27565382f6751eabd38b162f,train
cotton,Alternaria Leaf Spot,alternaria_(28).png,data\raw\cotton\cotton_original\Cotton_Original_Dataset\Alternaria Leaf Spot\alternaria_(28).png,D:\ZaraiAI_Tomato_Cotton_Wheat\data\raw\cotton\cotton_original\Cotton_Original_Dataset\Alternaria Leaf Spot\alternaria_(28).png,700,700,3,JPEG,36808,69cbabc540d540820a16506fd8aeadebed64ffb5c821f7f75228be7cbb47a458,train
cotton,Fusarium Wilt,fusarium_(272).png,data\raw\cotton\cotton_original\Cotton_Original_Dataset\Fusarium Wilt\fusarium_(272).png,D:\ZaraiAI_Tomato_Cotton_Wheat\data\raw\cotton\cotton_original\Cotton_Original_Dataset\Fusarium Wilt\fusarium_(272).png,700,700,3,JPEG,51137,3f4dc85591f9cd491073bacdb946ec66528314be0cae04fa2c809467f6d9b983,train
cotton,Healthy Leaf,healthy_(22).png,data\raw\cotton\cotton_original\Cotton_Original_Dataset\Healthy Leaf\healthy_(22).png,D:\ZaraiAI_Tomato_Cotton_Wheat\data\raw\cotton\cotton_original\Cotton_Original_Dataset\Healthy Leaf\healthy_(22).png,700,700,3,JPEG,40095,5536fa682046e14d9a19d611ac650c7b75904199fadb770322dbfb63d33b7977,train
cotton,Bacterial Blight,bacterial_(155).png,data\raw\cotton\cotton_original\Cotton_Original_Dataset\Bacterial Blight\bacterial_(155).png,D:\ZaraiAI_Tomato_Cotton_Wheat\data\raw\cotton\cotton_original\Cotton_Original_Dataset\Bacterial Blight\bacterial_(155).png,700,700,3,JPEG,45542,30ebf47b5b3cb74021bc6d05dfb239ff1b17363b37bf05e057a7c0d860e142ee,train
cotton,Fusarium Wilt,fusarium_(158).png,data\raw\cotton\cotton_original\Cotton_Original_Dataset\Fusarium Wilt\fusarium_(158).png,D:\ZaraiAI_Tomato_Cotton_Wheat\data\raw\cotton\cotton_original\Cotton_Original_Dataset\Fusarium Wilt\fusarium_(158).png,700,700,3,JPEG,40160,2cdae304d211fab386ec19a33c65ed994205e27ad4b0aa8b9861e11df4e7de8f,train
cotton,Healthy Leaf,healthy_(42).png,data\raw\cotton\cotton_original\Cotton_Original_Dataset\Healthy Leaf\healthy_(42).png,D:\ZaraiAI_Tomato_Cotton_Wheat\data\raw\cotton\cotton_original\Cotton_Original_Dataset\Healthy Leaf\healthy_(42).png,700,700,3,JPEG,33437,8523a31ae8bfa9b99fe0400d4f4c1ed1acc971ee3f726b142b92145bea77c753,train
cotton,Verticillium Wilt,verticillium_(150).png,data\raw\cotton\cotton_original\Cotton_Original_Dataset\Verticillium Wilt\verticillium_(150).png,D:\ZaraiAI_Tomato_Cotton_Wheat\data\raw\cotton\cotton_original\Cotton_Original_Dataset\Verticillium Wilt\verticillium_(150).png,700,700,3,JPEG,35427,d5cacfed0cdc2d8b1f232eb02e73f49df275c724ee664110176bc0832347c214,train
cotton,Alternaria Leaf Spot,alternaria_(3).png,data\raw\cotton\cotton_original\Cotton_Original_Dataset\Alternaria Leaf Spot\alternaria_(3).png,D:\ZaraiAI_Tomato_Cotton_Wheat\data\raw\cotton\cotton_original\Cotton_Original_Dataset\Alternaria Leaf Spot\alternaria_(3).png,700,700,3,JPEG,37386,f9f43dc539f24dbee7c9af52ec2481804ec15eaac41ce3cbc209a5b221474c9f,train
cotton,Fusarium Wilt,fusarium_(52).png,data\raw\cotton\cotton_original\Cotton_Original_Dataset\Fusarium Wilt\fusarium_(52).png,D:\ZaraiAI_Tomato_Cotton_Wheat\data\raw\cotton\cotton_original\Cotton_Original_Dataset\Fusarium Wilt\fusarium_(52).png,700,700,3,JPEG,49881,a0e035baed0fc683d113db31e40b1e01af5048fed07718cea97dc5f5302b6ab3,train
cotton,Bacterial Blight,bacterial_(136).png,data\raw\cotton\cotton_original\Cotton_Original_Dataset\Bacterial Blight\bacterial_(136).png,D:\ZaraiAI_Tomato_Cotton_Wheat\data\raw\cotton\cotton_original\Cotton_Original_Dataset\Bacterial Blight\bacterial_(136).png,700,700,3,JPEG,52662,44a6584c8749c04384a6ed11d7380ea1ef270b8841954d1b822f1206574fc8d1,train
cotton,Alternaria Leaf Spot,alternaria_(105).png,data\raw\cotton\cotton_original\Cotton_Original_Dataset\Alternaria Leaf Spot\alternaria_(105).png,D:\ZaraiAI_Tomato_Cotton_Wheat\data\raw\cotton\cotton_original\Cotton_Original_Dataset\Alternaria Leaf Spot\alternaria_(105).png,700,700,3,JPEG,35877,c8d09299ee9f031ce544ab654a1592cd92de7a6988276d341bc4fa7560370962,train
cotton,Alternaria Leaf Spot,alternaria_(7).png,data\raw\cotton\cotton_original\Cotton_Original_Dataset\Alternaria Leaf Spot\alternaria_(7).png,D:\ZaraiAI_Tomato_Cotton_Wheat\data\raw\cotton\cotton_original\Cotton_Original_Dataset\Alternaria Leaf Spot\alternaria_(7).png,700,700,3,JPEG,39840,09a138feca4a89468f0c3e6f80c60e7e1e652251183c9840a91880d14c966e2c,train
cotton,Bacterial Blight,bacterial_(129).png,data\raw\cotton\cotton_original\Cotton_Original_Dataset\Bacterial Blight\bacterial_(129).png,D:\ZaraiAI_Tomato_Cotton_Wheat\data\raw\cotton\cotton_original\Cotton_Original_Dataset\Bacterial Blight\bacterial_(129).png,700,700,3,JPEG,38461,2cbeecae593b99920d03b48700098d88ab873037e8ba6ba1844d99c31e6eeb7c,train
cotton,Verticillium Wilt,verticillium_(205).png,data\raw\cotton\cotton_original\Cotton_Original_Dataset\Verticillium Wilt\verticillium_(205).png,D:\ZaraiAI_Tomato_Cotton_Wheat\data\raw\cotton\cotton_original\Cotton_Original_Dataset\Verticillium Wilt\verticillium_(205).png,700,700,3,JPEG,39821,24344c3203abb1d97e38afbb47269612b26dbec940bd3b8a1282821052ac5e18,train
cotton,Fusarium Wilt,fusarium_(170).png,data\raw\cotton\cotton_original\Cotton_Original_Dataset\Fusarium Wilt\fusarium_(170).png,D:\ZaraiAI_Tomato_Cotton_Wheat\data\raw\cotton\cotton_original\Cotton_Original_Dataset\Fusarium Wilt\fusarium_(170).png,700,700,3,JPEG,48805,9805149bc13f25bc97a9717579a487a1a0247dac99c759ad2a4e21b45d4e665a,train
cotton,Verticillium Wilt,verticillium_(64).png,data\raw\cotton\cotton_original\Cotton_Original_Dataset\Verticillium Wilt\verticillium_(64).png,D:\ZaraiAI_Tomato_Cotton_Wheat\data\raw\cotton\cotton_original\Cotton_Original_Dataset\Verticillium Wilt\verticillium_(64).png,700,700,3,JPEG,58919,f4623e0490cdcfbece500fe674e5d5b2d76c2eca686b32586a9771ae4675786d,train
cotton,Bacterial Blight,bacterial_(29).png,data\raw\cotton\cotton_original\Cotton_Original_Dataset\Bacterial Blight\bacterial_(29).png,D:\ZaraiAI_Tomato_Cotton_Wheat\data\raw\cotton\cotton_original\Cotton_Original_Dataset\Bacterial Blight\bacterial_(29).png,700,700,3,JPEG,45485,4f67c1c5312fc59b07eb17cf3d43cf9e84bb8011b717dbd739e29decb46101ff,train
cotton,Healthy Leaf,healthy_(160).png,data\raw\cotton\cotton_original\Cotton_Original_Dataset\Healthy Leaf\healthy_(160).png,D:\ZaraiAI_Tomato_Cotton_Wheat\data\raw\cotton\cotton_original\Cotton_Original_Dataset\Healthy Leaf\healthy_(160).png,700,700,3,JPEG,41403,d3f3d441e75a23fb7e07a18653cbbc5ec3f7f38a660f023c5ab6c27b739b2a04,train
cotton,Verticillium Wilt,verticillium_(275).png,data\raw\cotton\cotton_original\Cotton_Original_Dataset\Verticillium Wilt\verticillium_(275).png,D:\ZaraiAI_Tomato_Cotton_Wheat\data\raw\cotton\cotton_original\Cotton_Original_Dataset\Verticillium Wilt\verticillium_(275).png,700,700,3,JPEG,39057,8d13bced2d5f5ed5f1069f16ba123305d85eb44a2b8de77abcc243b8f213bcd5,train
cotton,Fusarium Wilt,fusarium_(179).png,data\raw\cotton\cotton_original\Cotton_Original_Dataset\Fusarium Wilt\fusarium_(179).png,D:\ZaraiAI_Tomato_Cotton_Wheat\data\raw\cotton\cotton_original\Cotton_Original_Dataset\Fusarium Wilt\fusarium_(179).png,700,700,3,JPEG,43462,d7d4c0ee4f6d983e9cec71abce66bf5b805fa1c3fc000abdd864c9952d62fd8b,train
cotton,Fusarium Wilt,fusarium_(4).png,data\raw\cotton\cotton_original\Cotton_Original_Dataset\Fusarium Wilt\fusarium_(4).png,D:\ZaraiAI_Tomato_Cotton_Wheat\data\raw\cotton\cotton_original\Cotton_Original_Dataset\Fusarium Wilt\fusarium_(4).png,700,700,3,JPEG,47223,8f9c2912b17e5c7256826c685f88975e4c0672e1422e0c7bae7c949887653724,train
cotton,Fusarium Wilt,fusarium_(138).png,data\raw\cotton\cotton_original\Cotton_Original_Dataset\Fusarium Wilt\fusarium_(138).png,D:\ZaraiAI_Tomato_Cotton_Wheat\data\raw\cotton\cotton_original\Cotton_Original_Dataset\Fusarium Wilt\fusarium_(138).png,700,700,3,JPEG,48071,a96f0155f09035def84b3422a23b1bfec4f8093e4be24b86ec47fb38cb4300ba,train
cotton,Verticillium Wilt,verticillium_(210).png,data\raw\cotton\cotton_original\Cotton_Original_Dataset\Verticillium Wilt\verticillium_(210).png,D:\ZaraiAI_Tomato_Cotton_Wheat\data\raw\cotton\cotton_original\Cotton_Original_Dataset\Verticillium Wilt\verticillium_(210).png,700,700,3,JPEG,38225,3992e780311f1e23d65166690bb25979ac16b8a75634fddd4ba133bb12ae9dbe,train
cotton,Verticillium Wilt,verticillium_(273).png,data\raw\cotton\cotton_original\Cotton_Original_Dataset\Verticillium Wilt\verticillium_(273).png,D:\ZaraiAI_Tomato_Cotton_Wheat\data\raw\cotton\cotton_original\Cotton_Original_Dataset\Verticillium Wilt\verticillium_(273).png,700,700,3,JPEG,40364,229f27198f3176833ad9efe1ff1aa81ae98b4c0c6df7206f72f4c9d96835a773,train
cotton,Alternaria Leaf Spot,alternaria_(74).png,data\raw\cotton\cotton_original\Cotton_Original_Dataset\Alternaria Leaf Spot\alternaria_(74).png,D:\ZaraiAI_Tomato_Cotton_Wheat\data\raw\cotton\cotton_original\Cotton_Original_Dataset\Alternaria Leaf Spot\alternaria_(74).png,700,700,3,JPEG,43181,01a60db4a7ce40a8f2e886494dd900fcecf6cf0977f6ca74b597ed2b82a58ed9,train
cotton,Alternaria Leaf Spot,alternaria_(147).png,data\raw\cotton\cotton_original\Cotton_Original_Dataset\Alternaria Leaf Spot\alternaria_(147).png,D:\ZaraiAI_Tomato_Cotton_Wheat\data\raw\cotton\cotton_original\Cotton_Original_Dataset\Alternaria Leaf Spot\alternaria_(147).png,700,700,3,JPEG,41460,50394fd8d7e57e4246d629bb4a8a8dcb343665b60b3d0ce60f9434198c05ab51,train
cotton,Fusarium Wilt,fusarium_(87).png,data\raw\cotton\cotton_original\Cotton_Original_Dataset\Fusarium Wilt\fusarium_(87).png,D:\ZaraiAI_Tomato_Cotton_Wheat\data\raw\cotton\cotton_original\Cotton_Original_Dataset\Fusarium Wilt\fusarium_(87).png,700,700,3,JPEG,40749,072d0d22fe5dfe3bb37a76584b5a69462bba62cd3be85f2f74c1e75cae570749,train
cotton,Verticillium Wilt,verticillium_(258).png,data\raw\cotton\cotton_original\Cotton_Original_Dataset\Verticillium Wilt\verticillium_(258).png,D:\ZaraiAI_Tomato_Cotton_Wheat\data\raw\cotton\cotton_original\Cotton_Original_Dataset\Verticillium Wilt\verticillium_(258).png,700,700,3,JPEG,38768,871f6edacce57257d1a6c66bfdcadb2f2461b389857c892e86e6dc90dffdcc51,train
cotton,Healthy Leaf,healthy_(284).png,data\raw\cotton\cotton_original\Cotton_Original_Dataset\Healthy Leaf\healthy_(284).png,D:\ZaraiAI_Tomato_Cotton_Wheat\data\raw\cotton\cotton_original\Cotton_Original_Dataset\Healthy Leaf\healthy_(284).png,700,700,3,JPEG,47094,1de05f6c92ae2a0e900d17510dd6ddff4d4083ef3bbd4ee17049eb4e3243ba76,train
cotton,Fusarium Wilt,fusarium_(247).png,data\raw\cotton\cotton_original\Cotton_Original_Dataset\Fusarium Wilt\fusarium_(247).png,D:\ZaraiAI_Tomato_Cotton_Wheat\data\raw\cotton\cotton_original\Cotton_Original_Dataset\Fusarium Wilt\fusarium_(247).png,700,700,3,JPEG,39908,62002bb3e71ee7b8aece13cd01334eb68edd09af3e9df1a0dca3886ccaafef55,train
cotton,Verticillium Wilt,verticillium_(37).png,data\raw\cotton\cotton_original\Cotton_Original_Dataset\Verticillium Wilt\verticillium_(37).png,D:\ZaraiAI_Tomato_Cotton_Wheat\data\raw\cotton\cotton_original\Cotton_Original_Dataset\Verticillium Wilt\verticillium_(37).png,700,700,3,JPEG,50886,695a8236b48421d347be6d48ae231b657521e27ba87581a0e8e24b2671792d94,train
cotton,Healthy Leaf,healthy_(164).png,data\raw\cotton\cotton_original\Cotton_Original_Dataset\Healthy Leaf\healthy_(164).png,D:\ZaraiAI_Tomato_Cotton_Wheat\data\raw\cotton\cotton_original\Cotton_Original_Dataset\Healthy Leaf\healthy_(164).png,700,700,3,JPEG,48129,eecfd4f57495778ccb4875d3d5fe29736dc5e2046f073c39d9b27e70aa2c91b8,train
cotton,Bacterial Blight,bacterial_(52).png,data\raw\cotton\cotton_original\Cotton_Original_Dataset\Bacterial Blight\bacterial_(52).png,D:\ZaraiAI_Tomato_Cotton_Wheat\data\raw\cotton\cotton_original\Cotton_Original_Dataset\Bacterial Blight\bacterial_(52).png,700,700,3,JPEG,39225,d4ccf2a5e90181f8166e93f90a04c94d7c87bb83349a004bb758d5a8ce5c832b,train
cotton,Bacterial Blight,bacterial_(55).png,data\raw\cotton\cotton_original\Cotton_Original_Dataset\Bacterial Blight\bacterial_(55).png,D:\ZaraiAI_Tomato_Cotton_Wheat\data\raw\cotton\cotton_original\Cotton_Original_Dataset\Bacterial Blight\bacterial_(55).png,700,700,3,JPEG,30395,8710443de3da7e8cfacfe7ed7897942dd282c9c0039e5dbce1559a7e62079356,train
cotton,Verticillium Wilt,verticillium_(61).png,data\raw\cotton\cotton_original\Cotton_Original_Dataset\Verticillium Wilt\verticillium_(61).png,D:\ZaraiAI_Tomato_Cotton_Wheat\data\raw\cotton\cotton_original\Cotton_Original_Dataset\Verticillium Wilt\verticillium_(61).png,700,700,3,JPEG,52178,ad270281b7df0d4e73013263258583cf1efa4f0541c8ab0fdae1abda7ff9adef,train
cotton,Verticillium Wilt,verticillium_(282).png,data\raw\cotton\cotton_original\Cotton_Original_Dataset\Verticillium Wilt\verticillium_(282).png,D:\ZaraiAI_Tomato_Cotton_Wheat\data\raw\cotton\cotton_original\Cotton_Original_Dataset\Verticillium Wilt\verticillium_(282).png,700,700,3,JPEG,60952,2fc3dd6452fd74f73c31bd205601d6163bc82aac3e060d84caafbb0510874f65,train
cotton,Verticillium Wilt,verticillium_(96).png,data\raw\cotton\cotton_original\Cotton_Original_Dataset\Verticillium Wilt\verticillium_(96).png,D:\ZaraiAI_Tomato_Cotton_Wheat\data\raw\cotton\cotton_original\Cotton_Original_Dataset\Verticillium Wilt\verticillium_(96).png,700,700,3,JPEG,51932,1d0ea8388dd1e3abbe3db2fafcbed5d38170dffbdd6f5ad6f8d1c01352163faf,train
cotton,Healthy Leaf,healthy_(212).png,data\raw\cotton\cotton_original\Cotton_Original_Dataset\Healthy Leaf\healthy_(212).png,D:\ZaraiAI_Tomato_Cotton_Wheat\data\raw\cotton\cotton_original\Cotton_Original_Dataset\Healthy Leaf\healthy_(212).png,700,700,3,JPEG,45146,7daf1435102d1cc284bc2061a523837dd564f19c67086d18ff842e7b9a0d0c71,train
cotton,Fusarium Wilt,fusarium_(268).png,data\raw\cotton\cotton_original\Cotton_Original_Dataset\Fusarium Wilt\fusarium_(268).png,D:\ZaraiAI_Tomato_Cotton_Wheat\data\raw\cotton\cotton_original\Cotton_Original_Dataset\Fusarium Wilt\fusarium_(268).png,700,700,3,JPEG,39133,f886b34ff9ca2994a1ed2bccba1dd9b2526e4febea58526220aa9ee101c87ac6,train
cotton,Fusarium Wilt,fusarium_(34).png,data\raw\cotton\cotton_original\Cotton_Original_Dataset\Fusarium Wilt\fusarium_(34).png,D:\ZaraiAI_Tomato_Cotton_Wheat\data\raw\cotton\cotton_original\Cotton_Original_Dataset\Fusarium Wilt\fusarium_(34).png,700,700,3,JPEG,43983,b5c0d65519c6dfb49706683e16989fbec013b31c9e375913efcf413196d62e0c,train
cotton,Verticillium Wilt,verticillium_(309).png,data\raw\cotton\cotton_original\Cotton_Original_Dataset\Verticillium Wilt\verticillium_(309).png,D:\ZaraiAI_Tomato_Cotton_Wheat\data\raw\cotton\cotton_original\Cotton_Original_Dataset\Verticillium Wilt\verticillium_(309).png,700,700,3,JPEG,49533,7d4c1e2965de9cded704b3c2200d398abbd2ad62fefe219caf56dc8dcf06ea4e,train
cotton,Verticillium Wilt,verticillium_(47).png,data\raw\cotton\cotton_original\Cotton_Original_Dataset\Verticillium Wilt\verticillium_(47).png,D:\ZaraiAI_Tomato_Cotton_Wheat\data\raw\cotton\cotton_original\Cotton_Original_Dataset\Verticillium Wilt\verticillium_(47).png,700,700,3,JPEG,50119,1d89c0361aff8ca8b15efcb189b4a62b8203e17c1f141008be8eb9ad5139bf60,train
cotton,Fusarium Wilt,fusarium_(136).png,data\raw\cotton\cotton_original\Cotton_Original_Dataset\Fusarium Wilt\fusarium_(136).png,D:\ZaraiAI_Tomato_Cotton_Wheat\data\raw\cotton\cotton_original\Cotton_Original_Dataset\Fusarium Wilt\fusarium_(136).png,700,700,3,JPEG,51968,52002cbff64b6a945d46b98f989facff7feb02f83eea32db34426161c8bd6940,train
cotton,Bacterial Blight,bacterial_(151).png,data\raw\cotton\cotton_original\Cotton_Original_Dataset\Bacterial Blight\bacterial_(151).png,D:\ZaraiAI_Tomato_Cotton_Wheat\data\raw\cotton\cotton_original\Cotton_Original_Dataset\Bacterial Blight\bacterial_(151).png,700,700,3,JPEG,27814,5760a3da1260f3df0a5d665af579dc9f6866d49d36f0683c0a85a7b7cad3338d,train
cotton,Fusarium Wilt,fusarium_(233).png,data\raw\cotton\cotton_original\Cotton_Original_Dataset\Fusarium Wilt\fusarium_(233).png,D:\ZaraiAI_Tomato_Cotton_Wheat\data\raw\cotton\cotton_original\Cotton_Original_Dataset\Fusarium Wilt\fusarium_(233).png,700,700,3,JPEG,48468,1dce623cd06f8a4a310a5a00764187c0021088af09e2c24233f1818d02249f7b,train
cotton,Verticillium Wilt,verticillium_(259).png,data\raw\cotton\cotton_original\Cotton_Original_Dataset\Verticillium Wilt\verticillium_(259).png,D:\ZaraiAI_Tomato_Cotton_Wheat\data\raw\cotton\cotton_original\Cotton_Original_Dataset\Verticillium Wilt\verticillium_(259).png,700,700,3,JPEG,59083,f2619b1c35e6ecbb8d96d6d60ae3bb752974698c03453cc33fc8e77faa004b71,train
cotton,Healthy Leaf,healthy_(308).png,data\raw\cotton\cotton_original\Cotton_Original_Dataset\Healthy Leaf\healthy_(308).png,D:\ZaraiAI_Tomato_Cotton_Wheat\data\raw\cotton\cotton_original\Cotton_Original_Dataset\Healthy Leaf\healthy_(308).png,700,700,3,JPEG,39722,158d0dffa31fdb0098c53d84a3edcf90b8a5c53d06ccb91630bf058c7020fa97,train
cotton,Healthy Leaf,healthy_(88).png,data\raw\cotton\cotton_original\Cotton_Original_Dataset\Healthy Leaf\healthy_(88).png,D:\ZaraiAI_Tomato_Cotton_Wheat\data\raw\cotton\cotton_original\Cotton_Original_Dataset\Healthy Leaf\healthy_(88).png,700,700,3,JPEG,42749,ece4db90487c2d67cc849e4200d970fc219ef9358f568388a68a8bb0aae4e80c,train
cotton,Bacterial Blight,bacterial_(40).png,data\raw\cotton\cotton_original\Cotton_Original_Dataset\Bacterial Blight\bacterial_(40).png,D:\ZaraiAI_Tomato_Cotton_Wheat\data\raw\cotton\cotton_original\Cotton_Original_Dataset\Bacterial Blight\bacterial_(40).png,700,700,3,JPEG,38216,5fbf9af31616d694db2e86e5f10c0726d3b8980e4d8c3e84114aa113f3bf6e63,train
cotton,Verticillium Wilt,verticillium_(268).png,data\raw\cotton\cotton_original\Cotton_Original_Dataset\Verticillium Wilt\verticillium_(268).png,D:\ZaraiAI_Tomato_Cotton_Wheat\data\raw\cotton\cotton_original\Cotton_Original_Dataset\Verticillium Wilt\verticillium_(268).png,700,700,3,JPEG,64343,754587371c8cd6fddc3b2e5a990dffe6388862a04eecd2f425828ef0a9ba5b4d,train
cotton,Verticillium Wilt,verticillium_(158).png,data\raw\cotton\cotton_original\Cotton_Original_Dataset\Verticillium Wilt\verticillium_(158).png,D:\ZaraiAI_Tomato_Cotton_Wheat\data\raw\cotton\cotton_original\Cotton_Original_Dataset\Verticillium Wilt\verticillium_(158).png,700,700,3,JPEG,32243,fed7a74466d24a93e23319c6a9956f4fd7d67dc607c3a739c3e2b4b1115369e3,train
cotton,Bacterial Blight,bacterial_(2).png,data\raw\cotton\cotton_original\Cotton_Original_Dataset\Bacterial Blight\bacterial_(2).png,D:\ZaraiAI_Tomato_Cotton_Wheat\data\raw\cotton\cotton_original\Cotton_Original_Dataset\Bacterial Blight\bacterial_(2).png,700,700,3,JPEG,74333,2460f5402cc27202dfb1e28f34a76b4e0f83173662d55ce42bd888e12301535a,train
cotton,Bacterial Blight,bacterial_(110).png,data\raw\cotton\cotton_original\Cotton_Original_Dataset\Bacterial Blight\bacterial_(110).png,D:\ZaraiAI_Tomato_Cotton_Wheat\data\raw\cotton\cotton_original\Cotton_Original_Dataset\Bacterial Blight\bacterial_(110).png,700,700,3,JPEG,35963,6dd353b96073fc75c9f2d0316395f9af13b49189a0ffafe7d3ecb96e5b5ba950,train
cotton,Fusarium Wilt,fusarium_(278).png,data\raw\cotton\cotton_original\Cotton_Original_Dataset\Fusarium Wilt\fusarium_(278).png,D:\ZaraiAI_Tomato_Cotton_Wheat\data\raw\cotton\cotton_original\Cotton_Original_Dataset\Fusarium Wilt\fusarium_(278).png,700,700,3,JPEG,40347,d21614c3a4fb67bbb483a98e1f8147132b84bd4fba5b68589c0ca444555c6b7a,train
cotton,Verticillium Wilt,verticillium_(226).png,data\raw\cotton\cotton_original\Cotton_Original_Dataset\Verticillium Wilt\verticillium_(226).png,D:\ZaraiAI_Tomato_Cotton_Wheat\data\raw\cotton\cotton_original\Cotton_Original_Dataset\Verticillium Wilt\verticillium_(226).png,700,700,3,JPEG,41132,56bea3f6e5ed0025396c4fb89f2404562bb796e783f284f486c8c8b3ffd0a036,train
cotton,Fusarium Wilt,fusarium_(91).png,data\raw\cotton\cotton_original\Cotton_Original_Dataset\Fusarium Wilt\fusarium_(91).png,D:\ZaraiAI_Tomato_Cotton_Wheat\data\raw\cotton\cotton_original\Cotton_Original_Dataset\Fusarium Wilt\fusarium_(91).png,700,700,3,JPEG,60673,c34b2d3d0f90048a1498dbaf9139487b5709711a4865cc7174621eea3342bf5f,train
cotton,Verticillium Wilt,verticillium_(80).png,data\raw\cotton\cotton_original\Cotton_Original_Dataset\Verticillium Wilt\verticillium_(80).png,D:\ZaraiAI_Tomato_Cotton_Wheat\data\raw\cotton\cotton_original\Cotton_Original_Dataset\Verticillium Wilt\verticillium_(80).png,700,700,3,JPEG,61617,268b58bf0f1128d68d1f8278deb298d3e562eaad0f8f9d00a1a5458c233065c3,train
cotton,Verticillium Wilt,verticillium_(299).png,data\raw\cotton\cotton_original\Cotton_Original_Dataset\Verticillium Wilt\verticillium_(299).png,D:\ZaraiAI_Tomato_Cotton_Wheat\data\raw\cotton\cotton_original\Cotton_Original_Dataset\Verticillium Wilt\verticillium_(299).png,700,700,3,JPEG,48243,cc5dbbfa5b0969908aff3cd4c729580895b94b8fbc4dd2a2c748fc81e91f4d29,train
cotton,Healthy Leaf,healthy_(273).png,data\raw\cotton\cotton_original\Cotton_Original_Dataset\Healthy Leaf\healthy_(273).png,D:\ZaraiAI_Tomato_Cotton_Wheat\data\raw\cotton\cotton_original\Cotton_Original_Dataset\Healthy Leaf\healthy_(273).png,700,700,3,JPEG,50932,007d7bc7932f36df9dd88edf3221c23fa10aefbb498db3c75296ec4b1283de94,train
cotton,Bacterial Blight,bacterial_(197).png,data\raw\cotton\cotton_original\Cotton_Original_Dataset\Bacterial Blight\bacterial_(197).png,D:\ZaraiAI_Tomato_Cotton_Wheat\data\raw\cotton\cotton_original\Cotton_Original_Dataset\Bacterial Blight\bacterial_(197).png,700,700,3,JPEG,71069,a042abf0ae877f2c3469ab566b74658f4c52868bdea7a114fdbb9f50bfb84ea1,train
cotton,Verticillium Wilt,verticillium_(293).png,data\raw\cotton\cotton_original\Cotton_Original_Dataset\Verticillium Wilt\verticillium_(293).png,D:\ZaraiAI_Tomato_Cotton_Wheat\data\raw\cotton\cotton_original\Cotton_Original_Dataset\Verticillium Wilt\verticillium_(293).png,700,700,3,JPEG,51477,0ccdce3b1e4812d664acddc2c9d913c7ad2bbb841e6a4ce8d55de84927d1c3bb,train
cotton,Alternaria Leaf Spot,alternaria_(85).png,data\raw\cotton\cotton_original\Cotton_Original_Dataset\Alternaria Leaf Spot\alternaria_(85).png,D:\ZaraiAI_Tomato_Cotton_Wheat\data\raw\cotton\cotton_original\Cotton_Original_Dataset\Alternaria Leaf Spot\alternaria_(85).png,700,700,3,JPEG,42333,0258ef8b6ab55d3b48c011a7d8068ade3e6009ddd8cdc5cda5d65d16bc49d32b,train
cotton,Bacterial Blight,bacterial_(60).png,data\raw\cotton\cotton_original\Cotton_Original_Dataset\Bacterial Blight\bacterial_(60).png,D:\ZaraiAI_Tomato_Cotton_Wheat\data\raw\cotton\cotton_original\Cotton_Original_Dataset\Bacterial Blight\bacterial_(60).png,700,700,3,JPEG,36891,d8a3fae1f6aadb1be9e091d2c7bdfbf5735c13030ac19f86ab9991506ded9dc2,train
cotton,Fusarium Wilt,fusarium_(194).png,data\raw\cotton\cotton_original\Cotton_Original_Dataset\Fusarium Wilt\fusarium_(194).png,D:\ZaraiAI_Tomato_Cotton_Wheat\data\raw\cotton\cotton_original\Cotton_Original_Dataset\Fusarium Wilt\fusarium_(194).png,700,700,3,JPEG,50318,12ad5e5447108a3c9c7eed32e2cc2448b9d0bcc505dcb17c618914a87b302b92,train
cotton,Fusarium Wilt,fusarium_(295).png,data\raw\cotton\cotton_original\Cotton_Original_Dataset\Fusarium Wilt\fusarium_(295).png,D:\ZaraiAI_Tomato_Cotton_Wheat\data\raw\cotton\cotton_original\Cotton_Original_Dataset\Fusarium Wilt\fusarium_(295).png,700,700,3,JPEG,43492,53f50ead281f32f26e28fc5634c8de780f119dce40e10bfe06937f92394a826f,train
cotton,Verticillium Wilt,verticillium_(149).png,data\raw\cotton\cotton_original\Cotton_Original_Dataset\Verticillium Wilt\verticillium_(149).png,D:\ZaraiAI_Tomato_Cotton_Wheat\data\raw\cotton\cotton_original\Cotton_Original_Dataset\Verticillium Wilt\verticillium_(149).png,700,700,3,JPEG,35860,38867e830afd85fb9809d6e68ad1d72618c187e39828d79783227e7f648183cb,train
cotton,Verticillium Wilt,verticillium_(305).png,data\raw\cotton\cotton_original\Cotton_Original_Dataset\Verticillium Wilt\verticillium_(305).png,D:\ZaraiAI_Tomato_Cotton_Wheat\data\raw\cotton\cotton_original\Cotton_Original_Dataset\Verticillium Wilt\verticillium_(305).png,700,700,3,JPEG,63663,e8dfc5de50fc4303866a6cb8688a4c9c84dafc44358a149467b6c68293f34407,train
cotton,Alternaria Leaf Spot,alternaria_(49).png,data\raw\cotton\cotton_original\Cotton_Original_Dataset\Alternaria Leaf Spot\alternaria_(49).png,D:\ZaraiAI_Tomato_Cotton_Wheat\data\raw\cotton\cotton_original\Cotton_Original_Dataset\Alternaria Leaf Spot\alternaria_(49).png,700,700,3,JPEG,37481,09eff3e813ce874c63569d478e1b384d3ea2364ed002e2d067cc19b249dc3466,train
cotton,Fusarium Wilt,fusarium_(114).png,data\raw\cotton\cotton_original\Cotton_Original_Dataset\Fusarium Wilt\fusarium_(114).png,D:\ZaraiAI_Tomato_Cotton_Wheat\data\raw\cotton\cotton_original\Cotton_Original_Dataset\Fusarium Wilt\fusarium_(114).png,700,700,3,JPEG,41345,f7d8d3fe33534e594b90b5dc83ca6bd259b2c1c084cc10bf82f5a51b8fd7b9ca,train
cotton,Verticillium Wilt,verticillium_(177).png,data\raw\cotton\cotton_original\Cotton_Original_Dataset\Verticillium Wilt\verticillium_(177).png,D:\ZaraiAI_Tomato_Cotton_Wheat\data\raw\cotton\cotton_original\Cotton_Original_Dataset\Verticillium Wilt\verticillium_(177).png,700,700,3,JPEG,41455,fc3d4ba984acab2d69c7e61f8dbd8045f0adba02fab600ddc285d58209f5c6e9,train
cotton,Bacterial Blight,bacterial_(139).png,data\raw\cotton\cotton_original\Cotton_Original_Dataset\Bacterial Blight\bacterial_(139).png,D:\ZaraiAI_Tomato_Cotton_Wheat\data\raw\cotton\cotton_original\Cotton_Original_Dataset\Bacterial Blight\bacterial_(139).png,700,700,3,JPEG,49889,a61e3eae9d9d9e7063fdbd6e66a0c201deb2507c3769c12a3c2d43004e253a97,train
cotton,Fusarium Wilt,fusarium_(250).png,data\raw\cotton\cotton_original\Cotton_Original_Dataset\Fusarium Wilt\fusarium_(250).png,D:\ZaraiAI_Tomato_Cotton_Wheat\data\raw\cotton\cotton_original\Cotton_Original_Dataset\Fusarium Wilt\fusarium_(250).png,700,700,3,JPEG,39422,fb776ff21c23e3fc38c68adc766fa6ffb87963e5a7ab4084227ecd5547a92ef2,train
cotton,Fusarium Wilt,fusarium_(172).png,data\raw\cotton\cotton_original\Cotton_Original_Dataset\Fusarium Wilt\fusarium_(172).png,D:\ZaraiAI_Tomato_Cotton_Wheat\data\raw\cotton\cotton_original\Cotton_Original_Dataset\Fusarium Wilt\fusarium_(172).png,700,700,3,JPEG,50284,c1e2df95517cf795b7de63f0524b2e15dc21d4a4334880c0ba577ef9c0cf6578,train
cotton,Fusarium Wilt,fusarium_(203).png,data\raw\cotton\cotton_original\Cotton_Original_Dataset\Fusarium Wilt\fusarium_(203).png,D:\ZaraiAI_Tomato_Cotton_Wheat\data\raw\cotton\cotton_original\Cotton_Original_Dataset\Fusarium Wilt\fusarium_(203).png,700,700,3,JPEG,49675,f303fedac4ada3a106a5ad3802eb18b3a04d0bbcd1f771043b91c1dfd5a80da8,train
cotton,Bacterial Blight,bacterial_(76).png,data\raw\cotton\cotton_original\Cotton_Original_Dataset\Bacterial Blight\bacterial_(76).png,D:\ZaraiAI_Tomato_Cotton_Wheat\data\raw\cotton\cotton_original\Cotton_Original_Dataset\Bacterial Blight\bacterial_(76).png,700,700,3,JPEG,38837,d8986d2f3be76aae9738c0b65c4251a2ff27360678d4f8dcb8c241cf2c2855b7,train
cotton,Fusarium Wilt,fusarium_(30).png,data\raw\cotton\cotton_original\Cotton_Original_Dataset\Fusarium Wilt\fusarium_(30).png,D:\ZaraiAI_Tomato_Cotton_Wheat\data\raw\cotton\cotton_original\Cotton_Original_Dataset\Fusarium Wilt\fusarium_(30).png,700,700,3,JPEG,46858,aaeddac35afe1bcb33c58f0bc32cab86c2f1529d8f434c0d56ed20d1ffa12b27,train
cotton,Bacterial Blight,bacterial_(72).png,data\raw\cotton\cotton_original\Cotton_Original_Dataset\Bacterial Blight\bacterial_(72).png,D:\ZaraiAI_Tomato_Cotton_Wheat\data\raw\cotton\cotton_original\Cotton_Original_Dataset\Bacterial Blight\bacterial_(72).png,700,700,3,JPEG,32856,ba07bfd7c502bd9115f6d7f906c2f2078650237cc61f62c31e40cacf306b5600,train
cotton,Verticillium Wilt,verticillium_(168).png,data\raw\cotton\cotton_original\Cotton_Original_Dataset\Verticillium Wilt\verticillium_(168).png,D:\ZaraiAI_Tomato_Cotton_Wheat\data\raw\cotton\cotton_original\Cotton_Original_Dataset\Verticillium Wilt\verticillium_(168).png,700,700,3,JPEG,59419,00710c147c0145bc557004a59eee38cefeb2a7e3c443ac606e5c89ecad041ab0,train
cotton,Fusarium Wilt,fusarium_(44).png,data\raw\cotton\cotton_original\Cotton_Original_Dataset\Fusarium Wilt\fusarium_(44).png,D:\ZaraiAI_Tomato_Cotton_Wheat\data\raw\cotton\cotton_original\Cotton_Original_Dataset\Fusarium Wilt\fusarium_(44).png,700,700,3,JPEG,47263,f277ed1d128afc66ffbe6c72ad60d00f0a7ac843a12363b2018642b5fce75958,train
cotton,Alternaria Leaf Spot,alternaria_(125).png,data\raw\cotton\cotton_original\Cotton_Original_Dataset\Alternaria Leaf Spot\alternaria_(125).png,D:\ZaraiAI_Tomato_Cotton_Wheat\data\raw\cotton\cotton_original\Cotton_Original_Dataset\Alternaria Leaf Spot\alternaria_(125).png,700,700,3,JPEG,44825,1908400e654d5860a8afdd8a69b5b1a654381ffd3cdb9f2265679ddd7a47f850,train
cotton,Fusarium Wilt,fusarium_(307).png,data\raw\cotton\cotton_original\Cotton_Original_Dataset\Fusarium Wilt\fusarium_(307).png,D:\ZaraiAI_Tomato_Cotton_Wheat\data\raw\cotton\cotton_original\Cotton_Original_Dataset\Fusarium Wilt\fusarium_(307).png,700,700,3,JPEG,46380,804025a7e07b20db9331edbdefcc2ecaa062e6d9c0e873767e18004dff7c3ca4,train
cotton,Fusarium Wilt,fusarium_(200).png,data\raw\cotton\cotton_original\Cotton_Original_Dataset\Fusarium Wilt\fusarium_(200).png,D:\ZaraiAI_Tomato_Cotton_Wheat\data\raw\cotton\cotton_original\Cotton_Original_Dataset\Fusarium Wilt\fusarium_(200).png,700,700,3,JPEG,48103,69336cef90d37c6b8acf39702bbfd111d1467516fab585d716e6f60c5ddac43d,train
cotton,Alternaria Leaf Spot,alternaria_(104).png,data\raw\cotton\cotton_original\Cotton_Original_Dataset\Alternaria Leaf Spot\alternaria_(104).png,D:\ZaraiAI_Tomato_Cotton_Wheat\data\raw\cotton\cotton_original\Cotton_Original_Dataset\Alternaria Leaf Spot\alternaria_(104).png,700,700,3,JPEG,35501,7dda5a4f29329acdb7003cdb3ada3c01a205c9570b9b648332b55281ef3d8422,train
cotton,Fusarium Wilt,fusarium_(128).png,data\raw\cotton\cotton_original\Cotton_Original_Dataset\Fusarium Wilt\fusarium_(128).png,D:\ZaraiAI_Tomato_Cotton_Wheat\data\raw\cotton\cotton_original\Cotton_Original_Dataset\Fusarium Wilt\fusarium_(128).png,700,700,3,JPEG,53815,fc7170d466f1ed843fec837d911afdd2dcc83b6939209542a6b6d67f04420d10,train
cotton,Bacterial Blight,bacterial_(123).png,data\raw\cotton\cotton_original\Cotton_Original_Dataset\Bacterial Blight\bacterial_(123).png,D:\ZaraiAI_Tomato_Cotton_Wheat\data\raw\cotton\cotton_original\Cotton_Original_Dataset\Bacterial Blight\bacterial_(123).png,700,700,3,JPEG,37729,fff40642ee950b4b17257c56d8c9b9be8ffb062f4a8adf1986c8182d4ad06f05,train
cotton,Verticillium Wilt,verticillium_(223).png,data\raw\cotton\cotton_original\Cotton_Original_Dataset\Verticillium Wilt\verticillium_(223).png,D:\ZaraiAI_Tomato_Cotton_Wheat\data\raw\cotton\cotton_original\Cotton_Original_Dataset\Verticillium Wilt\verticillium_(223).png,700,700,3,JPEG,47607,ff1c06c41820745748344c69e07dcddaeac84c97299598475b40ce5197f7de93,train
cotton,Alternaria Leaf Spot,alternaria_(127).png,data\raw\cotton\cotton_original\Cotton_Original_Dataset\Alternaria Leaf Spot\alternaria_(127).png,D:\ZaraiAI_Tomato_Cotton_Wheat\data\raw\cotton\cotton_original\Cotton_Original_Dataset\Alternaria Leaf Spot\alternaria_(127).png,700,700,3,JPEG,40761,2e9416004103b45100c69c25469b99fb99b8fb78f3882b91f5fa5859a33718df,train
cotton,Bacterial Blight,bacterial_(30).png,data\raw\cotton\cotton_original\Cotton_Original_Dataset\Bacterial Blight\bacterial_(30).png,D:\ZaraiAI_Tomato_Cotton_Wheat\data\raw\cotton\cotton_original\Cotton_Original_Dataset\Bacterial Blight\bacterial_(30).png,700,700,3,JPEG,48501,aec3d91fceaf5d79f4ea32150d1662dba3c4026d86ecac359d76ba4ae7018539,train
cotton,Fusarium Wilt,fusarium_(118).png,data\raw\cotton\cotton_original\Cotton_Original_Dataset\Fusarium Wilt\fusarium_(118).png,D:\ZaraiAI_Tomato_Cotton_Wheat\data\raw\cotton\cotton_original\Cotton_Original_Dataset\Fusarium Wilt\fusarium_(118).png,700,700,3,JPEG,68201,8f16edb2f283fc788f11b0ee0e0bd2fd49ee481503b1ac8a9d0ab0ac924d7028,train
cotton,Healthy Leaf,healthy_(208).png,data\raw\cotton\cotton_original\Cotton_Original_Dataset\Healthy Leaf\healthy_(208).png,D:\ZaraiAI_Tomato_Cotton_Wheat\data\raw\cotton\cotton_original\Cotton_Original_Dataset\Healthy Leaf\healthy_(208).png,700,700,3,JPEG,41965,dd05bb0cc1742c5c6abb10ded6c0d5b72356701604bbca8faeef882e8e6363fb,train
cotton,Alternaria Leaf Spot,alternaria_(9).png,data\raw\cotton\cotton_original\Cotton_Original_Dataset\Alternaria Leaf Spot\alternaria_(9).png,D:\ZaraiAI_Tomato_Cotton_Wheat\data\raw\cotton\cotton_original\Cotton_Original_Dataset\Alternaria Leaf Spot\alternaria_(9).png,700,700,3,JPEG,53612,73b07a5daaec5ded789897d3c09b864de39b8ad8c4ea6dccfe05e2b3669e3a2e,train
cotton,Fusarium Wilt,fusarium_(322).png,data\raw\cotton\cotton_original\Cotton_Original_Dataset\Fusarium Wilt\fusarium_(322).png,D:\ZaraiAI_Tomato_Cotton_Wheat\data\raw\cotton\cotton_original\Cotton_Original_Dataset\Fusarium Wilt\fusarium_(322).png,700,700,3,JPEG,42302,7e0f38dfc962b185951f5e3161098733a60ce03be526b36c65e12a56fd13e4f4,train
cotton,Healthy Leaf,healthy_(75).png,data\raw\cotton\cotton_original\Cotton_Original_Dataset\Healthy Leaf\healthy_(75).png,D:\ZaraiAI_Tomato_Cotton_Wheat\data\raw\cotton\cotton_original\Cotton_Original_Dataset\Healthy Leaf\healthy_(75).png,700,700,3,JPEG,45199,4b23df86db98f3098a6c06d3828f828dfb8e88c315a4f3be592b291aea7ac3ac,train
cotton,Bacterial Blight,bacterial_(17).png,data\raw\cotton\cotton_original\Cotton_Original_Dataset\Bacterial Blight\bacterial_(17).png,D:\ZaraiAI_Tomato_Cotton_Wheat\data\raw\cotton\cotton_original\Cotton_Original_Dataset\Bacterial Blight\bacterial_(17).png,700,700,3,JPEG,59740,772eec48e8f2034900cb92db612dff3544671ad8988eb72af71e929264be6685,train
cotton,Verticillium Wilt,verticillium_(54).png,data\raw\cotton\cotton_original\Cotton_Original_Dataset\Verticillium Wilt\verticillium_(54).png,D:\ZaraiAI_Tomato_Cotton_Wheat\data\raw\cotton\cotton_original\Cotton_Original_Dataset\Verticillium Wilt\verticillium_(54).png,700,700,3,JPEG,56079,999ebe0cb2cbbb25501eb1c3cfdb08f436f6941ff4a3150be13d90a4829cc26b,train
cotton,Fusarium Wilt,fusarium_(256).png,data\raw\cotton\cotton_original\Cotton_Original_Dataset\Fusarium Wilt\fusarium_(256).png,D:\ZaraiAI_Tomato_Cotton_Wheat\data\raw\cotton\cotton_original\Cotton_Original_Dataset\Fusarium Wilt\fusarium_(256).png,700,700,3,JPEG,38547,d3b7fc29d2f60c2a4dce5580c014aff945a7a4a73ba3b0ac8a71b2dc8d695ad2,train
cotton,Fusarium Wilt,fusarium_(64).png,data\raw\cotton\cotton_original\Cotton_Original_Dataset\Fusarium Wilt\fusarium_(64).png,D:\ZaraiAI_Tomato_Cotton_Wheat\data\raw\cotton\cotton_original\Cotton_Original_Dataset\Fusarium Wilt\fusarium_(64).png,700,700,3,JPEG,48010,f4b955bc762ff9426a001b7e58fd949dcd1d8f84677936715ed17e9346681223,train
cotton,Alternaria Leaf Spot,alternaria_(27).png,data\raw\cotton\cotton_original\Cotton_Original_Dataset\Alternaria Leaf Spot\alternaria_(27).png,D:\ZaraiAI_Tomato_Cotton_Wheat\data\raw\cotton\cotton_original\Cotton_Original_Dataset\Alternaria Leaf Spot\alternaria_(27).png,700,700,3,JPEG,37073,36aab3b18133e946381727b0d31f86c694169fef1886ee5496212fdc6a49f54f,train
cotton,Fusarium Wilt,fusarium_(166).png,data\raw\cotton\cotton_original\Cotton_Original_Dataset\Fusarium Wilt\fusarium_(166).png,D:\ZaraiAI_Tomato_Cotton_Wheat\data\raw\cotton\cotton_original\Cotton_Original_Dataset\Fusarium Wilt\fusarium_(166).png,700,700,3,JPEG,38302,654dc4dd2e77d5aa7081e73572f9e36ad6f426575a194f49b17239da354a4b8a,train
cotton,Verticillium Wilt,verticillium_(14).png,data\raw\cotton\cotton_original\Cotton_Original_Dataset\Verticillium Wilt\verticillium_(14).png,D:\ZaraiAI_Tomato_Cotton_Wheat\data\raw\cotton\cotton_original\Cotton_Original_Dataset\Verticillium Wilt\verticillium_(14).png,700,700,3,JPEG,46308,c75ea65ade0e8c01cb754622bfd079043a00025cda9c9935a1fd01368af83e26,train
cotton,Fusarium Wilt,fusarium_(259).png,data\raw\cotton\cotton_original\Cotton_Original_Dataset\Fusarium Wilt\fusarium_(259).png,D:\ZaraiAI_Tomato_Cotton_Wheat\data\raw\cotton\cotton_original\Cotton_Original_Dataset\Fusarium Wilt\fusarium_(259).png,700,700,3,JPEG,41714,d2a19d8c9df07b807200d70700318bf5d20de5e1983638ec233d87e75d25d640,train
cotton,Verticillium Wilt,verticillium_(272).png,data\raw\cotton\cotton_original\Cotton_Original_Dataset\Verticillium Wilt\verticillium_(272).png,D:\ZaraiAI_Tomato_Cotton_Wheat\data\raw\cotton\cotton_original\Cotton_Original_Dataset\Verticillium Wilt\verticillium_(272).png,700,700,3,JPEG,45873,0241ad154b5ef942b325810b80efb25dfb6d5d8279726ad3ac6605277d43b8d6,train
cotton,Fusarium Wilt,fusarium_(169).png,data\raw\cotton\cotton_original\Cotton_Original_Dataset\Fusarium Wilt\fusarium_(169).png,D:\ZaraiAI_Tomato_Cotton_Wheat\data\raw\cotton\cotton_original\Cotton_Original_Dataset\Fusarium Wilt\fusarium_(169).png,700,700,3,JPEG,38463,9d94c497f4dbf54ef707ab69b4905db03d96348ca804f195387280bdf8698608,train
cotton,Verticillium Wilt,verticillium_(303).png,data\raw\cotton\cotton_original\Cotton_Original_Dataset\Verticillium Wilt\verticillium_(303).png,D:\ZaraiAI_Tomato_Cotton_Wheat\data\raw\cotton\cotton_original\Cotton_Original_Dataset\Verticillium Wilt\verticillium_(303).png,700,700,3,JPEG,33684,fc228d01ce51b5f298adea8034f8d006307030db9b2d19303f46fa4f71d2c43c,train
cotton,Verticillium Wilt,verticillium_(287).png,data\raw\cotton\cotton_original\Cotton_Original_Dataset\Verticillium Wilt\verticillium_(287).png,D:\ZaraiAI_Tomato_Cotton_Wheat\data\raw\cotton\cotton_original\Cotton_Original_Dataset\Verticillium Wilt\verticillium_(287).png,700,700,3,JPEG,60057,7b0af83eb3aeebdef3ed419fd75161d74735cb30ea4fb2df30b666f78b97c8b9,train
cotton,Verticillium Wilt,verticillium_(302).png,data\raw\cotton\cotton_original\Cotton_Original_Dataset\Verticillium Wilt\verticillium_(302).png,D:\ZaraiAI_Tomato_Cotton_Wheat\data\raw\cotton\cotton_original\Cotton_Original_Dataset\Verticillium Wilt\verticillium_(302).png,700,700,3,JPEG,59881,0941e53e69ecfb9edb038613a5532eb6291186d1584eec62649f834368c71a2a,train
cotton,Verticillium Wilt,verticillium_(251).png,data\raw\cotton\cotton_original\Cotton_Original_Dataset\Verticillium Wilt\verticillium_(251).png,D:\ZaraiAI_Tomato_Cotton_Wheat\data\raw\cotton\cotton_original\Cotton_Original_Dataset\Verticillium Wilt\verticillium_(251).png,700,700,3,JPEG,54107,1dbab0cda69443f7f065afa7d5c1cc3f0d1f28fcfcd7a4cd32cfd487a134119d,train
cotton,Bacterial Blight,bacterial_(135).png,data\raw\cotton\cotton_original\Cotton_Original_Dataset\Bacterial Blight\bacterial_(135).png,D:\ZaraiAI_Tomato_Cotton_Wheat\data\raw\cotton\cotton_original\Cotton_Original_Dataset\Bacterial Blight\bacterial_(135).png,700,700,3,JPEG,49181,fa04a98b674a2bf538a98e826a262a1cf6aecacd6fb2cab37b110408e4b148e0,train
cotton,Fusarium Wilt,fusarium_(65).png,data\raw\cotton\cotton_original\Cotton_Original_Dataset\Fusarium Wilt\fusarium_(65).png,D:\ZaraiAI_Tomato_Cotton_Wheat\data\raw\cotton\cotton_original\Cotton_Original_Dataset\Fusarium Wilt\fusarium_(65).png,700,700,3,JPEG,48926,353a817b73b772e3f9a707d1721f70db175148055ae87230ab2fd9e8ab80a3e7,train
cotton,Fusarium Wilt,fusarium_(235).png,data\raw\cotton\cotton_original\Cotton_Original_Dataset\Fusarium Wilt\fusarium_(235).png,D:\ZaraiAI_Tomato_Cotton_Wheat\data\raw\cotton\cotton_original\Cotton_Original_Dataset\Fusarium Wilt\fusarium_(235).png,700,700,3,JPEG,43407,db542e82af88e51bcfd9aa21a75f4ba69f2db1d21b016a38508057df6e3568dc,train
cotton,Verticillium Wilt,verticillium_(191).png,data\raw\cotton\cotton_original\Cotton_Original_Dataset\Verticillium Wilt\verticillium_(191).png,D:\ZaraiAI_Tomato_Cotton_Wheat\data\raw\cotton\cotton_original\Cotton_Original_Dataset\Verticillium Wilt\verticillium_(191).png,700,700,3,JPEG,37668,205d1ebd169a9a2ce8a8f987a2f8e13aac0494ab2ade9d93f334583f89bc3729,train
cotton,Fusarium Wilt,fusarium_(26).png,data\raw\cotton\cotton_original\Cotton_Original_Dataset\Fusarium Wilt\fusarium_(26).png,D:\ZaraiAI_Tomato_Cotton_Wheat\data\raw\cotton\cotton_original\Cotton_Original_Dataset\Fusarium Wilt\fusarium_(26).png,700,700,3,JPEG,48611,21f384df681d67bfad04bda8f9a4adef3dc24d01ae53834bf516f291095dd6c1,train
cotton,Alternaria Leaf Spot,alternaria_(158).png,data\raw\cotton\cotton_original\Cotton_Original_Dataset\Alternaria Leaf Spot\alternaria_(158).png,D:\ZaraiAI_Tomato_Cotton_Wheat\data\raw\cotton\cotton_original\Cotton_Original_Dataset\Alternaria Leaf Spot\alternaria_(158).png,700,700,3,JPEG,46650,905ccd82f4bccb4f3b95d6eab704c376500ce19d4f25f0772442a3343fbd18ac,train
cotton,Alternaria Leaf Spot,alternaria_(29).png,data\raw\cotton\cotton_original\Cotton_Original_Dataset\Alternaria Leaf Spot\alternaria_(29).png,D:\ZaraiAI_Tomato_Cotton_Wheat\data\raw\cotton\cotton_original\Cotton_Original_Dataset\Alternaria Leaf Spot\alternaria_(29).png,700,700,3,JPEG,44139,2c4f08ac9e34678aaa4ef4a9f68a7c5b99a02d05c7cfb8a285f2eb39cd41827b,train
cotton,Alternaria Leaf Spot,alternaria_(139).png,data\raw\cotton\cotton_original\Cotton_Original_Dataset\Alternaria Leaf Spot\alternaria_(139).png,D:\ZaraiAI_Tomato_Cotton_Wheat\data\raw\cotton\cotton_original\Cotton_Original_Dataset\Alternaria Leaf Spot\alternaria_(139).png,700,700,3,JPEG,42977,4e18612133f8b9f6ac79fc3dfac98ac55af02a1224ecedd95ebb0e7c6c21204a,train
cotton,Bacterial Blight,bacterial_(206).png,data\raw\cotton\cotton_original\Cotton_Original_Dataset\Bacterial Blight\bacterial_(206).png,D:\ZaraiAI_Tomato_Cotton_Wheat\data\raw\cotton\cotton_original\Cotton_Original_Dataset\Bacterial Blight\bacterial_(206).png,700,700,3,JPEG,62412,289e79a88f00397a16638235c197a96e956d84b1dfaf6c3117cf114fd35983ed,train
cotton,Alternaria Leaf Spot,alternaria_(11).png,data\raw\cotton\cotton_original\Cotton_Original_Dataset\Alternaria Leaf Spot\alternaria_(11).png,D:\ZaraiAI_Tomato_Cotton_Wheat\data\raw\cotton\cotton_original\Cotton_Original_Dataset\Alternaria Leaf Spot\alternaria_(11).png,700,700,3,JPEG,41334,35a62d1b465dbc81224deb1f49df576e7137738b82a232c9f1a848edaba80e7f,train
cotton,Fusarium Wilt,fusarium_(298).png,data\raw\cotton\cotton_original\Cotton_Original_Dataset\Fusarium Wilt\fusarium_(298).png,D:\ZaraiAI_Tomato_Cotton_Wheat\data\raw\cotton\cotton_original\Cotton_Original_Dataset\Fusarium Wilt\fusarium_(298).png,700,700,3,JPEG,45553,dbf7f5a0450f34b06d6c8e5dee9e29956aad47652e97712b1a87c2f77d2c33f4,train
cotton,Fusarium Wilt,fusarium_(22).png,data\raw\cotton\cotton_original\Cotton_Original_Dataset\Fusarium Wilt\fusarium_(22).png,D:\ZaraiAI_Tomato_Cotton_Wheat\data\raw\cotton\cotton_original\Cotton_Original_Dataset\Fusarium Wilt\fusarium_(22).png,700,700,3,JPEG,44459,b963f8944ee797ab9fab1c7fdb1a645e7c0041a8a51c985940a74e38d0cc0a24,train
cotton,Fusarium Wilt,fusarium_(20).png,data\raw\cotton\cotton_original\Cotton_Original_Dataset\Fusarium Wilt\fusarium_(20).png,D:\ZaraiAI_Tomato_Cotton_Wheat\data\raw\cotton\cotton_original\Cotton_Original_Dataset\Fusarium Wilt\fusarium_(20).png,700,700,3,JPEG,51267,ddd3ebe49df448643d84c9b8a5ff0b65f6bef3c995e818c8d9e110ebce07ad4c,train
cotton,Fusarium Wilt,fusarium_(36).png,data\raw\cotton\cotton_original\Cotton_Original_Dataset\Fusarium Wilt\fusarium_(36).png,D:\ZaraiAI_Tomato_Cotton_Wheat\data\raw\cotton\cotton_original\Cotton_Original_Dataset\Fusarium Wilt\fusarium_(36).png,700,700,3,JPEG,42112,3d31735f20c7924b04552445cace6cafa97da102d3c3e694c99e9627db170719,train
cotton,Bacterial Blight,bacterial_(145).png,data\raw\cotton\cotton_original\Cotton_Original_Dataset\Bacterial Blight\bacterial_(145).png,D:\ZaraiAI_Tomato_Cotton_Wheat\data\raw\cotton\cotton_original\Cotton_Original_Dataset\Bacterial Blight\bacterial_(145).png,700,700,3,JPEG,47291,b3678f06be8c4c604f562ba356a1ac752a6a414b083f32641069c501590cf9a1,train
cotton,Bacterial Blight,bacterial_(85).png,data\raw\cotton\cotton_original\Cotton_Original_Dataset\Bacterial Blight\bacterial_(85).png,D:\ZaraiAI_Tomato_Cotton_Wheat\data\raw\cotton\cotton_original\Cotton_Original_Dataset\Bacterial Blight\bacterial_(85).png,700,700,3,JPEG,43184,981c051d17d9523a73493adc196847e1b1c177572649fec3615c6970507476db,train
cotton,Verticillium Wilt,verticillium_(154).png,data\raw\cotton\cotton_original\Cotton_Original_Dataset\Verticillium Wilt\verticillium_(154).png,D:\ZaraiAI_Tomato_Cotton_Wheat\data\raw\cotton\cotton_original\Cotton_Original_Dataset\Verticillium Wilt\verticillium_(154).png,700,700,3,JPEG,32647,5bf73400678749d98e9b480146ddf53a7fe4ebf0c4b380935b06acc37e608890,train
cotton,Verticillium Wilt,verticillium_(110).png,data\raw\cotton\cotton_original\Cotton_Original_Dataset\Verticillium Wilt\verticillium_(110).png,D:\ZaraiAI_Tomato_Cotton_Wheat\data\raw\cotton\cotton_original\Cotton_Original_Dataset\Verticillium Wilt\verticillium_(110).png,700,700,3,JPEG,40741,253467b1d6bdf14f64f5dbe3240cbec18f50e819683eefde357b35a03a01cc83,train
cotton,Fusarium Wilt,fusarium_(111).png,data\raw\cotton\cotton_original\Cotton_Original_Dataset\Fusarium Wilt\fusarium_(111).png,D:\ZaraiAI_Tomato_Cotton_Wheat\data\raw\cotton\cotton_original\Cotton_Original_Dataset\Fusarium Wilt\fusarium_(111).png,700,700,3,JPEG,35582,607afc4ff32ec633f317f708202c78d709cc4d38a28f58873b51006d04ed97c8,train
cotton,Fusarium Wilt,fusarium_(62).png,data\raw\cotton\cotton_original\Cotton_Original_Dataset\Fusarium Wilt\fusarium_(62).png,D:\ZaraiAI_Tomato_Cotton_Wheat\data\raw\cotton\cotton_original\Cotton_Original_Dataset\Fusarium Wilt\fusarium_(62).png,700,700,3,JPEG,48389,bedb701c1820d1b764d2c4fa35c44fe91145ba92adeeb1ad4f16bc56565ae921,train
cotton,Verticillium Wilt,verticillium_(145).png,data\raw\cotton\cotton_original\Cotton_Original_Dataset\Verticillium Wilt\verticillium_(145).png,D:\ZaraiAI_Tomato_Cotton_Wheat\data\raw\cotton\cotton_original\Cotton_Original_Dataset\Verticillium Wilt\verticillium_(145).png,700,700,3,JPEG,38755,a38ff67348e53df19de5e21ac0699350817299d41a966343d440f3239adf8eec,train
cotton,Fusarium Wilt,fusarium_(271).png,data\raw\cotton\cotton_original\Cotton_Original_Dataset\Fusarium Wilt\fusarium_(271).png,D:\ZaraiAI_Tomato_Cotton_Wheat\data\raw\cotton\cotton_original\Cotton_Original_Dataset\Fusarium Wilt\fusarium_(271).png,700,700,3,JPEG,37049,d3910f384195276c890e64d31d01c757509710fc9ca8d6575db15083173a8bda,train
cotton,Alternaria Leaf Spot,alternaria_(14).png,data\raw\cotton\cotton_original\Cotton_Original_Dataset\Alternaria Leaf Spot\alternaria_(14).png,D:\ZaraiAI_Tomato_Cotton_Wheat\data\raw\cotton\cotton_original\Cotton_Original_Dataset\Alternaria Leaf Spot\alternaria_(14).png,700,700,3,JPEG,43080,e0bba412498b6e6feb94ca18de4e8bbd03783baf8d0f73b53f603fc5ba1379e4,train
cotton,Fusarium Wilt,fusarium_(10).png,data\raw\cotton\cotton_original\Cotton_Original_Dataset\Fusarium Wilt\fusarium_(10).png,D:\ZaraiAI_Tomato_Cotton_Wheat\data\raw\cotton\cotton_original\Cotton_Original_Dataset\Fusarium Wilt\fusarium_(10).png,700,700,3,JPEG,51261,c4fa3d1a2d7ccc7e000e5d80db8e96b22d950c74516e423b4e8c9caa8ce85198,train
cotton,Fusarium Wilt,fusarium_(100).png,data\raw\cotton\cotton_original\Cotton_Original_Dataset\Fusarium Wilt\fusarium_(100).png,D:\ZaraiAI_Tomato_Cotton_Wheat\data\raw\cotton\cotton_original\Cotton_Original_Dataset\Fusarium Wilt\fusarium_(100).png,700,700,3,JPEG,40023,7d0bf47d30d8f0aee0baa2f725032316e14604bef94ff5b4d5d2243d91ed9e8c,train
cotton,Fusarium Wilt,fusarium_(103).png,data\raw\cotton\cotton_original\Cotton_Original_Dataset\Fusarium Wilt\fusarium_(103).png,D:\ZaraiAI_Tomato_Cotton_Wheat\data\raw\cotton\cotton_original\Cotton_Original_Dataset\Fusarium Wilt\fusarium_(103).png,700,700,3,JPEG,38310,b3f68ef1b0d9fe4eb25d3edda7bc6630c83a16472f47b96d3a37c5ab571c4bb9,train
cotton,Bacterial Blight,bacterial_(90).png,data\raw\cotton\cotton_original\Cotton_Original_Dataset\Bacterial Blight\bacterial_(90).png,D:\ZaraiAI_Tomato_Cotton_Wheat\data\raw\cotton\cotton_original\Cotton_Original_Dataset\Bacterial Blight\bacterial_(90).png,700,700,3,JPEG,47038,7443bfa3a0f0d1a3a10fd4dfa0fc0a076f5225ab2a61e32d5434cbee020281cb,train
cotton,Bacterial Blight,bacterial_(62).png,data\raw\cotton\cotton_original\Cotton_Original_Dataset\Bacterial Blight\bacterial_(62).png,D:\ZaraiAI_Tomato_Cotton_Wheat\data\raw\cotton\cotton_original\Cotton_Original_Dataset\Bacterial Blight\bacterial_(62).png,700,700,3,JPEG,35598,9fd84fac23934633b82d118c98783aab31b31fd34fe535cffa35c11b82f442fc,train
cotton,Bacterial Blight,bacterial_(128).png,data\raw\cotton\cotton_original\Cotton_Original_Dataset\Bacterial Blight\bacterial_(128).png,D:\ZaraiAI_Tomato_Cotton_Wheat\data\raw\cotton\cotton_original\Cotton_Original_Dataset\Bacterial Blight\bacterial_(128).png,700,700,3,JPEG,39859,35fa6aa05a1fffb7a77b953d20807121a1a005846b1e38bf57eef46d53a1fca1,train
cotton,Bacterial Blight,bacterial_(87).png,data\raw\cotton\cotton_original\Cotton_Original_Dataset\Bacterial Blight\bacterial_(87).png,D:\ZaraiAI_Tomato_Cotton_Wheat\data\raw\cotton\cotton_original\Cotton_Original_Dataset\Bacterial Blight\bacterial_(87).png,700,700,3,JPEG,40912,60abd350a3b2dc5149d82025d59a51184b7ef2e930e21793d7feaed17f839943,train
cotton,Verticillium Wilt,verticillium_(301).png,data\raw\cotton\cotton_original\Cotton_Original_Dataset\Verticillium Wilt\verticillium_(301).png,D:\ZaraiAI_Tomato_Cotton_Wheat\data\raw\cotton\cotton_original\Cotton_Original_Dataset\Verticillium Wilt\verticillium_(301).png,700,700,3,JPEG,37282,aa6486aa758376d14bacb1cb32fa67689b9f0eb6b921364a0c25592d8911796e,train
cotton,Fusarium Wilt,fusarium_(77).png,data\raw\cotton\cotton_original\Cotton_Original_Dataset\Fusarium Wilt\fusarium_(77).png,D:\ZaraiAI_Tomato_Cotton_Wheat\data\raw\cotton\cotton_original\Cotton_Original_Dataset\Fusarium Wilt\fusarium_(77).png,700,700,3,JPEG,50899,89e11640718124e1d1623274b0fa17ede4dd98eebc57a44388b67cb9c94b0017,train
cotton,Verticillium Wilt,verticillium_(7).png,data\raw\cotton\cotton_original\Cotton_Original_Dataset\Verticillium Wilt\verticillium_(7).png,D:\ZaraiAI_Tomato_Cotton_Wheat\data\raw\cotton\cotton_original\Cotton_Original_Dataset\Verticillium Wilt\verticillium_(7).png,700,700,3,JPEG,61793,34d41f3ca947977d13744c089b492df767cd25d069f18d22ab4a00fe734d73d9,train
cotton,Alternaria Leaf Spot,alternaria_(33).png,data\raw\cotton\cotton_original\Cotton_Original_Dataset\Alternaria Leaf Spot\alternaria_(33).png,D:\ZaraiAI_Tomato_Cotton_Wheat\data\raw\cotton\cotton_original\Cotton_Original_Dataset\Alternaria Leaf Spot\alternaria_(33).png,700,700,3,JPEG,44281,6654dabe7b4e83381bc0d8c308f6a3ca07a91309bcb66e6235883273431505fa,train
cotton,Fusarium Wilt,fusarium_(221).png,data\raw\cotton\cotton_original\Cotton_Original_Dataset\Fusarium Wilt\fusarium_(221).png,D:\ZaraiAI_Tomato_Cotton_Wheat\data\raw\cotton\cotton_original\Cotton_Original_Dataset\Fusarium Wilt\fusarium_(221).png,700,700,3,JPEG,71860,3150511794dd49267acb10f6e2c1f0a461bf837765c442f21ea855bc064d4ef4,train
cotton,Fusarium Wilt,fusarium_(39).png,data\raw\cotton\cotton_original\Cotton_Original_Dataset\Fusarium Wilt\fusarium_(39).png,D:\ZaraiAI_Tomato_Cotton_Wheat\data\raw\cotton\cotton_original\Cotton_Original_Dataset\Fusarium Wilt\fusarium_(39).png,700,700,3,JPEG,46042,7d6a97d75cc4c2244e3db9b8b604dd269afa679c909cadd01a425798f9a594b6,train
cotton,Alternaria Leaf Spot,alternaria_(51).png,data\raw\cotton\cotton_original\Cotton_Original_Dataset\Alternaria Leaf Spot\alternaria_(51).png,D:\ZaraiAI_Tomato_Cotton_Wheat\data\raw\cotton\cotton_original\Cotton_Original_Dataset\Alternaria Leaf Spot\alternaria_(51).png,700,700,3,JPEG,37435,676679c6edac192a5043e282f0a3a0bcc17d6c877f64296da5aaabb7a0c8c40c,train
cotton,Bacterial Blight,bacterial_(127).png,data\raw\cotton\cotton_original\Cotton_Original_Dataset\Bacterial Blight\bacterial_(127).png,D:\ZaraiAI_Tomato_Cotton_Wheat\data\raw\cotton\cotton_original\Cotton_Original_Dataset\Bacterial Blight\bacterial_(127).png,700,700,3,JPEG,38712,01d260946026307630cbded57ef74258a4c25cc173dc63fcc488f5e186743cae,train
cotton,Fusarium Wilt,fusarium_(335).png,data\raw\cotton\cotton_original\Cotton_Original_Dataset\Fusarium Wilt\fusarium_(335).png,D:\ZaraiAI_Tomato_Cotton_Wheat\data\raw\cotton\cotton_original\Cotton_Original_Dataset\Fusarium Wilt\fusarium_(335).png,700,700,3,JPEG,44511,ab58e449bf76c0f62d64d438463713cf6a0970f42296878d68b84a9775bc2255,train
cotton,Healthy Leaf,healthy_(236).png,data\raw\cotton\cotton_original\Cotton_Original_Dataset\Healthy Leaf\healthy_(236).png,D:\ZaraiAI_Tomato_Cotton_Wheat\data\raw\cotton\cotton_original\Cotton_Original_Dataset\Healthy Leaf\healthy_(236).png,700,700,3,JPEG,36217,643830101c2bab9fb4d4f7c022601eff0e9abfca9515eaac4204f340bd5e8ee4,train
cotton,Healthy Leaf,healthy_(3).png,data\raw\cotton\cotton_original\Cotton_Original_Dataset\Healthy Leaf\healthy_(3).png,D:\ZaraiAI_Tomato_Cotton_Wheat\data\raw\cotton\cotton_original\Cotton_Original_Dataset\Healthy Leaf\healthy_(3).png,700,700,3,JPEG,48588,5b30c7c5bff03feddb3fb2096f74b9b224ed426edf41e36c5161b28371402446,train
cotton,Bacterial Blight,bacterial_(117).png,data\raw\cotton\cotton_original\Cotton_Original_Dataset\Bacterial Blight\bacterial_(117).png,D:\ZaraiAI_Tomato_Cotton_Wheat\data\raw\cotton\cotton_original\Cotton_Original_Dataset\Bacterial Blight\bacterial_(117).png,700,700,3,JPEG,35275,9e13e962fec152ba0620b6eb3d247c0dc681d725a4ce71358c2f63d812ac78ad,train
cotton,Verticillium Wilt,verticillium_(72).png,data\raw\cotton\cotton_original\Cotton_Original_Dataset\Verticillium Wilt\verticillium_(72).png,D:\ZaraiAI_Tomato_Cotton_Wheat\data\raw\cotton\cotton_original\Cotton_Original_Dataset\Verticillium Wilt\verticillium_(72).png,700,700,3,JPEG,59282,7727b5f6e1c8e6bea3b9142ff14bf0aaede09b56ba2763e84462c527f7742b94,train
cotton,Fusarium Wilt,fusarium_(127).png,data\raw\cotton\cotton_original\Cotton_Original_Dataset\Fusarium Wilt\fusarium_(127).png,D:\ZaraiAI_Tomato_Cotton_Wheat\data\raw\cotton\cotton_original\Cotton_Original_Dataset\Fusarium Wilt\fusarium_(127).png,700,700,3,JPEG,51787,1321d6fbbd2c45877c0ac124aaf0d3d19c0708d6b6def0ebe97eca48ef8bd294,train
cotton,Alternaria Leaf Spot,alternaria_(79).png,data\raw\cotton\cotton_original\Cotton_Original_Dataset\Alternaria Leaf Spot\alternaria_(79).png,D:\ZaraiAI_Tomato_Cotton_Wheat\data\raw\cotton\cotton_original\Cotton_Original_Dataset\Alternaria Leaf Spot\alternaria_(79).png,700,700,3,JPEG,42217,f82bb42b3a60e519c65aa37dde5e9dbb1c5dac9206ebdadfb49e469931db647a,train
cotton,Alternaria Leaf Spot,alternaria_(17).png,data\raw\cotton\cotton_original\Cotton_Original_Dataset\Alternaria Leaf Spot\alternaria_(17).png,D:\ZaraiAI_Tomato_Cotton_Wheat\data\raw\cotton\cotton_original\Cotton_Original_Dataset\Alternaria Leaf Spot\alternaria_(17).png,700,700,3,JPEG,40637,c305ae8716fdad200f84bf72298346b81027bc4f8d764d643e0e3d03a635a6bd,train
cotton,Fusarium Wilt,fusarium_(115).png,data\raw\cotton\cotton_original\Cotton_Original_Dataset\Fusarium Wilt\fusarium_(115).png,D:\ZaraiAI_Tomato_Cotton_Wheat\data\raw\cotton\cotton_original\Cotton_Original_Dataset\Fusarium Wilt\fusarium_(115).png,700,700,3,JPEG,40466,1654a5414409d522275cdf262ffa4de3699e8896e4643ac1ab15c75b99b718bd,train
cotton,Fusarium Wilt,fusarium_(66).png,data\raw\cotton\cotton_original\Cotton_Original_Dataset\Fusarium Wilt\fusarium_(66).png,D:\ZaraiAI_Tomato_Cotton_Wheat\data\raw\cotton\cotton_original\Cotton_Original_Dataset\Fusarium Wilt\fusarium_(66).png,700,700,3,JPEG,47277,6373b4f1492439c6b468751ee7ea288bdac90bd24ac983f36d327516c9d9ca2e,train
cotton,Healthy Leaf,healthy_(51).png,data\raw\cotton\cotton_original\Cotton_Original_Dataset\Healthy Leaf\healthy_(51).png,D:\ZaraiAI_Tomato_Cotton_Wheat\data\raw\cotton\cotton_original\Cotton_Original_Dataset\Healthy Leaf\healthy_(51).png,700,700,3,JPEG,37297,60767bd10794a2f2c32a42648a8045aeb9f3faad45636078184453081f67ef0f,train
cotton,Alternaria Leaf Spot,alternaria_(53).png,data\raw\cotton\cotton_original\Cotton_Original_Dataset\Alternaria Leaf Spot\alternaria_(53).png,D:\ZaraiAI_Tomato_Cotton_Wheat\data\raw\cotton\cotton_original\Cotton_Original_Dataset\Alternaria Leaf Spot\alternaria_(53).png,700,700,3,JPEG,41251,496122c08e346dd8ccd5db930555846cb6e514f16d511ee7ad38b426f64f20eb,train
cotton,Bacterial Blight,bacterial_(118).png,data\raw\cotton\cotton_original\Cotton_Original_Dataset\Bacterial Blight\bacterial_(118).png,D:\ZaraiAI_Tomato_Cotton_Wheat\data\raw\cotton\cotton_original\Cotton_Original_Dataset\Bacterial Blight\bacterial_(118).png,700,700,3,JPEG,34985,1773e9ffc7730ce973eb2f455a96ae25f8fdfb2d7804d057e8a528bee4b5be0f,train
cotton,Fusarium Wilt,fusarium_(152).png,data\raw\cotton\cotton_original\Cotton_Original_Dataset\Fusarium Wilt\fusarium_(152).png,D:\ZaraiAI_Tomato_Cotton_Wheat\data\raw\cotton\cotton_original\Cotton_Original_Dataset\Fusarium Wilt\fusarium_(152).png,700,700,3,JPEG,36716,c6bc1498b26ac06d8f2b5070299bdd2bc8edfe39a354e506c047a0b3b7f2c656,train
cotton,Verticillium Wilt,verticillium_(306).png,data\raw\cotton\cotton_original\Cotton_Original_Dataset\Verticillium Wilt\verticillium_(306).png,D:\ZaraiAI_Tomato_Cotton_Wheat\data\raw\cotton\cotton_original\Cotton_Original_Dataset\Verticillium Wilt\verticillium_(306).png,700,700,3,JPEG,49889,a5e9147d739ee068738f295db57d5d0479261f2ee97a1041dacfc9acce4d01f0,train
cotton,Healthy Leaf,healthy_(62).png,data\raw\cotton\cotton_original\Cotton_Original_Dataset\Healthy Leaf\healthy_(62).png,D:\ZaraiAI_Tomato_Cotton_Wheat\data\raw\cotton\cotton_original\Cotton_Original_Dataset\Healthy Leaf\healthy_(62).png,700,700,3,JPEG,40556,f0d7917c4abaf365b094616f220fc794afdf381a34e5a6dcbdbda24800702c1e,train
cotton,Verticillium Wilt,verticillium_(1).png,data\raw\cotton\cotton_original\Cotton_Original_Dataset\Verticillium Wilt\verticillium_(1).png,D:\ZaraiAI_Tomato_Cotton_Wheat\data\raw\cotton\cotton_original\Cotton_Original_Dataset\Verticillium Wilt\verticillium_(1).png,700,700,3,JPEG,41481,f21d963699494e36658d94870ec4541f6ee81f74e000114ffe9a8308e1aa3fcc,train
cotton,Healthy Leaf,healthy_(306).png,data\raw\cotton\cotton_original\Cotton_Original_Dataset\Healthy Leaf\healthy_(306).png,D:\ZaraiAI_Tomato_Cotton_Wheat\data\raw\cotton\cotton_original\Cotton_Original_Dataset\Healthy Leaf\healthy_(306).png,700,700,3,JPEG,42009,bc2be4208f2aa09cdde958a2274d64af84e463c46c2068cd73ce6691b88cdff5,train
cotton,Alternaria Leaf Spot,alternaria_(75).png,data\raw\cotton\cotton_original\Cotton_Original_Dataset\Alternaria Leaf Spot\alternaria_(75).png,D:\ZaraiAI_Tomato_Cotton_Wheat\data\raw\cotton\cotton_original\Cotton_Original_Dataset\Alternaria Leaf Spot\alternaria_(75).png,700,700,3,JPEG,41685,f430181b1afb15c712226c24f1e8453f699324a143c9f2bc45083608606445c1,train
cotton,Alternaria Leaf Spot,alternaria_(126).png,data\raw\cotton\cotton_original\Cotton_Original_Dataset\Alternaria Leaf Spot\alternaria_(126).png,D:\ZaraiAI_Tomato_Cotton_Wheat\data\raw\cotton\cotton_original\Cotton_Original_Dataset\Alternaria Leaf Spot\alternaria_(126).png,700,700,3,JPEG,45035,100b06383bd92268cd425bd29f43aa5113324c4b9c57a2c104e2bf44cab61db1,train
cotton,Bacterial Blight,bacterial_(73).png,data\raw\cotton\cotton_original\Cotton_Original_Dataset\Bacterial Blight\bacterial_(73).png,D:\ZaraiAI_Tomato_Cotton_Wheat\data\raw\cotton\cotton_original\Cotton_Original_Dataset\Bacterial Blight\bacterial_(73).png,700,700,3,JPEG,33215,d20fe9ea42b2751a2b0e501d6ea0cd311ef92f9706fe9cc0a1456fc5a73b5d31,train
cotton,Fusarium Wilt,fusarium_(206).png,data\raw\cotton\cotton_original\Cotton_Original_Dataset\Fusarium Wilt\fusarium_(206).png,D:\ZaraiAI_Tomato_Cotton_Wheat\data\raw\cotton\cotton_original\Cotton_Original_Dataset\Fusarium Wilt\fusarium_(206).png,700,700,3,JPEG,50003,bfa99370ae868e1919f1a1c0c6a2c261c685a31dfae937fcef4f74e40bf0ab2b,train
cotton,Verticillium Wilt,verticillium_(235).png,data\raw\cotton\cotton_original\Cotton_Original_Dataset\Verticillium Wilt\verticillium_(235).png,D:\ZaraiAI_Tomato_Cotton_Wheat\data\raw\cotton\cotton_original\Cotton_Original_Dataset\Verticillium Wilt\verticillium_(235).png,700,700,3,JPEG,52471,acebac6b6ee8e6de874535bf41077a8d1c893e140c33f2c172c1ec8151f8b4ad,train
cotton,Verticillium Wilt,verticillium_(141).png,data\raw\cotton\cotton_original\Cotton_Original_Dataset\Verticillium Wilt\verticillium_(141).png,D:\ZaraiAI_Tomato_Cotton_Wheat\data\raw\cotton\cotton_original\Cotton_Original_Dataset\Verticillium Wilt\verticillium_(141).png,700,700,3,JPEG,35803,9a2a1e26bde07950a052bbcbfb2a10bf744cf4f9078597a8b641de27762705f9,train
cotton,Bacterial Blight,bacterial_(74).png,data\raw\cotton\cotton_original\Cotton_Original_Dataset\Bacterial Blight\bacterial_(74).png,D:\ZaraiAI_Tomato_Cotton_Wheat\data\raw\cotton\cotton_original\Cotton_Original_Dataset\Bacterial Blight\bacterial_(74).png,700,700,3,JPEG,32440,650eb055235e9a938cb642f2aa65c4c0ac6c458d400bb3146961506d8c920774,train
cotton,Verticillium Wilt,verticillium_(221).png,data\raw\cotton\cotton_original\Cotton_Original_Dataset\Verticillium Wilt\verticillium_(221).png,D:\ZaraiAI_Tomato_Cotton_Wheat\data\raw\cotton\cotton_original\Cotton_Original_Dataset\Verticillium Wilt\verticillium_(221).png,700,700,3,JPEG,43153,767275d167e20fa84f505dbf01541aa7cd9b9d1b8ff64945c5c7c1c4eb00aacd,train
cotton,Healthy Leaf,healthy_(332).png,data\raw\cotton\cotton_original\Cotton_Original_Dataset\Healthy Leaf\healthy_(332).png,D:\ZaraiAI_Tomato_Cotton_Wheat\data\raw\cotton\cotton_original\Cotton_Original_Dataset\Healthy Leaf\healthy_(332).png,700,700,3,JPEG,50593,6234d8fafd87139eea7996e3fdd8cbd9c40aa2af08a5ce381a4f8574b38787d7,train
cotton,Bacterial Blight,bacterial_(54).png,data\raw\cotton\cotton_original\Cotton_Original_Dataset\Bacterial Blight\bacterial_(54).png,D:\ZaraiAI_Tomato_Cotton_Wheat\data\raw\cotton\cotton_original\Cotton_Original_Dataset\Bacterial Blight\bacterial_(54).png,700,700,3,JPEG,30746,d8798816df5833fe5a06dd3bb00fd1eeb006f1715f3b04baf8492d82fd0d1dee,train
cotton,Bacterial Blight,bacterial_(192).png,data\raw\cotton\cotton_original\Cotton_Original_Dataset\Bacterial Blight\bacterial_(192).png,D:\ZaraiAI_Tomato_Cotton_Wheat\data\raw\cotton\cotton_original\Cotton_Original_Dataset\Bacterial Blight\bacterial_(192).png,700,700,3,JPEG,37831,00dd330b14b5a552d883fcb2458602a8274f775d1184b344333045a39951bade,train
cotton,Fusarium Wilt,fusarium_(21).png,data\raw\cotton\cotton_original\Cotton_Original_Dataset\Fusarium Wilt\fusarium_(21).png,D:\ZaraiAI_Tomato_Cotton_Wheat\data\raw\cotton\cotton_original\Cotton_Original_Dataset\Fusarium Wilt\fusarium_(21).png,700,700,3,JPEG,46233,87add9bb819904bda3a14547d9f703f02360c3337d584e2ae756bfd3047360db,train
cotton,Bacterial Blight,bacterial_(102).png,data\raw\cotton\cotton_original\Cotton_Original_Dataset\Bacterial Blight\bacterial_(102).png,D:\ZaraiAI_Tomato_Cotton_Wheat\data\raw\cotton\cotton_original\Cotton_Original_Dataset\Bacterial Blight\bacterial_(102).png,700,700,3,JPEG,34379,25cb61aaacd344ba5b689c7c7893691a74696aa89ecba19c4ab7241cbedd1eea,train
cotton,Alternaria Leaf Spot,alternaria_(96).png,data\raw\cotton\cotton_original\Cotton_Original_Dataset\Alternaria Leaf Spot\alternaria_(96).png,D:\ZaraiAI_Tomato_Cotton_Wheat\data\raw\cotton\cotton_original\Cotton_Original_Dataset\Alternaria Leaf Spot\alternaria_(96).png,700,700,3,JPEG,33558,0a9a8ffc4bf8e33bd0356610480a25defba87543fa755376bd1360a6937907da,train
cotton,Fusarium Wilt,fusarium_(236).png,data\raw\cotton\cotton_original\Cotton_Original_Dataset\Fusarium Wilt\fusarium_(236).png,D:\ZaraiAI_Tomato_Cotton_Wheat\data\raw\cotton\cotton_original\Cotton_Original_Dataset\Fusarium Wilt\fusarium_(236).png,700,700,3,JPEG,64669,40b37af07c1c88df2e5ba99c52d9daf581f86434e642b34613d99bf67184437b,train
cotton,Bacterial Blight,bacterial_(103).png,data\raw\cotton\cotton_original\Cotton_Original_Dataset\Bacterial Blight\bacterial_(103).png,D:\ZaraiAI_Tomato_Cotton_Wheat\data\raw\cotton\cotton_original\Cotton_Original_Dataset\Bacterial Blight\bacterial_(103).png,700,700,3,JPEG,35152,0ca91840a958ab9440ad2bdd42328aa4b2ff8add7c421e7afa14c9aeb3352fc1,train
cotton,Fusarium Wilt,fusarium_(329).png,data\raw\cotton\cotton_original\Cotton_Original_Dataset\Fusarium Wilt\fusarium_(329).png,D:\ZaraiAI_Tomato_Cotton_Wheat\data\raw\cotton\cotton_original\Cotton_Original_Dataset\Fusarium Wilt\fusarium_(329).png,700,700,3,JPEG,43936,f22374360efc6d58276ef6f69b1306623bca705babf92c1b6f1dc9020e1778a5,train
cotton,Fusarium Wilt,fusarium_(219).png,data\raw\cotton\cotton_original\Cotton_Original_Dataset\Fusarium Wilt\fusarium_(219).png,D:\ZaraiAI_Tomato_Cotton_Wheat\data\raw\cotton\cotton_original\Cotton_Original_Dataset\Fusarium Wilt\fusarium_(219).png,700,700,3,JPEG,54169,e6e34859fa886ed2c3686430b5887c6a937ef8c2098d09d2f9dc534a60b42656,train
cotton,Fusarium Wilt,fusarium_(130).png,data\raw\cotton\cotton_original\Cotton_Original_Dataset\Fusarium Wilt\fusarium_(130).png,D:\ZaraiAI_Tomato_Cotton_Wheat\data\raw\cotton\cotton_original\Cotton_Original_Dataset\Fusarium Wilt\fusarium_(130).png,700,700,3,JPEG,68788,ae3bcd6c1f6a2d73395cd41a6239685b8f46e72702df75939a9f67e42c69d02f,train
cotton,Alternaria Leaf Spot,alternaria_(20).png,data\raw\cotton\cotton_original\Cotton_Original_Dataset\Alternaria Leaf Spot\alternaria_(20).png,D:\ZaraiAI_Tomato_Cotton_Wheat\data\raw\cotton\cotton_original\Cotton_Original_Dataset\Alternaria Leaf Spot\alternaria_(20).png,700,700,3,JPEG,43498,29a0162b563568238123248166096e10da10f009f3cbc2fcd56c8b0a037697c5,train
cotton,Verticillium Wilt,verticillium_(68).png,data\raw\cotton\cotton_original\Cotton_Original_Dataset\Verticillium Wilt\verticillium_(68).png,D:\ZaraiAI_Tomato_Cotton_Wheat\data\raw\cotton\cotton_original\Cotton_Original_Dataset\Verticillium Wilt\verticillium_(68).png,700,700,3,JPEG,61214,efff491db45a6583bf9704fbaa9c5c53498cc21608af435242eb47cf562c3381,train
cotton,Fusarium Wilt,fusarium_(242).png,data\raw\cotton\cotton_original\Cotton_Original_Dataset\Fusarium Wilt\fusarium_(242).png,D:\ZaraiAI_Tomato_Cotton_Wheat\data\raw\cotton\cotton_original\Cotton_Original_Dataset\Fusarium Wilt\fusarium_(242).png,700,700,3,JPEG,39761,1a0bd647e9a0281162703303d752d020c8a2f39cf386051115dc18ddb8b55a46,train
cotton,Verticillium Wilt,verticillium_(161).png,data\raw\cotton\cotton_original\Cotton_Original_Dataset\Verticillium Wilt\verticillium_(161).png,D:\ZaraiAI_Tomato_Cotton_Wheat\data\raw\cotton\cotton_original\Cotton_Original_Dataset\Verticillium Wilt\verticillium_(161).png,700,700,3,JPEG,35308,864548b5c476e9d4fe9cca9651045ce634271dfa8e3b17a45aa8fb54bc5e444a,train
cotton,Fusarium Wilt,fusarium_(89).png,data\raw\cotton\cotton_original\Cotton_Original_Dataset\Fusarium Wilt\fusarium_(89).png,D:\ZaraiAI_Tomato_Cotton_Wheat\data\raw\cotton\cotton_original\Cotton_Original_Dataset\Fusarium Wilt\fusarium_(89).png,700,700,3,JPEG,60558,7d2cf860308554523d681c545bb8999390143bca1169f3b484e4d47f28934e16,train
cotton,Fusarium Wilt,fusarium_(249).png,data\raw\cotton\cotton_original\Cotton_Original_Dataset\Fusarium Wilt\fusarium_(249).png,D:\ZaraiAI_Tomato_Cotton_Wheat\data\raw\cotton\cotton_original\Cotton_Original_Dataset\Fusarium Wilt\fusarium_(249).png,700,700,3,JPEG,41172,4fa956d74bf17a5ddea2836a20278a19b3a9b0d2bc1d351e4381c81b708da3fe,train
cotton,Verticillium Wilt,verticillium_(35).png,data\raw\cotton\cotton_original\Cotton_Original_Dataset\Verticillium Wilt\verticillium_(35).png,D:\ZaraiAI_Tomato_Cotton_Wheat\data\raw\cotton\cotton_original\Cotton_Original_Dataset\Verticillium Wilt\verticillium_(35).png,700,700,3,JPEG,69758,701806fa1aa2a26b8844a8f53045ddda0672916ee4d08107468884197586ef94,train
cotton,Verticillium Wilt,verticillium_(19).png,data\raw\cotton\cotton_original\Cotton_Original_Dataset\Verticillium Wilt\verticillium_(19).png,D:\ZaraiAI_Tomato_Cotton_Wheat\data\raw\cotton\cotton_original\Cotton_Original_Dataset\Verticillium Wilt\verticillium_(19).png,700,700,3,JPEG,63422,39c1e3c2d216836cf7fe548e1803ee84532b30e254a1d2e9b89f0b9735098cb0,train
cotton,Verticillium Wilt,verticillium_(244).png,data\raw\cotton\cotton_original\Cotton_Original_Dataset\Verticillium Wilt\verticillium_(244).png,D:\ZaraiAI_Tomato_Cotton_Wheat\data\raw\cotton\cotton_original\Cotton_Original_Dataset\Verticillium Wilt\verticillium_(244).png,700,700,3,JPEG,64691,f46c8743bba14b82a21f1a9aa05e918335d4b5a9d458adf80db02e223b31f2a2,train
cotton,Fusarium Wilt,fusarium_(269).png,data\raw\cotton\cotton_original\Cotton_Original_Dataset\Fusarium Wilt\fusarium_(269).png,D:\ZaraiAI_Tomato_Cotton_Wheat\data\raw\cotton\cotton_original\Cotton_Original_Dataset\Fusarium Wilt\fusarium_(269).png,700,700,3,JPEG,40231,1201e53c84d0fefdd718a1e111e4fcd4756d13f9a2884472abf7a8f06ac7eacd,train
cotton,Fusarium Wilt,fusarium_(43).png,data\raw\cotton\cotton_original\Cotton_Original_Dataset\Fusarium Wilt\fusarium_(43).png,D:\ZaraiAI_Tomato_Cotton_Wheat\data\raw\cotton\cotton_original\Cotton_Original_Dataset\Fusarium Wilt\fusarium_(43).png,700,700,3,JPEG,52069,ade19bf91ef755fbfa6ecb2162e7e6dadcd4430ad3c342bc9e90c1470186ba10,train
cotton,Healthy Leaf,healthy_(131).png,data\raw\cotton\cotton_original\Cotton_Original_Dataset\Healthy Leaf\healthy_(131).png,D:\ZaraiAI_Tomato_Cotton_Wheat\data\raw\cotton\cotton_original\Cotton_Original_Dataset\Healthy Leaf\healthy_(131).png,700,700,3,JPEG,42395,827c716742872c5ca68c2e5364506673a3d6bddce2d2ffa5da53be3b73cf4ff0,train
cotton,Alternaria Leaf Spot,alternaria_(119).png,data\raw\cotton\cotton_original\Cotton_Original_Dataset\Alternaria Leaf Spot\alternaria_(119).png,D:\ZaraiAI_Tomato_Cotton_Wheat\data\raw\cotton\cotton_original\Cotton_Original_Dataset\Alternaria Leaf Spot\alternaria_(119).png,700,700,3,JPEG,34423,c6bfcb9fa82550183924974c342cdbcbb9adc77412f7fc4d27eba2689b6de87c,train
cotton,Healthy Leaf,healthy_(251).png,data\raw\cotton\cotton_original\Cotton_Original_Dataset\Healthy Leaf\healthy_(251).png,D:\ZaraiAI_Tomato_Cotton_Wheat\data\raw\cotton\cotton_original\Cotton_Original_Dataset\Healthy Leaf\healthy_(251).png,700,700,3,JPEG,36435,aba36cb61d2bcd2e17b49621018c46bf79d02aeeca2a8e5ffcd68ec6c98c8fdf,train
cotton,Bacterial Blight,bacterial_(167).png,data\raw\cotton\cotton_original\Cotton_Original_Dataset\Bacterial Blight\bacterial_(167).png,D:\ZaraiAI_Tomato_Cotton_Wheat\data\raw\cotton\cotton_original\Cotton_Original_Dataset\Bacterial Blight\bacterial_(167).png,700,700,3,JPEG,37767,7838e15aeaa4000da34343a7aaadb18b3f2110326abfc1e19cc5a5c8211e895f,train
cotton,Verticillium Wilt,verticillium_(109).png,data\raw\cotton\cotton_original\Cotton_Original_Dataset\Verticillium Wilt\verticillium_(109).png,D:\ZaraiAI_Tomato_Cotton_Wheat\data\raw\cotton\cotton_original\Cotton_Original_Dataset\Verticillium Wilt\verticillium_(109).png,700,700,3,JPEG,37876,a7747d17004686f254cb616b857468339fb48279f049a89597e6058041732567,train
cotton,Verticillium Wilt,verticillium_(142).png,data\raw\cotton\cotton_original\Cotton_Original_Dataset\Verticillium Wilt\verticillium_(142).png,D:\ZaraiAI_Tomato_Cotton_Wheat\data\raw\cotton\cotton_original\Cotton_Original_Dataset\Verticillium Wilt\verticillium_(142).png,700,700,3,JPEG,35067,ee41a6a74a53604cc0075fcec5750b220399d1069f2108e1e348315b875960c7,train
cotton,Healthy Leaf,healthy_(297).png,data\raw\cotton\cotton_original\Cotton_Original_Dataset\Healthy Leaf\healthy_(297).png,D:\ZaraiAI_Tomato_Cotton_Wheat\data\raw\cotton\cotton_original\Cotton_Original_Dataset\Healthy Leaf\healthy_(297).png,700,700,3,JPEG,44560,528f016597cb5bb17e5639f4bf5236a37b327c48f65041ecf818c4419d4da996,train
cotton,Bacterial Blight,bacterial_(180).png,data\raw\cotton\cotton_original\Cotton_Original_Dataset\Bacterial Blight\bacterial_(180).png,D:\ZaraiAI_Tomato_Cotton_Wheat\data\raw\cotton\cotton_original\Cotton_Original_Dataset\Bacterial Blight\bacterial_(180).png,700,700,3,JPEG,38676,a5e59dfa20923681b4915ef04beaa4600c5a92f1fd69011bb5e87ced0f6e4a7f,train
cotton,Fusarium Wilt,fusarium_(188).png,data\raw\cotton\cotton_original\Cotton_Original_Dataset\Fusarium Wilt\fusarium_(188).png,D:\ZaraiAI_Tomato_Cotton_Wheat\data\raw\cotton\cotton_original\Cotton_Original_Dataset\Fusarium Wilt\fusarium_(188).png,700,700,3,JPEG,44687,5d2afa8c3b3b53498b388d2079d4089a9a0c178c7bb5cd803b5f2b9df8a686b8,train
cotton,Fusarium Wilt,fusarium_(308).png,data\raw\cotton\cotton_original\Cotton_Original_Dataset\Fusarium Wilt\fusarium_(308).png,D:\ZaraiAI_Tomato_Cotton_Wheat\data\raw\cotton\cotton_original\Cotton_Original_Dataset\Fusarium Wilt\fusarium_(308).png,700,700,3,JPEG,42347,fb042d42321ec3cc5cf8648509a7579cf64ac1128859b43ab2b34714fb4f0296,train
cotton,Verticillium Wilt,verticillium_(276).png,data\raw\cotton\cotton_original\Cotton_Original_Dataset\Verticillium Wilt\verticillium_(276).png,D:\ZaraiAI_Tomato_Cotton_Wheat\data\raw\cotton\cotton_original\Cotton_Original_Dataset\Verticillium Wilt\verticillium_(276).png,700,700,3,JPEG,37692,472cd6436043fcc9b2fe686ecac94c961f69956f5c831d14a4ff71bab2080661,train
cotton,Healthy Leaf,healthy_(256).png,data\raw\cotton\cotton_original\Cotton_Original_Dataset\Healthy Leaf\healthy_(256).png,D:\ZaraiAI_Tomato_Cotton_Wheat\data\raw\cotton\cotton_original\Cotton_Original_Dataset\Healthy Leaf\healthy_(256).png,700,700,3,JPEG,43696,95918b1f53bbc2818c6e5d5e12b5df602d9bdeef8c83d0a40c9b340b49743363,train
cotton,Fusarium Wilt,fusarium_(208).png,data\raw\cotton\cotton_original\Cotton_Original_Dataset\Fusarium Wilt\fusarium_(208).png,D:\ZaraiAI_Tomato_Cotton_Wheat\data\raw\cotton\cotton_original\Cotton_Original_Dataset\Fusarium Wilt\fusarium_(208).png,700,700,3,JPEG,52844,8d6d749eb8d0504fbfcf667a8ad7d9877973e9d2bc2d19c40fe8972fd0fd26b6,train
cotton,Healthy Leaf,healthy_(166).png,data\raw\cotton\cotton_original\Cotton_Original_Dataset\Healthy Leaf\healthy_(166).png,D:\ZaraiAI_Tomato_Cotton_Wheat\data\raw\cotton\cotton_original\Cotton_Original_Dataset\Healthy Leaf\healthy_(166).png,700,700,3,JPEG,42528,da7319f7149dea909435951797ee1437ad6d0f8e27b59002fdf5110630121cdd,train
cotton,Fusarium Wilt,fusarium_(160).png,data\raw\cotton\cotton_original\Cotton_Original_Dataset\Fusarium Wilt\fusarium_(160).png,D:\ZaraiAI_Tomato_Cotton_Wheat\data\raw\cotton\cotton_original\Cotton_Original_Dataset\Fusarium Wilt\fusarium_(160).png,700,700,3,JPEG,40090,024de928e5be8d3751bd8b1c4bd1807abaf2bbefd1e0871f170fd51a00d001d5,train
cotton,Alternaria Leaf Spot,alternaria_(66).png,data\raw\cotton\cotton_original\Cotton_Original_Dataset\Alternaria Leaf Spot\alternaria_(66).png,D:\ZaraiAI_Tomato_Cotton_Wheat\data\raw\cotton\cotton_original\Cotton_Original_Dataset\Alternaria Leaf Spot\alternaria_(66).png,700,700,3,JPEG,46178,c3aeb3afcdf6ce7d1a202eb67d2ccf95cb7a245cdc2e94633c9affff904fd0ba,train
cotton,Alternaria Leaf Spot,alternaria_(134).png,data\raw\cotton\cotton_original\Cotton_Original_Dataset\Alternaria Leaf Spot\alternaria_(134).png,D:\ZaraiAI_Tomato_Cotton_Wheat\data\raw\cotton\cotton_original\Cotton_Original_Dataset\Alternaria Leaf Spot\alternaria_(134).png,700,700,3,JPEG,43771,1da7e0dffa66c9983a5cca5edb93278b8c992ab093087c51966a06f4f3bd7d76,train
cotton,Bacterial Blight,bacterial_(144).png,data\raw\cotton\cotton_original\Cotton_Original_Dataset\Bacterial Blight\bacterial_(144).png,D:\ZaraiAI_Tomato_Cotton_Wheat\data\raw\cotton\cotton_original\Cotton_Original_Dataset\Bacterial Blight\bacterial_(144).png,700,700,3,JPEG,58128,e7c0e9d388dca2ee7346bc815281a906eb2c86a62b7bdbd6d28c460c4f90ff5f,train
cotton,Healthy Leaf,healthy_(202).png,data\raw\cotton\cotton_original\Cotton_Original_Dataset\Healthy Leaf\healthy_(202).png,D:\ZaraiAI_Tomato_Cotton_Wheat\data\raw\cotton\cotton_original\Cotton_Original_Dataset\Healthy Leaf\healthy_(202).png,700,700,3,JPEG,39383,8a616c8568bcbb7d0975eddda62bd48b15094bf1ae522bb244918708a684ab15,train
cotton,Verticillium Wilt,verticillium_(119).png,data\raw\cotton\cotton_original\Cotton_Original_Dataset\Verticillium Wilt\verticillium_(119).png,D:\ZaraiAI_Tomato_Cotton_Wheat\data\raw\cotton\cotton_original\Cotton_Original_Dataset\Verticillium Wilt\verticillium_(119).png,700,700,3,JPEG,35294,cb898d5e51272ef2747b34ad124fc67a0c5da34acb21445516229fca83b6742c,train
cotton,Alternaria Leaf Spot,alternaria_(76).png,data\raw\cotton\cotton_original\Cotton_Original_Dataset\Alternaria Leaf Spot\alternaria_(76).png,D:\ZaraiAI_Tomato_Cotton_Wheat\data\raw\cotton\cotton_original\Cotton_Original_Dataset\Alternaria Leaf Spot\alternaria_(76).png,700,700,3,JPEG,40736,b70fb921443ff27b2f1066814ba15dd51729e47515f6ed326ccf47e1ff44826a,train
cotton,Bacterial Blight,bacterial_(140).png,data\raw\cotton\cotton_original\Cotton_Original_Dataset\Bacterial Blight\bacterial_(140).png,D:\ZaraiAI_Tomato_Cotton_Wheat\data\raw\cotton\cotton_original\Cotton_Original_Dataset\Bacterial Blight\bacterial_(140).png,700,700,3,JPEG,58774,5197c5dffd9d6158c8e1132896ebd020caf83f0f859a3825a0f8839cc496183e,train
cotton,Fusarium Wilt,fusarium_(121).png,data\raw\cotton\cotton_original\Cotton_Original_Dataset\Fusarium Wilt\fusarium_(121).png,D:\ZaraiAI_Tomato_Cotton_Wheat\data\raw\cotton\cotton_original\Cotton_Original_Dataset\Fusarium Wilt\fusarium_(121).png,700,700,3,JPEG,53692,8f92043c8179c440ec6d2f89bcddcd6205d1addd24de09d98fb90cb6f8283bb7,train
cotton,Fusarium Wilt,fusarium_(51).png,data\raw\cotton\cotton_original\Cotton_Original_Dataset\Fusarium Wilt\fusarium_(51).png,D:\ZaraiAI_Tomato_Cotton_Wheat\data\raw\cotton\cotton_original\Cotton_Original_Dataset\Fusarium Wilt\fusarium_(51).png,700,700,3,JPEG,46884,8b59ee76379bd6697411c13b5bf1e45c2572247c9c82551d8538fd4eb2a9def8,train
cotton,Healthy Leaf,healthy_(125).png,data\raw\cotton\cotton_original\Cotton_Original_Dataset\Healthy Leaf\healthy_(125).png,D:\ZaraiAI_Tomato_Cotton_Wheat\data\raw\cotton\cotton_original\Cotton_Original_Dataset\Healthy Leaf\healthy_(125).png,700,700,3,JPEG,35574,476b8fd7f236d30ef75beefb3592af70283574b81a6849726a7377a69babdc53,train
cotton,Alternaria Leaf Spot,alternaria_(57).png,data\raw\cotton\cotton_original\Cotton_Original_Dataset\Alternaria Leaf Spot\alternaria_(57).png,D:\ZaraiAI_Tomato_Cotton_Wheat\data\raw\cotton\cotton_original\Cotton_Original_Dataset\Alternaria Leaf Spot\alternaria_(57).png,700,700,3,JPEG,40505,59f4738d76e254e95c73acecd7d99f4e65746191e53c818ecd10489823eb21d5,train
cotton,Healthy Leaf,healthy_(10).png,data\raw\cotton\cotton_original\Cotton_Original_Dataset\Healthy Leaf\healthy_(10).png,D:\ZaraiAI_Tomato_Cotton_Wheat\data\raw\cotton\cotton_original\Cotton_Original_Dataset\Healthy Leaf\healthy_(10).png,700,700,3,JPEG,43181,a0ac25a3b651862a11bbc31d45be17fa9b0a1da7b7f476fde2839c15b8d9932c,train
cotton,Healthy Leaf,healthy_(277).png,data\raw\cotton\cotton_original\Cotton_Original_Dataset\Healthy Leaf\healthy_(277).png,D:\ZaraiAI_Tomato_Cotton_Wheat\data\raw\cotton\cotton_original\Cotton_Original_Dataset\Healthy Leaf\healthy_(277).png,700,700,3,JPEG,44342,2d5bc92622e1736a4bc1a55931bba2ed3ecd2a13776feeab37a642e7a3d908c2,train
cotton,Fusarium Wilt,fusarium_(154).png,data\raw\cotton\cotton_original\Cotton_Original_Dataset\Fusarium Wilt\fusarium_(154).png,D:\ZaraiAI_Tomato_Cotton_Wheat\data\raw\cotton\cotton_original\Cotton_Original_Dataset\Fusarium Wilt\fusarium_(154).png,700,700,3,JPEG,35812,d9394a58d1ded64233bbf070cfa3c435f05b7748072b8390cac443f72b622a5b,train
cotton,Fusarium Wilt,fusarium_(54).png,data\raw\cotton\cotton_original\Cotton_Original_Dataset\Fusarium Wilt\fusarium_(54).png,D:\ZaraiAI_Tomato_Cotton_Wheat\data\raw\cotton\cotton_original\Cotton_Original_Dataset\Fusarium Wilt\fusarium_(54).png,700,700,3,JPEG,50586,d61e71ec6fa497b2b6a6f3d2117456dcc2ff9614beb94f42adab55390ccb75ce,train
cotton,Bacterial Blight,bacterial_(119).png,data\raw\cotton\cotton_original\Cotton_Original_Dataset\Bacterial Blight\bacterial_(119).png,D:\ZaraiAI_Tomato_Cotton_Wheat\data\raw\cotton\cotton_original\Cotton_Original_Dataset\Bacterial Blight\bacterial_(119).png,700,700,3,JPEG,37273,b6055745caa802bea4bf060fafec29bd1a6efdf1b43f68bba3740103431252ff,train
cotton,Healthy Leaf,healthy_(44).png,data\raw\cotton\cotton_original\Cotton_Original_Dataset\Healthy Leaf\healthy_(44).png,D:\ZaraiAI_Tomato_Cotton_Wheat\data\raw\cotton\cotton_original\Cotton_Original_Dataset\Healthy Leaf\healthy_(44).png,700,700,3,JPEG,33782,1a168987fef0f2e3960a421f4dde69970608a8af0c71ac6f32c71f528f1faa65,train
cotton,Healthy Leaf,healthy_(97).png,data\raw\cotton\cotton_original\Cotton_Original_Dataset\Healthy Leaf\healthy_(97).png,D:\ZaraiAI_Tomato_Cotton_Wheat\data\raw\cotton\cotton_original\Cotton_Original_Dataset\Healthy Leaf\healthy_(97).png,700,700,3,JPEG,40824,7707586a5292c0f1358a416ba2f99293745268c9497cd814fc9ab1afcc9636b5,train
cotton,Bacterial Blight,bacterial_(138).png,data\raw\cotton\cotton_original\Cotton_Original_Dataset\Bacterial Blight\bacterial_(138).png,D:\ZaraiAI_Tomato_Cotton_Wheat\data\raw\cotton\cotton_original\Cotton_Original_Dataset\Bacterial Blight\bacterial_(138).png,700,700,3,JPEG,33798,1ef0f4960f34a05d5c685de3094e493f389beb81228a9c59c532f6ae5e490908,train
cotton,Fusarium Wilt,fusarium_(97).png,data\raw\cotton\cotton_original\Cotton_Original_Dataset\Fusarium Wilt\fusarium_(97).png,D:\ZaraiAI_Tomato_Cotton_Wheat\data\raw\cotton\cotton_original\Cotton_Original_Dataset\Fusarium Wilt\fusarium_(97).png,700,700,3,JPEG,43057,4e0932cf7ee5d731fee5fc8b9088613cfe9c482a4a71dfd608c84e21daf2095f,train
cotton,Alternaria Leaf Spot,alternaria_(155).png,data\raw\cotton\cotton_original\Cotton_Original_Dataset\Alternaria Leaf Spot\alternaria_(155).png,D:\ZaraiAI_Tomato_Cotton_Wheat\data\raw\cotton\cotton_original\Cotton_Original_Dataset\Alternaria Leaf Spot\alternaria_(155).png,700,700,3,JPEG,38829,9a35818ba6bfc14de67db93b4eb82d14582275f89358be172621b33207e532ca,train
cotton,Fusarium Wilt,fusarium_(326).png,data\raw\cotton\cotton_original\Cotton_Original_Dataset\Fusarium Wilt\fusarium_(326).png,D:\ZaraiAI_Tomato_Cotton_Wheat\data\raw\cotton\cotton_original\Cotton_Original_Dataset\Fusarium Wilt\fusarium_(326).png,700,700,3,JPEG,42180,93da2b6586ba37392affebd012a5e88313497d3e1c7d69a56383eadb376c116c,train
cotton,Verticillium Wilt,verticillium_(17).png,data\raw\cotton\cotton_original\Cotton_Original_Dataset\Verticillium Wilt\verticillium_(17).png,D:\ZaraiAI_Tomato_Cotton_Wheat\data\raw\cotton\cotton_original\Cotton_Original_Dataset\Verticillium Wilt\verticillium_(17).png,700,700,3,JPEG,63381,c6f8b8b7afce25bad2b180bbdb0154a8180d62f78f6efd852f9e5821a437feee,train
cotton,Fusarium Wilt,fusarium_(331).png,data\raw\cotton\cotton_original\Cotton_Original_Dataset\Fusarium Wilt\fusarium_(331).png,D:\ZaraiAI_Tomato_Cotton_Wheat\data\raw\cotton\cotton_original\Cotton_Original_Dataset\Fusarium Wilt\fusarium_(331).png,700,700,3,JPEG,44700,40b0c0b2903766f21fce34a596bc464c69c94e18733b7aecd6a67497aeaad61f,train
cotton,Alternaria Leaf Spot,alternaria_(128).png,data\raw\cotton\cotton_original\Cotton_Original_Dataset\Alternaria Leaf Spot\alternaria_(128).png,D:\ZaraiAI_Tomato_Cotton_Wheat\data\raw\cotton\cotton_original\Cotton_Original_Dataset\Alternaria Leaf Spot\alternaria_(128).png,700,700,3,JPEG,42909,911c41a3d021292e662140b6fb5d81903c8a5eaf23de828f5cc0584770878330,train
cotton,Fusarium Wilt,fusarium_(193).png,data\raw\cotton\cotton_original\Cotton_Original_Dataset\Fusarium Wilt\fusarium_(193).png,D:\ZaraiAI_Tomato_Cotton_Wheat\data\raw\cotton\cotton_original\Cotton_Original_Dataset\Fusarium Wilt\fusarium_(193).png,700,700,3,JPEG,66963,4c41c7b2eea498e17bf8c284fc47d702ad53d29412b40edc6cb358ccf8ba1d9f,train
cotton,Verticillium Wilt,verticillium_(38).png,data\raw\cotton\cotton_original\Cotton_Original_Dataset\Verticillium Wilt\verticillium_(38).png,D:\ZaraiAI_Tomato_Cotton_Wheat\data\raw\cotton\cotton_original\Cotton_Original_Dataset\Verticillium Wilt\verticillium_(38).png,700,700,3,JPEG,50039,22006727b60b8331fa57bb316399e1c67c09271b379ddfec36666725c634ecce,train
cotton,Verticillium Wilt,verticillium_(185).png,data\raw\cotton\cotton_original\Cotton_Original_Dataset\Verticillium Wilt\verticillium_(185).png,D:\ZaraiAI_Tomato_Cotton_Wheat\data\raw\cotton\cotton_original\Cotton_Original_Dataset\Verticillium Wilt\verticillium_(185).png,700,700,3,JPEG,35220,1bc87e429418869cc30a72e9604b93a30489311f2f92472901554caa2a69a6d2,train
cotton,Verticillium Wilt,verticillium_(245).png,data\raw\cotton\cotton_original\Cotton_Original_Dataset\Verticillium Wilt\verticillium_(245).png,D:\ZaraiAI_Tomato_Cotton_Wheat\data\raw\cotton\cotton_original\Cotton_Original_Dataset\Verticillium Wilt\verticillium_(245).png,700,700,3,JPEG,67421,3d1c0b784c572e1111a0c909c6a9f29afbc7b35622c79ce1f900522d58311023,train
cotton,Healthy Leaf,healthy_(16).png,data\raw\cotton\cotton_original\Cotton_Original_Dataset\Healthy Leaf\healthy_(16).png,D:\ZaraiAI_Tomato_Cotton_Wheat\data\raw\cotton\cotton_original\Cotton_Original_Dataset\Healthy Leaf\healthy_(16).png,700,700,3,JPEG,42364,ffd363fac87158dcbfa2d6d052815b106ad6afbb54a7f0813821bc43e17bd103,train
cotton,Verticillium Wilt,verticillium_(153).png,data\raw\cotton\cotton_original\Cotton_Original_Dataset\Verticillium Wilt\verticillium_(153).png,D:\ZaraiAI_Tomato_Cotton_Wheat\data\raw\cotton\cotton_original\Cotton_Original_Dataset\Verticillium Wilt\verticillium_(153).png,700,700,3,JPEG,35261,d98b30a7ad2a5d0a38e7b17554a2baee5c880dbf979adc782c0ff5628e85597b,train
cotton,Bacterial Blight,bacterial_(193).png,data\raw\cotton\cotton_original\Cotton_Original_Dataset\Bacterial Blight\bacterial_(193).png,D:\ZaraiAI_Tomato_Cotton_Wheat\data\raw\cotton\cotton_original\Cotton_Original_Dataset\Bacterial Blight\bacterial_(193).png,700,700,3,JPEG,45499,e7981ef662745ac3e48a23ade32a50591fa8f413f1657317c28115fe974e701d,train
cotton,Healthy Leaf,healthy_(7).png,data\raw\cotton\cotton_original\Cotton_Original_Dataset\Healthy Leaf\healthy_(7).png,D:\ZaraiAI_Tomato_Cotton_Wheat\data\raw\cotton\cotton_original\Cotton_Original_Dataset\Healthy Leaf\healthy_(7).png,700,700,3,JPEG,49507,8b6e3f553bbf733c4e997aadb98514033431c0ca83b33468eced92f3a01df5cd,train
cotton,Healthy Leaf,healthy_(188).png,data\raw\cotton\cotton_original\Cotton_Original_Dataset\Healthy Leaf\healthy_(188).png,D:\ZaraiAI_Tomato_Cotton_Wheat\data\raw\cotton\cotton_original\Cotton_Original_Dataset\Healthy Leaf\healthy_(188).png,700,700,3,JPEG,34452,39ac8139845534b4ddfd5b34698b917d12b65b2bad134d6d7ad89d0e0d12b922,train
cotton,Bacterial Blight,bacterial_(13).png,data\raw\cotton\cotton_original\Cotton_Original_Dataset\Bacterial Blight\bacterial_(13).png,D:\ZaraiAI_Tomato_Cotton_Wheat\data\raw\cotton\cotton_original\Cotton_Original_Dataset\Bacterial Blight\bacterial_(13).png,700,700,3,JPEG,80673,ad6254ab6b28bb8113a0e653c457449320329856106fda81b7f7b6652b55ea25,train
cotton,Fusarium Wilt,fusarium_(101).png,data\raw\cotton\cotton_original\Cotton_Original_Dataset\Fusarium Wilt\fusarium_(101).png,D:\ZaraiAI_Tomato_Cotton_Wheat\data\raw\cotton\cotton_original\Cotton_Original_Dataset\Fusarium Wilt\fusarium_(101).png,700,700,3,JPEG,40857,6c3f47af4087b1d04f0c429844316c69d49cad4b4ed4fbd4396ecc3fb1f132bd,train
cotton,Fusarium Wilt,fusarium_(14).png,data\raw\cotton\cotton_original\Cotton_Original_Dataset\Fusarium Wilt\fusarium_(14).png,D:\ZaraiAI_Tomato_Cotton_Wheat\data\raw\cotton\cotton_original\Cotton_Original_Dataset\Fusarium Wilt\fusarium_(14).png,700,700,3,JPEG,51628,9a8c817e721098dbc208e645b06b0773cae5bc7bdef7a34e1c62c166be434751,train
cotton,Verticillium Wilt,verticillium_(197).png,data\raw\cotton\cotton_original\Cotton_Original_Dataset\Verticillium Wilt\verticillium_(197).png,D:\ZaraiAI_Tomato_Cotton_Wheat\data\raw\cotton\cotton_original\Cotton_Original_Dataset\Verticillium Wilt\verticillium_(197).png,700,700,3,JPEG,32134,de74719f3076eee8d25b0a061f92a88960a6130a42ca1ffa49a1d89325a0104a,train
cotton,Healthy Leaf,healthy_(138).png,data\raw\cotton\cotton_original\Cotton_Original_Dataset\Healthy Leaf\healthy_(138).png,D:\ZaraiAI_Tomato_Cotton_Wheat\data\raw\cotton\cotton_original\Cotton_Original_Dataset\Healthy Leaf\healthy_(138).png,700,700,3,JPEG,38388,d48cca951887487e4db15fcf53ba77c7cdedd333877e2edec693b3f4f74086a4,train
cotton,Fusarium Wilt,fusarium_(37).png,data\raw\cotton\cotton_original\Cotton_Original_Dataset\Fusarium Wilt\fusarium_(37).png,D:\ZaraiAI_Tomato_Cotton_Wheat\data\raw\cotton\cotton_original\Cotton_Original_Dataset\Fusarium Wilt\fusarium_(37).png,700,700,3,JPEG,45005,e7e8e6118721b163046a729578ef0ff26a9d46542b1736301918a1ec29a33026,train
cotton,Verticillium Wilt,verticillium_(95).png,data\raw\cotton\cotton_original\Cotton_Original_Dataset\Verticillium Wilt\verticillium_(95).png,D:\ZaraiAI_Tomato_Cotton_Wheat\data\raw\cotton\cotton_original\Cotton_Original_Dataset\Verticillium Wilt\verticillium_(95).png,700,700,3,JPEG,51606,2e26778db1a8a79508aa574facfe152469a989f9a5f73dceebc77f4065119763,train
cotton,Verticillium Wilt,verticillium_(71).png,data\raw\cotton\cotton_original\Cotton_Original_Dataset\Verticillium Wilt\verticillium_(71).png,D:\ZaraiAI_Tomato_Cotton_Wheat\data\raw\cotton\cotton_original\Cotton_Original_Dataset\Verticillium Wilt\verticillium_(71).png,700,700,3,JPEG,62861,ee4c85a531381644f62b8018bf5c056209c351e697f0dfb1040e64883b22c2e0,train
cotton,Alternaria Leaf Spot,alternaria_(81).png,data\raw\cotton\cotton_original\Cotton_Original_Dataset\Alternaria Leaf Spot\alternaria_(81).png,D:\ZaraiAI_Tomato_Cotton_Wheat\data\raw\cotton\cotton_original\Cotton_Original_Dataset\Alternaria Leaf Spot\alternaria_(81).png,700,700,3,JPEG,40436,65cac6afc4a0312521c0873c6f921bbab8ee6ff6486764cfce27ccf97af2c2f3,train
cotton,Alternaria Leaf Spot,alternaria_(154).png,data\raw\cotton\cotton_original\Cotton_Original_Dataset\Alternaria Leaf Spot\alternaria_(154).png,D:\ZaraiAI_Tomato_Cotton_Wheat\data\raw\cotton\cotton_original\Cotton_Original_Dataset\Alternaria Leaf Spot\alternaria_(154).png,700,700,3,JPEG,39660,4381e3b7510c601ce838d1196a35880a26b9b2d181889eaa5eebab5cff99e510,train
cotton,Alternaria Leaf Spot,alternaria_(45).png,data\raw\cotton\cotton_original\Cotton_Original_Dataset\Alternaria Leaf Spot\alternaria_(45).png,D:\ZaraiAI_Tomato_Cotton_Wheat\data\raw\cotton\cotton_original\Cotton_Original_Dataset\Alternaria Leaf Spot\alternaria_(45).png,700,700,3,JPEG,42360,7add7e037274833f1818f31482253f74a05b98dcfa8a6dabf8c7531aa7a1ed3a,train
cotton,Healthy Leaf,healthy_(213).png,data\raw\cotton\cotton_original\Cotton_Original_Dataset\Healthy Leaf\healthy_(213).png,D:\ZaraiAI_Tomato_Cotton_Wheat\data\raw\cotton\cotton_original\Cotton_Original_Dataset\Healthy Leaf\healthy_(213).png,700,700,3,JPEG,37963,30b9dc3bd10e03720773204c1aa14e1ce34797a183c89c6d28808befc9901fcc,train
cotton,Verticillium Wilt,verticillium_(165).png,data\raw\cotton\cotton_original\Cotton_Original_Dataset\Verticillium Wilt\verticillium_(165).png,D:\ZaraiAI_Tomato_Cotton_Wheat\data\raw\cotton\cotton_original\Cotton_Original_Dataset\Verticillium Wilt\verticillium_(165).png,700,700,3,JPEG,40854,a05ef1f7cdf8a977896baff83df659d3bb997effe44d9403afcb936e03cdfada,train
cotton,Healthy Leaf,healthy_(225).png,data\raw\cotton\cotton_original\Cotton_Original_Dataset\Healthy Leaf\healthy_(225).png,D:\ZaraiAI_Tomato_Cotton_Wheat\data\raw\cotton\cotton_original\Cotton_Original_Dataset\Healthy Leaf\healthy_(225).png,700,700,3,JPEG,39916,5e48338530344d2688d34c403d9beaadd0edfd3b8989ddd8351b26f25cc2dc9c,train
cotton,Verticillium Wilt,verticillium_(267).png,data\raw\cotton\cotton_original\Cotton_Original_Dataset\Verticillium Wilt\verticillium_(267).png,D:\ZaraiAI_Tomato_Cotton_Wheat\data\raw\cotton\cotton_original\Cotton_Original_Dataset\Verticillium Wilt\verticillium_(267).png,700,700,3,JPEG,71736,d81706d8dff991e13273236809048a3d3c9dfe6353b8ed43abb5363b454c67fe,train
cotton,Verticillium Wilt,verticillium_(86).png,data\raw\cotton\cotton_original\Cotton_Original_Dataset\Verticillium Wilt\verticillium_(86).png,D:\ZaraiAI_Tomato_Cotton_Wheat\data\raw\cotton\cotton_original\Cotton_Original_Dataset\Verticillium Wilt\verticillium_(86).png,700,700,3,JPEG,45550,1778889f4b3b77cf14c6cf9ba24ebd2cb388c561c41a66f9e3b06de97ba3b4e3,train
cotton,Alternaria Leaf Spot,alternaria_(46).png,data\raw\cotton\cotton_original\Cotton_Original_Dataset\Alternaria Leaf Spot\alternaria_(46).png,D:\ZaraiAI_Tomato_Cotton_Wheat\data\raw\cotton\cotton_original\Cotton_Original_Dataset\Alternaria Leaf Spot\alternaria_(46).png,700,700,3,JPEG,38040,06f1b2f45b4c926973dd8a72134fd96b0405febb3f9b9522c27bae59a2e3f27a,train
cotton,Fusarium Wilt,fusarium_(191).png,data\raw\cotton\cotton_original\Cotton_Original_Dataset\Fusarium Wilt\fusarium_(191).png,D:\ZaraiAI_Tomato_Cotton_Wheat\data\raw\cotton\cotton_original\Cotton_Original_Dataset\Fusarium Wilt\fusarium_(191).png,700,700,3,JPEG,60399,26916ce420ccba915ed866a1f4c1a005c97d9f8ea9184ad2fbf67196a7ed9f51,train
cotton,Verticillium Wilt,verticillium_(118).png,data\raw\cotton\cotton_original\Cotton_Original_Dataset\Verticillium Wilt\verticillium_(118).png,D:\ZaraiAI_Tomato_Cotton_Wheat\data\raw\cotton\cotton_original\Cotton_Original_Dataset\Verticillium Wilt\verticillium_(118).png,700,700,3,JPEG,35838,06df3a2a922c0507fcc4869f4d9a8605efde030d9f8d42efa54ad12095785c4c,train
cotton,Fusarium Wilt,fusarium_(8).png,data\raw\cotton\cotton_original\Cotton_Original_Dataset\Fusarium Wilt\fusarium_(8).png,D:\ZaraiAI_Tomato_Cotton_Wheat\data\raw\cotton\cotton_original\Cotton_Original_Dataset\Fusarium Wilt\fusarium_(8).png,700,700,3,JPEG,49067,a770e97e830224dd8b6f6a645a279b04d862dcd27b21eac4171649774815d0e9,train
cotton,Bacterial Blight,bacterial_(28).png,data\raw\cotton\cotton_original\Cotton_Original_Dataset\Bacterial Blight\bacterial_(28).png,D:\ZaraiAI_Tomato_Cotton_Wheat\data\raw\cotton\cotton_original\Cotton_Original_Dataset\Bacterial Blight\bacterial_(28).png,700,700,3,JPEG,72005,1b0e7db46ebcd4d338e8b589a2fc18a3f5ccc60eb45f68222ed4f6637cae9a8e,train
cotton,Fusarium Wilt,fusarium_(240).png,data\raw\cotton\cotton_original\Cotton_Original_Dataset\Fusarium Wilt\fusarium_(240).png,D:\ZaraiAI_Tomato_Cotton_Wheat\data\raw\cotton\cotton_original\Cotton_Original_Dataset\Fusarium Wilt\fusarium_(240).png,700,700,3,JPEG,42326,68d08d646fee53b0eb02c5156efe827984d52c3260d5ee3856a266994783e98c,train
cotton,Bacterial Blight,bacterial_(115).png,data\raw\cotton\cotton_original\Cotton_Original_Dataset\Bacterial Blight\bacterial_(115).png,D:\ZaraiAI_Tomato_Cotton_Wheat\data\raw\cotton\cotton_original\Cotton_Original_Dataset\Bacterial Blight\bacterial_(115).png,700,700,3,JPEG,34743,a2731f552d2901bf50a92769ed278d5dbff3bb17a2196baabbc79a1739b97fed,train
cotton,Verticillium Wilt,verticillium_(260).png,data\raw\cotton\cotton_original\Cotton_Original_Dataset\Verticillium Wilt\verticillium_(260).png,D:\ZaraiAI_Tomato_Cotton_Wheat\data\raw\cotton\cotton_original\Cotton_Original_Dataset\Verticillium Wilt\verticillium_(260).png,700,700,3,JPEG,61865,a572846032bdfedcae0eef25a944a210b3f8bd40e927aa4e73bb0ccb0d4c1642,train
cotton,Fusarium Wilt,fusarium_(226).png,data\raw\cotton\cotton_original\Cotton_Original_Dataset\Fusarium Wilt\fusarium_(226).png,D:\ZaraiAI_Tomato_Cotton_Wheat\data\raw\cotton\cotton_original\Cotton_Original_Dataset\Fusarium Wilt\fusarium_(226).png,700,700,3,JPEG,45058,8582f189c20b8c7c200051a1776ad4c244ebebcbd31fd715676dc5142e2d2932,train
cotton,Alternaria Leaf Spot,alternaria_(41).png,data\raw\cotton\cotton_original\Cotton_Original_Dataset\Alternaria Leaf Spot\alternaria_(41).png,D:\ZaraiAI_Tomato_Cotton_Wheat\data\raw\cotton\cotton_original\Cotton_Original_Dataset\Alternaria Leaf Spot\alternaria_(41).png,700,700,3,JPEG,40992,dde63ec3b4898a29e11c8c4ed6464e325b974e482848115a1927a9f637b81b13,train
cotton,Healthy Leaf,healthy_(86).png,data\raw\cotton\cotton_original\Cotton_Original_Dataset\Healthy Leaf\healthy_(86).png,D:\ZaraiAI_Tomato_Cotton_Wheat\data\raw\cotton\cotton_original\Cotton_Original_Dataset\Healthy Leaf\healthy_(86).png,700,700,3,JPEG,37864,cdabc369053022fb4fa6720cf364e343d03dad9e950d7f6c0c1af50d3fd6e4fc,train
cotton,Fusarium Wilt,fusarium_(267).png,data\raw\cotton\cotton_original\Cotton_Original_Dataset\Fusarium Wilt\fusarium_(267).png,D:\ZaraiAI_Tomato_Cotton_Wheat\data\raw\cotton\cotton_original\Cotton_Original_Dataset\Fusarium Wilt\fusarium_(267).png,700,700,3,JPEG,36036,c0c9f44ea824aa20ed3592dd056f7dff576587a32e230ec27086b9d60b8da09b,train
cotton,Bacterial Blight,bacterial_(132).png,data\raw\cotton\cotton_original\Cotton_Original_Dataset\Bacterial Blight\bacterial_(132).png,D:\ZaraiAI_Tomato_Cotton_Wheat\data\raw\cotton\cotton_original\Cotton_Original_Dataset\Bacterial Blight\bacterial_(132).png,700,700,3,JPEG,36703,c38c53b06452404c8048abffaadb3ebf2009e25f485372b352752d2d0098b2b8,train
cotton,Fusarium Wilt,fusarium_(67).png,data\raw\cotton\cotton_original\Cotton_Original_Dataset\Fusarium Wilt\fusarium_(67).png,D:\ZaraiAI_Tomato_Cotton_Wheat\data\raw\cotton\cotton_original\Cotton_Original_Dataset\Fusarium Wilt\fusarium_(67).png,700,700,3,JPEG,46965,01632f40101f4547a5dfb883cacd108bc3fbd1ea9147d52a0e6276b161c3467b,train
cotton,Verticillium Wilt,verticillium_(288).png,data\raw\cotton\cotton_original\Cotton_Original_Dataset\Verticillium Wilt\verticillium_(288).png,D:\ZaraiAI_Tomato_Cotton_Wheat\data\raw\cotton\cotton_original\Cotton_Original_Dataset\Verticillium Wilt\verticillium_(288).png,700,700,3,JPEG,56441,5e71b062e75a591eb842ee197807542b8ea9961f5104bb1a56df3ba1e9fc3bd6,train
cotton,Verticillium Wilt,verticillium_(106).png,data\raw\cotton\cotton_original\Cotton_Original_Dataset\Verticillium Wilt\verticillium_(106).png,D:\ZaraiAI_Tomato_Cotton_Wheat\data\raw\cotton\cotton_original\Cotton_Original_Dataset\Verticillium Wilt\verticillium_(106).png,700,700,3,JPEG,38569,6877e306be6ba615d9d34b4489da3beaf0b85a0317925cb83a13c0a7220522a4,train
cotton,Verticillium Wilt,verticillium_(310).png,data\raw\cotton\cotton_original\Cotton_Original_Dataset\Verticillium Wilt\verticillium_(310).png,D:\ZaraiAI_Tomato_Cotton_Wheat\data\raw\cotton\cotton_original\Cotton_Original_Dataset\Verticillium Wilt\verticillium_(310).png,700,700,3,JPEG,60069,475906693ea9f397160c909f2a5eb21848145457202ad000f6484b321af7f3c2,train
cotton,Verticillium Wilt,verticillium_(116).png,data\raw\cotton\cotton_original\Cotton_Original_Dataset\Verticillium Wilt\verticillium_(116).png,D:\ZaraiAI_Tomato_Cotton_Wheat\data\raw\cotton\cotton_original\Cotton_Original_Dataset\Verticillium Wilt\verticillium_(116).png,700,700,3,JPEG,36010,6b1fe12787bdc8cbccd36ff55e78c859390f1e069bc1361ebee7470191d39d49,train
cotton,Alternaria Leaf Spot,alternaria_(108).png,data\raw\cotton\cotton_original\Cotton_Original_Dataset\Alternaria Leaf Spot\alternaria_(108).png,D:\ZaraiAI_Tomato_Cotton_Wheat\data\raw\cotton\cotton_original\Cotton_Original_Dataset\Alternaria Leaf Spot\alternaria_(108).png,700,700,3,JPEG,35174,5f7fdd53fb2096cdff1c7aee89fa97bb2bccc73c3fed8645ff615689630f2640,train
cotton,Verticillium Wilt,verticillium_(265).png,data\raw\cotton\cotton_original\Cotton_Original_Dataset\Verticillium Wilt\verticillium_(265).png,D:\ZaraiAI_Tomato_Cotton_Wheat\data\raw\cotton\cotton_original\Cotton_Original_Dataset\Verticillium Wilt\verticillium_(265).png,700,700,3,JPEG,62473,c64d7aa2098b45fb77fd6a99cc72160c93de1f8b790bf7de705519eea0bef960,train
cotton,Fusarium Wilt,fusarium_(157).png,data\raw\cotton\cotton_original\Cotton_Original_Dataset\Fusarium Wilt\fusarium_(157).png,D:\ZaraiAI_Tomato_Cotton_Wheat\data\raw\cotton\cotton_original\Cotton_Original_Dataset\Fusarium Wilt\fusarium_(157).png,700,700,3,JPEG,42822,9296eef441a1cd615e6331d25e0d4519332dee8179433c1a0d12287bcb09fb23,train
cotton,Alternaria Leaf Spot,alternaria_(34).png,data\raw\cotton\cotton_original\Cotton_Original_Dataset\Alternaria Leaf Spot\alternaria_(34).png,D:\ZaraiAI_Tomato_Cotton_Wheat\data\raw\cotton\cotton_original\Cotton_Original_Dataset\Alternaria Leaf Spot\alternaria_(34).png,700,700,3,JPEG,37312,518f1a03bc461f238b98635e82dc4b6a322d54f6941e74bb273964c7218cc756,train
cotton,Bacterial Blight,bacterial_(7).png,data\raw\cotton\cotton_original\Cotton_Original_Dataset\Bacterial Blight\bacterial_(7).png,D:\ZaraiAI_Tomato_Cotton_Wheat\data\raw\cotton\cotton_original\Cotton_Original_Dataset\Bacterial Blight\bacterial_(7).png,700,700,3,JPEG,44011,776307a6a6feddb899316e77ccd4100526501fd412d92557933adaa0f5bf564b,train
cotton,Fusarium Wilt,fusarium_(120).png,data\raw\cotton\cotton_original\Cotton_Original_Dataset\Fusarium Wilt\fusarium_(120).png,D:\ZaraiAI_Tomato_Cotton_Wheat\data\raw\cotton\cotton_original\Cotton_Original_Dataset\Fusarium Wilt\fusarium_(120).png,700,700,3,JPEG,70850,77e50a63ef118ab5b4e2fb8280ea5bae0e985053485ea64e24fe3a2fead8a5c1,train
cotton,Verticillium Wilt,verticillium_(63).png,data\raw\cotton\cotton_original\Cotton_Original_Dataset\Verticillium Wilt\verticillium_(63).png,D:\ZaraiAI_Tomato_Cotton_Wheat\data\raw\cotton\cotton_original\Cotton_Original_Dataset\Verticillium Wilt\verticillium_(63).png,700,700,3,JPEG,63362,3bf079502cf5b82168155d0072d74efd017265e39fbb490e3c3c951e5de43c06,train
cotton,Fusarium Wilt,fusarium_(41).png,data\raw\cotton\cotton_original\Cotton_Original_Dataset\Fusarium Wilt\fusarium_(41).png,D:\ZaraiAI_Tomato_Cotton_Wheat\data\raw\cotton\cotton_original\Cotton_Original_Dataset\Fusarium Wilt\fusarium_(41).png,700,700,3,JPEG,45736,1fad0cb7383a60cc2058b4637d4370c541464b8a8c3dd4de3f364e9ebafbe82c,train
cotton,Alternaria Leaf Spot,alternaria_(168).png,data\raw\cotton\cotton_original\Cotton_Original_Dataset\Alternaria Leaf Spot\alternaria_(168).png,D:\ZaraiAI_Tomato_Cotton_Wheat\data\raw\cotton\cotton_original\Cotton_Original_Dataset\Alternaria Leaf Spot\alternaria_(168).png,700,700,3,JPEG,44608,f118d3d5a90996ea86f39b9ae574bc08854412a1754574bd0bea7809e25e69fa,train
cotton,Verticillium Wilt,verticillium_(175).png,data\raw\cotton\cotton_original\Cotton_Original_Dataset\Verticillium Wilt\verticillium_(175).png,D:\ZaraiAI_Tomato_Cotton_Wheat\data\raw\cotton\cotton_original\Cotton_Original_Dataset\Verticillium Wilt\verticillium_(175).png,700,700,3,JPEG,31540,0ed57245572fe456362d946278817d2dac7b87264333fabd89cc5ce79a673e2f,train
cotton,Fusarium Wilt,fusarium_(246).png,data\raw\cotton\cotton_original\Cotton_Original_Dataset\Fusarium Wilt\fusarium_(246).png,D:\ZaraiAI_Tomato_Cotton_Wheat\data\raw\cotton\cotton_original\Cotton_Original_Dataset\Fusarium Wilt\fusarium_(246).png,700,700,3,JPEG,43574,193f665f6001546d94888aa613ec34db03f7aabc23dc1736bccf6ac308b5bf0c,train
cotton,Healthy Leaf,healthy_(219).png,data\raw\cotton\cotton_original\Cotton_Original_Dataset\Healthy Leaf\healthy_(219).png,D:\ZaraiAI_Tomato_Cotton_Wheat\data\raw\cotton\cotton_original\Cotton_Original_Dataset\Healthy Leaf\healthy_(219).png,700,700,3,JPEG,40138,34b6b27dc13e521cbabaeeb13f3eb46942bbe68ede15c78b5aac0992b8085f81,train
cotton,Fusarium Wilt,fusarium_(173).png,data\raw\cotton\cotton_original\Cotton_Original_Dataset\Fusarium Wilt\fusarium_(173).png,D:\ZaraiAI_Tomato_Cotton_Wheat\data\raw\cotton\cotton_original\Cotton_Original_Dataset\Fusarium Wilt\fusarium_(173).png,700,700,3,JPEG,38538,171fd914bde5780ac7fde914f6c444188a75b69191c02da6bc0fcfd0638d5f18,train
cotton,Healthy Leaf,healthy_(229).png,data\raw\cotton\cotton_original\Cotton_Original_Dataset\Healthy Leaf\healthy_(229).png,D:\ZaraiAI_Tomato_Cotton_Wheat\data\raw\cotton\cotton_original\Cotton_Original_Dataset\Healthy Leaf\healthy_(229).png,700,700,3,JPEG,38117,28b19227131c6000c48245186cd7ba375402b7dff71f1f2282fa05627aa2cc34,train
cotton,Fusarium Wilt,fusarium_(181).png,data\raw\cotton\cotton_original\Cotton_Original_Dataset\Fusarium Wilt\fusarium_(181).png,D:\ZaraiAI_Tomato_Cotton_Wheat\data\raw\cotton\cotton_original\Cotton_Original_Dataset\Fusarium Wilt\fusarium_(181).png,700,700,3,JPEG,46964,90245df9f954afd184a92f305a05f1591faf0869eb5436cbda5dcdc23a3edfc2,train
cotton,Bacterial Blight,bacterial_(95).png,data\raw\cotton\cotton_original\Cotton_Original_Dataset\Bacterial Blight\bacterial_(95).png,D:\ZaraiAI_Tomato_Cotton_Wheat\data\raw\cotton\cotton_original\Cotton_Original_Dataset\Bacterial Blight\bacterial_(95).png,700,700,3,JPEG,40609,4bc8d008e2f5223bf10ac4bc7ffe5322865f297ed9d611ba11b27fb469778bfe,train
cotton,Verticillium Wilt,verticillium_(114).png,data\raw\cotton\cotton_original\Cotton_Original_Dataset\Verticillium Wilt\verticillium_(114).png,D:\ZaraiAI_Tomato_Cotton_Wheat\data\raw\cotton\cotton_original\Cotton_Original_Dataset\Verticillium Wilt\verticillium_(114).png,700,700,3,JPEG,38911,b08b99fdf905d57f1751eb684ec9bee044de11090921f00ea862323e0d3c26bb,train
cotton,Fusarium Wilt,fusarium_(201).png,data\raw\cotton\cotton_original\Cotton_Original_Dataset\Fusarium Wilt\fusarium_(201).png,D:\ZaraiAI_Tomato_Cotton_Wheat\data\raw\cotton\cotton_original\Cotton_Original_Dataset\Fusarium Wilt\fusarium_(201).png,700,700,3,JPEG,43989,976ecd7d6824092da1914e01d32657c94e593c1b4374ae0d6e2a2bc2a5bbac92,train
cotton,Healthy Leaf,healthy_(95).png,data\raw\cotton\cotton_original\Cotton_Original_Dataset\Healthy Leaf\healthy_(95).png,D:\ZaraiAI_Tomato_Cotton_Wheat\data\raw\cotton\cotton_original\Cotton_Original_Dataset\Healthy Leaf\healthy_(95).png,700,700,3,JPEG,37365,ccb35c985125c61e2c7f0527112b804d033c7c2416f966241824eb4d4c84a62d,train
cotton,Verticillium Wilt,verticillium_(20).png,data\raw\cotton\cotton_original\Cotton_Original_Dataset\Verticillium Wilt\verticillium_(20).png,D:\ZaraiAI_Tomato_Cotton_Wheat\data\raw\cotton\cotton_original\Cotton_Original_Dataset\Verticillium Wilt\verticillium_(20).png,700,700,3,JPEG,59198,dda69e647d7121dad39df2e60c81c7e2ec53112d9733f5b64896f335ac235442,train
cotton,Verticillium Wilt,verticillium_(27).png,data\raw\cotton\cotton_original\Cotton_Original_Dataset\Verticillium Wilt\verticillium_(27).png,D:\ZaraiAI_Tomato_Cotton_Wheat\data\raw\cotton\cotton_original\Cotton_Original_Dataset\Verticillium Wilt\verticillium_(27).png,700,700,3,JPEG,62052,9a40a3c27aeb8895d1d14e9465b0e9aad524fd25a251ed0bbb0cfe27444e1b38,train
cotton,Bacterial Blight,bacterial_(56).png,data\raw\cotton\cotton_original\Cotton_Original_Dataset\Bacterial Blight\bacterial_(56).png,D:\ZaraiAI_Tomato_Cotton_Wheat\data\raw\cotton\cotton_original\Cotton_Original_Dataset\Bacterial Blight\bacterial_(56).png,700,700,3,JPEG,29641,6e7c508340289f357b832b1b3f3374cbd723cdd95e7889a6ec6d7e741cf4856e,train
cotton,Verticillium Wilt,verticillium_(36).png,data\raw\cotton\cotton_original\Cotton_Original_Dataset\Verticillium Wilt\verticillium_(36).png,D:\ZaraiAI_Tomato_Cotton_Wheat\data\raw\cotton\cotton_original\Cotton_Original_Dataset\Verticillium Wilt\verticillium_(36).png,700,700,3,JPEG,55173,dfa4faf35de656fe44be7b4be152f1259fa3c3be828087c350ffb9fc1597de4e,train
cotton,Fusarium Wilt,fusarium_(133).png,data\raw\cotton\cotton_original\Cotton_Original_Dataset\Fusarium Wilt\fusarium_(133).png,D:\ZaraiAI_Tomato_Cotton_Wheat\data\raw\cotton\cotton_original\Cotton_Original_Dataset\Fusarium Wilt\fusarium_(133).png,700,700,3,JPEG,50428,fcecb39587a9dca0988c6d1b57bdb9b22d8447bb2ccef5ec9d4012c10fa5b370,train
cotton,Healthy Leaf,healthy_(79).png,data\raw\cotton\cotton_original\Cotton_Original_Dataset\Healthy Leaf\healthy_(79).png,D:\ZaraiAI_Tomato_Cotton_Wheat\data\raw\cotton\cotton_original\Cotton_Original_Dataset\Healthy Leaf\healthy_(79).png,700,700,3,JPEG,39682,51ea5ccbe1918210cf575061a7f2bb59cb11dfbda95fda77e736372da2cb4946,train
cotton,Verticillium Wilt,verticillium_(13).png,data\raw\cotton\cotton_original\Cotton_Original_Dataset\Verticillium Wilt\verticillium_(13).png,D:\ZaraiAI_Tomato_Cotton_Wheat\data\raw\cotton\cotton_original\Cotton_Original_Dataset\Verticillium Wilt\verticillium_(13).png,700,700,3,JPEG,58096,03c496cf95621b7b2a74b2c794ed65491f79f55a540b7589443572ec4cf23ee2,train
cotton,Fusarium Wilt,fusarium_(35).png,data\raw\cotton\cotton_original\Cotton_Original_Dataset\Fusarium Wilt\fusarium_(35).png,D:\ZaraiAI_Tomato_Cotton_Wheat\data\raw\cotton\cotton_original\Cotton_Original_Dataset\Fusarium Wilt\fusarium_(35).png,700,700,3,JPEG,42178,9184a712628536fcc29d4e3a8a3dc2da398a19216881b4b67d5b995db74e76dd,train
cotton,Healthy Leaf,healthy_(71).png,data\raw\cotton\cotton_original\Cotton_Original_Dataset\Healthy Leaf\healthy_(71).png,D:\ZaraiAI_Tomato_Cotton_Wheat\data\raw\cotton\cotton_original\Cotton_Original_Dataset\Healthy Leaf\healthy_(71).png,700,700,3,JPEG,39498,16d82c2958dc8193d0fa317ca14cb9e7aa87ac74a4c8b02e436d54fd7edff830,train
cotton,Fusarium Wilt,fusarium_(225).png,data\raw\cotton\cotton_original\Cotton_Original_Dataset\Fusarium Wilt\fusarium_(225).png,D:\ZaraiAI_Tomato_Cotton_Wheat\data\raw\cotton\cotton_original\Cotton_Original_Dataset\Fusarium Wilt\fusarium_(225).png,700,700,3,JPEG,65016,a651833732307dd2f2fa06c12e82ddf4bcaa0681a169c82a57e860c5d0789c31,train
cotton,Fusarium Wilt,fusarium_(180).png,data\raw\cotton\cotton_original\Cotton_Original_Dataset\Fusarium Wilt\fusarium_(180).png,D:\ZaraiAI_Tomato_Cotton_Wheat\data\raw\cotton\cotton_original\Cotton_Original_Dataset\Fusarium Wilt\fusarium_(180).png,700,700,3,JPEG,57368,21307884ffd4897154196e1f7f9560e52b798f5dd6e3d630e47178fa59543193,train
cotton,Bacterial Blight,bacterial_(93).png,data\raw\cotton\cotton_original\Cotton_Original_Dataset\Bacterial Blight\bacterial_(93).png,D:\ZaraiAI_Tomato_Cotton_Wheat\data\raw\cotton\cotton_original\Cotton_Original_Dataset\Bacterial Blight\bacterial_(93).png,700,700,3,JPEG,40233,69a0f6be033f31b1d1cdb5182fc60b990df166e09c2ce7d1d7d41beeaecf7127,train
cotton,Fusarium Wilt,fusarium_(245).png,data\raw\cotton\cotton_original\Cotton_Original_Dataset\Fusarium Wilt\fusarium_(245).png,D:\ZaraiAI_Tomato_Cotton_Wheat\data\raw\cotton\cotton_original\Cotton_Original_Dataset\Fusarium Wilt\fusarium_(245).png,700,700,3,JPEG,41263,807795e4d677ee356b6e6f104eb4c1dbbad0454e79d973f12f2bbbca807de6dd,train
cotton,Verticillium Wilt,verticillium_(215).png,data\raw\cotton\cotton_original\Cotton_Original_Dataset\Verticillium Wilt\verticillium_(215).png,D:\ZaraiAI_Tomato_Cotton_Wheat\data\raw\cotton\cotton_original\Cotton_Original_Dataset\Verticillium Wilt\verticillium_(215).png,700,700,3,JPEG,37148,164510ad0f513950030b0b6eec787abdb1ace62957bf17a52f8d72c104e07070,train
cotton,Fusarium Wilt,fusarium_(94).png,data\raw\cotton\cotton_original\Cotton_Original_Dataset\Fusarium Wilt\fusarium_(94).png,D:\ZaraiAI_Tomato_Cotton_Wheat\data\raw\cotton\cotton_original\Cotton_Original_Dataset\Fusarium Wilt\fusarium_(94).png,700,700,3,JPEG,53345,2577fcb23b21b5c34f27316476e39cebbc65abe85c3222684f117e93987a5c77,train
cotton,Verticillium Wilt,verticillium_(87).png,data\raw\cotton\cotton_original\Cotton_Original_Dataset\Verticillium Wilt\verticillium_(87).png,D:\ZaraiAI_Tomato_Cotton_Wheat\data\raw\cotton\cotton_original\Cotton_Original_Dataset\Verticillium Wilt\verticillium_(87).png,700,700,3,JPEG,50424,2303d52b6cf042bdc3cdccdd30627073c1c4d612abfb89c0ce870ab7acb9d6b3,train
cotton,Verticillium Wilt,verticillium_(192).png,data\raw\cotton\cotton_original\Cotton_Original_Dataset\Verticillium Wilt\verticillium_(192).png,D:\ZaraiAI_Tomato_Cotton_Wheat\data\raw\cotton\cotton_original\Cotton_Original_Dataset\Verticillium Wilt\verticillium_(192).png,700,700,3,JPEG,41857,65083fc37bf2622ff94a1e5ae77dc4c3658898fcd4c0038ab5c3a4398a295617,train
cotton,Fusarium Wilt,fusarium_(257).png,data\raw\cotton\cotton_original\Cotton_Original_Dataset\Fusarium Wilt\fusarium_(257).png,D:\ZaraiAI_Tomato_Cotton_Wheat\data\raw\cotton\cotton_original\Cotton_Original_Dataset\Fusarium Wilt\fusarium_(257).png,700,700,3,JPEG,36458,ddb6a99222a82950c0b0e07f462f6ab218f1e557e6f62225b29400fbfc20e5fe,train
cotton,Verticillium Wilt,verticillium_(2).png,data\raw\cotton\cotton_original\Cotton_Original_Dataset\Verticillium Wilt\verticillium_(2).png,D:\ZaraiAI_Tomato_Cotton_Wheat\data\raw\cotton\cotton_original\Cotton_Original_Dataset\Verticillium Wilt\verticillium_(2).png,700,700,3,JPEG,66562,61c6b9dde81f61d483ace84e93f59893c89ebb10539386c296f7cf0a4506b1c4,train
cotton,Fusarium Wilt,fusarium_(150).png,data\raw\cotton\cotton_original\Cotton_Original_Dataset\Fusarium Wilt\fusarium_(150).png,D:\ZaraiAI_Tomato_Cotton_Wheat\data\raw\cotton\cotton_original\Cotton_Original_Dataset\Fusarium Wilt\fusarium_(150).png,700,700,3,JPEG,43357,e04b66d20820b6ed56ce40109e74470ee15588343958f9e8ffd304567ffb67b8,train
cotton,Bacterial Blight,bacterial_(35).png,data\raw\cotton\cotton_original\Cotton_Original_Dataset\Bacterial Blight\bacterial_(35).png,D:\ZaraiAI_Tomato_Cotton_Wheat\data\raw\cotton\cotton_original\Cotton_Original_Dataset\Bacterial Blight\bacterial_(35).png,700,700,3,JPEG,74215,78fba8aa8eac129cde5b00ed8d978b5bc68cea55f3b17954d680ac244cf18866,train
cotton,Verticillium Wilt,verticillium_(29).png,data\raw\cotton\cotton_original\Cotton_Original_Dataset\Verticillium Wilt\verticillium_(29).png,D:\ZaraiAI_Tomato_Cotton_Wheat\data\raw\cotton\cotton_original\Cotton_Original_Dataset\Verticillium Wilt\verticillium_(29).png,700,700,3,JPEG,62073,f5b5f9faf5fa61b65ee7889fe8561c019d5248f8d6343231ff6ff0e9db70b2e5,train
cotton,Alternaria Leaf Spot,alternaria_(24).png,data\raw\cotton\cotton_original\Cotton_Original_Dataset\Alternaria Leaf Spot\alternaria_(24).png,D:\ZaraiAI_Tomato_Cotton_Wheat\data\raw\cotton\cotton_original\Cotton_Original_Dataset\Alternaria Leaf Spot\alternaria_(24).png,700,700,3,JPEG,38959,f7df3620e7ac993b69a3c2e88f526d8d5ec8e6860ec7baae0f4ffabab011c40f,train
cotton,Verticillium Wilt,verticillium_(107).png,data\raw\cotton\cotton_original\Cotton_Original_Dataset\Verticillium Wilt\verticillium_(107).png,D:\ZaraiAI_Tomato_Cotton_Wheat\data\raw\cotton\cotton_original\Cotton_Original_Dataset\Verticillium Wilt\verticillium_(107).png,700,700,3,JPEG,37284,d6d691afea79aa89cd3e0cd41338c12f131cc856a0e5a58dc9dbe1e363e81dfd,train
cotton,Healthy Leaf,healthy_(227).png,data\raw\cotton\cotton_original\Cotton_Original_Dataset\Healthy Leaf\healthy_(227).png,D:\ZaraiAI_Tomato_Cotton_Wheat\data\raw\cotton\cotton_original\Cotton_Original_Dataset\Healthy Leaf\healthy_(227).png,700,700,3,JPEG,40077,ceec13c3698f337bf94d4c7e68a99007d584f67d748d913e7e3fb054c2b5e112,train
cotton,Alternaria Leaf Spot,alternaria_(123).png,data\raw\cotton\cotton_original\Cotton_Original_Dataset\Alternaria Leaf Spot\alternaria_(123).png,D:\ZaraiAI_Tomato_Cotton_Wheat\data\raw\cotton\cotton_original\Cotton_Original_Dataset\Alternaria Leaf Spot\alternaria_(123).png,700,700,3,JPEG,43064,a8ff23ecddb3f42e7f9f4cb585894c747764e4a98e076578c3a2010d23e6a6a3,train
cotton,Fusarium Wilt,fusarium_(2).png,data\raw\cotton\cotton_original\Cotton_Original_Dataset\Fusarium Wilt\fusarium_(2).png,D:\ZaraiAI_Tomato_Cotton_Wheat\data\raw\cotton\cotton_original\Cotton_Original_Dataset\Fusarium Wilt\fusarium_(2).png,700,700,3,JPEG,42455,c3c09c4b31260bce95c5524941141e17f8a8eb9a722233222b45424c9876e032,train
cotton,Fusarium Wilt,fusarium_(85).png,data\raw\cotton\cotton_original\Cotton_Original_Dataset\Fusarium Wilt\fusarium_(85).png,D:\ZaraiAI_Tomato_Cotton_Wheat\data\raw\cotton\cotton_original\Cotton_Original_Dataset\Fusarium Wilt\fusarium_(85).png,700,700,3,JPEG,35443,abfad645a2f3f98b62bb27f20cdb1d810d610393616ee97105468b8989aba2e8,train
cotton,Verticillium Wilt,verticillium_(182).png,data\raw\cotton\cotton_original\Cotton_Original_Dataset\Verticillium Wilt\verticillium_(182).png,D:\ZaraiAI_Tomato_Cotton_Wheat\data\raw\cotton\cotton_original\Cotton_Original_Dataset\Verticillium Wilt\verticillium_(182).png,700,700,3,JPEG,36206,98e6836359f1bb63fda294a41b24b24fbf0a3d3114e4d4db7fb07119d9240bf0,train
cotton,Fusarium Wilt,fusarium_(110).png,data\raw\cotton\cotton_original\Cotton_Original_Dataset\Fusarium Wilt\fusarium_(110).png,D:\ZaraiAI_Tomato_Cotton_Wheat\data\raw\cotton\cotton_original\Cotton_Original_Dataset\Fusarium Wilt\fusarium_(110).png,700,700,3,JPEG,35121,ee40811917daf093cc19d1295613fa1d87430ca261dd0d194ef38047d7504ceb,train
cotton,Verticillium Wilt,verticillium_(58).png,data\raw\cotton\cotton_original\Cotton_Original_Dataset\Verticillium Wilt\verticillium_(58).png,D:\ZaraiAI_Tomato_Cotton_Wheat\data\raw\cotton\cotton_original\Cotton_Original_Dataset\Verticillium Wilt\verticillium_(58).png,700,700,3,JPEG,64019,c25e8a0039701162179e1bda5b1d0d1d078cbbde72aa1745a245f56817913f0b,train
cotton,Fusarium Wilt,fusarium_(95).png,data\raw\cotton\cotton_original\Cotton_Original_Dataset\Fusarium Wilt\fusarium_(95).png,D:\ZaraiAI_Tomato_Cotton_Wheat\data\raw\cotton\cotton_original\Cotton_Original_Dataset\Fusarium Wilt\fusarium_(95).png,700,700,3,JPEG,30050,244e913670d88792ebf42bfd9fdde52933aea600321cf2afd52465cc6d633c12,train
cotton,Fusarium Wilt,fusarium_(296).png,data\raw\cotton\cotton_original\Cotton_Original_Dataset\Fusarium Wilt\fusarium_(296).png,D:\ZaraiAI_Tomato_Cotton_Wheat\data\raw\cotton\cotton_original\Cotton_Original_Dataset\Fusarium Wilt\fusarium_(296).png,700,700,3,JPEG,44458,f6fa86d8a09dd8968de92eda3fd1e13706fb1c83c7d82744c791ecd631d9793f,train
cotton,Verticillium Wilt,verticillium_(93).png,data\raw\cotton\cotton_original\Cotton_Original_Dataset\Verticillium Wilt\verticillium_(93).png,D:\ZaraiAI_Tomato_Cotton_Wheat\data\raw\cotton\cotton_original\Cotton_Original_Dataset\Verticillium Wilt\verticillium_(93).png,700,700,3,JPEG,51259,a1ae6f64327cbcac4f2ba94af7b30796a01ac052f4651da3fd9dfc0d860ea06c,train
cotton,Healthy Leaf,healthy_(180).png,data\raw\cotton\cotton_original\Cotton_Original_Dataset\Healthy Leaf\healthy_(180).png,D:\ZaraiAI_Tomato_Cotton_Wheat\data\raw\cotton\cotton_original\Cotton_Original_Dataset\Healthy Leaf\healthy_(180).png,700,700,3,JPEG,40211,b1f0c8df6d6c70214f860c578b0dc5492e1f16ace43f6d9029a51e54faf6acdb,train
cotton,Fusarium Wilt,fusarium_(216).png,data\raw\cotton\cotton_original\Cotton_Original_Dataset\Fusarium Wilt\fusarium_(216).png,D:\ZaraiAI_Tomato_Cotton_Wheat\data\raw\cotton\cotton_original\Cotton_Original_Dataset\Fusarium Wilt\fusarium_(216).png,700,700,3,JPEG,33362,d77167864257d785f783f23e9c9177f4c9aaf57b7f1f9587b6e00480efd40060,train
cotton,Fusarium Wilt,fusarium_(218).png,data\raw\cotton\cotton_original\Cotton_Original_Dataset\Fusarium Wilt\fusarium_(218).png,D:\ZaraiAI_Tomato_Cotton_Wheat\data\raw\cotton\cotton_original\Cotton_Original_Dataset\Fusarium Wilt\fusarium_(218).png,700,700,3,JPEG,38133,fd35c359879cdaa207223531b61cb022dfd51846ed5dd4ff80ebfdcc692d504c,train
cotton,Bacterial Blight,bacterial_(172).png,data\raw\cotton\cotton_original\Cotton_Original_Dataset\Bacterial Blight\bacterial_(172).png,D:\ZaraiAI_Tomato_Cotton_Wheat\data\raw\cotton\cotton_original\Cotton_Original_Dataset\Bacterial Blight\bacterial_(172).png,700,700,3,JPEG,33116,45780a3b968732696a2780f8bccee06ac8d27810669bda9d371f374d011ba9ef,train
cotton,Bacterial Blight,bacterial_(33).png,data\raw\cotton\cotton_original\Cotton_Original_Dataset\Bacterial Blight\bacterial_(33).png,D:\ZaraiAI_Tomato_Cotton_Wheat\data\raw\cotton\cotton_original\Cotton_Original_Dataset\Bacterial Blight\bacterial_(33).png,700,700,3,JPEG,40122,afc5933b6492bd8da1fe8b540e3a3593bb071d4b29814ac5be84b4dfe45f6b10,train
cotton,Bacterial Blight,bacterial_(80).png,data\raw\cotton\cotton_original\Cotton_Original_Dataset\Bacterial Blight\bacterial_(80).png,D:\ZaraiAI_Tomato_Cotton_Wheat\data\raw\cotton\cotton_original\Cotton_Original_Dataset\Bacterial Blight\bacterial_(80).png,700,700,3,JPEG,38785,ae53f5e00e54d0e74aed690ccea538f18187e5df489bc217ca70207102e5eee8,train
cotton,Healthy Leaf,healthy_(58).png,data\raw\cotton\cotton_original\Cotton_Original_Dataset\Healthy Leaf\healthy_(58).png,D:\ZaraiAI_Tomato_Cotton_Wheat\data\raw\cotton\cotton_original\Cotton_Original_Dataset\Healthy Leaf\healthy_(58).png,700,700,3,JPEG,39066,500f6592e143293735f100f9f3c8b3ea445ec6bfeee7a6661e2a62b8c215abb5,train
cotton,Healthy Leaf,healthy_(108).png,data\raw\cotton\cotton_original\Cotton_Original_Dataset\Healthy Leaf\healthy_(108).png,D:\ZaraiAI_Tomato_Cotton_Wheat\data\raw\cotton\cotton_original\Cotton_Original_Dataset\Healthy Leaf\healthy_(108).png,700,700,3,JPEG,39646,e407d8f699c86e13ae53c95ecec30f6d5ebfc516fcba99e72f722f0edd4dc86d,train
cotton,Healthy Leaf,healthy_(317).png,data\raw\cotton\cotton_original\Cotton_Original_Dataset\Healthy Leaf\healthy_(317).png,D:\ZaraiAI_Tomato_Cotton_Wheat\data\raw\cotton\cotton_original\Cotton_Original_Dataset\Healthy Leaf\healthy_(317).png,700,700,3,JPEG,43251,2bfea7f408be6997641a9ffffe654183d10502a42fdc97ee348a85dbdcdc845e,train
cotton,Fusarium Wilt,fusarium_(139).png,data\raw\cotton\cotton_original\Cotton_Original_Dataset\Fusarium Wilt\fusarium_(139).png,D:\ZaraiAI_Tomato_Cotton_Wheat\data\raw\cotton\cotton_original\Cotton_Original_Dataset\Fusarium Wilt\fusarium_(139).png,700,700,3,JPEG,63575,d243525b8c4b4a6558a75e2886032b833d5c5061c59a693e825ca83e392b0538,train
cotton,Verticillium Wilt,verticillium_(199).png,data\raw\cotton\cotton_original\Cotton_Original_Dataset\Verticillium Wilt\verticillium_(199).png,D:\ZaraiAI_Tomato_Cotton_Wheat\data\raw\cotton\cotton_original\Cotton_Original_Dataset\Verticillium Wilt\verticillium_(199).png,700,700,3,JPEG,35168,7281d43312b7d198922df6f42a069de0b402deb7b85b9b3fcc60b57a207294b6,train
cotton,Verticillium Wilt,verticillium_(15).png,data\raw\cotton\cotton_original\Cotton_Original_Dataset\Verticillium Wilt\verticillium_(15).png,D:\ZaraiAI_Tomato_Cotton_Wheat\data\raw\cotton\cotton_original\Cotton_Original_Dataset\Verticillium Wilt\verticillium_(15).png,700,700,3,JPEG,54204,67498cd5dee8dc31bdaf6dd6535949a09d757c9f1d2616ecd153cb732b074b6d,train
cotton,Fusarium Wilt,fusarium_(25).png,data\raw\cotton\cotton_original\Cotton_Original_Dataset\Fusarium Wilt\fusarium_(25).png,D:\ZaraiAI_Tomato_Cotton_Wheat\data\raw\cotton\cotton_original\Cotton_Original_Dataset\Fusarium Wilt\fusarium_(25).png,700,700,3,JPEG,50335,ca4ac79b2d718c5205e528a3103390f699323680985ce3ea4ec167c07a556846,train
cotton,Healthy Leaf,healthy_(259).png,data\raw\cotton\cotton_original\Cotton_Original_Dataset\Healthy Leaf\healthy_(259).png,D:\ZaraiAI_Tomato_Cotton_Wheat\data\raw\cotton\cotton_original\Cotton_Original_Dataset\Healthy Leaf\healthy_(259).png,700,700,3,JPEG,36812,46bc7cc81ffea64dad79ed23f3acaf18ba73ee49080cd834b8e592709aba627d,train
cotton,Fusarium Wilt,fusarium_(76).png,data\raw\cotton\cotton_original\Cotton_Original_Dataset\Fusarium Wilt\fusarium_(76).png,D:\ZaraiAI_Tomato_Cotton_Wheat\data\raw\cotton\cotton_original\Cotton_Original_Dataset\Fusarium Wilt\fusarium_(76).png,700,700,3,JPEG,49953,0986bc7ec1d8d20f9c2c30d59936309b1d9878305180563a20fad6f0209066d4,train
cotton,Verticillium Wilt,verticillium_(222).png,data\raw\cotton\cotton_original\Cotton_Original_Dataset\Verticillium Wilt\verticillium_(222).png,D:\ZaraiAI_Tomato_Cotton_Wheat\data\raw\cotton\cotton_original\Cotton_Original_Dataset\Verticillium Wilt\verticillium_(222).png,700,700,3,JPEG,42801,f141b0baf582ef73736833995ade89fbf999de02c850fbe6db639de0b860c54a,train
cotton,Verticillium Wilt,verticillium_(57).png,data\raw\cotton\cotton_original\Cotton_Original_Dataset\Verticillium Wilt\verticillium_(57).png,D:\ZaraiAI_Tomato_Cotton_Wheat\data\raw\cotton\cotton_original\Cotton_Original_Dataset\Verticillium Wilt\verticillium_(57).png,700,700,3,JPEG,72377,6626de8442445864165ee27e16e071be0bbe66056b8d7d489e1dfaaf199eb91b,train
cotton,Fusarium Wilt,fusarium_(99).png,data\raw\cotton\cotton_original\Cotton_Original_Dataset\Fusarium Wilt\fusarium_(99).png,D:\ZaraiAI_Tomato_Cotton_Wheat\data\raw\cotton\cotton_original\Cotton_Original_Dataset\Fusarium Wilt\fusarium_(99).png,700,700,3,JPEG,41875,342ad00704a1e003b04d1b16235d60d9924abcac4b387abf0fd037974222b36c,train
cotton,Fusarium Wilt,fusarium_(294).png,data\raw\cotton\cotton_original\Cotton_Original_Dataset\Fusarium Wilt\fusarium_(294).png,D:\ZaraiAI_Tomato_Cotton_Wheat\data\raw\cotton\cotton_original\Cotton_Original_Dataset\Fusarium Wilt\fusarium_(294).png,700,700,3,JPEG,53776,31f94800002fd2e6c1b8c2b73cacacb51bafe1b3376a5b9f3161311445b9812b,train
cotton,Verticillium Wilt,verticillium_(147).png,data\raw\cotton\cotton_original\Cotton_Original_Dataset\Verticillium Wilt\verticillium_(147).png,D:\ZaraiAI_Tomato_Cotton_Wheat\data\raw\cotton\cotton_original\Cotton_Original_Dataset\Verticillium Wilt\verticillium_(147).png,700,700,3,JPEG,35705,6e94fa6a35e8c60a058724151ae815d5ed7dfdda4b1c3c2229d580ada5ef833a,train
cotton,Fusarium Wilt,fusarium_(293).png,data\raw\cotton\cotton_original\Cotton_Original_Dataset\Fusarium Wilt\fusarium_(293).png,D:\ZaraiAI_Tomato_Cotton_Wheat\data\raw\cotton\cotton_original\Cotton_Original_Dataset\Fusarium Wilt\fusarium_(293).png,700,700,3,JPEG,44225,8edabc008398bbaff5b40aad82efed21a061dca624ebdfec8a788a0eb694c789,train
cotton,Bacterial Blight,bacterial_(1).png,data\raw\cotton\cotton_original\Cotton_Original_Dataset\Bacterial Blight\bacterial_(1).png,D:\ZaraiAI_Tomato_Cotton_Wheat\data\raw\cotton\cotton_original\Cotton_Original_Dataset\Bacterial Blight\bacterial_(1).png,700,700,3,JPEG,63606,8c934425a04e2db5db35e3d78cbb650902adc76d09572e1d0f0b087ce7fe211d,train
cotton,Bacterial Blight,bacterial_(213).png,data\raw\cotton\cotton_original\Cotton_Original_Dataset\Bacterial Blight\bacterial_(213).png,D:\ZaraiAI_Tomato_Cotton_Wheat\data\raw\cotton\cotton_original\Cotton_Original_Dataset\Bacterial Blight\bacterial_(213).png,700,700,3,JPEG,62970,48bcd4874d4c674b00ddb1d56f6bfb37d80d008e320fb4b1b528c91732dc8a40,train
cotton,Fusarium Wilt,fusarium_(277).png,data\raw\cotton\cotton_original\Cotton_Original_Dataset\Fusarium Wilt\fusarium_(277).png,D:\ZaraiAI_Tomato_Cotton_Wheat\data\raw\cotton\cotton_original\Cotton_Original_Dataset\Fusarium Wilt\fusarium_(277).png,700,700,3,JPEG,38130,dc1475aaa54e91d6d8097d7a54202057337a48d2fbb6716f138acca8650d33e4,train
cotton,Bacterial Blight,bacterial_(141).png,data\raw\cotton\cotton_original\Cotton_Original_Dataset\Bacterial Blight\bacterial_(141).png,D:\ZaraiAI_Tomato_Cotton_Wheat\data\raw\cotton\cotton_original\Cotton_Original_Dataset\Bacterial Blight\bacterial_(141).png,700,700,3,JPEG,45883,7ee0fd98dd07541838bed2df62cb6ccc079ae159f32f9533a1307693dae84e57,train
cotton,Fusarium Wilt,fusarium_(285).png,data\raw\cotton\cotton_original\Cotton_Original_Dataset\Fusarium Wilt\fusarium_(285).png,D:\ZaraiAI_Tomato_Cotton_Wheat\data\raw\cotton\cotton_original\Cotton_Original_Dataset\Fusarium Wilt\fusarium_(285).png,700,700,3,JPEG,40962,bd5802f55d75f492b92752553f91fd3c970f899ad17ea4d5508a6848028192e0,train
cotton,Verticillium Wilt,verticillium_(105).png,data\raw\cotton\cotton_original\Cotton_Original_Dataset\Verticillium Wilt\verticillium_(105).png,D:\ZaraiAI_Tomato_Cotton_Wheat\data\raw\cotton\cotton_original\Cotton_Original_Dataset\Verticillium Wilt\verticillium_(105).png,700,700,3,JPEG,38289,d2d7637331088449376770e2723bfa390e3a9b874abeca1e4261975b8d661750,train
cotton,Healthy Leaf,healthy_(330).png,data\raw\cotton\cotton_original\Cotton_Original_Dataset\Healthy Leaf\healthy_(330).png,D:\ZaraiAI_Tomato_Cotton_Wheat\data\raw\cotton\cotton_original\Cotton_Original_Dataset\Healthy Leaf\healthy_(330).png,700,700,3,JPEG,42652,61f7515356435f29a6b2227cdac6d1bf786cf03e15c566e50fd732f5a0920fee,train
cotton,Fusarium Wilt,fusarium_(167).png,data\raw\cotton\cotton_original\Cotton_Original_Dataset\Fusarium Wilt\fusarium_(167).png,D:\ZaraiAI_Tomato_Cotton_Wheat\data\raw\cotton\cotton_original\Cotton_Original_Dataset\Fusarium Wilt\fusarium_(167).png,700,700,3,JPEG,48522,16ae8d0504c332c30ad2d6326c321eb84e3575e8eb6ff488789b7f0e212a7a11,train
cotton,Healthy Leaf,healthy_(175).png,data\raw\cotton\cotton_original\Cotton_Original_Dataset\Healthy Leaf\healthy_(175).png,D:\ZaraiAI_Tomato_Cotton_Wheat\data\raw\cotton\cotton_original\Cotton_Original_Dataset\Healthy Leaf\healthy_(175).png,700,700,3,JPEG,41508,b3f37816be2a65a8b0259d1ac85005b6529dd415eacbb7da8df102d8a777f0fb,train
cotton,Verticillium Wilt,verticillium_(281).png,data\raw\cotton\cotton_original\Cotton_Original_Dataset\Verticillium Wilt\verticillium_(281).png,D:\ZaraiAI_Tomato_Cotton_Wheat\data\raw\cotton\cotton_original\Cotton_Original_Dataset\Verticillium Wilt\verticillium_(281).png,700,700,3,JPEG,48760,763336e228bd0acb4059a03807e78539ebebc5ae78aa96841e43c5e58f0780ea,train
cotton,Verticillium Wilt,verticillium_(278).png,data\raw\cotton\cotton_original\Cotton_Original_Dataset\Verticillium Wilt\verticillium_(278).png,D:\ZaraiAI_Tomato_Cotton_Wheat\data\raw\cotton\cotton_original\Cotton_Original_Dataset\Verticillium Wilt\verticillium_(278).png,700,700,3,JPEG,37417,642fcd625467346b7248f7de258236e8cac46646c9ea451fb963bb711e115aad,train
cotton,Fusarium Wilt,fusarium_(116).png,data\raw\cotton\cotton_original\Cotton_Original_Dataset\Fusarium Wilt\fusarium_(116).png,D:\ZaraiAI_Tomato_Cotton_Wheat\data\raw\cotton\cotton_original\Cotton_Original_Dataset\Fusarium Wilt\fusarium_(116).png,700,700,3,JPEG,34828,3c066a70c0d2b59ee5964a2e9869953525bd79a189753d50420548e05d0283f7,train
cotton,Verticillium Wilt,verticillium_(127).png,data\raw\cotton\cotton_original\Cotton_Original_Dataset\Verticillium Wilt\verticillium_(127).png,D:\ZaraiAI_Tomato_Cotton_Wheat\data\raw\cotton\cotton_original\Cotton_Original_Dataset\Verticillium Wilt\verticillium_(127).png,700,700,3,JPEG,35388,ac8bcee3eb3591ab89f67fdc517e4106e414e7e022dedaab2cc4f04dee92b021,train
cotton,Healthy Leaf,healthy_(223).png,data\raw\cotton\cotton_original\Cotton_Original_Dataset\Healthy Leaf\healthy_(223).png,D:\ZaraiAI_Tomato_Cotton_Wheat\data\raw\cotton\cotton_original\Cotton_Original_Dataset\Healthy Leaf\healthy_(223).png,700,700,3,JPEG,39378,365f5e8a8862176dbf7b2baa7850fc1dae37d0f1e22efe7176ad351e030b32b4,train
cotton,Healthy Leaf,healthy_(77).png,data\raw\cotton\cotton_original\Cotton_Original_Dataset\Healthy Leaf\healthy_(77).png,D:\ZaraiAI_Tomato_Cotton_Wheat\data\raw\cotton\cotton_original\Cotton_Original_Dataset\Healthy Leaf\healthy_(77).png,700,700,3,JPEG,34915,0c7165d88e1e87e94d9ceee630b39ad87cc24eba8563d55d13a42187fa6bc39d,train
cotton,Healthy Leaf,healthy_(82).png,data\raw\cotton\cotton_original\Cotton_Original_Dataset\Healthy Leaf\healthy_(82).png,D:\ZaraiAI_Tomato_Cotton_Wheat\data\raw\cotton\cotton_original\Cotton_Original_Dataset\Healthy Leaf\healthy_(82).png,700,700,3,JPEG,43596,203504701ddbc4a9eb79d1e98ed0181bb9754b5d31828f89921d4a034e84ef04,train
cotton,Verticillium Wilt,verticillium_(74).png,data\raw\cotton\cotton_original\Cotton_Original_Dataset\Verticillium Wilt\verticillium_(74).png,D:\ZaraiAI_Tomato_Cotton_Wheat\data\raw\cotton\cotton_original\Cotton_Original_Dataset\Verticillium Wilt\verticillium_(74).png,700,700,3,JPEG,71491,816b13b5a7e42d4a8e9bf7a3de8e943b1a4fc5b4a88a417943885216a638f8ee,train
cotton,Bacterial Blight,bacterial_(142).png,data\raw\cotton\cotton_original\Cotton_Original_Dataset\Bacterial Blight\bacterial_(142).png,D:\ZaraiAI_Tomato_Cotton_Wheat\data\raw\cotton\cotton_original\Cotton_Original_Dataset\Bacterial Blight\bacterial_(142).png,700,700,3,JPEG,68110,b6ab39cacd21fda8e8dc91c1f92d8c18598ff6dd9649a68629c9a8871c568ed8,train
cotton,Bacterial Blight,bacterial_(125).png,data\raw\cotton\cotton_original\Cotton_Original_Dataset\Bacterial Blight\bacterial_(125).png,D:\ZaraiAI_Tomato_Cotton_Wheat\data\raw\cotton\cotton_original\Cotton_Original_Dataset\Bacterial Blight\bacterial_(125).png,700,700,3,JPEG,38943,347b06415ae5c6f583ef0ef19b217ed7fd064cbde046543555c4f120b09129f0,train
cotton,Healthy Leaf,healthy_(35).png,data\raw\cotton\cotton_original\Cotton_Original_Dataset\Healthy Leaf\healthy_(35).png,D:\ZaraiAI_Tomato_Cotton_Wheat\data\raw\cotton\cotton_original\Cotton_Original_Dataset\Healthy Leaf\healthy_(35).png,700,700,3,JPEG,40484,68203ee76c67b69913520d1543e46fdfb64f48617d4cd8e823546fb74430d274,train
cotton,Verticillium Wilt,verticillium_(97).png,data\raw\cotton\cotton_original\Cotton_Original_Dataset\Verticillium Wilt\verticillium_(97).png,D:\ZaraiAI_Tomato_Cotton_Wheat\data\raw\cotton\cotton_original\Cotton_Original_Dataset\Verticillium Wilt\verticillium_(97).png,700,700,3,JPEG,68265,b3f3da3078f0794254f09f45924e6158ecd17eb39d29edb96809a655b0ff3203,train
cotton,Bacterial Blight,bacterial_(186).png,data\raw\cotton\cotton_original\Cotton_Original_Dataset\Bacterial Blight\bacterial_(186).png,D:\ZaraiAI_Tomato_Cotton_Wheat\data\raw\cotton\cotton_original\Cotton_Original_Dataset\Bacterial Blight\bacterial_(186).png,700,700,3,JPEG,80685,dec7bf96b958d5d0f144f49e751afde0217565006c53345814b4d371f9380275,train
cotton,Bacterial Blight,bacterial_(41).png,data\raw\cotton\cotton_original\Cotton_Original_Dataset\Bacterial Blight\bacterial_(41).png,D:\ZaraiAI_Tomato_Cotton_Wheat\data\raw\cotton\cotton_original\Cotton_Original_Dataset\Bacterial Blight\bacterial_(41).png,700,700,3,JPEG,35761,bdcdd158fce031cdec8b35323065d3a6d1f9cf2f10a50101b5fd17eccb5807e3,train
cotton,Bacterial Blight,bacterial_(98).png,data\raw\cotton\cotton_original\Cotton_Original_Dataset\Bacterial Blight\bacterial_(98).png,D:\ZaraiAI_Tomato_Cotton_Wheat\data\raw\cotton\cotton_original\Cotton_Original_Dataset\Bacterial Blight\bacterial_(98).png,700,700,3,JPEG,40530,80547d4ccf69b325e701d6b42d16d1d77aee365ce45ecba8a757c5e9aa747d38,train
cotton,Verticillium Wilt,verticillium_(10).png,data\raw\cotton\cotton_original\Cotton_Original_Dataset\Verticillium Wilt\verticillium_(10).png,D:\ZaraiAI_Tomato_Cotton_Wheat\data\raw\cotton\cotton_original\Cotton_Original_Dataset\Verticillium Wilt\verticillium_(10).png,700,700,3,JPEG,49309,80f67115867501548f05ec9e8a04892e0abf5be00ad33e23f9b8c4423cc1f66d,train
cotton,Fusarium Wilt,fusarium_(6).png,data\raw\cotton\cotton_original\Cotton_Original_Dataset\Fusarium Wilt\fusarium_(6).png,D:\ZaraiAI_Tomato_Cotton_Wheat\data\raw\cotton\cotton_original\Cotton_Original_Dataset\Fusarium Wilt\fusarium_(6).png,700,700,3,JPEG,50919,55dc802c0792cbb4dbdd655633e15f60fe8ce240a4d29a0299f3c2e1bca90325,train
cotton,Healthy Leaf,healthy_(253).png,data\raw\cotton\cotton_original\Cotton_Original_Dataset\Healthy Leaf\healthy_(253).png,D:\ZaraiAI_Tomato_Cotton_Wheat\data\raw\cotton\cotton_original\Cotton_Original_Dataset\Healthy Leaf\healthy_(253).png,700,700,3,JPEG,38722,a4dd20a48ffcda896616b747ad49d5177f69dbef52d1eadb215068925366c823,train
cotton,Verticillium Wilt,verticillium_(190).png,data\raw\cotton\cotton_original\Cotton_Original_Dataset\Verticillium Wilt\verticillium_(190).png,D:\ZaraiAI_Tomato_Cotton_Wheat\data\raw\cotton\cotton_original\Cotton_Original_Dataset\Verticillium Wilt\verticillium_(190).png,700,700,3,JPEG,59746,25aa79c6c3201036996c520cbcd60d7e6932d61481957c7aa7bd413d16922817,train
cotton,Fusarium Wilt,fusarium_(155).png,data\raw\cotton\cotton_original\Cotton_Original_Dataset\Fusarium Wilt\fusarium_(155).png,D:\ZaraiAI_Tomato_Cotton_Wheat\data\raw\cotton\cotton_original\Cotton_Original_Dataset\Fusarium Wilt\fusarium_(155).png,700,700,3,JPEG,60869,2351b4078c1f0563708b113be0ce552352ac6a161993ad3400e6feae6e1ae288,train
cotton,Fusarium Wilt,fusarium_(137).png,data\raw\cotton\cotton_original\Cotton_Original_Dataset\Fusarium Wilt\fusarium_(137).png,D:\ZaraiAI_Tomato_Cotton_Wheat\data\raw\cotton\cotton_original\Cotton_Original_Dataset\Fusarium Wilt\fusarium_(137).png,700,700,3,JPEG,68312,266caf92c64b2cb280f3db031361785ee945d0789d11f6957c744ab7b2d5f1e0,train
cotton,Bacterial Blight,bacterial_(26).png,data\raw\cotton\cotton_original\Cotton_Original_Dataset\Bacterial Blight\bacterial_(26).png,D:\ZaraiAI_Tomato_Cotton_Wheat\data\raw\cotton\cotton_original\Cotton_Original_Dataset\Bacterial Blight\bacterial_(26).png,700,700,3,JPEG,57641,9cc51c9790fdb72cd40c9881dbcb717162b83f0b1db121e6ca3a23c6c7a6d177,train
cotton,Verticillium Wilt,verticillium_(39).png,data\raw\cotton\cotton_original\Cotton_Original_Dataset\Verticillium Wilt\verticillium_(39).png,D:\ZaraiAI_Tomato_Cotton_Wheat\data\raw\cotton\cotton_original\Cotton_Original_Dataset\Verticillium Wilt\verticillium_(39).png,700,700,3,JPEG,53062,8767b0a3bee4473eea52d0c4714b9dae137948658f472bb4b6ebef41e5971aee,train
cotton,Healthy Leaf,healthy_(235).png,data\raw\cotton\cotton_original\Cotton_Original_Dataset\Healthy Leaf\healthy_(235).png,D:\ZaraiAI_Tomato_Cotton_Wheat\data\raw\cotton\cotton_original\Cotton_Original_Dataset\Healthy Leaf\healthy_(235).png,700,700,3,JPEG,42171,07ff1e9cee2837f284707564cbb3936ed917dbb9ff0fb1f0e9f408abe66d9d42,train
cotton,Verticillium Wilt,verticillium_(34).png,data\raw\cotton\cotton_original\Cotton_Original_Dataset\Verticillium Wilt\verticillium_(34).png,D:\ZaraiAI_Tomato_Cotton_Wheat\data\raw\cotton\cotton_original\Cotton_Original_Dataset\Verticillium Wilt\verticillium_(34).png,700,700,3,JPEG,51123,3d6a60c392e74e104c0f9cda5c964f19c1e4d0f3ed2e729b7f3ed93cc86851e7,train
cotton,Healthy Leaf,healthy_(182).png,data\raw\cotton\cotton_original\Cotton_Original_Dataset\Healthy Leaf\healthy_(182).png,D:\ZaraiAI_Tomato_Cotton_Wheat\data\raw\cotton\cotton_original\Cotton_Original_Dataset\Healthy Leaf\healthy_(182).png,700,700,3,JPEG,40055,bc30bd76cac4395de2b2665188b4eff56d7be7b08b1292cfee6d5b74d79843e4,train
cotton,Fusarium Wilt,fusarium_(162).png,data\raw\cotton\cotton_original\Cotton_Original_Dataset\Fusarium Wilt\fusarium_(162).png,D:\ZaraiAI_Tomato_Cotton_Wheat\data\raw\cotton\cotton_original\Cotton_Original_Dataset\Fusarium Wilt\fusarium_(162).png,700,700,3,JPEG,38433,86a072421ba14e34e52b5745037e943d14d781f76f6dbb24567b96f74493c3dd,train
cotton,Verticillium Wilt,verticillium_(274).png,data\raw\cotton\cotton_original\Cotton_Original_Dataset\Verticillium Wilt\verticillium_(274).png,D:\ZaraiAI_Tomato_Cotton_Wheat\data\raw\cotton\cotton_original\Cotton_Original_Dataset\Verticillium Wilt\verticillium_(274).png,700,700,3,JPEG,47852,7e22f08f00c8b68bd3cc1adb6f555d8be37a4f7a725094188e2267f59d5474b2,train
cotton,Bacterial Blight,bacterial_(154).png,data\raw\cotton\cotton_original\Cotton_Original_Dataset\Bacterial Blight\bacterial_(154).png,D:\ZaraiAI_Tomato_Cotton_Wheat\data\raw\cotton\cotton_original\Cotton_Original_Dataset\Bacterial Blight\bacterial_(154).png,700,700,3,JPEG,47680,8725df8bb095df069ed52e8e43247c245faa808f957e78f945b9d992c4cb2966,train
cotton,Alternaria Leaf Spot,alternaria_(59).png,data\raw\cotton\cotton_original\Cotton_Original_Dataset\Alternaria Leaf Spot\alternaria_(59).png,D:\ZaraiAI_Tomato_Cotton_Wheat\data\raw\cotton\cotton_original\Cotton_Original_Dataset\Alternaria Leaf Spot\alternaria_(59).png,700,700,3,JPEG,42997,8e7784cefba9f175e558fd6baf23ce32600367e1b169186bc6b97b1d399db6e3,train
cotton,Verticillium Wilt,verticillium_(263).png,data\raw\cotton\cotton_original\Cotton_Original_Dataset\Verticillium Wilt\verticillium_(263).png,D:\ZaraiAI_Tomato_Cotton_Wheat\data\raw\cotton\cotton_original\Cotton_Original_Dataset\Verticillium Wilt\verticillium_(263).png,700,700,3,JPEG,53293,cfeb43e376401459b8224867a97edfe12ab2d099c05c3e8b33f4da1e0e86ecde,train
cotton,Alternaria Leaf Spot,alternaria_(107).png,data\raw\cotton\cotton_original\Cotton_Original_Dataset\Alternaria Leaf Spot\alternaria_(107).png,D:\ZaraiAI_Tomato_Cotton_Wheat\data\raw\cotton\cotton_original\Cotton_Original_Dataset\Alternaria Leaf Spot\alternaria_(107).png,700,700,3,JPEG,42329,1b859fbae3e4d1a8d568b4b138fa8eb3580386b53a26428449978270ac5cd22c,train
cotton,Verticillium Wilt,verticillium_(212).png,data\raw\cotton\cotton_original\Cotton_Original_Dataset\Verticillium Wilt\verticillium_(212).png,D:\ZaraiAI_Tomato_Cotton_Wheat\data\raw\cotton\cotton_original\Cotton_Original_Dataset\Verticillium Wilt\verticillium_(212).png,700,700,3,JPEG,65855,06ad5282e55255f66ce2b36e98a7317bebd9ccffc87bbb6891c973989e432315,train
cotton,Alternaria Leaf Spot,alternaria_(91).png,data\raw\cotton\cotton_original\Cotton_Original_Dataset\Alternaria Leaf Spot\alternaria_(91).png,D:\ZaraiAI_Tomato_Cotton_Wheat\data\raw\cotton\cotton_original\Cotton_Original_Dataset\Alternaria Leaf Spot\alternaria_(91).png,700,700,3,JPEG,39087,ff61dc676bc237c58b9936673b73610ad0b914672aa2beeac321a431840cfffc,train
cotton,Healthy Leaf,healthy_(14).png,data\raw\cotton\cotton_original\Cotton_Original_Dataset\Healthy Leaf\healthy_(14).png,D:\ZaraiAI_Tomato_Cotton_Wheat\data\raw\cotton\cotton_original\Cotton_Original_Dataset\Healthy Leaf\healthy_(14).png,700,700,3,JPEG,41068,5d39c88947e034ebc640399cdb863b0263239f849cd2eafe7fd2c1d759958419,train
cotton,Healthy Leaf,healthy_(106).png,data\raw\cotton\cotton_original\Cotton_Original_Dataset\Healthy Leaf\healthy_(106).png,D:\ZaraiAI_Tomato_Cotton_Wheat\data\raw\cotton\cotton_original\Cotton_Original_Dataset\Healthy Leaf\healthy_(106).png,700,700,3,JPEG,42330,7f5a5c75d4807fd44b570853b83cb1c880cefb8b5c3b0cd3f8350c3b17bec92f,train
cotton,Verticillium Wilt,verticillium_(201).png,data\raw\cotton\cotton_original\Cotton_Original_Dataset\Verticillium Wilt\verticillium_(201).png,D:\ZaraiAI_Tomato_Cotton_Wheat\data\raw\cotton\cotton_original\Cotton_Original_Dataset\Verticillium Wilt\verticillium_(201).png,700,700,3,JPEG,64586,2085cf07dc16fb6807c2dc3f913d240b03f5882262b48751dd020639c8b66e88,train
cotton,Alternaria Leaf Spot,alternaria_(19).png,data\raw\cotton\cotton_original\Cotton_Original_Dataset\Alternaria Leaf Spot\alternaria_(19).png,D:\ZaraiAI_Tomato_Cotton_Wheat\data\raw\cotton\cotton_original\Cotton_Original_Dataset\Alternaria Leaf Spot\alternaria_(19).png,700,700,3,JPEG,44416,a4a7f385758d2aba23f0eae9979a85c54ac493b04d91988db4f86acf75fe749f,train
cotton,Fusarium Wilt,fusarium_(243).png,data\raw\cotton\cotton_original\Cotton_Original_Dataset\Fusarium Wilt\fusarium_(243).png,D:\ZaraiAI_Tomato_Cotton_Wheat\data\raw\cotton\cotton_original\Cotton_Original_Dataset\Fusarium Wilt\fusarium_(243).png,700,700,3,JPEG,38930,90ad12cfc9495b33dea60c4f3d5b82e694a26b2a1fa46e50ee3dcff0738a982b,train
cotton,Verticillium Wilt,verticillium_(115).png,data\raw\cotton\cotton_original\Cotton_Original_Dataset\Verticillium Wilt\verticillium_(115).png,D:\ZaraiAI_Tomato_Cotton_Wheat\data\raw\cotton\cotton_original\Cotton_Original_Dataset\Verticillium Wilt\verticillium_(115).png,700,700,3,JPEG,38576,d6163b221ab0a163117304fe4a7dbd91c0a121eead4ab52292b29a3c1e7208e5,train
cotton,Bacterial Blight,bacterial_(114).png,data\raw\cotton\cotton_original\Cotton_Original_Dataset\Bacterial Blight\bacterial_(114).png,D:\ZaraiAI_Tomato_Cotton_Wheat\data\raw\cotton\cotton_original\Cotton_Original_Dataset\Bacterial Blight\bacterial_(114).png,700,700,3,JPEG,37455,81014f5b63a1edd6cf6fba38da8f5e34fc641ea5e3a9a5c24c918f27f694d215,train
cotton,Fusarium Wilt,fusarium_(198).png,data\raw\cotton\cotton_original\Cotton_Original_Dataset\Fusarium Wilt\fusarium_(198).png,D:\ZaraiAI_Tomato_Cotton_Wheat\data\raw\cotton\cotton_original\Cotton_Original_Dataset\Fusarium Wilt\fusarium_(198).png,700,700,3,JPEG,50840,b8db1e593bb04514f943632d3d18b6576ef9822404c00197060ce9dbdd9214fd,train
cotton,Healthy Leaf,healthy_(25).png,data\raw\cotton\cotton_original\Cotton_Original_Dataset\Healthy Leaf\healthy_(25).png,D:\ZaraiAI_Tomato_Cotton_Wheat\data\raw\cotton\cotton_original\Cotton_Original_Dataset\Healthy Leaf\healthy_(25).png,700,700,3,JPEG,37281,9560c8499d76e8030b316cc281c0f3992e38816222e09c69543a3b0b124ff552,train
cotton,Alternaria Leaf Spot,alternaria_(124).png,data\raw\cotton\cotton_original\Cotton_Original_Dataset\Alternaria Leaf Spot\alternaria_(124).png,D:\ZaraiAI_Tomato_Cotton_Wheat\data\raw\cotton\cotton_original\Cotton_Original_Dataset\Alternaria Leaf Spot\alternaria_(124).png,700,700,3,JPEG,42294,2e305fcefeca300ff8608baa39bfbb5adb2029039b8e1d48db33b5642e514fe8,train
cotton,Fusarium Wilt,fusarium_(163).png,data\raw\cotton\cotton_original\Cotton_Original_Dataset\Fusarium Wilt\fusarium_(163).png,D:\ZaraiAI_Tomato_Cotton_Wheat\data\raw\cotton\cotton_original\Cotton_Original_Dataset\Fusarium Wilt\fusarium_(163).png,700,700,3,JPEG,52302,699f246bb37e7ab7cd6dd31b1c9ff1fc562ca341e219db2b88d57b4f6b726e7c,train
cotton,Bacterial Blight,bacterial_(160).png,data\raw\cotton\cotton_original\Cotton_Original_Dataset\Bacterial Blight\bacterial_(160).png,D:\ZaraiAI_Tomato_Cotton_Wheat\data\raw\cotton\cotton_original\Cotton_Original_Dataset\Bacterial Blight\bacterial_(160).png,700,700,3,JPEG,37570,1a481b95eef7a0ddf7af423e3f10e727ceff7cee739256207b85ce977eb1816b,train
cotton,Verticillium Wilt,verticillium_(208).png,data\raw\cotton\cotton_original\Cotton_Original_Dataset\Verticillium Wilt\verticillium_(208).png,D:\ZaraiAI_Tomato_Cotton_Wheat\data\raw\cotton\cotton_original\Cotton_Original_Dataset\Verticillium Wilt\verticillium_(208).png,700,700,3,JPEG,37614,1dba481fd432274bdc168f42fc72074e5d36fd04756b131da6e9eac93de897e1,train
cotton,Alternaria Leaf Spot,alternaria_(173).png,data\raw\cotton\cotton_original\Cotton_Original_Dataset\Alternaria Leaf Spot\alternaria_(173).png,D:\ZaraiAI_Tomato_Cotton_Wheat\data\raw\cotton\cotton_original\Cotton_Original_Dataset\Alternaria Leaf Spot\alternaria_(173).png,700,700,3,JPEG,38956,93c5d5059af77fb97998ff20967cb5f0de39b4cda3f31044715e52384bfb3ff2,train
cotton,Healthy Leaf,healthy_(293).png,data\raw\cotton\cotton_original\Cotton_Original_Dataset\Healthy Leaf\healthy_(293).png,D:\ZaraiAI_Tomato_Cotton_Wheat\data\raw\cotton\cotton_original\Cotton_Original_Dataset\Healthy Leaf\healthy_(293).png,700,700,3,JPEG,39651,3e0297c8cd1a5afa8373bd4db0a2095de2e325b91ce5a25c9e33b5c869a3f185,train
cotton,Healthy Leaf,healthy_(319).png,data\raw\cotton\cotton_original\Cotton_Original_Dataset\Healthy Leaf\healthy_(319).png,D:\ZaraiAI_Tomato_Cotton_Wheat\data\raw\cotton\cotton_original\Cotton_Original_Dataset\Healthy Leaf\healthy_(319).png,700,700,3,JPEG,43007,e01493c620adac5bacdb0146a9386923e61da0a4ecb9c54007ec4db0b4f77ad2,train
cotton,Verticillium Wilt,verticillium_(66).png,data\raw\cotton\cotton_original\Cotton_Original_Dataset\Verticillium Wilt\verticillium_(66).png,D:\ZaraiAI_Tomato_Cotton_Wheat\data\raw\cotton\cotton_original\Cotton_Original_Dataset\Verticillium Wilt\verticillium_(66).png,700,700,3,JPEG,62159,d73882c62fce43bb379e804b96bcbc19519751eadde99857b8aeccb62eb011c8,train
cotton,Healthy Leaf,healthy_(73).png,data\raw\cotton\cotton_original\Cotton_Original_Dataset\Healthy Leaf\healthy_(73).png,D:\ZaraiAI_Tomato_Cotton_Wheat\data\raw\cotton\cotton_original\Cotton_Original_Dataset\Healthy Leaf\healthy_(73).png,700,700,3,JPEG,36977,b3ef80c1a4c4c7ad43ace8cd6a549fdafb55cbd876d0d6cd0313bb1a3e124850,train
cotton,Alternaria Leaf Spot,alternaria_(30).png,data\raw\cotton\cotton_original\Cotton_Original_Dataset\Alternaria Leaf Spot\alternaria_(30).png,D:\ZaraiAI_Tomato_Cotton_Wheat\data\raw\cotton\cotton_original\Cotton_Original_Dataset\Alternaria Leaf Spot\alternaria_(30).png,700,700,3,JPEG,44422,f588077a0edf40ad2d0c912f0fba9f3836e18fd08f1496500981fbeaa37e7414,train
cotton,Fusarium Wilt,fusarium_(15).png,data\raw\cotton\cotton_original\Cotton_Original_Dataset\Fusarium Wilt\fusarium_(15).png,D:\ZaraiAI_Tomato_Cotton_Wheat\data\raw\cotton\cotton_original\Cotton_Original_Dataset\Fusarium Wilt\fusarium_(15).png,700,700,3,JPEG,48775,3daec1338b6b9a0baab792d14f77083793d1387cbefc4e783fd333e3762563b7,train
cotton,Healthy Leaf,healthy_(171).png,data\raw\cotton\cotton_original\Cotton_Original_Dataset\Healthy Leaf\healthy_(171).png,D:\ZaraiAI_Tomato_Cotton_Wheat\data\raw\cotton\cotton_original\Cotton_Original_Dataset\Healthy Leaf\healthy_(171).png,700,700,3,JPEG,43912,ec0560e7b82b214fb80498f1f7753b1dbad814f029cb020e3a98c789b27c11a3,train
cotton,Alternaria Leaf Spot,alternaria_(92).png,data\raw\cotton\cotton_original\Cotton_Original_Dataset\Alternaria Leaf Spot\alternaria_(92).png,D:\ZaraiAI_Tomato_Cotton_Wheat\data\raw\cotton\cotton_original\Cotton_Original_Dataset\Alternaria Leaf Spot\alternaria_(92).png,700,700,3,JPEG,38895,127b19d7cee7460cfe49639eae89b5c3ebd374f52c2e8d0a1142b27ad681b709,train
cotton,Fusarium Wilt,fusarium_(223).png,data\raw\cotton\cotton_original\Cotton_Original_Dataset\Fusarium Wilt\fusarium_(223).png,D:\ZaraiAI_Tomato_Cotton_Wheat\data\raw\cotton\cotton_original\Cotton_Original_Dataset\Fusarium Wilt\fusarium_(223).png,700,700,3,JPEG,45923,2dc71df6563d9b7ea529a1405d6c3d8cae51e944249f757c348fdffcf1e30c86,train
cotton,Verticillium Wilt,verticillium_(307).png,data\raw\cotton\cotton_original\Cotton_Original_Dataset\Verticillium Wilt\verticillium_(307).png,D:\ZaraiAI_Tomato_Cotton_Wheat\data\raw\cotton\cotton_original\Cotton_Original_Dataset\Verticillium Wilt\verticillium_(307).png,700,700,3,JPEG,42178,a1181fabaeef11e569f4d6d00cb4af63bc6feab81bace87f1dffef5a3eac1f5d,train
cotton,Bacterial Blight,bacterial_(159).png,data\raw\cotton\cotton_original\Cotton_Original_Dataset\Bacterial Blight\bacterial_(159).png,D:\ZaraiAI_Tomato_Cotton_Wheat\data\raw\cotton\cotton_original\Cotton_Original_Dataset\Bacterial Blight\bacterial_(159).png,700,700,3,JPEG,53297,79ddc1956acca1805c4a18ded951e49241930e6e69f289c966697df1809444f6,train
cotton,Alternaria Leaf Spot,alternaria_(44).png,data\raw\cotton\cotton_original\Cotton_Original_Dataset\Alternaria Leaf Spot\alternaria_(44).png,D:\ZaraiAI_Tomato_Cotton_Wheat\data\raw\cotton\cotton_original\Cotton_Original_Dataset\Alternaria Leaf Spot\alternaria_(44).png,700,700,3,JPEG,43193,d9ca523e6a27f4beac4d55e46c0f1c76943c99b01bf711a2f19e03e70da6d655,train
cotton,Verticillium Wilt,verticillium_(207).png,data\raw\cotton\cotton_original\Cotton_Original_Dataset\Verticillium Wilt\verticillium_(207).png,D:\ZaraiAI_Tomato_Cotton_Wheat\data\raw\cotton\cotton_original\Cotton_Original_Dataset\Verticillium Wilt\verticillium_(207).png,700,700,3,JPEG,38542,0e03e6eea3ea6fb9f3f7debb9cd4eea639117fd174a5fd18fe01da8b573a247d,train
cotton,Healthy Leaf,healthy_(91).png,data\raw\cotton\cotton_original\Cotton_Original_Dataset\Healthy Leaf\healthy_(91).png,D:\ZaraiAI_Tomato_Cotton_Wheat\data\raw\cotton\cotton_original\Cotton_Original_Dataset\Healthy Leaf\healthy_(91).png,700,700,3,JPEG,34214,44257946845bbbf81d20437da04c1b2ca388e79311bb2695689961d95125d5b6,train
cotton,Bacterial Blight,bacterial_(68).png,data\raw\cotton\cotton_original\Cotton_Original_Dataset\Bacterial Blight\bacterial_(68).png,D:\ZaraiAI_Tomato_Cotton_Wheat\data\raw\cotton\cotton_original\Cotton_Original_Dataset\Bacterial Blight\bacterial_(68).png,700,700,3,JPEG,43179,eb7157bc692084f13771bb0b3e0bf4d38f09da5954eaeb63cb85c47589b79940,train
cotton,Alternaria Leaf Spot,alternaria_(145).png,data\raw\cotton\cotton_original\Cotton_Original_Dataset\Alternaria Leaf Spot\alternaria_(145).png,D:\ZaraiAI_Tomato_Cotton_Wheat\data\raw\cotton\cotton_original\Cotton_Original_Dataset\Alternaria Leaf Spot\alternaria_(145).png,700,700,3,JPEG,40961,93f484681f473b267b77dd97c72558215c41af22e02e854a1bbae98269747ab3,train
cotton,Verticillium Wilt,verticillium_(172).png,data\raw\cotton\cotton_original\Cotton_Original_Dataset\Verticillium Wilt\verticillium_(172).png,D:\ZaraiAI_Tomato_Cotton_Wheat\data\raw\cotton\cotton_original\Cotton_Original_Dataset\Verticillium Wilt\verticillium_(172).png,700,700,3,JPEG,38558,b7696acbcf9b2ff0a91ef8d1a03a95ca34771421d105a761aa0cdd0be63a0ec5,train
cotton,Verticillium Wilt,verticillium_(6).png,data\raw\cotton\cotton_original\Cotton_Original_Dataset\Verticillium Wilt\verticillium_(6).png,D:\ZaraiAI_Tomato_Cotton_Wheat\data\raw\cotton\cotton_original\Cotton_Original_Dataset\Verticillium Wilt\verticillium_(6).png,700,700,3,JPEG,63769,0bf715eb0099b7d39044b711b5a077d34713b955ac4e469e5c71db9e747b8b0c,train
cotton,Alternaria Leaf Spot,alternaria_(109).png,data\raw\cotton\cotton_original\Cotton_Original_Dataset\Alternaria Leaf Spot\alternaria_(109).png,D:\ZaraiAI_Tomato_Cotton_Wheat\data\raw\cotton\cotton_original\Cotton_Original_Dataset\Alternaria Leaf Spot\alternaria_(109).png,700,700,3,JPEG,40691,54847ece23a438f6753b211947c30bdd887dc0155869b0f245c5a6470acdc670,train
cotton,Bacterial Blight,bacterial_(45).png,data\raw\cotton\cotton_original\Cotton_Original_Dataset\Bacterial Blight\bacterial_(45).png,D:\ZaraiAI_Tomato_Cotton_Wheat\data\raw\cotton\cotton_original\Cotton_Original_Dataset\Bacterial Blight\bacterial_(45).png,700,700,3,JPEG,39228,673e413305fd007aa81775a29a429d71de34017156da21e55023bf78b01b618c,train
cotton,Verticillium Wilt,verticillium_(33).png,data\raw\cotton\cotton_original\Cotton_Original_Dataset\Verticillium Wilt\verticillium_(33).png,D:\ZaraiAI_Tomato_Cotton_Wheat\data\raw\cotton\cotton_original\Cotton_Original_Dataset\Verticillium Wilt\verticillium_(33).png,700,700,3,JPEG,51642,aaa6a8bde59d43acf0128e32ba350093cce147ec3fd1b99be16d65963c4447d3,train
cotton,Verticillium Wilt,verticillium_(90).png,data\raw\cotton\cotton_original\Cotton_Original_Dataset\Verticillium Wilt\verticillium_(90).png,D:\ZaraiAI_Tomato_Cotton_Wheat\data\raw\cotton\cotton_original\Cotton_Original_Dataset\Verticillium Wilt\verticillium_(90).png,700,700,3,JPEG,55058,70022e5defb50262551c3640972d731e48bc698fa324337ad2f4cf6853a45c30,train
cotton,Alternaria Leaf Spot,alternaria_(37).png,data\raw\cotton\cotton_original\Cotton_Original_Dataset\Alternaria Leaf Spot\alternaria_(37).png,D:\ZaraiAI_Tomato_Cotton_Wheat\data\raw\cotton\cotton_original\Cotton_Original_Dataset\Alternaria Leaf Spot\alternaria_(37).png,700,700,3,JPEG,31531,d55218212ab471d8198f58e585bddc720793ef23d1fe6066670105464792f3a7,train
cotton,Verticillium Wilt,verticillium_(311).png,data\raw\cotton\cotton_original\Cotton_Original_Dataset\Verticillium Wilt\verticillium_(311).png,D:\ZaraiAI_Tomato_Cotton_Wheat\data\raw\cotton\cotton_original\Cotton_Original_Dataset\Verticillium Wilt\verticillium_(311).png,700,700,3,JPEG,60121,0e1ede8fae34b194c8588ed74a0e4890aa439eb7d3bb4cddcc350fe9662d8ee6,train
cotton,Fusarium Wilt,fusarium_(284).png,data\raw\cotton\cotton_original\Cotton_Original_Dataset\Fusarium Wilt\fusarium_(284).png,D:\ZaraiAI_Tomato_Cotton_Wheat\data\raw\cotton\cotton_original\Cotton_Original_Dataset\Fusarium Wilt\fusarium_(284).png,700,700,3,JPEG,45263,b1c64702e3ea5b1b992e517ce81fb528e725f399df147487e08e115e30ac9ff7,train
cotton,Bacterial Blight,bacterial_(198).png,data\raw\cotton\cotton_original\Cotton_Original_Dataset\Bacterial Blight\bacterial_(198).png,D:\ZaraiAI_Tomato_Cotton_Wheat\data\raw\cotton\cotton_original\Cotton_Original_Dataset\Bacterial Blight\bacterial_(198).png,700,700,3,JPEG,38845,93a42b53fd8c32dac13360d5edc46e8bb0fe0fecc0f0fbcd9c349a2fa817703d,train
cotton,Verticillium Wilt,verticillium_(167).png,data\raw\cotton\cotton_original\Cotton_Original_Dataset\Verticillium Wilt\verticillium_(167).png,D:\ZaraiAI_Tomato_Cotton_Wheat\data\raw\cotton\cotton_original\Cotton_Original_Dataset\Verticillium Wilt\verticillium_(167).png,700,700,3,JPEG,38423,a6c8a50dda9f1e5ee9dfc9dfe89f8af71b3b08c79528a4300597bdf864ade1de,train
cotton,Healthy Leaf,healthy_(215).png,data\raw\cotton\cotton_original\Cotton_Original_Dataset\Healthy Leaf\healthy_(215).png,D:\ZaraiAI_Tomato_Cotton_Wheat\data\raw\cotton\cotton_original\Cotton_Original_Dataset\Healthy Leaf\healthy_(215).png,700,700,3,JPEG,34024,7f9180abe4ab55b8249d045ec625ebcac916c9862addfab35820847327243bd2,train
cotton,Fusarium Wilt,fusarium_(178).png,data\raw\cotton\cotton_original\Cotton_Original_Dataset\Fusarium Wilt\fusarium_(178).png,D:\ZaraiAI_Tomato_Cotton_Wheat\data\raw\cotton\cotton_original\Cotton_Original_Dataset\Fusarium Wilt\fusarium_(178).png,700,700,3,JPEG,48532,a6fcc776a2bb973336e2fb3c16f1a299c9fab22e27b7db3a2989bf8d40f846e8,train
cotton,Healthy Leaf,healthy_(177).png,data\raw\cotton\cotton_original\Cotton_Original_Dataset\Healthy Leaf\healthy_(177).png,D:\ZaraiAI_Tomato_Cotton_Wheat\data\raw\cotton\cotton_original\Cotton_Original_Dataset\Healthy Leaf\healthy_(177).png,700,700,3,JPEG,38080,17195b569f64eb70e9130e398c68064adf7cfdcd688b6d586b6eea553dd63fd1,train
cotton,Verticillium Wilt,verticillium_(298).png,data\raw\cotton\cotton_original\Cotton_Original_Dataset\Verticillium Wilt\verticillium_(298).png,D:\ZaraiAI_Tomato_Cotton_Wheat\data\raw\cotton\cotton_original\Cotton_Original_Dataset\Verticillium Wilt\verticillium_(298).png,700,700,3,JPEG,47914,79536dc7b68fd0fd536e3ee9bfb2404761b9927d4fc81a545ab14e4c769b4639,train
cotton,Verticillium Wilt,verticillium_(8).png,data\raw\cotton\cotton_original\Cotton_Original_Dataset\Verticillium Wilt\verticillium_(8).png,D:\ZaraiAI_Tomato_Cotton_Wheat\data\raw\cotton\cotton_original\Cotton_Original_Dataset\Verticillium Wilt\verticillium_(8).png,700,700,3,JPEG,58629,b941877e725bc92a6ff2ed89638be3c63402c000308df3359b3fa945f5c1b39e,train
cotton,Fusarium Wilt,fusarium_(214).png,data\raw\cotton\cotton_original\Cotton_Original_Dataset\Fusarium Wilt\fusarium_(214).png,D:\ZaraiAI_Tomato_Cotton_Wheat\data\raw\cotton\cotton_original\Cotton_Original_Dataset\Fusarium Wilt\fusarium_(214).png,700,700,3,JPEG,39355,9f2b8adaaf97b3d85bcebedd6e551add7dddfff8cc15863c9071c320dac49e02,train
cotton,Verticillium Wilt,verticillium_(16).png,data\raw\cotton\cotton_original\Cotton_Original_Dataset\Verticillium Wilt\verticillium_(16).png,D:\ZaraiAI_Tomato_Cotton_Wheat\data\raw\cotton\cotton_original\Cotton_Original_Dataset\Verticillium Wilt\verticillium_(16).png,700,700,3,JPEG,59572,3f486349260bf7d89cb4f23dfa6fb4d907e2ba4b6f97962c9f7d82907d9aade0,train
cotton,Verticillium Wilt,verticillium_(261).png,data\raw\cotton\cotton_original\Cotton_Original_Dataset\Verticillium Wilt\verticillium_(261).png,D:\ZaraiAI_Tomato_Cotton_Wheat\data\raw\cotton\cotton_original\Cotton_Original_Dataset\Verticillium Wilt\verticillium_(261).png,700,700,3,JPEG,55480,1e282443f5803339e81ed78ed3e806cdd28c69031eb42f429a71aed70086ad57,train
cotton,Fusarium Wilt,fusarium_(90).png,data\raw\cotton\cotton_original\Cotton_Original_Dataset\Fusarium Wilt\fusarium_(90).png,D:\ZaraiAI_Tomato_Cotton_Wheat\data\raw\cotton\cotton_original\Cotton_Original_Dataset\Fusarium Wilt\fusarium_(90).png,700,700,3,JPEG,46333,1c4ee582d42b7c3ad74f93ae7b92f32242fc56040d86d6342ce8f0ee0c37d8ed,train
cotton,Fusarium Wilt,fusarium_(56).png,data\raw\cotton\cotton_original\Cotton_Original_Dataset\Fusarium Wilt\fusarium_(56).png,D:\ZaraiAI_Tomato_Cotton_Wheat\data\raw\cotton\cotton_original\Cotton_Original_Dataset\Fusarium Wilt\fusarium_(56).png,700,700,3,JPEG,53830,030c685cca9be1005e70a3cc5fafe3a2e948606ff2939d423a469e1d95709c52,train
cotton,Alternaria Leaf Spot,alternaria_(161).png,data\raw\cotton\cotton_original\Cotton_Original_Dataset\Alternaria Leaf Spot\alternaria_(161).png,D:\ZaraiAI_Tomato_Cotton_Wheat\data\raw\cotton\cotton_original\Cotton_Original_Dataset\Alternaria Leaf Spot\alternaria_(161).png,700,700,3,JPEG,40446,9e7b4d6d836556ebcf868cada3992a69304a189133e70cfe278eb14739cff551,train
cotton,Fusarium Wilt,fusarium_(98).png,data\raw\cotton\cotton_original\Cotton_Original_Dataset\Fusarium Wilt\fusarium_(98).png,D:\ZaraiAI_Tomato_Cotton_Wheat\data\raw\cotton\cotton_original\Cotton_Original_Dataset\Fusarium Wilt\fusarium_(98).png,700,700,3,JPEG,41818,3e9cfee362cdec478c99ac2efc1b3498cfb9995ced69915b3b2a2448c5f960ae,train
cotton,Verticillium Wilt,verticillium_(173).png,data\raw\cotton\cotton_original\Cotton_Original_Dataset\Verticillium Wilt\verticillium_(173).png,D:\ZaraiAI_Tomato_Cotton_Wheat\data\raw\cotton\cotton_original\Cotton_Original_Dataset\Verticillium Wilt\verticillium_(173).png,700,700,3,JPEG,37086,e62630e38536750d8d7f22d48142eedec007926ddcbdc19c4be5bd04fa8fae51,train
cotton,Alternaria Leaf Spot,alternaria_(68).png,data\raw\cotton\cotton_original\Cotton_Original_Dataset\Alternaria Leaf Spot\alternaria_(68).png,D:\ZaraiAI_Tomato_Cotton_Wheat\data\raw\cotton\cotton_original\Cotton_Original_Dataset\Alternaria Leaf Spot\alternaria_(68).png,700,700,3,JPEG,39633,265fe88a0b8e6511979439c4eb775ccb94990fa312ef519896502130037542f6,train
cotton,Fusarium Wilt,fusarium_(74).png,data\raw\cotton\cotton_original\Cotton_Original_Dataset\Fusarium Wilt\fusarium_(74).png,D:\ZaraiAI_Tomato_Cotton_Wheat\data\raw\cotton\cotton_original\Cotton_Original_Dataset\Fusarium Wilt\fusarium_(74).png,700,700,3,JPEG,50487,81c9dd262a6577cae4b376bf28823031d477183673c6596b6af82c7c4b186e90,train
cotton,Bacterial Blight,bacterial_(166).png,data\raw\cotton\cotton_original\Cotton_Original_Dataset\Bacterial Blight\bacterial_(166).png,D:\ZaraiAI_Tomato_Cotton_Wheat\data\raw\cotton\cotton_original\Cotton_Original_Dataset\Bacterial Blight\bacterial_(166).png,700,700,3,JPEG,38166,e795d804d5de0be4881b56679379d6f02bf5a833bc17b0c56cf080b19d885731,train
cotton,Bacterial Blight,bacterial_(182).png,data\raw\cotton\cotton_original\Cotton_Original_Dataset\Bacterial Blight\bacterial_(182).png,D:\ZaraiAI_Tomato_Cotton_Wheat\data\raw\cotton\cotton_original\Cotton_Original_Dataset\Bacterial Blight\bacterial_(182).png,700,700,3,JPEG,31419,01b3a46e9b4780c2223e7283f4db9acb93c73f1f598f6d9f9107e6cd4b80b9e1,train
cotton,Verticillium Wilt,verticillium_(250).png,data\raw\cotton\cotton_original\Cotton_Original_Dataset\Verticillium Wilt\verticillium_(250).png,D:\ZaraiAI_Tomato_Cotton_Wheat\data\raw\cotton\cotton_original\Cotton_Original_Dataset\Verticillium Wilt\verticillium_(250).png,700,700,3,JPEG,55157,2e4ad805b68cd583d0c1fd51008981699f8ff213754f2689bbd20a094e1b7a64,train
cotton,Healthy Leaf,healthy_(11).png,data\raw\cotton\cotton_original\Cotton_Original_Dataset\Healthy Leaf\healthy_(11).png,D:\ZaraiAI_Tomato_Cotton_Wheat\data\raw\cotton\cotton_original\Cotton_Original_Dataset\Healthy Leaf\healthy_(11).png,700,700,3,JPEG,42198,586fbf962a0936ea046b6c240b93b2bd7f453cc1f969edfe258674bdb1ff610b,train
cotton,Alternaria Leaf Spot,alternaria_(55).png,data\raw\cotton\cotton_original\Cotton_Original_Dataset\Alternaria Leaf Spot\alternaria_(55).png,D:\ZaraiAI_Tomato_Cotton_Wheat\data\raw\cotton\cotton_original\Cotton_Original_Dataset\Alternaria Leaf Spot\alternaria_(55).png,700,700,3,JPEG,33152,3fd740a1889acbebdc1ee391723e6885978de003cab45db8c89ddded6a4ad8bc,train
cotton,Fusarium Wilt,fusarium_(164).png,data\raw\cotton\cotton_original\Cotton_Original_Dataset\Fusarium Wilt\fusarium_(164).png,D:\ZaraiAI_Tomato_Cotton_Wheat\data\raw\cotton\cotton_original\Cotton_Original_Dataset\Fusarium Wilt\fusarium_(164).png,700,700,3,JPEG,36318,216ea56711d15b018160ec6bfab1900592ce4e769569a75492ea2c79e8670923,train
cotton,Bacterial Blight,bacterial_(15).png,data\raw\cotton\cotton_original\Cotton_Original_Dataset\Bacterial Blight\bacterial_(15).png,D:\ZaraiAI_Tomato_Cotton_Wheat\data\raw\cotton\cotton_original\Cotton_Original_Dataset\Bacterial Blight\bacterial_(15).png,700,700,3,JPEG,58759,9234960b23c1287ab2f0dfd06f7d580d87bab8e327a554525ee12acbf8ad3516,train
cotton,Verticillium Wilt,verticillium_(291).png,data\raw\cotton\cotton_original\Cotton_Original_Dataset\Verticillium Wilt\verticillium_(291).png,D:\ZaraiAI_Tomato_Cotton_Wheat\data\raw\cotton\cotton_original\Cotton_Original_Dataset\Verticillium Wilt\verticillium_(291).png,700,700,3,JPEG,50095,0884167c92ece194b76b5fe7be056f32e6b856e39b4e6c115d8e2ca6e7b795a0,train
cotton,Verticillium Wilt,verticillium_(198).png,data\raw\cotton\cotton_original\Cotton_Original_Dataset\Verticillium Wilt\verticillium_(198).png,D:\ZaraiAI_Tomato_Cotton_Wheat\data\raw\cotton\cotton_original\Cotton_Original_Dataset\Verticillium Wilt\verticillium_(198).png,700,700,3,JPEG,32030,c1cae656366721b84bc75a0ce1d9f4bd131d566a9c003c920cf6cf39836502d7,train
cotton,Fusarium Wilt,fusarium_(112).png,data\raw\cotton\cotton_original\Cotton_Original_Dataset\Fusarium Wilt\fusarium_(112).png,D:\ZaraiAI_Tomato_Cotton_Wheat\data\raw\cotton\cotton_original\Cotton_Original_Dataset\Fusarium Wilt\fusarium_(112).png,700,700,3,JPEG,52523,e000b9acfa184eaf149f525f5869469d4d46535a0d5ce4edf057ac8966e5c469,train
cotton,Fusarium Wilt,fusarium_(251).png,data\raw\cotton\cotton_original\Cotton_Original_Dataset\Fusarium Wilt\fusarium_(251).png,D:\ZaraiAI_Tomato_Cotton_Wheat\data\raw\cotton\cotton_original\Cotton_Original_Dataset\Fusarium Wilt\fusarium_(251).png,700,700,3,JPEG,40457,1d11ed69e704a3e7c1a9690388cc7480fb3e2184446897c085285223d7c6b200,train
cotton,Bacterial Blight,bacterial_(48).png,data\raw\cotton\cotton_original\Cotton_Original_Dataset\Bacterial Blight\bacterial_(48).png,D:\ZaraiAI_Tomato_Cotton_Wheat\data\raw\cotton\cotton_original\Cotton_Original_Dataset\Bacterial Blight\bacterial_(48).png,700,700,3,JPEG,35848,4d0407418dd9079c64439e615fb3630012863f9530d4a861e2a18b858e34e3b1,train
cotton,Healthy Leaf,healthy_(325).png,data\raw\cotton\cotton_original\Cotton_Original_Dataset\Healthy Leaf\healthy_(325).png,D:\ZaraiAI_Tomato_Cotton_Wheat\data\raw\cotton\cotton_original\Cotton_Original_Dataset\Healthy Leaf\healthy_(325).png,700,700,3,JPEG,41276,d918a7395a894abdeb9f70b475528c6161e9b55a8a840ac551a2c337ed12c1a3,train
cotton,Healthy Leaf,healthy_(322).png,data\raw\cotton\cotton_original\Cotton_Original_Dataset\Healthy Leaf\healthy_(322).png,D:\ZaraiAI_Tomato_Cotton_Wheat\data\raw\cotton\cotton_original\Cotton_Original_Dataset\Healthy Leaf\healthy_(322).png,700,700,3,JPEG,39549,9c3b362da99b9ad47a314459c153bb9a245164ead0e8ab80e3a0f1316ac6a303,train
cotton,Verticillium Wilt,verticillium_(89).png,data\raw\cotton\cotton_original\Cotton_Original_Dataset\Verticillium Wilt\verticillium_(89).png,D:\ZaraiAI_Tomato_Cotton_Wheat\data\raw\cotton\cotton_original\Cotton_Original_Dataset\Verticillium Wilt\verticillium_(89).png,700,700,3,JPEG,42472,4088dc2fa3d477f2485a84a3f93b17d5331fffa50a33c4087232df4df7ed30b9,train
cotton,Fusarium Wilt,fusarium_(290).png,data\raw\cotton\cotton_original\Cotton_Original_Dataset\Fusarium Wilt\fusarium_(290).png,D:\ZaraiAI_Tomato_Cotton_Wheat\data\raw\cotton\cotton_original\Cotton_Original_Dataset\Fusarium Wilt\fusarium_(290).png,700,700,3,JPEG,37371,baf0e765730b2d7f0efde3d55f366a614f30401b8848fec53fb30772729d3365,train
cotton,Fusarium Wilt,fusarium_(253).png,data\raw\cotton\cotton_original\Cotton_Original_Dataset\Fusarium Wilt\fusarium_(253).png,D:\ZaraiAI_Tomato_Cotton_Wheat\data\raw\cotton\cotton_original\Cotton_Original_Dataset\Fusarium Wilt\fusarium_(253).png,700,700,3,JPEG,39120,a183271d76b411b74389dff0e73088dd42c3ebd1d76721d00563ac38b9dd5cdb,train
cotton,Fusarium Wilt,fusarium_(313).png,data\raw\cotton\cotton_original\Cotton_Original_Dataset\Fusarium Wilt\fusarium_(313).png,D:\ZaraiAI_Tomato_Cotton_Wheat\data\raw\cotton\cotton_original\Cotton_Original_Dataset\Fusarium Wilt\fusarium_(313).png,700,700,3,JPEG,45498,00fe304248acfc380b932043606dacb07a0f02967b72fb94cd15373eb0126a23,train
cotton,Verticillium Wilt,verticillium_(214).png,data\raw\cotton\cotton_original\Cotton_Original_Dataset\Verticillium Wilt\verticillium_(214).png,D:\ZaraiAI_Tomato_Cotton_Wheat\data\raw\cotton\cotton_original\Cotton_Original_Dataset\Verticillium Wilt\verticillium_(214).png,700,700,3,JPEG,35314,1d7012bda580de1f6a1d26f7aaf306d97ef12441aa1517be6086eeeae6ebae56,train
cotton,Bacterial Blight,bacterial_(150).png,data\raw\cotton\cotton_original\Cotton_Original_Dataset\Bacterial Blight\bacterial_(150).png,D:\ZaraiAI_Tomato_Cotton_Wheat\data\raw\cotton\cotton_original\Cotton_Original_Dataset\Bacterial Blight\bacterial_(150).png,700,700,3,JPEG,27950,cdc9b531254dcd424e31cccc14b9e8f9b4a3ac619def00f32c9dbabc044f70c0,train
cotton,Fusarium Wilt,fusarium_(303).png,data\raw\cotton\cotton_original\Cotton_Original_Dataset\Fusarium Wilt\fusarium_(303).png,D:\ZaraiAI_Tomato_Cotton_Wheat\data\raw\cotton\cotton_original\Cotton_Original_Dataset\Fusarium Wilt\fusarium_(303).png,700,700,3,JPEG,39820,a454151aa8c796332f507696eeb8c4c7499046ec72cd6a93529e1db2e3ec6ed2,train
cotton,Alternaria Leaf Spot,alternaria_(72).png,data\raw\cotton\cotton_original\Cotton_Original_Dataset\Alternaria Leaf Spot\alternaria_(72).png,D:\ZaraiAI_Tomato_Cotton_Wheat\data\raw\cotton\cotton_original\Cotton_Original_Dataset\Alternaria Leaf Spot\alternaria_(72).png,700,700,3,JPEG,38933,9559eb348c3f48e1dd2b22298462104f1bbbc2e0825ba96178463c2309093e28,train
cotton,Verticillium Wilt,verticillium_(169).png,data\raw\cotton\cotton_original\Cotton_Original_Dataset\Verticillium Wilt\verticillium_(169).png,D:\ZaraiAI_Tomato_Cotton_Wheat\data\raw\cotton\cotton_original\Cotton_Original_Dataset\Verticillium Wilt\verticillium_(169).png,700,700,3,JPEG,37825,6e8faf6228fb6d69363654f48e95857ad87b4a9300d9bea545445c0560040438,train
cotton,Verticillium Wilt,verticillium_(146).png,data\raw\cotton\cotton_original\Cotton_Original_Dataset\Verticillium Wilt\verticillium_(146).png,D:\ZaraiAI_Tomato_Cotton_Wheat\data\raw\cotton\cotton_original\Cotton_Original_Dataset\Verticillium Wilt\verticillium_(146).png,700,700,3,JPEG,63920,38c1bb302358aa2d526aa0e2338ea94969e03e612ceb3dd501550743dba016d8,train
cotton,Healthy Leaf,healthy_(80).png,data\raw\cotton\cotton_original\Cotton_Original_Dataset\Healthy Leaf\healthy_(80).png,D:\ZaraiAI_Tomato_Cotton_Wheat\data\raw\cotton\cotton_original\Cotton_Original_Dataset\Healthy Leaf\healthy_(80).png,700,700,3,JPEG,35201,c9cd612d864d2d679aa1d4e61df46f4216d5ca935bd4fa0e09c39205b029dfce,train
cotton,Healthy Leaf,healthy_(260).png,data\raw\cotton\cotton_original\Cotton_Original_Dataset\Healthy Leaf\healthy_(260).png,D:\ZaraiAI_Tomato_Cotton_Wheat\data\raw\cotton\cotton_original\Cotton_Original_Dataset\Healthy Leaf\healthy_(260).png,700,700,3,JPEG,44710,27105d99d6a6002cb704acf2fc5b8cd97afc84c48ecc39035edfe016fa3bd3d4,train
cotton,Fusarium Wilt,fusarium_(24).png,data\raw\cotton\cotton_original\Cotton_Original_Dataset\Fusarium Wilt\fusarium_(24).png,D:\ZaraiAI_Tomato_Cotton_Wheat\data\raw\cotton\cotton_original\Cotton_Original_Dataset\Fusarium Wilt\fusarium_(24).png,700,700,3,JPEG,47289,898f18b8f18e6a7174786fe9e2563eeb7e821425376b3f09ef4ccad37660cdef,train
cotton,Bacterial Blight,bacterial_(107).png,data\raw\cotton\cotton_original\Cotton_Original_Dataset\Bacterial Blight\bacterial_(107).png,D:\ZaraiAI_Tomato_Cotton_Wheat\data\raw\cotton\cotton_original\Cotton_Original_Dataset\Bacterial Blight\bacterial_(107).png,700,700,3,JPEG,36843,628c21275de6829488c0a808f814feb88dd252928323109cc3d534e69f0bb039,train
cotton,Alternaria Leaf Spot,alternaria_(43).png,data\raw\cotton\cotton_original\Cotton_Original_Dataset\Alternaria Leaf Spot\alternaria_(43).png,D:\ZaraiAI_Tomato_Cotton_Wheat\data\raw\cotton\cotton_original\Cotton_Original_Dataset\Alternaria Leaf Spot\alternaria_(43).png,700,700,3,JPEG,41261,aaba4f3512d90aa49445378a5409b9693c1e222bb70ac8d73df73426436fa4d8,train
cotton,Alternaria Leaf Spot,alternaria_(69).png,data\raw\cotton\cotton_original\Cotton_Original_Dataset\Alternaria Leaf Spot\alternaria_(69).png,D:\ZaraiAI_Tomato_Cotton_Wheat\data\raw\cotton\cotton_original\Cotton_Original_Dataset\Alternaria Leaf Spot\alternaria_(69).png,700,700,3,JPEG,34802,f788e3a735ea7920a9e2d595b5b3d39f8f2da59dfe00611691c27ce71642e0de,train
cotton,Alternaria Leaf Spot,alternaria_(159).png,data\raw\cotton\cotton_original\Cotton_Original_Dataset\Alternaria Leaf Spot\alternaria_(159).png,D:\ZaraiAI_Tomato_Cotton_Wheat\data\raw\cotton\cotton_original\Cotton_Original_Dataset\Alternaria Leaf Spot\alternaria_(159).png,700,700,3,JPEG,44771,8f670425920f02721ef6bc961d388a471e9843706d2ae2dcc1b6ede5dace3940,train
cotton,Fusarium Wilt,fusarium_(104).png,data\raw\cotton\cotton_original\Cotton_Original_Dataset\Fusarium Wilt\fusarium_(104).png,D:\ZaraiAI_Tomato_Cotton_Wheat\data\raw\cotton\cotton_original\Cotton_Original_Dataset\Fusarium Wilt\fusarium_(104).png,700,700,3,JPEG,48157,5c3b78cfe61b8f43cbf1500585e9abfee0a2f9d1a9057cf368fb66ef27f82857,train
cotton,Alternaria Leaf Spot,alternaria_(50).png,data\raw\cotton\cotton_original\Cotton_Original_Dataset\Alternaria Leaf Spot\alternaria_(50).png,D:\ZaraiAI_Tomato_Cotton_Wheat\data\raw\cotton\cotton_original\Cotton_Original_Dataset\Alternaria Leaf Spot\alternaria_(50).png,700,700,3,JPEG,42103,964373ae9ff82b29635ce754afde2957fa5bc49ce6f8c66c0b5c7d29bd349747,train
cotton,Verticillium Wilt,verticillium_(193).png,data\raw\cotton\cotton_original\Cotton_Original_Dataset\Verticillium Wilt\verticillium_(193).png,D:\ZaraiAI_Tomato_Cotton_Wheat\data\raw\cotton\cotton_original\Cotton_Original_Dataset\Verticillium Wilt\verticillium_(193).png,700,700,3,JPEG,36536,a6a1c7ba7506069ef0d343dfbcd2a50906622ed682204fa8d566b6900a2fa27b,train
cotton,Bacterial Blight,bacterial_(65).png,data\raw\cotton\cotton_original\Cotton_Original_Dataset\Bacterial Blight\bacterial_(65).png,D:\ZaraiAI_Tomato_Cotton_Wheat\data\raw\cotton\cotton_original\Cotton_Original_Dataset\Bacterial Blight\bacterial_(65).png,700,700,3,JPEG,41728,7adae3956c049551003ba63aba6243a020bbae1ede9c6055528317fb884808fc,train
cotton,Verticillium Wilt,verticillium_(31).png,data\raw\cotton\cotton_original\Cotton_Original_Dataset\Verticillium Wilt\verticillium_(31).png,D:\ZaraiAI_Tomato_Cotton_Wheat\data\raw\cotton\cotton_original\Cotton_Original_Dataset\Verticillium Wilt\verticillium_(31).png,700,700,3,JPEG,56409,c4ca70cbd4b684472daa6717bf2254bde1949ddc30bbfc7f48dd5b5e233a7c20,train
cotton,Verticillium Wilt,verticillium_(53).png,data\raw\cotton\cotton_original\Cotton_Original_Dataset\Verticillium Wilt\verticillium_(53).png,D:\ZaraiAI_Tomato_Cotton_Wheat\data\raw\cotton\cotton_original\Cotton_Original_Dataset\Verticillium Wilt\verticillium_(53).png,700,700,3,JPEG,50809,9d6ca3e0ac499042b7cc82f6fd2645a2d7297d06989b00f8191bcc10996721a7,train
cotton,Alternaria Leaf Spot,alternaria_(38).png,data\raw\cotton\cotton_original\Cotton_Original_Dataset\Alternaria Leaf Spot\alternaria_(38).png,D:\ZaraiAI_Tomato_Cotton_Wheat\data\raw\cotton\cotton_original\Cotton_Original_Dataset\Alternaria Leaf Spot\alternaria_(38).png,700,700,3,JPEG,32377,61c2f3299827305acb6c52ae23b03df89a2fa57e6d33f5fc14dc302e89a1c1f8,train
cotton,Alternaria Leaf Spot,alternaria_(113).png,data\raw\cotton\cotton_original\Cotton_Original_Dataset\Alternaria Leaf Spot\alternaria_(113).png,D:\ZaraiAI_Tomato_Cotton_Wheat\data\raw\cotton\cotton_original\Cotton_Original_Dataset\Alternaria Leaf Spot\alternaria_(113).png,700,700,3,JPEG,38101,416aa27faf2b4b62c0b9e06fa4f56e5e14b34436223511601527f89aeba08fff,train
cotton,Fusarium Wilt,fusarium_(185).png,data\raw\cotton\cotton_original\Cotton_Original_Dataset\Fusarium Wilt\fusarium_(185).png,D:\ZaraiAI_Tomato_Cotton_Wheat\data\raw\cotton\cotton_original\Cotton_Original_Dataset\Fusarium Wilt\fusarium_(185).png,700,700,3,JPEG,47933,ad7af15bec7e1ea9ff26efca3085dd15c393635862ac003b8562c96c14f9cb39,train
cotton,Alternaria Leaf Spot,alternaria_(153).png,data\raw\cotton\cotton_original\Cotton_Original_Dataset\Alternaria Leaf Spot\alternaria_(153).png,D:\ZaraiAI_Tomato_Cotton_Wheat\data\raw\cotton\cotton_original\Cotton_Original_Dataset\Alternaria Leaf Spot\alternaria_(153).png,700,700,3,JPEG,39097,c1f29e9ab55167fb6f5c59e9b0ded4dfc00cf3ef1d781a9647961b4e56be8863,train
cotton,Healthy Leaf,healthy_(13).png,data\raw\cotton\cotton_original\Cotton_Original_Dataset\Healthy Leaf\healthy_(13).png,D:\ZaraiAI_Tomato_Cotton_Wheat\data\raw\cotton\cotton_original\Cotton_Original_Dataset\Healthy Leaf\healthy_(13).png,700,700,3,JPEG,41959,9ab8d75cb0a1a3f24eaa30bc28d2e2c1a0ddeb196ec1186ed0b42c61b72d6cce,train
cotton,Bacterial Blight,bacterial_(175).png,data\raw\cotton\cotton_original\Cotton_Original_Dataset\Bacterial Blight\bacterial_(175).png,D:\ZaraiAI_Tomato_Cotton_Wheat\data\raw\cotton\cotton_original\Cotton_Original_Dataset\Bacterial Blight\bacterial_(175).png,700,700,3,JPEG,73742,b2bca30ef001a35c68562f0ea87cc06e20193b7de325e9eede2d64905da16bc3,train
cotton,Fusarium Wilt,fusarium_(286).png,data\raw\cotton\cotton_original\Cotton_Original_Dataset\Fusarium Wilt\fusarium_(286).png,D:\ZaraiAI_Tomato_Cotton_Wheat\data\raw\cotton\cotton_original\Cotton_Original_Dataset\Fusarium Wilt\fusarium_(286).png,700,700,3,JPEG,35210,dd6a360fee51dee31845724e01aaa7036899d85e29175bd87cf27acd643d36a4,train
cotton,Bacterial Blight,bacterial_(161).png,data\raw\cotton\cotton_original\Cotton_Original_Dataset\Bacterial Blight\bacterial_(161).png,D:\ZaraiAI_Tomato_Cotton_Wheat\data\raw\cotton\cotton_original\Cotton_Original_Dataset\Bacterial Blight\bacterial_(161).png,700,700,3,JPEG,42312,71ff0f35b430fea9f1ac73deae90aa5dd25b38eb801a7b94dd7b8d42542b7e69,train
cotton,Fusarium Wilt,fusarium_(275).png,data\raw\cotton\cotton_original\Cotton_Original_Dataset\Fusarium Wilt\fusarium_(275).png,D:\ZaraiAI_Tomato_Cotton_Wheat\data\raw\cotton\cotton_original\Cotton_Original_Dataset\Fusarium Wilt\fusarium_(275).png,700,700,3,JPEG,41685,c28fd7a9091ca9d8eb30dd6a51ebd68da7de462ddaaad50b5ee8721da05752bc,train
cotton,Fusarium Wilt,fusarium_(254).png,data\raw\cotton\cotton_original\Cotton_Original_Dataset\Fusarium Wilt\fusarium_(254).png,D:\ZaraiAI_Tomato_Cotton_Wheat\data\raw\cotton\cotton_original\Cotton_Original_Dataset\Fusarium Wilt\fusarium_(254).png,700,700,3,JPEG,36681,4b0124a07da05a1a98c7cb23be1330f85adbd8acfe76815369db46263ee07023,train
cotton,Bacterial Blight,bacterial_(116).png,data\raw\cotton\cotton_original\Cotton_Original_Dataset\Bacterial Blight\bacterial_(116).png,D:\ZaraiAI_Tomato_Cotton_Wheat\data\raw\cotton\cotton_original\Cotton_Original_Dataset\Bacterial Blight\bacterial_(116).png,700,700,3,JPEG,37577,e3a1aae3ef33f1d8c62afe824f9fb3881b76242f66f4415da584af440dfa4010,train
cotton,Healthy Leaf,healthy_(217).png,data\raw\cotton\cotton_original\Cotton_Original_Dataset\Healthy Leaf\healthy_(217).png,D:\ZaraiAI_Tomato_Cotton_Wheat\data\raw\cotton\cotton_original\Cotton_Original_Dataset\Healthy Leaf\healthy_(217).png,700,700,3,JPEG,39405,882d1a3e79874c849f30a5116ad05116c70443dd4812a7eff7462de36c45694f,train
cotton,Healthy Leaf,healthy_(31).png,data\raw\cotton\cotton_original\Cotton_Original_Dataset\Healthy Leaf\healthy_(31).png,D:\ZaraiAI_Tomato_Cotton_Wheat\data\raw\cotton\cotton_original\Cotton_Original_Dataset\Healthy Leaf\healthy_(31).png,700,700,3,JPEG,38748,435c7432cb9059b6b2076f0cb54ffd240de55ff9386ee49eb2a49c7fd7500844,train
cotton,Healthy Leaf,healthy_(127).png,data\raw\cotton\cotton_original\Cotton_Original_Dataset\Healthy Leaf\healthy_(127).png,D:\ZaraiAI_Tomato_Cotton_Wheat\data\raw\cotton\cotton_original\Cotton_Original_Dataset\Healthy Leaf\healthy_(127).png,700,700,3,JPEG,36268,95c14c894184341551f3453317f14ead98a7c4748d61ffe5ea023ea97569c9cb,train
cotton,Bacterial Blight,bacterial_(64).png,data\raw\cotton\cotton_original\Cotton_Original_Dataset\Bacterial Blight\bacterial_(64).png,D:\ZaraiAI_Tomato_Cotton_Wheat\data\raw\cotton\cotton_original\Cotton_Original_Dataset\Bacterial Blight\bacterial_(64).png,700,700,3,JPEG,35987,ad8037832314076848d1a63a8d1046c1af2884256e03c902edbec6c4da9c8b4b,train
cotton,Alternaria Leaf Spot,alternaria_(143).png,data\raw\cotton\cotton_original\Cotton_Original_Dataset\Alternaria Leaf Spot\alternaria_(143).png,D:\ZaraiAI_Tomato_Cotton_Wheat\data\raw\cotton\cotton_original\Cotton_Original_Dataset\Alternaria Leaf Spot\alternaria_(143).png,700,700,3,JPEG,42995,f5808ab4cc7ef13ec30bf4328696688e78b4fbf84f995d0e6facc4721468b588,train
cotton,Bacterial Blight,bacterial_(113).png,data\raw\cotton\cotton_original\Cotton_Original_Dataset\Bacterial Blight\bacterial_(113).png,D:\ZaraiAI_Tomato_Cotton_Wheat\data\raw\cotton\cotton_original\Cotton_Original_Dataset\Bacterial Blight\bacterial_(113).png,700,700,3,JPEG,60094,7ce805b60ec13236622024d6c0fe7e49b53fd9467a0fbb55622830d4e230e8a9,train
cotton,Alternaria Leaf Spot,alternaria_(16).png,data\raw\cotton\cotton_original\Cotton_Original_Dataset\Alternaria Leaf Spot\alternaria_(16).png,D:\ZaraiAI_Tomato_Cotton_Wheat\data\raw\cotton\cotton_original\Cotton_Original_Dataset\Alternaria Leaf Spot\alternaria_(16).png,700,700,3,JPEG,44732,b9cac2cddbbb9dd9a9df87071d5aa5073ee37ad5b3ae722f6f7ff66dc2991b24,train
cotton,Verticillium Wilt,verticillium_(12).png,data\raw\cotton\cotton_original\Cotton_Original_Dataset\Verticillium Wilt\verticillium_(12).png,D:\ZaraiAI_Tomato_Cotton_Wheat\data\raw\cotton\cotton_original\Cotton_Original_Dataset\Verticillium Wilt\verticillium_(12).png,700,700,3,JPEG,60724,ea5ce1026ecd100462792acf2e40dd7721e85d18086fb94eda03020bfb97b8da,train
cotton,Bacterial Blight,bacterial_(12).png,data\raw\cotton\cotton_original\Cotton_Original_Dataset\Bacterial Blight\bacterial_(12).png,D:\ZaraiAI_Tomato_Cotton_Wheat\data\raw\cotton\cotton_original\Cotton_Original_Dataset\Bacterial Blight\bacterial_(12).png,700,700,3,JPEG,58250,bab4466c26f72e467240b875b673e5f51fbd10a7a05ad9664b85482472277331,train
cotton,Healthy Leaf,healthy_(116).png,data\raw\cotton\cotton_original\Cotton_Original_Dataset\Healthy Leaf\healthy_(116).png,D:\ZaraiAI_Tomato_Cotton_Wheat\data\raw\cotton\cotton_original\Cotton_Original_Dataset\Healthy Leaf\healthy_(116).png,700,700,3,JPEG,33758,93a7e3321af326a52a2e8dbd6b18730ab47f0d040aff841cfd3f98ee7ec0fa49,train
cotton,Fusarium Wilt,fusarium_(306).png,data\raw\cotton\cotton_original\Cotton_Original_Dataset\Fusarium Wilt\fusarium_(306).png,D:\ZaraiAI_Tomato_Cotton_Wheat\data\raw\cotton\cotton_original\Cotton_Original_Dataset\Fusarium Wilt\fusarium_(306).png,700,700,3,JPEG,40778,9ae9896dcaa2edb75ed2327625f848ce9570ea5e52a7696fcf23ed7b2887a69d,train
cotton,Fusarium Wilt,fusarium_(288).png,data\raw\cotton\cotton_original\Cotton_Original_Dataset\Fusarium Wilt\fusarium_(288).png,D:\ZaraiAI_Tomato_Cotton_Wheat\data\raw\cotton\cotton_original\Cotton_Original_Dataset\Fusarium Wilt\fusarium_(288).png,700,700,3,JPEG,43321,56365266a08d1c4eedf16ebb41c4a0917783840f12d0dea05bc2bd866f4ddeab,train
cotton,Healthy Leaf,healthy_(151).png,data\raw\cotton\cotton_original\Cotton_Original_Dataset\Healthy Leaf\healthy_(151).png,D:\ZaraiAI_Tomato_Cotton_Wheat\data\raw\cotton\cotton_original\Cotton_Original_Dataset\Healthy Leaf\healthy_(151).png,700,700,3,JPEG,38203,442d15807911289e6e27f71c1212f3c9c38a87aa590f6448aa0c6c96b596b9a0,train
cotton,Verticillium Wilt,verticillium_(79).png,data\raw\cotton\cotton_original\Cotton_Original_Dataset\Verticillium Wilt\verticillium_(79).png,D:\ZaraiAI_Tomato_Cotton_Wheat\data\raw\cotton\cotton_original\Cotton_Original_Dataset\Verticillium Wilt\verticillium_(79).png,700,700,3,JPEG,57903,4427ea31fb2c28df90331bf14304e8dda9ed608cc4723e9cd8029828c1bd905a,train
cotton,Alternaria Leaf Spot,alternaria_(160).png,data\raw\cotton\cotton_original\Cotton_Original_Dataset\Alternaria Leaf Spot\alternaria_(160).png,D:\ZaraiAI_Tomato_Cotton_Wheat\data\raw\cotton\cotton_original\Cotton_Original_Dataset\Alternaria Leaf Spot\alternaria_(160).png,700,700,3,JPEG,45584,5b627ff22717a5423270bca3b12f98dfb049e862f2c6c4073a3555c68f89a0a8,train
cotton,Bacterial Blight,bacterial_(131).png,data\raw\cotton\cotton_original\Cotton_Original_Dataset\Bacterial Blight\bacterial_(131).png,D:\ZaraiAI_Tomato_Cotton_Wheat\data\raw\cotton\cotton_original\Cotton_Original_Dataset\Bacterial Blight\bacterial_(131).png,700,700,3,JPEG,36870,6e1ae4ea48f2a4939170ef95135770c58431f12c6b3cc77a7e8abfe73c6f04d0,train
cotton,Bacterial Blight,bacterial_(108).png,data\raw\cotton\cotton_original\Cotton_Original_Dataset\Bacterial Blight\bacterial_(108).png,D:\ZaraiAI_Tomato_Cotton_Wheat\data\raw\cotton\cotton_original\Cotton_Original_Dataset\Bacterial Blight\bacterial_(108).png,700,700,3,JPEG,33585,7a4d3a22e94d0c0664277ab3171f817d0a1f9f8e81cfbe4fc01f21dadda29665,train
cotton,Fusarium Wilt,fusarium_(122).png,data\raw\cotton\cotton_original\Cotton_Original_Dataset\Fusarium Wilt\fusarium_(122).png,D:\ZaraiAI_Tomato_Cotton_Wheat\data\raw\cotton\cotton_original\Cotton_Original_Dataset\Fusarium Wilt\fusarium_(122).png,700,700,3,JPEG,69203,4f73e90cdb3d033ccf378240f7dad226e0fb562a92dd2881463974dd1cd360aa,train
cotton,Healthy Leaf,healthy_(2).png,data\raw\cotton\cotton_original\Cotton_Original_Dataset\Healthy Leaf\healthy_(2).png,D:\ZaraiAI_Tomato_Cotton_Wheat\data\raw\cotton\cotton_original\Cotton_Original_Dataset\Healthy Leaf\healthy_(2).png,700,700,3,JPEG,40944,dc68fe1ec8ba77347f85b3dc43f396a96d2bc7262133d30cc519a320a7e537b9,train
cotton,Fusarium Wilt,fusarium_(304).png,data\raw\cotton\cotton_original\Cotton_Original_Dataset\Fusarium Wilt\fusarium_(304).png,D:\ZaraiAI_Tomato_Cotton_Wheat\data\raw\cotton\cotton_original\Cotton_Original_Dataset\Fusarium Wilt\fusarium_(304).png,700,700,3,JPEG,43408,57cb046cae6fb83d556fd203f13ff7c85125ee09f21bf4d40a4a772f4c205a0f,train
cotton,Alternaria Leaf Spot,alternaria_(13).png,data\raw\cotton\cotton_original\Cotton_Original_Dataset\Alternaria Leaf Spot\alternaria_(13).png,D:\ZaraiAI_Tomato_Cotton_Wheat\data\raw\cotton\cotton_original\Cotton_Original_Dataset\Alternaria Leaf Spot\alternaria_(13).png,700,700,3,JPEG,40989,44f682a9f2e6f2305805e735628d11550b32e5ebff921bc9ce05677876b4f312,train
cotton,Fusarium Wilt,fusarium_(113).png,data\raw\cotton\cotton_original\Cotton_Original_Dataset\Fusarium Wilt\fusarium_(113).png,D:\ZaraiAI_Tomato_Cotton_Wheat\data\raw\cotton\cotton_original\Cotton_Original_Dataset\Fusarium Wilt\fusarium_(113).png,700,700,3,JPEG,40406,ebaf72f261ae39e8dad82f18a8d63993c58654222042a136faeb6013361b8b09,train
cotton,Verticillium Wilt,verticillium_(242).png,data\raw\cotton\cotton_original\Cotton_Original_Dataset\Verticillium Wilt\verticillium_(242).png,D:\ZaraiAI_Tomato_Cotton_Wheat\data\raw\cotton\cotton_original\Cotton_Original_Dataset\Verticillium Wilt\verticillium_(242).png,700,700,3,JPEG,59396,c1a08e880299e7b086bad3565fa01538186c15e2626b7212f79e537f18b50fff,train
cotton,Healthy Leaf,healthy_(133).png,data\raw\cotton\cotton_original\Cotton_Original_Dataset\Healthy Leaf\healthy_(133).png,D:\ZaraiAI_Tomato_Cotton_Wheat\data\raw\cotton\cotton_original\Cotton_Original_Dataset\Healthy Leaf\healthy_(133).png,700,700,3,JPEG,40259,e3600175845ef8eaede8f5bddba6ad1d819f31ef04270d7a2038e90ca1ca4e21,train
cotton,Healthy Leaf,healthy_(309).png,data\raw\cotton\cotton_original\Cotton_Original_Dataset\Healthy Leaf\healthy_(309).png,D:\ZaraiAI_Tomato_Cotton_Wheat\data\raw\cotton\cotton_original\Cotton_Original_Dataset\Healthy Leaf\healthy_(309).png,700,700,3,JPEG,43061,ae5680a9cbbfeaaf0cac66cbcc60a6a38347a014a7dfd02063a82a5af85a10fb,train
cotton,Alternaria Leaf Spot,alternaria_(135).png,data\raw\cotton\cotton_original\Cotton_Original_Dataset\Alternaria Leaf Spot\alternaria_(135).png,D:\ZaraiAI_Tomato_Cotton_Wheat\data\raw\cotton\cotton_original\Cotton_Original_Dataset\Alternaria Leaf Spot\alternaria_(135).png,700,700,3,JPEG,42978,a599a2e2bec99033c0e47fe5b60e386b9e6a63b3dee8e59843c13e023bd4c175,train
cotton,Verticillium Wilt,verticillium_(171).png,data\raw\cotton\cotton_original\Cotton_Original_Dataset\Verticillium Wilt\verticillium_(171).png,D:\ZaraiAI_Tomato_Cotton_Wheat\data\raw\cotton\cotton_original\Cotton_Original_Dataset\Verticillium Wilt\verticillium_(171).png,700,700,3,JPEG,36194,9fd625ef8315aae01ab673c71a634432f0b16075a2d03f2c0acd0bce35beea67,train
cotton,Healthy Leaf,healthy_(271).png,data\raw\cotton\cotton_original\Cotton_Original_Dataset\Healthy Leaf\healthy_(271).png,D:\ZaraiAI_Tomato_Cotton_Wheat\data\raw\cotton\cotton_original\Cotton_Original_Dataset\Healthy Leaf\healthy_(271).png,700,700,3,JPEG,41305,375c181b482e4e5ea69ac7ae645a512b83a2911adca7e84a75e357d6a0ad4892,train
cotton,Fusarium Wilt,fusarium_(312).png,data\raw\cotton\cotton_original\Cotton_Original_Dataset\Fusarium Wilt\fusarium_(312).png,D:\ZaraiAI_Tomato_Cotton_Wheat\data\raw\cotton\cotton_original\Cotton_Original_Dataset\Fusarium Wilt\fusarium_(312).png,700,700,3,JPEG,44654,2e2bca151587472bc938b254063ee9f7e97fccd1510e74e3c293cae684de75f1,train
cotton,Verticillium Wilt,verticillium_(294).png,data\raw\cotton\cotton_original\Cotton_Original_Dataset\Verticillium Wilt\verticillium_(294).png,D:\ZaraiAI_Tomato_Cotton_Wheat\data\raw\cotton\cotton_original\Cotton_Original_Dataset\Verticillium Wilt\verticillium_(294).png,700,700,3,JPEG,47080,d5a5f88382733dfc75638945fc81352a15af9ebac1e298c4f644b692353c8723,train
cotton,Bacterial Blight,bacterial_(183).png,data\raw\cotton\cotton_original\Cotton_Original_Dataset\Bacterial Blight\bacterial_(183).png,D:\ZaraiAI_Tomato_Cotton_Wheat\data\raw\cotton\cotton_original\Cotton_Original_Dataset\Bacterial Blight\bacterial_(183).png,700,700,3,JPEG,52334,d88c40df876bc74bdb410e17aa9a9aae111a722ba13b49380cae89b85f59ce4f,train
cotton,Alternaria Leaf Spot,alternaria_(12).png,data\raw\cotton\cotton_original\Cotton_Original_Dataset\Alternaria Leaf Spot\alternaria_(12).png,D:\ZaraiAI_Tomato_Cotton_Wheat\data\raw\cotton\cotton_original\Cotton_Original_Dataset\Alternaria Leaf Spot\alternaria_(12).png,700,700,3,JPEG,41905,d65aa2d7dc2b8107d33467a2f7b0bf363ce9860e6d92cc07a8a5fab8dfdffbc1,train
cotton,Bacterial Blight,bacterial_(168).png,data\raw\cotton\cotton_original\Cotton_Original_Dataset\Bacterial Blight\bacterial_(168).png,D:\ZaraiAI_Tomato_Cotton_Wheat\data\raw\cotton\cotton_original\Cotton_Original_Dataset\Bacterial Blight\bacterial_(168).png,700,700,3,JPEG,37490,d6053b18f14526f536b1b5d77990727b0e0885b0cfb38cf169d56e4346a0cda0,train
cotton,Verticillium Wilt,verticillium_(92).png,data\raw\cotton\cotton_original\Cotton_Original_Dataset\Verticillium Wilt\verticillium_(92).png,D:\ZaraiAI_Tomato_Cotton_Wheat\data\raw\cotton\cotton_original\Cotton_Original_Dataset\Verticillium Wilt\verticillium_(92).png,700,700,3,JPEG,44840,a76f19d95cf1ca2ce0a119dd93989dd0ec6250669b8af3428611565620504f36,train
cotton,Fusarium Wilt,fusarium_(230).png,data\raw\cotton\cotton_original\Cotton_Original_Dataset\Fusarium Wilt\fusarium_(230).png,D:\ZaraiAI_Tomato_Cotton_Wheat\data\raw\cotton\cotton_original\Cotton_Original_Dataset\Fusarium Wilt\fusarium_(230).png,700,700,3,JPEG,40569,00627ddede555220074396bd9e15d72a6eda18caf9ebb6aa109f2d27a05a9ea5,train
cotton,Alternaria Leaf Spot,alternaria_(136).png,data\raw\cotton\cotton_original\Cotton_Original_Dataset\Alternaria Leaf Spot\alternaria_(136).png,D:\ZaraiAI_Tomato_Cotton_Wheat\data\raw\cotton\cotton_original\Cotton_Original_Dataset\Alternaria Leaf Spot\alternaria_(136).png,700,700,3,JPEG,42795,918e9d74bef70b70c2693c32958b08c48241bec5d16cd008312e4cabc9c91de4,train
cotton,Verticillium Wilt,verticillium_(88).png,data\raw\cotton\cotton_original\Cotton_Original_Dataset\Verticillium Wilt\verticillium_(88).png,D:\ZaraiAI_Tomato_Cotton_Wheat\data\raw\cotton\cotton_original\Cotton_Original_Dataset\Verticillium Wilt\verticillium_(88).png,700,700,3,JPEG,46984,b6dd133288b769e8f9e5dab5576c79ae1f3e1506a2edf5c96e045b7fdcc2b8e4,train
cotton,Verticillium Wilt,verticillium_(241).png,data\raw\cotton\cotton_original\Cotton_Original_Dataset\Verticillium Wilt\verticillium_(241).png,D:\ZaraiAI_Tomato_Cotton_Wheat\data\raw\cotton\cotton_original\Cotton_Original_Dataset\Verticillium Wilt\verticillium_(241).png,700,700,3,JPEG,61000,2437ecf5d56bdc152087af0db6a310a0c94a06d944e75338c8501ceaef85c095,train
cotton,Bacterial Blight,bacterial_(208).png,data\raw\cotton\cotton_original\Cotton_Original_Dataset\Bacterial Blight\bacterial_(208).png,D:\ZaraiAI_Tomato_Cotton_Wheat\data\raw\cotton\cotton_original\Cotton_Original_Dataset\Bacterial Blight\bacterial_(208).png,700,700,3,JPEG,79761,4883f161daa7ce2f0dd9d2c68e03bb21624fc7ffb00c9f91a1a4dde00eacaf67,train
cotton,Healthy Leaf,healthy_(93).png,data\raw\cotton\cotton_original\Cotton_Original_Dataset\Healthy Leaf\healthy_(93).png,D:\ZaraiAI_Tomato_Cotton_Wheat\data\raw\cotton\cotton_original\Cotton_Original_Dataset\Healthy Leaf\healthy_(93).png,700,700,3,JPEG,35171,cac341cdbf0be01e4a1a57dfb69f986f131238ecf99f0013e241d9ccfb74c0d3,train
cotton,Fusarium Wilt,fusarium_(16).png,data\raw\cotton\cotton_original\Cotton_Original_Dataset\Fusarium Wilt\fusarium_(16).png,D:\ZaraiAI_Tomato_Cotton_Wheat\data\raw\cotton\cotton_original\Cotton_Original_Dataset\Fusarium Wilt\fusarium_(16).png,700,700,3,JPEG,46537,27ed3d5554a39d8336dc587d8fc78178664c0ae42b24471ec5a48da0cc021877,train
cotton,Healthy Leaf,healthy_(57).png,data\raw\cotton\cotton_original\Cotton_Original_Dataset\Healthy Leaf\healthy_(57).png,D:\ZaraiAI_Tomato_Cotton_Wheat\data\raw\cotton\cotton_original\Cotton_Original_Dataset\Healthy Leaf\healthy_(57).png,700,700,3,JPEG,36363,3d4b1af81d143d3fe37e488b31a3efddeab9ed7c027ca15c99d0a421182998cf,train
cotton,Alternaria Leaf Spot,alternaria_(140).png,data\raw\cotton\cotton_original\Cotton_Original_Dataset\Alternaria Leaf Spot\alternaria_(140).png,D:\ZaraiAI_Tomato_Cotton_Wheat\data\raw\cotton\cotton_original\Cotton_Original_Dataset\Alternaria Leaf Spot\alternaria_(140).png,700,700,3,JPEG,44899,9d226d2198dcd21fe7628f1de8c0cd2957aa25389d0cafeac5790fd2f9f64de8,train
cotton,Fusarium Wilt,fusarium_(119).png,data\raw\cotton\cotton_original\Cotton_Original_Dataset\Fusarium Wilt\fusarium_(119).png,D:\ZaraiAI_Tomato_Cotton_Wheat\data\raw\cotton\cotton_original\Cotton_Original_Dataset\Fusarium Wilt\fusarium_(119).png,700,700,3,JPEG,68442,7c426c51038e2257e66079452abed5e74b1299a3b9269624e565da5db4d5879c,train
cotton,Alternaria Leaf Spot,alternaria_(157).png,data\raw\cotton\cotton_original\Cotton_Original_Dataset\Alternaria Leaf Spot\alternaria_(157).png,D:\ZaraiAI_Tomato_Cotton_Wheat\data\raw\cotton\cotton_original\Cotton_Original_Dataset\Alternaria Leaf Spot\alternaria_(157).png,700,700,3,JPEG,38830,6f105bebe4c5dac1bed6319d65a3447e82c1f397123b6ce823653f8e976792ae,train
cotton,Alternaria Leaf Spot,alternaria_(170).png,data\raw\cotton\cotton_original\Cotton_Original_Dataset\Alternaria Leaf Spot\alternaria_(170).png,D:\ZaraiAI_Tomato_Cotton_Wheat\data\raw\cotton\cotton_original\Cotton_Original_Dataset\Alternaria Leaf Spot\alternaria_(170).png,700,700,3,JPEG,42618,083e89f835234ab8619b9014a34ed85218b2fe189fe994dab8f94c320dfe493d,train
cotton,Alternaria Leaf Spot,alternaria_(141).png,data\raw\cotton\cotton_original\Cotton_Original_Dataset\Alternaria Leaf Spot\alternaria_(141).png,D:\ZaraiAI_Tomato_Cotton_Wheat\data\raw\cotton\cotton_original\Cotton_Original_Dataset\Alternaria Leaf Spot\alternaria_(141).png,700,700,3,JPEG,36661,99b12c6dea93eb031c36c7be871b2256a12a054974494a08a1a66d4a09d094e9,train
cotton,Verticillium Wilt,verticillium_(184).png,data\raw\cotton\cotton_original\Cotton_Original_Dataset\Verticillium Wilt\verticillium_(184).png,D:\ZaraiAI_Tomato_Cotton_Wheat\data\raw\cotton\cotton_original\Cotton_Original_Dataset\Verticillium Wilt\verticillium_(184).png,700,700,3,JPEG,33518,a108117dafa5068c65ba3e7e2a479badd155779867b1805d22b5f961f20acc6a,train
cotton,Verticillium Wilt,verticillium_(297).png,data\raw\cotton\cotton_original\Cotton_Original_Dataset\Verticillium Wilt\verticillium_(297).png,D:\ZaraiAI_Tomato_Cotton_Wheat\data\raw\cotton\cotton_original\Cotton_Original_Dataset\Verticillium Wilt\verticillium_(297).png,700,700,3,JPEG,57872,14497fc7d0f529e25f52a1e6d99e8987d4a14cfb1ad498b87ed942d5288894d2,train
cotton,Verticillium Wilt,verticillium_(285).png,data\raw\cotton\cotton_original\Cotton_Original_Dataset\Verticillium Wilt\verticillium_(285).png,D:\ZaraiAI_Tomato_Cotton_Wheat\data\raw\cotton\cotton_original\Cotton_Original_Dataset\Verticillium Wilt\verticillium_(285).png,700,700,3,JPEG,60472,c2414e35e76cfa336965cd7d424960214317f84a92fa263f379840c172256c9b,train
cotton,Verticillium Wilt,verticillium_(91).png,data\raw\cotton\cotton_original\Cotton_Original_Dataset\Verticillium Wilt\verticillium_(91).png,D:\ZaraiAI_Tomato_Cotton_Wheat\data\raw\cotton\cotton_original\Cotton_Original_Dataset\Verticillium Wilt\verticillium_(91).png,700,700,3,JPEG,48201,9b384f6e04f1da42c0b54439d3e40c2ea3bdef3431c7a7d80a7dd22328106870,train
cotton,Alternaria Leaf Spot,alternaria_(93).png,data\raw\cotton\cotton_original\Cotton_Original_Dataset\Alternaria Leaf Spot\alternaria_(93).png,D:\ZaraiAI_Tomato_Cotton_Wheat\data\raw\cotton\cotton_original\Cotton_Original_Dataset\Alternaria Leaf Spot\alternaria_(93).png,700,700,3,JPEG,38521,75b751d41246b5bcfbb826bff11d9544e83be4d4b65c871ef3189d6ef9f5ed27,train
cotton,Healthy Leaf,healthy_(120).png,data\raw\cotton\cotton_original\Cotton_Original_Dataset\Healthy Leaf\healthy_(120).png,D:\ZaraiAI_Tomato_Cotton_Wheat\data\raw\cotton\cotton_original\Cotton_Original_Dataset\Healthy Leaf\healthy_(120).png,700,700,3,JPEG,41016,6db1f4a873fdd29c2a9023364ebcdbc46998de6bf6a040841163d17a826fe3b4,train
cotton,Bacterial Blight,bacterial_(211).png,data\raw\cotton\cotton_original\Cotton_Original_Dataset\Bacterial Blight\bacterial_(211).png,D:\ZaraiAI_Tomato_Cotton_Wheat\data\raw\cotton\cotton_original\Cotton_Original_Dataset\Bacterial Blight\bacterial_(211).png,700,700,3,JPEG,60787,dc9a8660d6c566590dbfefd35de8f40d9766e7327171377d062f6e50e0270985,train
cotton,Bacterial Blight,bacterial_(203).png,data\raw\cotton\cotton_original\Cotton_Original_Dataset\Bacterial Blight\bacterial_(203).png,D:\ZaraiAI_Tomato_Cotton_Wheat\data\raw\cotton\cotton_original\Cotton_Original_Dataset\Bacterial Blight\bacterial_(203).png,700,700,3,JPEG,47671,fe3c268a8343ab790aea95ee6d0d457ee1eb276bd469e447e1d5d50ddd44fe6c,train
cotton,Alternaria Leaf Spot,alternaria_(131).png,data\raw\cotton\cotton_original\Cotton_Original_Dataset\Alternaria Leaf Spot\alternaria_(131).png,D:\ZaraiAI_Tomato_Cotton_Wheat\data\raw\cotton\cotton_original\Cotton_Original_Dataset\Alternaria Leaf Spot\alternaria_(131).png,700,700,3,JPEG,38672,ef9a6727a1999928ee941dbefedd2c48bfb4b5a2647e48e0f35b27454a9b28c6,train
cotton,Fusarium Wilt,fusarium_(165).png,data\raw\cotton\cotton_original\Cotton_Original_Dataset\Fusarium Wilt\fusarium_(165).png,D:\ZaraiAI_Tomato_Cotton_Wheat\data\raw\cotton\cotton_original\Cotton_Original_Dataset\Fusarium Wilt\fusarium_(165).png,700,700,3,JPEG,46166,12b864beaf37095ace69661a7a0a6b225c45c5dd72542de98001ad965d2e5cff,train
cotton,Fusarium Wilt,fusarium_(92).png,data\raw\cotton\cotton_original\Cotton_Original_Dataset\Fusarium Wilt\fusarium_(92).png,D:\ZaraiAI_Tomato_Cotton_Wheat\data\raw\cotton\cotton_original\Cotton_Original_Dataset\Fusarium Wilt\fusarium_(92).png,700,700,3,JPEG,42034,abdd32fd4ce83683cf6721419ca482a3873654f31af4517cbfc69df94f79e870,train
cotton,Verticillium Wilt,verticillium_(227).png,data\raw\cotton\cotton_original\Cotton_Original_Dataset\Verticillium Wilt\verticillium_(227).png,D:\ZaraiAI_Tomato_Cotton_Wheat\data\raw\cotton\cotton_original\Cotton_Original_Dataset\Verticillium Wilt\verticillium_(227).png,700,700,3,JPEG,42740,fe74b261e9691f04ce9fc62f37e066d655a6041423c854a08df95da0cee26b71,train
cotton,Alternaria Leaf Spot,alternaria_(112).png,data\raw\cotton\cotton_original\Cotton_Original_Dataset\Alternaria Leaf Spot\alternaria_(112).png,D:\ZaraiAI_Tomato_Cotton_Wheat\data\raw\cotton\cotton_original\Cotton_Original_Dataset\Alternaria Leaf Spot\alternaria_(112).png,700,700,3,JPEG,38216,38deaa3e6586301e885c71538ac954d38bb64fd3d0158ff6810c3da7381da186,train
cotton,Fusarium Wilt,fusarium_(123).png,data\raw\cotton\cotton_original\Cotton_Original_Dataset\Fusarium Wilt\fusarium_(123).png,D:\ZaraiAI_Tomato_Cotton_Wheat\data\raw\cotton\cotton_original\Cotton_Original_Dataset\Fusarium Wilt\fusarium_(123).png,700,700,3,JPEG,52002,27b24ff6da152a4c26e9c7f668761dd9925ab2e81f12b2d2c0a3e3a5ef6224bd,train
cotton,Fusarium Wilt,fusarium_(146).png,data\raw\cotton\cotton_original\Cotton_Original_Dataset\Fusarium Wilt\fusarium_(146).png,D:\ZaraiAI_Tomato_Cotton_Wheat\data\raw\cotton\cotton_original\Cotton_Original_Dataset\Fusarium Wilt\fusarium_(146).png,700,700,3,JPEG,41830,600ebe9e278e96055628092808a9ddaed3eabcb70687b46c7100e4c907d35fe1,train
cotton,Bacterial Blight,bacterial_(101).png,data\raw\cotton\cotton_original\Cotton_Original_Dataset\Bacterial Blight\bacterial_(101).png,D:\ZaraiAI_Tomato_Cotton_Wheat\data\raw\cotton\cotton_original\Cotton_Original_Dataset\Bacterial Blight\bacterial_(101).png,700,700,3,JPEG,55286,75291e2aa0a96054410c340184d5a59089603845bcb67b7c89a0a2a468ec0084,train
cotton,Verticillium Wilt,verticillium_(131).png,data\raw\cotton\cotton_original\Cotton_Original_Dataset\Verticillium Wilt\verticillium_(131).png,D:\ZaraiAI_Tomato_Cotton_Wheat\data\raw\cotton\cotton_original\Cotton_Original_Dataset\Verticillium Wilt\verticillium_(131).png,700,700,3,JPEG,29781,1da257499d002083ff523d4ab76dc5b7e21c3f5265b7a7b80f1bfb0374ed6c34,train
cotton,Verticillium Wilt,verticillium_(183).png,data\raw\cotton\cotton_original\Cotton_Original_Dataset\Verticillium Wilt\verticillium_(183).png,D:\ZaraiAI_Tomato_Cotton_Wheat\data\raw\cotton\cotton_original\Cotton_Original_Dataset\Verticillium Wilt\verticillium_(183).png,700,700,3,JPEG,37588,c4f7dc653ce4bc83213c555dd6a0071041489c4f375556215e3be82766534556,train
cotton,Alternaria Leaf Spot,alternaria_(172).png,data\raw\cotton\cotton_original\Cotton_Original_Dataset\Alternaria Leaf Spot\alternaria_(172).png,D:\ZaraiAI_Tomato_Cotton_Wheat\data\raw\cotton\cotton_original\Cotton_Original_Dataset\Alternaria Leaf Spot\alternaria_(172).png,700,700,3,JPEG,40385,b3288bb73b8c3c162c3ce74813914f99a41e232c36d8216733433ce7904072a6,train
cotton,Fusarium Wilt,fusarium_(224).png,data\raw\cotton\cotton_original\Cotton_Original_Dataset\Fusarium Wilt\fusarium_(224).png,D:\ZaraiAI_Tomato_Cotton_Wheat\data\raw\cotton\cotton_original\Cotton_Original_Dataset\Fusarium Wilt\fusarium_(224).png,700,700,3,JPEG,43026,a4731d5e65b5225b8786768040778bd62afa85953d12b2291d2fcf0dc728865b,train
cotton,Bacterial Blight,bacterial_(82).png,data\raw\cotton\cotton_original\Cotton_Original_Dataset\Bacterial Blight\bacterial_(82).png,D:\ZaraiAI_Tomato_Cotton_Wheat\data\raw\cotton\cotton_original\Cotton_Original_Dataset\Bacterial Blight\bacterial_(82).png,700,700,3,JPEG,38303,64d4256a7b501467a9125cfc2198fc367eeb6c41d2fd7b6d95a6c1143e0cdc3b,train
cotton,Fusarium Wilt,fusarium_(244).png,data\raw\cotton\cotton_original\Cotton_Original_Dataset\Fusarium Wilt\fusarium_(244).png,D:\ZaraiAI_Tomato_Cotton_Wheat\data\raw\cotton\cotton_original\Cotton_Original_Dataset\Fusarium Wilt\fusarium_(244).png,700,700,3,JPEG,40539,5f1093424c60e7810d84d30751e70f8d0fc05427b38a36e7ac15a35d6f64f196,train
cotton,Verticillium Wilt,verticillium_(206).png,data\raw\cotton\cotton_original\Cotton_Original_Dataset\Verticillium Wilt\verticillium_(206).png,D:\ZaraiAI_Tomato_Cotton_Wheat\data\raw\cotton\cotton_original\Cotton_Original_Dataset\Verticillium Wilt\verticillium_(206).png,700,700,3,JPEG,39628,3070e346d004753d910d5b6f4f48d64ed7ec1bd75922f29399f26bd941267b52,train
cotton,Alternaria Leaf Spot,alternaria_(63).png,data\raw\cotton\cotton_original\Cotton_Original_Dataset\Alternaria Leaf Spot\alternaria_(63).png,D:\ZaraiAI_Tomato_Cotton_Wheat\data\raw\cotton\cotton_original\Cotton_Original_Dataset\Alternaria Leaf Spot\alternaria_(63).png,700,700,3,JPEG,42791,cd93fa923d7cda6dbc58844f89be80fb413fb927ffb29f825def3c697bdafedc,train
cotton,Fusarium Wilt,fusarium_(70).png,data\raw\cotton\cotton_original\Cotton_Original_Dataset\Fusarium Wilt\fusarium_(70).png,D:\ZaraiAI_Tomato_Cotton_Wheat\data\raw\cotton\cotton_original\Cotton_Original_Dataset\Fusarium Wilt\fusarium_(70).png,700,700,3,JPEG,38701,c5d517668ddfa97574847325d5c2180a9f0292142981db9ecf8f696bee037af9,train
cotton,Verticillium Wilt,verticillium_(176).png,data\raw\cotton\cotton_original\Cotton_Original_Dataset\Verticillium Wilt\verticillium_(176).png,D:\ZaraiAI_Tomato_Cotton_Wheat\data\raw\cotton\cotton_original\Cotton_Original_Dataset\Verticillium Wilt\verticillium_(176).png,700,700,3,JPEG,35558,5e3192e927babe3ab3dd250234571b46b907d3ad871fa3293f5eb644f2143aa3,train
cotton,Verticillium Wilt,verticillium_(300).png,data\raw\cotton\cotton_original\Cotton_Original_Dataset\Verticillium Wilt\verticillium_(300).png,D:\ZaraiAI_Tomato_Cotton_Wheat\data\raw\cotton\cotton_original\Cotton_Original_Dataset\Verticillium Wilt\verticillium_(300).png,700,700,3,JPEG,60188,31b6131363c6ff88ba09349c7a0d8268ed24e5a1d0e86ef4542b360faf39597f,train
cotton,Bacterial Blight,bacterial_(187).png,data\raw\cotton\cotton_original\Cotton_Original_Dataset\Bacterial Blight\bacterial_(187).png,D:\ZaraiAI_Tomato_Cotton_Wheat\data\raw\cotton\cotton_original\Cotton_Original_Dataset\Bacterial Blight\bacterial_(187).png,700,700,3,JPEG,33756,e77c4607b33b04618c16b809fce58e18efbb0ed611473971e2b199a8831098cc,train
cotton,Alternaria Leaf Spot,alternaria_(88).png,data\raw\cotton\cotton_original\Cotton_Original_Dataset\Alternaria Leaf Spot\alternaria_(88).png,D:\ZaraiAI_Tomato_Cotton_Wheat\data\raw\cotton\cotton_original\Cotton_Original_Dataset\Alternaria Leaf Spot\alternaria_(88).png,700,700,3,JPEG,39116,2bed01db9b1d97b9433d4056ad67e51597b81a67c499b19cf7e72bcc4b602381,train
cotton,Alternaria Leaf Spot,alternaria_(101).png,data\raw\cotton\cotton_original\Cotton_Original_Dataset\Alternaria Leaf Spot\alternaria_(101).png,D:\ZaraiAI_Tomato_Cotton_Wheat\data\raw\cotton\cotton_original\Cotton_Original_Dataset\Alternaria Leaf Spot\alternaria_(101).png,700,700,3,JPEG,30691,a862f2b264d2e9109662e761c2804166e6061e90d14b6f1df59d398fb4581160,train
cotton,Healthy Leaf,healthy_(64).png,data\raw\cotton\cotton_original\Cotton_Original_Dataset\Healthy Leaf\healthy_(64).png,D:\ZaraiAI_Tomato_Cotton_Wheat\data\raw\cotton\cotton_original\Cotton_Original_Dataset\Healthy Leaf\healthy_(64).png,700,700,3,JPEG,40577,2f7bd5358f5a83c96bb1adf4c6ad747f39699d5d8807ac501606302434d369e9,train
cotton,Bacterial Blight,bacterial_(126).png,data\raw\cotton\cotton_original\Cotton_Original_Dataset\Bacterial Blight\bacterial_(126).png,D:\ZaraiAI_Tomato_Cotton_Wheat\data\raw\cotton\cotton_original\Cotton_Original_Dataset\Bacterial Blight\bacterial_(126).png,700,700,3,JPEG,41078,4206a983ffae1d1ef1a09b7e20a3cfd901352e6bbd349151406f6d0ba94207ca,train
cotton,Bacterial Blight,bacterial_(174).png,data\raw\cotton\cotton_original\Cotton_Original_Dataset\Bacterial Blight\bacterial_(174).png,D:\ZaraiAI_Tomato_Cotton_Wheat\data\raw\cotton\cotton_original\Cotton_Original_Dataset\Bacterial Blight\bacterial_(174).png,700,700,3,JPEG,33425,769d267cd3ee8b51070a5ae6854eeaef1b28e54f014f89bc06a5881a27007d40,train
cotton,Fusarium Wilt,fusarium_(281).png,data\raw\cotton\cotton_original\Cotton_Original_Dataset\Fusarium Wilt\fusarium_(281).png,D:\ZaraiAI_Tomato_Cotton_Wheat\data\raw\cotton\cotton_original\Cotton_Original_Dataset\Fusarium Wilt\fusarium_(281).png,700,700,3,JPEG,36543,18b3decbf084eedb30bca7bcb6ac1733f67cd37b8ee58e6e84444b54d441ccc8,train
cotton,Healthy Leaf,healthy_(286).png,data\raw\cotton\cotton_original\Cotton_Original_Dataset\Healthy Leaf\healthy_(286).png,D:\ZaraiAI_Tomato_Cotton_Wheat\data\raw\cotton\cotton_original\Cotton_Original_Dataset\Healthy Leaf\healthy_(286).png,700,700,3,JPEG,45638,7597a68859559e71a9c73d6045f6921a4bbcc2f86389e81ba273892f52b1a539,train
cotton,Alternaria Leaf Spot,alternaria_(15).png,data\raw\cotton\cotton_original\Cotton_Original_Dataset\Alternaria Leaf Spot\alternaria_(15).png,D:\ZaraiAI_Tomato_Cotton_Wheat\data\raw\cotton\cotton_original\Cotton_Original_Dataset\Alternaria Leaf Spot\alternaria_(15).png,700,700,3,JPEG,49570,17502c13300dfff5b954cf1175f31b67e2fc305bbdbd98d5bdf24c1bb493d24a,train
cotton,Alternaria Leaf Spot,alternaria_(120).png,data\raw\cotton\cotton_original\Cotton_Original_Dataset\Alternaria Leaf Spot\alternaria_(120).png,D:\ZaraiAI_Tomato_Cotton_Wheat\data\raw\cotton\cotton_original\Cotton_Original_Dataset\Alternaria Leaf Spot\alternaria_(120).png,700,700,3,JPEG,45234,1594ac6ee5bf80dddf6781d945c5ee61f823808213737dc67def663a26ab1321,train
cotton,Fusarium Wilt,fusarium_(61).png,data\raw\cotton\cotton_original\Cotton_Original_Dataset\Fusarium Wilt\fusarium_(61).png,D:\ZaraiAI_Tomato_Cotton_Wheat\data\raw\cotton\cotton_original\Cotton_Original_Dataset\Fusarium Wilt\fusarium_(61).png,700,700,3,JPEG,48147,e3829ba48d4c1ae8a3b50789af60fb3885e73d7202b5d6c377e5371464970396,train
cotton,Bacterial Blight,bacterial_(112).png,data\raw\cotton\cotton_original\Cotton_Original_Dataset\Bacterial Blight\bacterial_(112).png,D:\ZaraiAI_Tomato_Cotton_Wheat\data\raw\cotton\cotton_original\Cotton_Original_Dataset\Bacterial Blight\bacterial_(112).png,700,700,3,JPEG,65038,7e1bb39841ca689360bf0f5f46d07078e14368c4d89c31c5531fccdda40cecf1,train
cotton,Fusarium Wilt,fusarium_(75).png,data\raw\cotton\cotton_original\Cotton_Original_Dataset\Fusarium Wilt\fusarium_(75).png,D:\ZaraiAI_Tomato_Cotton_Wheat\data\raw\cotton\cotton_original\Cotton_Original_Dataset\Fusarium Wilt\fusarium_(75).png,700,700,3,JPEG,48447,26599c0cc3867b0c1d8fda20e8d343c7119a9f46d8be34d89b86b587a1164ce8,train
cotton,Fusarium Wilt,fusarium_(63).png,data\raw\cotton\cotton_original\Cotton_Original_Dataset\Fusarium Wilt\fusarium_(63).png,D:\ZaraiAI_Tomato_Cotton_Wheat\data\raw\cotton\cotton_original\Cotton_Original_Dataset\Fusarium Wilt\fusarium_(63).png,700,700,3,JPEG,52367,0bb5522da7d9aad0df3a6ac16b63983c49beb3adc49d87d53b696ee6c461f0f0,train
cotton,Fusarium Wilt,fusarium_(220).png,data\raw\cotton\cotton_original\Cotton_Original_Dataset\Fusarium Wilt\fusarium_(220).png,D:\ZaraiAI_Tomato_Cotton_Wheat\data\raw\cotton\cotton_original\Cotton_Original_Dataset\Fusarium Wilt\fusarium_(220).png,700,700,3,JPEG,50903,050b04d8ac432cada911160551183f04511c1803757ee78dd0f0440b61e99203,train
cotton,Fusarium Wilt,fusarium_(196).png,data\raw\cotton\cotton_original\Cotton_Original_Dataset\Fusarium Wilt\fusarium_(196).png,D:\ZaraiAI_Tomato_Cotton_Wheat\data\raw\cotton\cotton_original\Cotton_Original_Dataset\Fusarium Wilt\fusarium_(196).png,700,700,3,JPEG,49879,9ecdaa987ae12853bfa166d94e5a7758354404eff13d4d1237c829f3b1358649,train
cotton,Verticillium Wilt,verticillium_(102).png,data\raw\cotton\cotton_original\Cotton_Original_Dataset\Verticillium Wilt\verticillium_(102).png,D:\ZaraiAI_Tomato_Cotton_Wheat\data\raw\cotton\cotton_original\Cotton_Original_Dataset\Verticillium Wilt\verticillium_(102).png,700,700,3,JPEG,53922,5d02958c94e54634e108b30d2119a455b06ab1860cf84a3377db8e854c78ef57,train
cotton,Verticillium Wilt,verticillium_(186).png,data\raw\cotton\cotton_original\Cotton_Original_Dataset\Verticillium Wilt\verticillium_(186).png,D:\ZaraiAI_Tomato_Cotton_Wheat\data\raw\cotton\cotton_original\Cotton_Original_Dataset\Verticillium Wilt\verticillium_(186).png,700,700,3,JPEG,35239,e14d4173e54b04cae943d733fa70a68c5236703a5cceaad98cbe80c218c1d205,train
cotton,Alternaria Leaf Spot,alternaria_(115).png,data\raw\cotton\cotton_original\Cotton_Original_Dataset\Alternaria Leaf Spot\alternaria_(115).png,D:\ZaraiAI_Tomato_Cotton_Wheat\data\raw\cotton\cotton_original\Cotton_Original_Dataset\Alternaria Leaf Spot\alternaria_(115).png,700,700,3,JPEG,36768,f71e14ea0e25042e06f919604803925343f0d9e49ec3e05d8fea650fe986a92a,train
cotton,Fusarium Wilt,fusarium_(299).png,data\raw\cotton\cotton_original\Cotton_Original_Dataset\Fusarium Wilt\fusarium_(299).png,D:\ZaraiAI_Tomato_Cotton_Wheat\data\raw\cotton\cotton_original\Cotton_Original_Dataset\Fusarium Wilt\fusarium_(299).png,700,700,3,JPEG,44589,75793a887875aa0fc92a3b3f41e37dc71e82e34826e9b4e065d62465b6c31646,train
cotton,Verticillium Wilt,verticillium_(243).png,data\raw\cotton\cotton_original\Cotton_Original_Dataset\Verticillium Wilt\verticillium_(243).png,D:\ZaraiAI_Tomato_Cotton_Wheat\data\raw\cotton\cotton_original\Cotton_Original_Dataset\Verticillium Wilt\verticillium_(243).png,700,700,3,JPEG,62958,adae3bbfd51dc3016b5dec3f61d37331977cfc4eefa9f34e8ec0b02e396101c3,train
cotton,Fusarium Wilt,fusarium_(183).png,data\raw\cotton\cotton_original\Cotton_Original_Dataset\Fusarium Wilt\fusarium_(183).png,D:\ZaraiAI_Tomato_Cotton_Wheat\data\raw\cotton\cotton_original\Cotton_Original_Dataset\Fusarium Wilt\fusarium_(183).png,700,700,3,JPEG,46838,54641cb9a489c272f06c71b6ce0d3cb6a9c0a252757f4459a51b8fb6453b5dbf,train
cotton,Bacterial Blight,bacterial_(21).png,data\raw\cotton\cotton_original\Cotton_Original_Dataset\Bacterial Blight\bacterial_(21).png,D:\ZaraiAI_Tomato_Cotton_Wheat\data\raw\cotton\cotton_original\Cotton_Original_Dataset\Bacterial Blight\bacterial_(21).png,700,700,3,JPEG,55035,9e6b5acbffed13767f6ef0360afca0f519c75aba9e9326bb8bce72d00dda44bd,train
cotton,Bacterial Blight,bacterial_(205).png,data\raw\cotton\cotton_original\Cotton_Original_Dataset\Bacterial Blight\bacterial_(205).png,D:\ZaraiAI_Tomato_Cotton_Wheat\data\raw\cotton\cotton_original\Cotton_Original_Dataset\Bacterial Blight\bacterial_(205).png,700,700,3,JPEG,38835,ad8e09563482d4d8ce0cc58f148a4730cc711b6b330890d4175f59cafd1fe49b,train
cotton,Verticillium Wilt,verticillium_(125).png,data\raw\cotton\cotton_original\Cotton_Original_Dataset\Verticillium Wilt\verticillium_(125).png,D:\ZaraiAI_Tomato_Cotton_Wheat\data\raw\cotton\cotton_original\Cotton_Original_Dataset\Verticillium Wilt\verticillium_(125).png,700,700,3,JPEG,35549,79618725db2e32c8879edcffcfceeb14a121c76cbc044956f8f3b452bc38cff5,train
cotton,Fusarium Wilt,fusarium_(40).png,data\raw\cotton\cotton_original\Cotton_Original_Dataset\Fusarium Wilt\fusarium_(40).png,D:\ZaraiAI_Tomato_Cotton_Wheat\data\raw\cotton\cotton_original\Cotton_Original_Dataset\Fusarium Wilt\fusarium_(40).png,700,700,3,JPEG,46237,fefdb268eb5aa049927ad68f6f853dbc1d43ed3f5d870df80cff8dc2953ff69f,train
cotton,Healthy Leaf,healthy_(238).png,data\raw\cotton\cotton_original\Cotton_Original_Dataset\Healthy Leaf\healthy_(238).png,D:\ZaraiAI_Tomato_Cotton_Wheat\data\raw\cotton\cotton_original\Cotton_Original_Dataset\Healthy Leaf\healthy_(238).png,700,700,3,JPEG,41651,730622f6c809a25fa3fae64f10b81b880b35a4eaecb5e6138cf99ae7705ee0fe,train
cotton,Fusarium Wilt,fusarium_(222).png,data\raw\cotton\cotton_original\Cotton_Original_Dataset\Fusarium Wilt\fusarium_(222).png,D:\ZaraiAI_Tomato_Cotton_Wheat\data\raw\cotton\cotton_original\Cotton_Original_Dataset\Fusarium Wilt\fusarium_(222).png,700,700,3,JPEG,45686,12876e441acf88df255a8400cdeb5e1b72c4156b969d73580c422763587928a8,train
cotton,Verticillium Wilt,verticillium_(196).png,data\raw\cotton\cotton_original\Cotton_Original_Dataset\Verticillium Wilt\verticillium_(196).png,D:\ZaraiAI_Tomato_Cotton_Wheat\data\raw\cotton\cotton_original\Cotton_Original_Dataset\Verticillium Wilt\verticillium_(196).png,700,700,3,JPEG,33228,66e1bc6836592fea9b61bfd8b0014012ab5fec6e304460fb5ff40a184174bd17,train
cotton,Verticillium Wilt,verticillium_(253).png,data\raw\cotton\cotton_original\Cotton_Original_Dataset\Verticillium Wilt\verticillium_(253).png,D:\ZaraiAI_Tomato_Cotton_Wheat\data\raw\cotton\cotton_original\Cotton_Original_Dataset\Verticillium Wilt\verticillium_(253).png,700,700,3,JPEG,57634,a9ffa635c9841d40f53b1a3071cba0d1f1fada9f7f1afeb7bd955069feb126fb,train
cotton,Fusarium Wilt,fusarium_(88).png,data\raw\cotton\cotton_original\Cotton_Original_Dataset\Fusarium Wilt\fusarium_(88).png,D:\ZaraiAI_Tomato_Cotton_Wheat\data\raw\cotton\cotton_original\Cotton_Original_Dataset\Fusarium Wilt\fusarium_(88).png,700,700,3,JPEG,60662,3b5cc2b119fe875f68a3f4f2887ac6b086e777d41783937c3543a577584de0ec,train
cotton,Fusarium Wilt,fusarium_(282).png,data\raw\cotton\cotton_original\Cotton_Original_Dataset\Fusarium Wilt\fusarium_(282).png,D:\ZaraiAI_Tomato_Cotton_Wheat\data\raw\cotton\cotton_original\Cotton_Original_Dataset\Fusarium Wilt\fusarium_(282).png,700,700,3,JPEG,40177,370420e5bb6b2f98b58848ffbcb9177b46088b54f9003947da79c277f0513045,train
cotton,Verticillium Wilt,verticillium_(9).png,data\raw\cotton\cotton_original\Cotton_Original_Dataset\Verticillium Wilt\verticillium_(9).png,D:\ZaraiAI_Tomato_Cotton_Wheat\data\raw\cotton\cotton_original\Cotton_Original_Dataset\Verticillium Wilt\verticillium_(9).png,700,700,3,JPEG,46119,d0e37040012fddf476dfcf57c4ca66f096a250007d0ca06add50482f43e74a9e,train
cotton,Bacterial Blight,bacterial_(63).png,data\raw\cotton\cotton_original\Cotton_Original_Dataset\Bacterial Blight\bacterial_(63).png,D:\ZaraiAI_Tomato_Cotton_Wheat\data\raw\cotton\cotton_original\Cotton_Original_Dataset\Bacterial Blight\bacterial_(63).png,700,700,3,JPEG,35037,815adbec5b2681610e6f809b4af83ea0e17eb8e7d43ddcf6833f41ef7af8e96c,train
cotton,Verticillium Wilt,verticillium_(122).png,data\raw\cotton\cotton_original\Cotton_Original_Dataset\Verticillium Wilt\verticillium_(122).png,D:\ZaraiAI_Tomato_Cotton_Wheat\data\raw\cotton\cotton_original\Cotton_Original_Dataset\Verticillium Wilt\verticillium_(122).png,700,700,3,JPEG,37008,18d26f431aa5e99d05d977d5dbd629a778b1cad838a2d1aa126d25faa1bcdd89,train
cotton,Fusarium Wilt,fusarium_(327).png,data\raw\cotton\cotton_original\Cotton_Original_Dataset\Fusarium Wilt\fusarium_(327).png,D:\ZaraiAI_Tomato_Cotton_Wheat\data\raw\cotton\cotton_original\Cotton_Original_Dataset\Fusarium Wilt\fusarium_(327).png,700,700,3,JPEG,46547,53abe3940ca33f643003da4031b927481d222d9e9d0c2ec01afd374df79ac665,train
cotton,Alternaria Leaf Spot,alternaria_(121).png,data\raw\cotton\cotton_original\Cotton_Original_Dataset\Alternaria Leaf Spot\alternaria_(121).png,D:\ZaraiAI_Tomato_Cotton_Wheat\data\raw\cotton\cotton_original\Cotton_Original_Dataset\Alternaria Leaf Spot\alternaria_(121).png,700,700,3,JPEG,39476,2249c92a0d9bc40ed795067b28a3a85aa03de32f5ddcf3e3115ba65a36673348,train
cotton,Alternaria Leaf Spot,alternaria_(122).png,data\raw\cotton\cotton_original\Cotton_Original_Dataset\Alternaria Leaf Spot\alternaria_(122).png,D:\ZaraiAI_Tomato_Cotton_Wheat\data\raw\cotton\cotton_original\Cotton_Original_Dataset\Alternaria Leaf Spot\alternaria_(122).png,700,700,3,JPEG,42420,86de392463ab2f3c664ec773363751bcb04dd96dd3486017e6bb094443d4143c,train
cotton,Fusarium Wilt,fusarium_(171).png,data\raw\cotton\cotton_original\Cotton_Original_Dataset\Fusarium Wilt\fusarium_(171).png,D:\ZaraiAI_Tomato_Cotton_Wheat\data\raw\cotton\cotton_original\Cotton_Original_Dataset\Fusarium Wilt\fusarium_(171).png,700,700,3,JPEG,37381,0abf056651ebd9f6db412645e88aed4a056b137be338c8ef40cbe9f39914e62e,train
cotton,Bacterial Blight,bacterial_(47).png,data\raw\cotton\cotton_original\Cotton_Original_Dataset\Bacterial Blight\bacterial_(47).png,D:\ZaraiAI_Tomato_Cotton_Wheat\data\raw\cotton\cotton_original\Cotton_Original_Dataset\Bacterial Blight\bacterial_(47).png,700,700,3,JPEG,38341,fa574d848a1a12521ab6331a71178c1cde4d2d7d94b5ba5605b8827eea1b5d7e,train
cotton,Verticillium Wilt,verticillium_(256).png,data\raw\cotton\cotton_original\Cotton_Original_Dataset\Verticillium Wilt\verticillium_(256).png,D:\ZaraiAI_Tomato_Cotton_Wheat\data\raw\cotton\cotton_original\Cotton_Original_Dataset\Verticillium Wilt\verticillium_(256).png,700,700,3,JPEG,56483,a0b057a0e764093066bcc97b962ef75a5e11f3e18e8a7d91aaef67b9325b7801,train
cotton,Verticillium Wilt,verticillium_(143).png,data\raw\cotton\cotton_original\Cotton_Original_Dataset\Verticillium Wilt\verticillium_(143).png,D:\ZaraiAI_Tomato_Cotton_Wheat\data\raw\cotton\cotton_original\Cotton_Original_Dataset\Verticillium Wilt\verticillium_(143).png,700,700,3,JPEG,35145,f733aab41667bc7ca9ac47f225c310bab7845aa4a0d509e4bba1f37a5f4fdbad,train
cotton,Alternaria Leaf Spot,alternaria_(167).png,data\raw\cotton\cotton_original\Cotton_Original_Dataset\Alternaria Leaf Spot\alternaria_(167).png,D:\ZaraiAI_Tomato_Cotton_Wheat\data\raw\cotton\cotton_original\Cotton_Original_Dataset\Alternaria Leaf Spot\alternaria_(167).png,700,700,3,JPEG,43419,c75eccbe15894aa1779c322826049c0a1d600c92a5d80b1cf03fe4f04af94f29,train
cotton,Fusarium Wilt,fusarium_(47).png,data\raw\cotton\cotton_original\Cotton_Original_Dataset\Fusarium Wilt\fusarium_(47).png,D:\ZaraiAI_Tomato_Cotton_Wheat\data\raw\cotton\cotton_original\Cotton_Original_Dataset\Fusarium Wilt\fusarium_(47).png,700,700,3,JPEG,45644,813d3d10c94db0c2c0a96dd3adf617e4bd4da83aeb99013b06eb313f99f33ad2,train
cotton,Bacterial Blight,bacterial_(57).png,data\raw\cotton\cotton_original\Cotton_Original_Dataset\Bacterial Blight\bacterial_(57).png,D:\ZaraiAI_Tomato_Cotton_Wheat\data\raw\cotton\cotton_original\Cotton_Original_Dataset\Bacterial Blight\bacterial_(57).png,700,700,3,JPEG,57216,61c4535191ea0c30a833b0f0b2a60751f9790786bce9c06cb5abf77b8e00fbd5,train
cotton,Bacterial Blight,bacterial_(19).png,data\raw\cotton\cotton_original\Cotton_Original_Dataset\Bacterial Blight\bacterial_(19).png,D:\ZaraiAI_Tomato_Cotton_Wheat\data\raw\cotton\cotton_original\Cotton_Original_Dataset\Bacterial Blight\bacterial_(19).png,700,700,3,JPEG,43653,9a2118efb08ef556f35ef9a4dbc07c3ecf00755b7bc02732d27e5dba28793bb1,train
cotton,Healthy Leaf,healthy_(204).png,data\raw\cotton\cotton_original\Cotton_Original_Dataset\Healthy Leaf\healthy_(204).png,D:\ZaraiAI_Tomato_Cotton_Wheat\data\raw\cotton\cotton_original\Cotton_Original_Dataset\Healthy Leaf\healthy_(204).png,700,700,3,JPEG,40844,c2c52e879b77c7618f23926b7f1b12543f6ba98012cb305e9fe49cef57938baa,train
cotton,Verticillium Wilt,verticillium_(264).png,data\raw\cotton\cotton_original\Cotton_Original_Dataset\Verticillium Wilt\verticillium_(264).png,D:\ZaraiAI_Tomato_Cotton_Wheat\data\raw\cotton\cotton_original\Cotton_Original_Dataset\Verticillium Wilt\verticillium_(264).png,700,700,3,JPEG,59223,3e7c2fbd7c9d91f0c78ed020008683089e241d77b31ddb810bb2c0774033b515,train
cotton,Bacterial Blight,bacterial_(171).png,data\raw\cotton\cotton_original\Cotton_Original_Dataset\Bacterial Blight\bacterial_(171).png,D:\ZaraiAI_Tomato_Cotton_Wheat\data\raw\cotton\cotton_original\Cotton_Original_Dataset\Bacterial Blight\bacterial_(171).png,700,700,3,JPEG,37359,c237296bc31ff15832a27da67c77e6a43ce73f00b5ed32aa36ce13e98debbad8,train
cotton,Alternaria Leaf Spot,alternaria_(149).png,data\raw\cotton\cotton_original\Cotton_Original_Dataset\Alternaria Leaf Spot\alternaria_(149).png,D:\ZaraiAI_Tomato_Cotton_Wheat\data\raw\cotton\cotton_original\Cotton_Original_Dataset\Alternaria Leaf Spot\alternaria_(149).png,700,700,3,JPEG,44332,08d18f4dd64ee47e00c4199367b66ad9fd342ab18c76667e1007d744da072dc7,train
cotton,Verticillium Wilt,verticillium_(32).png,data\raw\cotton\cotton_original\Cotton_Original_Dataset\Verticillium Wilt\verticillium_(32).png,D:\ZaraiAI_Tomato_Cotton_Wheat\data\raw\cotton\cotton_original\Cotton_Original_Dataset\Verticillium Wilt\verticillium_(32).png,700,700,3,JPEG,59834,785dcc27e130c62e4f4833307198c222ee623f4083b8e3bca93973bfda23cbd8,train
cotton,Bacterial Blight,bacterial_(158).png,data\raw\cotton\cotton_original\Cotton_Original_Dataset\Bacterial Blight\bacterial_(158).png,D:\ZaraiAI_Tomato_Cotton_Wheat\data\raw\cotton\cotton_original\Cotton_Original_Dataset\Bacterial Blight\bacterial_(158).png,700,700,3,JPEG,41599,cdd3992b33423632881f820de7f82c2bd2541981f286e27808089e6efd01a2fd,train
cotton,Bacterial Blight,bacterial_(88).png,data\raw\cotton\cotton_original\Cotton_Original_Dataset\Bacterial Blight\bacterial_(88).png,D:\ZaraiAI_Tomato_Cotton_Wheat\data\raw\cotton\cotton_original\Cotton_Original_Dataset\Bacterial Blight\bacterial_(88).png,700,700,3,JPEG,37024,a96867532903a9d68c2beaa6a8c5b4f52ecbe1f4ca2563e8e0dd7421e1c0f0bf,train
cotton,Verticillium Wilt,verticillium_(113).png,data\raw\cotton\cotton_original\Cotton_Original_Dataset\Verticillium Wilt\verticillium_(113).png,D:\ZaraiAI_Tomato_Cotton_Wheat\data\raw\cotton\cotton_original\Cotton_Original_Dataset\Verticillium Wilt\verticillium_(113).png,700,700,3,JPEG,57581,7b64d15b2ebcb26629913d5b9145b03030b39a9ebac83c319f1871806b24ae0e,train
cotton,Verticillium Wilt,verticillium_(26).png,data\raw\cotton\cotton_original\Cotton_Original_Dataset\Verticillium Wilt\verticillium_(26).png,D:\ZaraiAI_Tomato_Cotton_Wheat\data\raw\cotton\cotton_original\Cotton_Original_Dataset\Verticillium Wilt\verticillium_(26).png,700,700,3,JPEG,62646,6320df914bbc2c7a52f5ef342f425c13d2ea1351ed3a25c3ae616f3b9779842f,train
cotton,Healthy Leaf,healthy_(129).png,data\raw\cotton\cotton_original\Cotton_Original_Dataset\Healthy Leaf\healthy_(129).png,D:\ZaraiAI_Tomato_Cotton_Wheat\data\raw\cotton\cotton_original\Cotton_Original_Dataset\Healthy Leaf\healthy_(129).png,700,700,3,JPEG,38444,7776b0a376363fca2abd52d6bb26dfde4afacc8741e6acb92bc2acd7ee641b59,train
cotton,Fusarium Wilt,fusarium_(199).png,data\raw\cotton\cotton_original\Cotton_Original_Dataset\Fusarium Wilt\fusarium_(199).png,D:\ZaraiAI_Tomato_Cotton_Wheat\data\raw\cotton\cotton_original\Cotton_Original_Dataset\Fusarium Wilt\fusarium_(199).png,700,700,3,JPEG,68329,87a8394e16ab8db560410527cb2acf25e1d0b0de7c2d35819cbb4bebe77c1abf,train
cotton,Fusarium Wilt,fusarium_(29).png,data\raw\cotton\cotton_original\Cotton_Original_Dataset\Fusarium Wilt\fusarium_(29).png,D:\ZaraiAI_Tomato_Cotton_Wheat\data\raw\cotton\cotton_original\Cotton_Original_Dataset\Fusarium Wilt\fusarium_(29).png,700,700,3,JPEG,43667,0ae8b207a3454fd56bb30983dd1cfbb623c8873397e64660c4d04bf3d14a585a,train
cotton,Fusarium Wilt,fusarium_(50).png,data\raw\cotton\cotton_original\Cotton_Original_Dataset\Fusarium Wilt\fusarium_(50).png,D:\ZaraiAI_Tomato_Cotton_Wheat\data\raw\cotton\cotton_original\Cotton_Original_Dataset\Fusarium Wilt\fusarium_(50).png,700,700,3,JPEG,48157,e935c09b91fd6b44e9ba31a188e7177ab6ae7ad7a58fb8176926f2df73609ae8,train
cotton,Bacterial Blight,bacterial_(209).png,data\raw\cotton\cotton_original\Cotton_Original_Dataset\Bacterial Blight\bacterial_(209).png,D:\ZaraiAI_Tomato_Cotton_Wheat\data\raw\cotton\cotton_original\Cotton_Original_Dataset\Bacterial Blight\bacterial_(209).png,700,700,3,JPEG,59028,6ac793a2cfc53aad7c3554885bba3b5a1202c3ea03b6e37f71431bd12625cb02,train
cotton,Fusarium Wilt,fusarium_(84).png,data\raw\cotton\cotton_original\Cotton_Original_Dataset\Fusarium Wilt\fusarium_(84).png,D:\ZaraiAI_Tomato_Cotton_Wheat\data\raw\cotton\cotton_original\Cotton_Original_Dataset\Fusarium Wilt\fusarium_(84).png,700,700,3,JPEG,41272,5aed70788eb505683a74ae0b1f737000f983873faddd082a477a81d38486762c,train
cotton,Alternaria Leaf Spot,alternaria_(1).png,data\raw\cotton\cotton_original\Cotton_Original_Dataset\Alternaria Leaf Spot\alternaria_(1).png,D:\ZaraiAI_Tomato_Cotton_Wheat\data\raw\cotton\cotton_original\Cotton_Original_Dataset\Alternaria Leaf Spot\alternaria_(1).png,700,700,3,JPEG,42285,f79f72f4fa4482669cd9ca63a113d9d65306cb4b9165ae15d17ff49ae92229d6,train
cotton,Verticillium Wilt,verticillium_(195).png,data\raw\cotton\cotton_original\Cotton_Original_Dataset\Verticillium Wilt\verticillium_(195).png,D:\ZaraiAI_Tomato_Cotton_Wheat\data\raw\cotton\cotton_original\Cotton_Original_Dataset\Verticillium Wilt\verticillium_(195).png,700,700,3,JPEG,34385,2192de187a6abd8b11aec40a8c81311ddf19cc0223ef840a681476be3ec2c259,train
cotton,Healthy Leaf,healthy_(301).png,data\raw\cotton\cotton_original\Cotton_Original_Dataset\Healthy Leaf\healthy_(301).png,D:\ZaraiAI_Tomato_Cotton_Wheat\data\raw\cotton\cotton_original\Cotton_Original_Dataset\Healthy Leaf\healthy_(301).png,700,700,3,JPEG,41666,6ab82a17a2a78719475b595d8540626670feab9feae61299dcedba5736295515,train
cotton,Bacterial Blight,bacterial_(59).png,data\raw\cotton\cotton_original\Cotton_Original_Dataset\Bacterial Blight\bacterial_(59).png,D:\ZaraiAI_Tomato_Cotton_Wheat\data\raw\cotton\cotton_original\Cotton_Original_Dataset\Bacterial Blight\bacterial_(59).png,700,700,3,JPEG,31436,43500aa3d5c8a6e441a625a14adbb381d55348265a76a85a9f23639df103763c,train
cotton,Healthy Leaf,healthy_(162).png,data\raw\cotton\cotton_original\Cotton_Original_Dataset\Healthy Leaf\healthy_(162).png,D:\ZaraiAI_Tomato_Cotton_Wheat\data\raw\cotton\cotton_original\Cotton_Original_Dataset\Healthy Leaf\healthy_(162).png,700,700,3,JPEG,42290,448ea5611469c393b9ebe18ac005a4b7fe77739039d6b26a67a63b9db42daaa8,train
cotton,Verticillium Wilt,verticillium_(257).png,data\raw\cotton\cotton_original\Cotton_Original_Dataset\Verticillium Wilt\verticillium_(257).png,D:\ZaraiAI_Tomato_Cotton_Wheat\data\raw\cotton\cotton_original\Cotton_Original_Dataset\Verticillium Wilt\verticillium_(257).png,700,700,3,JPEG,58400,86e9b3f6373c8aa722fb252668a406b7b9924f82dce0abd84b036d6e5c6ba4fa,train
cotton,Alternaria Leaf Spot,alternaria_(171).png,data\raw\cotton\cotton_original\Cotton_Original_Dataset\Alternaria Leaf Spot\alternaria_(171).png,D:\ZaraiAI_Tomato_Cotton_Wheat\data\raw\cotton\cotton_original\Cotton_Original_Dataset\Alternaria Leaf Spot\alternaria_(171).png,700,700,3,JPEG,41964,b38d615091330b0be17da2bedf59a9d94d40fa87b7a294756c363fe420d60992,train
cotton,Fusarium Wilt,fusarium_(143).png,data\raw\cotton\cotton_original\Cotton_Original_Dataset\Fusarium Wilt\fusarium_(143).png,D:\ZaraiAI_Tomato_Cotton_Wheat\data\raw\cotton\cotton_original\Cotton_Original_Dataset\Fusarium Wilt\fusarium_(143).png,700,700,3,JPEG,42660,c430e872ea281441b8b85b2cc1fe8db9f896c0bfda1713e595c10a430ebc24e2,train
cotton,Fusarium Wilt,fusarium_(105).png,data\raw\cotton\cotton_original\Cotton_Original_Dataset\Fusarium Wilt\fusarium_(105).png,D:\ZaraiAI_Tomato_Cotton_Wheat\data\raw\cotton\cotton_original\Cotton_Original_Dataset\Fusarium Wilt\fusarium_(105).png,700,700,3,JPEG,35519,60adc0e7e73d036ee6be419401271ad8fad3e81ca63b8c79cff469561cc804f8,train
cotton,Bacterial Blight,bacterial_(4).png,data\raw\cotton\cotton_original\Cotton_Original_Dataset\Bacterial Blight\bacterial_(4).png,D:\ZaraiAI_Tomato_Cotton_Wheat\data\raw\cotton\cotton_original\Cotton_Original_Dataset\Bacterial Blight\bacterial_(4).png,700,700,3,JPEG,54927,649a14232d2ea49675cab4f2008c93a35f718921bfeda975c028656b2e50c6e3,train
cotton,Bacterial Blight,bacterial_(67).png,data\raw\cotton\cotton_original\Cotton_Original_Dataset\Bacterial Blight\bacterial_(67).png,D:\ZaraiAI_Tomato_Cotton_Wheat\data\raw\cotton\cotton_original\Cotton_Original_Dataset\Bacterial Blight\bacterial_(67).png,700,700,3,JPEG,43325,ed08d03cca761c52f96b8d8cee003304507b032220a7bbbefec80eb00de94663,train
cotton,Alternaria Leaf Spot,alternaria_(142).png,data\raw\cotton\cotton_original\Cotton_Original_Dataset\Alternaria Leaf Spot\alternaria_(142).png,D:\ZaraiAI_Tomato_Cotton_Wheat\data\raw\cotton\cotton_original\Cotton_Original_Dataset\Alternaria Leaf Spot\alternaria_(142).png,700,700,3,JPEG,45908,101e000348a4964cd236f476a41a5f08decebed0318bbfc47b429fc6b51d3063,val
cotton,Fusarium Wilt,fusarium_(156).png,data\raw\cotton\cotton_original\Cotton_Original_Dataset\Fusarium Wilt\fusarium_(156).png,D:\ZaraiAI_Tomato_Cotton_Wheat\data\raw\cotton\cotton_original\Cotton_Original_Dataset\Fusarium Wilt\fusarium_(156).png,700,700,3,JPEG,37471,fb75dcad065e31e9bde313c782cc9d0562406db86224c8d9d37459e7f209fac1,val
cotton,Bacterial Blight,bacterial_(133).png,data\raw\cotton\cotton_original\Cotton_Original_Dataset\Bacterial Blight\bacterial_(133).png,D:\ZaraiAI_Tomato_Cotton_Wheat\data\raw\cotton\cotton_original\Cotton_Original_Dataset\Bacterial Blight\bacterial_(133).png,700,700,3,JPEG,34610,24f1685028f91c523d4949e44428ceaeecaf853ffb50f03647eb34e2695ecd2a,val
cotton,Fusarium Wilt,fusarium_(68).png,data\raw\cotton\cotton_original\Cotton_Original_Dataset\Fusarium Wilt\fusarium_(68).png,D:\ZaraiAI_Tomato_Cotton_Wheat\data\raw\cotton\cotton_original\Cotton_Original_Dataset\Fusarium Wilt\fusarium_(68).png,700,700,3,JPEG,44642,108aab0b9f2ed1bfe2b700373a0df91a1a0f73ab7be7981ee431875c6f64384a,val
cotton,Verticillium Wilt,verticillium_(289).png,data\raw\cotton\cotton_original\Cotton_Original_Dataset\Verticillium Wilt\verticillium_(289).png,D:\ZaraiAI_Tomato_Cotton_Wheat\data\raw\cotton\cotton_original\Cotton_Original_Dataset\Verticillium Wilt\verticillium_(289).png,700,700,3,JPEG,61548,65a010f309cf7fe82019871bcee5984cb414033c28a9aa06be190ec520c48088,val
cotton,Alternaria Leaf Spot,alternaria_(86).png,data\raw\cotton\cotton_original\Cotton_Original_Dataset\Alternaria Leaf Spot\alternaria_(86).png,D:\ZaraiAI_Tomato_Cotton_Wheat\data\raw\cotton\cotton_original\Cotton_Original_Dataset\Alternaria Leaf Spot\alternaria_(86).png,700,700,3,JPEG,40259,71ac7f889151174892a0712e0c296f48cfcc805f502144a74a133932a7d676b7,val
cotton,Healthy Leaf,healthy_(66).png,data\raw\cotton\cotton_original\Cotton_Original_Dataset\Healthy Leaf\healthy_(66).png,D:\ZaraiAI_Tomato_Cotton_Wheat\data\raw\cotton\cotton_original\Cotton_Original_Dataset\Healthy Leaf\healthy_(66).png,700,700,3,JPEG,39787,61beeae7c0ba2d6e36c09708c040d6b8324feddbd79d416adccfb69033dd0f39,val
cotton,Verticillium Wilt,verticillium_(70).png,data\raw\cotton\cotton_original\Cotton_Original_Dataset\Verticillium Wilt\verticillium_(70).png,D:\ZaraiAI_Tomato_Cotton_Wheat\data\raw\cotton\cotton_original\Cotton_Original_Dataset\Verticillium Wilt\verticillium_(70).png,700,700,3,JPEG,57018,f88d135176c59fa43cd6254ddd5be5935c99a1a87c048332facf5fdf12477511,val
cotton,Fusarium Wilt,fusarium_(23).png,data\raw\cotton\cotton_original\Cotton_Original_Dataset\Fusarium Wilt\fusarium_(23).png,D:\ZaraiAI_Tomato_Cotton_Wheat\data\raw\cotton\cotton_original\Cotton_Original_Dataset\Fusarium Wilt\fusarium_(23).png,700,700,3,JPEG,52569,0139ceb94efe972a8d602f3c3593b93b2a138af5cf43bbc34d891aa44531a4b8,val
cotton,Bacterial Blight,bacterial_(201).png,data\raw\cotton\cotton_original\Cotton_Original_Dataset\Bacterial Blight\bacterial_(201).png,D:\ZaraiAI_Tomato_Cotton_Wheat\data\raw\cotton\cotton_original\Cotton_Original_Dataset\Bacterial Blight\bacterial_(201).png,700,700,3,JPEG,47411,78899dd86955ced3654c63a8a4507ccf7e1ca591d3707ab825fe6c6197792c6f,val
cotton,Alternaria Leaf Spot,alternaria_(144).png,data\raw\cotton\cotton_original\Cotton_Original_Dataset\Alternaria Leaf Spot\alternaria_(144).png,D:\ZaraiAI_Tomato_Cotton_Wheat\data\raw\cotton\cotton_original\Cotton_Original_Dataset\Alternaria Leaf Spot\alternaria_(144).png,700,700,3,JPEG,44754,66d01a1341944bc27b423f7738f329f6b0fa371a19c379fcb98274bf925e51bf,val
cotton,Healthy Leaf,healthy_(303).png,data\raw\cotton\cotton_original\Cotton_Original_Dataset\Healthy Leaf\healthy_(303).png,D:\ZaraiAI_Tomato_Cotton_Wheat\data\raw\cotton\cotton_original\Cotton_Original_Dataset\Healthy Leaf\healthy_(303).png,700,700,3,JPEG,43239,a408c9b84910b968d6c59817f232618c6450f5945bbf102996fc6e80bf7b2526,val
cotton,Bacterial Blight,bacterial_(109).png,data\raw\cotton\cotton_original\Cotton_Original_Dataset\Bacterial Blight\bacterial_(109).png,D:\ZaraiAI_Tomato_Cotton_Wheat\data\raw\cotton\cotton_original\Cotton_Original_Dataset\Bacterial Blight\bacterial_(109).png,700,700,3,JPEG,36576,026c3220b98c1ffde9a7486af1dc6172048e12c5187f7a9926797c4c51d8ddd8,val
cotton,Fusarium Wilt,fusarium_(27).png,data\raw\cotton\cotton_original\Cotton_Original_Dataset\Fusarium Wilt\fusarium_(27).png,D:\ZaraiAI_Tomato_Cotton_Wheat\data\raw\cotton\cotton_original\Cotton_Original_Dataset\Fusarium Wilt\fusarium_(27).png,700,700,3,JPEG,43759,6a753974913c8fda1f573af72f1ce8c403bac3e52a8e87faef4b191dfad620db,val
cotton,Fusarium Wilt,fusarium_(81).png,data\raw\cotton\cotton_original\Cotton_Original_Dataset\Fusarium Wilt\fusarium_(81).png,D:\ZaraiAI_Tomato_Cotton_Wheat\data\raw\cotton\cotton_original\Cotton_Original_Dataset\Fusarium Wilt\fusarium_(81).png,700,700,3,JPEG,47922,8e975e2e6129cba044d10cbe44615c0a4138f2ec0880c0c1d10ca654dfc3b48a,val
cotton,Healthy Leaf,healthy_(40).png,data\raw\cotton\cotton_original\Cotton_Original_Dataset\Healthy Leaf\healthy_(40).png,D:\ZaraiAI_Tomato_Cotton_Wheat\data\raw\cotton\cotton_original\Cotton_Original_Dataset\Healthy Leaf\healthy_(40).png,700,700,3,JPEG,35083,2eae825c57be9cd81b9d5719395b28bf1b4367503a3ba8b1b749f956b40df895,val
cotton,Alternaria Leaf Spot,alternaria_(94).png,data\raw\cotton\cotton_original\Cotton_Original_Dataset\Alternaria Leaf Spot\alternaria_(94).png,D:\ZaraiAI_Tomato_Cotton_Wheat\data\raw\cotton\cotton_original\Cotton_Original_Dataset\Alternaria Leaf Spot\alternaria_(94).png,700,700,3,JPEG,36439,9f15d82e6faabe472bfe71c3245f939b88cd5ce657d5eb2c27424ed0a8ddb062,val
cotton,Bacterial Blight,bacterial_(215).png,data\raw\cotton\cotton_original\Cotton_Original_Dataset\Bacterial Blight\bacterial_(215).png,D:\ZaraiAI_Tomato_Cotton_Wheat\data\raw\cotton\cotton_original\Cotton_Original_Dataset\Bacterial Blight\bacterial_(215).png,700,700,3,JPEG,57983,63b9681104059e96d2bd42e8667ee28879d3c84edc1342936b453012b0e70193,val
cotton,Verticillium Wilt,verticillium_(129).png,data\raw\cotton\cotton_original\Cotton_Original_Dataset\Verticillium Wilt\verticillium_(129).png,D:\ZaraiAI_Tomato_Cotton_Wheat\data\raw\cotton\cotton_original\Cotton_Original_Dataset\Verticillium Wilt\verticillium_(129).png,700,700,3,JPEG,32016,5de016fde0b96937fdd695a0b4f4f707741d22c8f7962a247b41b14b94d54fcf,val
cotton,Healthy Leaf,healthy_(49).png,data\raw\cotton\cotton_original\Cotton_Original_Dataset\Healthy Leaf\healthy_(49).png,D:\ZaraiAI_Tomato_Cotton_Wheat\data\raw\cotton\cotton_original\Cotton_Original_Dataset\Healthy Leaf\healthy_(49).png,700,700,3,JPEG,37640,16308a33c4a84917d8b368c8fd575e6d4326fe02b606e35c4265aff3f2e14d99,val
cotton,Fusarium Wilt,fusarium_(78).png,data\raw\cotton\cotton_original\Cotton_Original_Dataset\Fusarium Wilt\fusarium_(78).png,D:\ZaraiAI_Tomato_Cotton_Wheat\data\raw\cotton\cotton_original\Cotton_Original_Dataset\Fusarium Wilt\fusarium_(78).png,700,700,3,JPEG,51257,113825ee1a1de74a2d42fd33ec0147672e8740d3bfd67d88fa8004b6c083ab9c,val
cotton,Verticillium Wilt,verticillium_(49).png,data\raw\cotton\cotton_original\Cotton_Original_Dataset\Verticillium Wilt\verticillium_(49).png,D:\ZaraiAI_Tomato_Cotton_Wheat\data\raw\cotton\cotton_original\Cotton_Original_Dataset\Verticillium Wilt\verticillium_(49).png,700,700,3,JPEG,50705,6d550ad38bc1375af3d62c1e2852ce76eb46ebd6eabfda2b783e8f73ec8e2d02,val
cotton,Healthy Leaf,healthy_(27).png,data\raw\cotton\cotton_original\Cotton_Original_Dataset\Healthy Leaf\healthy_(27).png,D:\ZaraiAI_Tomato_Cotton_Wheat\data\raw\cotton\cotton_original\Cotton_Original_Dataset\Healthy Leaf\healthy_(27).png,700,700,3,JPEG,40875,b9e6fdfbbafd7c7e66095441e16aff4f5e524403823b801ecb6d9c9d854356c4,val
cotton,Alternaria Leaf Spot,alternaria_(117).png,data\raw\cotton\cotton_original\Cotton_Original_Dataset\Alternaria Leaf Spot\alternaria_(117).png,D:\ZaraiAI_Tomato_Cotton_Wheat\data\raw\cotton\cotton_original\Cotton_Original_Dataset\Alternaria Leaf Spot\alternaria_(117).png,700,700,3,JPEG,39281,e40ba434abd3a9602acf53907c92ac236732c034da5a8d7e2880e6b3d38c98b2,val
cotton,Bacterial Blight,bacterial_(120).png,data\raw\cotton\cotton_original\Cotton_Original_Dataset\Bacterial Blight\bacterial_(120).png,D:\ZaraiAI_Tomato_Cotton_Wheat\data\raw\cotton\cotton_original\Cotton_Original_Dataset\Bacterial Blight\bacterial_(120).png,700,700,3,JPEG,36749,5278f547c598adb21adf17e6df91c7d211ba4f815882469803433af058cd6286,val
cotton,Alternaria Leaf Spot,alternaria_(152).png,data\raw\cotton\cotton_original\Cotton_Original_Dataset\Alternaria Leaf Spot\alternaria_(152).png,D:\ZaraiAI_Tomato_Cotton_Wheat\data\raw\cotton\cotton_original\Cotton_Original_Dataset\Alternaria Leaf Spot\alternaria_(152).png,700,700,3,JPEG,34632,c40541ee8897492bbcae0475cf51c2d0c869fc3bfeb7c84b1942396ac31b8bfe,val
cotton,Healthy Leaf,healthy_(249).png,data\raw\cotton\cotton_original\Cotton_Original_Dataset\Healthy Leaf\healthy_(249).png,D:\ZaraiAI_Tomato_Cotton_Wheat\data\raw\cotton\cotton_original\Cotton_Original_Dataset\Healthy Leaf\healthy_(249).png,700,700,3,JPEG,40398,d147192513b1ae7cc491694e8f3d8c32e60a8d3c004a2dd4831f3c3194daea94,val
cotton,Bacterial Blight,bacterial_(92).png,data\raw\cotton\cotton_original\Cotton_Original_Dataset\Bacterial Blight\bacterial_(92).png,D:\ZaraiAI_Tomato_Cotton_Wheat\data\raw\cotton\cotton_original\Cotton_Original_Dataset\Bacterial Blight\bacterial_(92).png,700,700,3,JPEG,36829,5dc66ff78e7310de165b34d92ef5a4b0a524983c248d02a034a2a80ca29dda3d,val
cotton,Alternaria Leaf Spot,alternaria_(6).png,data\raw\cotton\cotton_original\Cotton_Original_Dataset\Alternaria Leaf Spot\alternaria_(6).png,D:\ZaraiAI_Tomato_Cotton_Wheat\data\raw\cotton\cotton_original\Cotton_Original_Dataset\Alternaria Leaf Spot\alternaria_(6).png,700,700,3,JPEG,40644,5b8b74e83f273a2b230c8c819063d9db7e21492a7697f6796a126e645cf025aa,val
cotton,Verticillium Wilt,verticillium_(98).png,data\raw\cotton\cotton_original\Cotton_Original_Dataset\Verticillium Wilt\verticillium_(98).png,D:\ZaraiAI_Tomato_Cotton_Wheat\data\raw\cotton\cotton_original\Cotton_Original_Dataset\Verticillium Wilt\verticillium_(98).png,700,700,3,JPEG,66551,415e037979f29168b2188ec8c9dd0d5f4a0060a48458fa786bfa7020af110bf1,val
cotton,Fusarium Wilt,fusarium_(195).png,data\raw\cotton\cotton_original\Cotton_Original_Dataset\Fusarium Wilt\fusarium_(195).png,D:\ZaraiAI_Tomato_Cotton_Wheat\data\raw\cotton\cotton_original\Cotton_Original_Dataset\Fusarium Wilt\fusarium_(195).png,700,700,3,JPEG,68548,b2941b822b95448c6948fbe4e276541044e956ce43efe6967e7fdc91fd5f0496,val
cotton,Healthy Leaf,healthy_(295).png,data\raw\cotton\cotton_original\Cotton_Original_Dataset\Healthy Leaf\healthy_(295).png,D:\ZaraiAI_Tomato_Cotton_Wheat\data\raw\cotton\cotton_original\Cotton_Original_Dataset\Healthy Leaf\healthy_(295).png,700,700,3,JPEG,41369,6e2aa782e8d26fdb532b4b14f466244fffc6372a5716b712d32e325e327c7ba4,val
cotton,Fusarium Wilt,fusarium_(287).png,data\raw\cotton\cotton_original\Cotton_Original_Dataset\Fusarium Wilt\fusarium_(287).png,D:\ZaraiAI_Tomato_Cotton_Wheat\data\raw\cotton\cotton_original\Cotton_Original_Dataset\Fusarium Wilt\fusarium_(287).png,700,700,3,JPEG,42751,05d1c0772bfa2f5f8e2ac2bc2b08e1dea49f7132a064966ccc0ceaf8aaaea534,val
cotton,Healthy Leaf,healthy_(206).png,data\raw\cotton\cotton_original\Cotton_Original_Dataset\Healthy Leaf\healthy_(206).png,D:\ZaraiAI_Tomato_Cotton_Wheat\data\raw\cotton\cotton_original\Cotton_Original_Dataset\Healthy Leaf\healthy_(206).png,700,700,3,JPEG,38480,9b521314935405491c929ea0e0132ea910c61bd55c8c632f3e09fdcd632b2e5b,val
cotton,Bacterial Blight,bacterial_(84).png,data\raw\cotton\cotton_original\Cotton_Original_Dataset\Bacterial Blight\bacterial_(84).png,D:\ZaraiAI_Tomato_Cotton_Wheat\data\raw\cotton\cotton_original\Cotton_Original_Dataset\Bacterial Blight\bacterial_(84).png,700,700,3,JPEG,43859,de8f3a3e2415bd013b794b7047087d76e68d8c98b26b302db88b3142c7ba3507,val
cotton,Verticillium Wilt,verticillium_(166).png,data\raw\cotton\cotton_original\Cotton_Original_Dataset\Verticillium Wilt\verticillium_(166).png,D:\ZaraiAI_Tomato_Cotton_Wheat\data\raw\cotton\cotton_original\Cotton_Original_Dataset\Verticillium Wilt\verticillium_(166).png,700,700,3,JPEG,36855,3c895e377d1055c14b2fb0d456dcd5f5d9ad7253a00dfd0dd7e46fd7b4bdafa3,val
cotton,Bacterial Blight,bacterial_(185).png,data\raw\cotton\cotton_original\Cotton_Original_Dataset\Bacterial Blight\bacterial_(185).png,D:\ZaraiAI_Tomato_Cotton_Wheat\data\raw\cotton\cotton_original\Cotton_Original_Dataset\Bacterial Blight\bacterial_(185).png,700,700,3,JPEG,32936,30ee9b1e13464b32b3268c46d49fdeee729ae308007afdbec411b05fa965eff2,val
cotton,Verticillium Wilt,verticillium_(296).png,data\raw\cotton\cotton_original\Cotton_Original_Dataset\Verticillium Wilt\verticillium_(296).png,D:\ZaraiAI_Tomato_Cotton_Wheat\data\raw\cotton\cotton_original\Cotton_Original_Dataset\Verticillium Wilt\verticillium_(296).png,700,700,3,JPEG,57452,99decb3d66b9f70888d9594df9b59ec5b75a27acc0f29982bf4ba6539e801a3e,val
cotton,Bacterial Blight,bacterial_(37).png,data\raw\cotton\cotton_original\Cotton_Original_Dataset\Bacterial Blight\bacterial_(37).png,D:\ZaraiAI_Tomato_Cotton_Wheat\data\raw\cotton\cotton_original\Cotton_Original_Dataset\Bacterial Blight\bacterial_(37).png,700,700,3,JPEG,34330,911251a725eaa6b6c280e99ea4ddf96c2f5bc43febb0a0c3ae15d0306f6560d8,val
cotton,Alternaria Leaf Spot,alternaria_(4).png,data\raw\cotton\cotton_original\Cotton_Original_Dataset\Alternaria Leaf Spot\alternaria_(4).png,D:\ZaraiAI_Tomato_Cotton_Wheat\data\raw\cotton\cotton_original\Cotton_Original_Dataset\Alternaria Leaf Spot\alternaria_(4).png,700,700,3,JPEG,52667,927ef04133f108b1fc21316b43eaee780be4922a0a4fd16175a4b11c5169eda4,val
cotton,Verticillium Wilt,verticillium_(189).png,data\raw\cotton\cotton_original\Cotton_Original_Dataset\Verticillium Wilt\verticillium_(189).png,D:\ZaraiAI_Tomato_Cotton_Wheat\data\raw\cotton\cotton_original\Cotton_Original_Dataset\Verticillium Wilt\verticillium_(189).png,700,700,3,JPEG,35951,5f29d87a4c7908dace56db2e095f6aaa194389ef1ccef523e651c2ade2c92e0d,val
cotton,Verticillium Wilt,verticillium_(82).png,data\raw\cotton\cotton_original\Cotton_Original_Dataset\Verticillium Wilt\verticillium_(82).png,D:\ZaraiAI_Tomato_Cotton_Wheat\data\raw\cotton\cotton_original\Cotton_Original_Dataset\Verticillium Wilt\verticillium_(82).png,700,700,3,JPEG,61854,bf87b77aceac664e1979b79f79a85a3a039d1649acc6a11604cc0a0a68354824,val
cotton,Fusarium Wilt,fusarium_(184).png,data\raw\cotton\cotton_original\Cotton_Original_Dataset\Fusarium Wilt\fusarium_(184).png,D:\ZaraiAI_Tomato_Cotton_Wheat\data\raw\cotton\cotton_original\Cotton_Original_Dataset\Fusarium Wilt\fusarium_(184).png,700,700,3,JPEG,59127,2406c6fe1a65a7e1fe5571eb59cf137b94724ec2917b2824b3b38a5469d466c2,val
cotton,Alternaria Leaf Spot,alternaria_(32).png,data\raw\cotton\cotton_original\Cotton_Original_Dataset\Alternaria Leaf Spot\alternaria_(32).png,D:\ZaraiAI_Tomato_Cotton_Wheat\data\raw\cotton\cotton_original\Cotton_Original_Dataset\Alternaria Leaf Spot\alternaria_(32).png,700,700,3,JPEG,44858,89e887bec79c85199375315cad91ebffaf5e94c9470af02662ba677a328c4675,val
cotton,Bacterial Blight,bacterial_(46).png,data\raw\cotton\cotton_original\Cotton_Original_Dataset\Bacterial Blight\bacterial_(46).png,D:\ZaraiAI_Tomato_Cotton_Wheat\data\raw\cotton\cotton_original\Cotton_Original_Dataset\Bacterial Blight\bacterial_(46).png,700,700,3,JPEG,63889,87286be10ca900479958125c05e5c80f54267c5a6eb11d824d2f1c6c302a10d4,val
cotton,Healthy Leaf,healthy_(186).png,data\raw\cotton\cotton_original\Cotton_Original_Dataset\Healthy Leaf\healthy_(186).png,D:\ZaraiAI_Tomato_Cotton_Wheat\data\raw\cotton\cotton_original\Cotton_Original_Dataset\Healthy Leaf\healthy_(186).png,700,700,3,JPEG,40864,05694057d3d624048eb6e2e81f795763000559103eeb86fe56106b7b1c7a12c9,val
cotton,Fusarium Wilt,fusarium_(131).png,data\raw\cotton\cotton_original\Cotton_Original_Dataset\Fusarium Wilt\fusarium_(131).png,D:\ZaraiAI_Tomato_Cotton_Wheat\data\raw\cotton\cotton_original\Cotton_Original_Dataset\Fusarium Wilt\fusarium_(131).png,700,700,3,JPEG,49721,0a3fc98b9b5da2f0f5879b692f99df8f60e938e0538944b7312a9adc78fad56c,val
cotton,Verticillium Wilt,verticillium_(159).png,data\raw\cotton\cotton_original\Cotton_Original_Dataset\Verticillium Wilt\verticillium_(159).png,D:\ZaraiAI_Tomato_Cotton_Wheat\data\raw\cotton\cotton_original\Cotton_Original_Dataset\Verticillium Wilt\verticillium_(159).png,700,700,3,JPEG,32441,3fe9c752f7f1d56445c3e3c5915d7934094fd106ee8ed064cb62ff4710f94dc0,val
cotton,Healthy Leaf,healthy_(247).png,data\raw\cotton\cotton_original\Cotton_Original_Dataset\Healthy Leaf\healthy_(247).png,D:\ZaraiAI_Tomato_Cotton_Wheat\data\raw\cotton\cotton_original\Cotton_Original_Dataset\Healthy Leaf\healthy_(247).png,700,700,3,JPEG,39731,5664e084190c9ae06a3a357f9d954b5a824594c2cfe5c10696281661e4eceed1,val
cotton,Fusarium Wilt,fusarium_(320).png,data\raw\cotton\cotton_original\Cotton_Original_Dataset\Fusarium Wilt\fusarium_(320).png,D:\ZaraiAI_Tomato_Cotton_Wheat\data\raw\cotton\cotton_original\Cotton_Original_Dataset\Fusarium Wilt\fusarium_(320).png,700,700,3,JPEG,41675,d258aa25e76b05b02a0722d9cf57e51854735de53b3d63348f10ee7142870c2b,val
cotton,Bacterial Blight,bacterial_(196).png,data\raw\cotton\cotton_original\Cotton_Original_Dataset\Bacterial Blight\bacterial_(196).png,D:\ZaraiAI_Tomato_Cotton_Wheat\data\raw\cotton\cotton_original\Cotton_Original_Dataset\Bacterial Blight\bacterial_(196).png,700,700,3,JPEG,43165,24581adaa2af691b8f6199107f2a1e2ae7e9c5b0d01138656d88bc89716781f0,val
cotton,Healthy Leaf,healthy_(18).png,data\raw\cotton\cotton_original\Cotton_Original_Dataset\Healthy Leaf\healthy_(18).png,D:\ZaraiAI_Tomato_Cotton_Wheat\data\raw\cotton\cotton_original\Cotton_Original_Dataset\Healthy Leaf\healthy_(18).png,700,700,3,JPEG,42470,131620fbdf8839aaa0f5d2259e44ed0889dfa9f04477a31494a09b683597adbc,val
cotton,Verticillium Wilt,verticillium_(162).png,data\raw\cotton\cotton_original\Cotton_Original_Dataset\Verticillium Wilt\verticillium_(162).png,D:\ZaraiAI_Tomato_Cotton_Wheat\data\raw\cotton\cotton_original\Cotton_Original_Dataset\Verticillium Wilt\verticillium_(162).png,700,700,3,JPEG,38313,c0974ab4a88e60acad44259ba1b088aa40e3efef7506304b3ea744f1a4705f06,val
cotton,Fusarium Wilt,fusarium_(186).png,data\raw\cotton\cotton_original\Cotton_Original_Dataset\Fusarium Wilt\fusarium_(186).png,D:\ZaraiAI_Tomato_Cotton_Wheat\data\raw\cotton\cotton_original\Cotton_Original_Dataset\Fusarium Wilt\fusarium_(186).png,700,700,3,JPEG,55254,8563ca40f62be72fcf42a958773114dbb248a48d111d943085b64c5af5b9f15e,val
cotton,Healthy Leaf,healthy_(114).png,data\raw\cotton\cotton_original\Cotton_Original_Dataset\Healthy Leaf\healthy_(114).png,D:\ZaraiAI_Tomato_Cotton_Wheat\data\raw\cotton\cotton_original\Cotton_Original_Dataset\Healthy Leaf\healthy_(114).png,700,700,3,JPEG,39456,fcbb2a8d4a9f74462ff53958f7cbb4f190f1b7b5318f426df22f255e9f00715b,val
cotton,Verticillium Wilt,verticillium_(130).png,data\raw\cotton\cotton_original\Cotton_Original_Dataset\Verticillium Wilt\verticillium_(130).png,D:\ZaraiAI_Tomato_Cotton_Wheat\data\raw\cotton\cotton_original\Cotton_Original_Dataset\Verticillium Wilt\verticillium_(130).png,700,700,3,JPEG,32094,d253ca6718e1bcb3686314d7bcadd51996b1ed580a2a9b867b9c29bf1b65aaf2,val
cotton,Alternaria Leaf Spot,alternaria_(99).png,data\raw\cotton\cotton_original\Cotton_Original_Dataset\Alternaria Leaf Spot\alternaria_(99).png,D:\ZaraiAI_Tomato_Cotton_Wheat\data\raw\cotton\cotton_original\Cotton_Original_Dataset\Alternaria Leaf Spot\alternaria_(99).png,700,700,3,JPEG,33820,112b0b427f2c9f1c95acf54a7bc95274092adf2ada8f1c16d0ee732629693f2a,val
cotton,Fusarium Wilt,fusarium_(1).png,data\raw\cotton\cotton_original\Cotton_Original_Dataset\Fusarium Wilt\fusarium_(1).png,D:\ZaraiAI_Tomato_Cotton_Wheat\data\raw\cotton\cotton_original\Cotton_Original_Dataset\Fusarium Wilt\fusarium_(1).png,700,700,3,JPEG,49048,12a11a2ee0fc10ac593b26f4e0a32424dc5b7a60373cb55180b625ac0d1af665,val
cotton,Verticillium Wilt,verticillium_(188).png,data\raw\cotton\cotton_original\Cotton_Original_Dataset\Verticillium Wilt\verticillium_(188).png,D:\ZaraiAI_Tomato_Cotton_Wheat\data\raw\cotton\cotton_original\Cotton_Original_Dataset\Verticillium Wilt\verticillium_(188).png,700,700,3,JPEG,35209,79eef4485acef413653df8f927832edda0397282114cc4df1455c1e47c917428,val
cotton,Bacterial Blight,bacterial_(39).png,data\raw\cotton\cotton_original\Cotton_Original_Dataset\Bacterial Blight\bacterial_(39).png,D:\ZaraiAI_Tomato_Cotton_Wheat\data\raw\cotton\cotton_original\Cotton_Original_Dataset\Bacterial Blight\bacterial_(39).png,700,700,3,JPEG,37984,d660703a96319243a622608ae626215c251ed38647a12d3e479952661b475f2d,val
cotton,Healthy Leaf,healthy_(1).png,data\raw\cotton\cotton_original\Cotton_Original_Dataset\Healthy Leaf\healthy_(1).png,D:\ZaraiAI_Tomato_Cotton_Wheat\data\raw\cotton\cotton_original\Cotton_Original_Dataset\Healthy Leaf\healthy_(1).png,700,700,3,JPEG,38649,abaa66ba8729e19c7255e4cb4449fbe12f1a75ea20fc78cd20b42210190af5fd,val
cotton,Verticillium Wilt,verticillium_(284).png,data\raw\cotton\cotton_original\Cotton_Original_Dataset\Verticillium Wilt\verticillium_(284).png,D:\ZaraiAI_Tomato_Cotton_Wheat\data\raw\cotton\cotton_original\Cotton_Original_Dataset\Verticillium Wilt\verticillium_(284).png,700,700,3,JPEG,60123,cb53ec3c66fda7904fac4b7416c0aeb8420fa651184b4e07f52b54f384a137f0,val
cotton,Bacterial Blight,bacterial_(156).png,data\raw\cotton\cotton_original\Cotton_Original_Dataset\Bacterial Blight\bacterial_(156).png,D:\ZaraiAI_Tomato_Cotton_Wheat\data\raw\cotton\cotton_original\Cotton_Original_Dataset\Bacterial Blight\bacterial_(156).png,700,700,3,JPEG,54437,f3f19bdf39e0557b13dda81d9b87d7e6878c95c34d333b216f553dbabbf36940,val
cotton,Verticillium Wilt,verticillium_(24).png,data\raw\cotton\cotton_original\Cotton_Original_Dataset\Verticillium Wilt\verticillium_(24).png,D:\ZaraiAI_Tomato_Cotton_Wheat\data\raw\cotton\cotton_original\Cotton_Original_Dataset\Verticillium Wilt\verticillium_(24).png,700,700,3,JPEG,64946,b3fb77747468ad513f3d22699cce09818597c97ad88c5cc7766f1ff1f780e3cc,val
cotton,Verticillium Wilt,verticillium_(202).png,data\raw\cotton\cotton_original\Cotton_Original_Dataset\Verticillium Wilt\verticillium_(202).png,D:\ZaraiAI_Tomato_Cotton_Wheat\data\raw\cotton\cotton_original\Cotton_Original_Dataset\Verticillium Wilt\verticillium_(202).png,700,700,3,JPEG,33591,0bea5b83a9fd345e190270d50b44495156e400da8ed899909d4954469bff4856,val
cotton,Fusarium Wilt,fusarium_(280).png,data\raw\cotton\cotton_original\Cotton_Original_Dataset\Fusarium Wilt\fusarium_(280).png,D:\ZaraiAI_Tomato_Cotton_Wheat\data\raw\cotton\cotton_original\Cotton_Original_Dataset\Fusarium Wilt\fusarium_(280).png,700,700,3,JPEG,40332,d25b02d38d8b6c2b77e4e9fff970dfd4e61300d4a698361ac34915a9f9364b7c,val
cotton,Fusarium Wilt,fusarium_(148).png,data\raw\cotton\cotton_original\Cotton_Original_Dataset\Fusarium Wilt\fusarium_(148).png,D:\ZaraiAI_Tomato_Cotton_Wheat\data\raw\cotton\cotton_original\Cotton_Original_Dataset\Fusarium Wilt\fusarium_(148).png,700,700,3,JPEG,43156,bc141e89e1bee4237b1240500d6c95f98eb1489379467ac97cc0e1855cda340f,val
cotton,Fusarium Wilt,fusarium_(318).png,data\raw\cotton\cotton_original\Cotton_Original_Dataset\Fusarium Wilt\fusarium_(318).png,D:\ZaraiAI_Tomato_Cotton_Wheat\data\raw\cotton\cotton_original\Cotton_Original_Dataset\Fusarium Wilt\fusarium_(318).png,700,700,3,JPEG,38303,a069275d2ecc9b55afe8510d0e150dabf4ac9dbd2fe1c2e776bdb5bb8476cd52,val
cotton,Healthy Leaf,healthy_(6).png,data\raw\cotton\cotton_original\Cotton_Original_Dataset\Healthy Leaf\healthy_(6).png,D:\ZaraiAI_Tomato_Cotton_Wheat\data\raw\cotton\cotton_original\Cotton_Original_Dataset\Healthy Leaf\healthy_(6).png,700,700,3,JPEG,48723,b04fb8ee760249b8302563101b2caa9dd5911ca8ff77f61cb8020f02a4343eca,val
cotton,Fusarium Wilt,fusarium_(192).png,data\raw\cotton\cotton_original\Cotton_Original_Dataset\Fusarium Wilt\fusarium_(192).png,D:\ZaraiAI_Tomato_Cotton_Wheat\data\raw\cotton\cotton_original\Cotton_Original_Dataset\Fusarium Wilt\fusarium_(192).png,700,700,3,JPEG,53025,5b60004a52383eda3cfdf910b2fd7203aaa844f8fa6914a104ec6ecebea59efb,val
cotton,Bacterial Blight,bacterial_(27).png,data\raw\cotton\cotton_original\Cotton_Original_Dataset\Bacterial Blight\bacterial_(27).png,D:\ZaraiAI_Tomato_Cotton_Wheat\data\raw\cotton\cotton_original\Cotton_Original_Dataset\Bacterial Blight\bacterial_(27).png,700,700,3,JPEG,62847,0ce3f9bb18b9bdec7973d0756592a717b6a58088f9b8835f878dece7ba7fbbfe,val
cotton,Verticillium Wilt,verticillium_(101).png,data\raw\cotton\cotton_original\Cotton_Original_Dataset\Verticillium Wilt\verticillium_(101).png,D:\ZaraiAI_Tomato_Cotton_Wheat\data\raw\cotton\cotton_original\Cotton_Original_Dataset\Verticillium Wilt\verticillium_(101).png,700,700,3,JPEG,56695,d5182e8b42ef86379a4fc854a38b93f951d78a122746c69981c75782f7c1d94a,val
cotton,Verticillium Wilt,verticillium_(163).png,data\raw\cotton\cotton_original\Cotton_Original_Dataset\Verticillium Wilt\verticillium_(163).png,D:\ZaraiAI_Tomato_Cotton_Wheat\data\raw\cotton\cotton_original\Cotton_Original_Dataset\Verticillium Wilt\verticillium_(163).png,700,700,3,JPEG,44419,5ca6f243fcdb42eba71772bce2a4d3f6230443ef671cb39c2ba837c9166b170d,val
cotton,Fusarium Wilt,fusarium_(107).png,data\raw\cotton\cotton_original\Cotton_Original_Dataset\Fusarium Wilt\fusarium_(107).png,D:\ZaraiAI_Tomato_Cotton_Wheat\data\raw\cotton\cotton_original\Cotton_Original_Dataset\Fusarium Wilt\fusarium_(107).png,700,700,3,JPEG,33832,b30e963183eaa7a440a2840dd8bf30d16033420a9167c869ece42c5cc0b06862,val
cotton,Verticillium Wilt,verticillium_(103).png,data\raw\cotton\cotton_original\Cotton_Original_Dataset\Verticillium Wilt\verticillium_(103).png,D:\ZaraiAI_Tomato_Cotton_Wheat\data\raw\cotton\cotton_original\Cotton_Original_Dataset\Verticillium Wilt\verticillium_(103).png,700,700,3,JPEG,45305,5742f1a59b4bcc10358dca44bbed8382edb95ba1ab10d19639952fbace8a6380,val
cotton,Fusarium Wilt,fusarium_(142).png,data\raw\cotton\cotton_original\Cotton_Original_Dataset\Fusarium Wilt\fusarium_(142).png,D:\ZaraiAI_Tomato_Cotton_Wheat\data\raw\cotton\cotton_original\Cotton_Original_Dataset\Fusarium Wilt\fusarium_(142).png,700,700,3,JPEG,53748,09a388ed1bf3d24ba99ba6db667c286139dc051453b00fb36f34a3db36a9c6bb,val
cotton,Verticillium Wilt,verticillium_(46).png,data\raw\cotton\cotton_original\Cotton_Original_Dataset\Verticillium Wilt\verticillium_(46).png,D:\ZaraiAI_Tomato_Cotton_Wheat\data\raw\cotton\cotton_original\Cotton_Original_Dataset\Verticillium Wilt\verticillium_(46).png,700,700,3,JPEG,59082,fc90b76ab25727b5d2ffea23661b882b75f6c14526805938658b55a75d9c0101,val
cotton,Alternaria Leaf Spot,alternaria_(64).png,data\raw\cotton\cotton_original\Cotton_Original_Dataset\Alternaria Leaf Spot\alternaria_(64).png,D:\ZaraiAI_Tomato_Cotton_Wheat\data\raw\cotton\cotton_original\Cotton_Original_Dataset\Alternaria Leaf Spot\alternaria_(64).png,700,700,3,JPEG,44837,4eaa62d3e34259cb794e9efa75ae7b5ea5666ee155051b4ecc4ebc72b5bcc294,val
cotton,Fusarium Wilt,fusarium_(86).png,data\raw\cotton\cotton_original\Cotton_Original_Dataset\Fusarium Wilt\fusarium_(86).png,D:\ZaraiAI_Tomato_Cotton_Wheat\data\raw\cotton\cotton_original\Cotton_Original_Dataset\Fusarium Wilt\fusarium_(86).png,700,700,3,JPEG,39357,9e3e84ff7c872ba1318e6239495b04dc2c3f683dc964ca0e499ade272b982c4e,val
cotton,Fusarium Wilt,fusarium_(32).png,data\raw\cotton\cotton_original\Cotton_Original_Dataset\Fusarium Wilt\fusarium_(32).png,D:\ZaraiAI_Tomato_Cotton_Wheat\data\raw\cotton\cotton_original\Cotton_Original_Dataset\Fusarium Wilt\fusarium_(32).png,700,700,3,JPEG,44231,db239ea3bbfc836048141fc21535e444d984a60f6c7963ea6716bce83dde998a,val
cotton,Fusarium Wilt,fusarium_(177).png,data\raw\cotton\cotton_original\Cotton_Original_Dataset\Fusarium Wilt\fusarium_(177).png,D:\ZaraiAI_Tomato_Cotton_Wheat\data\raw\cotton\cotton_original\Cotton_Original_Dataset\Fusarium Wilt\fusarium_(177).png,700,700,3,JPEG,60758,28311dfe99d5aec4a4f320e95fa7d090a4d7e37830eacd35ba415260cf2bb8ed,val
cotton,Fusarium Wilt,fusarium_(33).png,data\raw\cotton\cotton_original\Cotton_Original_Dataset\Fusarium Wilt\fusarium_(33).png,D:\ZaraiAI_Tomato_Cotton_Wheat\data\raw\cotton\cotton_original\Cotton_Original_Dataset\Fusarium Wilt\fusarium_(33).png,700,700,3,JPEG,45144,7dc0ba8423677b4b39a9fe1c2e171d9fa586b7022284edfa0096822985a5b081,val
cotton,Healthy Leaf,healthy_(240).png,data\raw\cotton\cotton_original\Cotton_Original_Dataset\Healthy Leaf\healthy_(240).png,D:\ZaraiAI_Tomato_Cotton_Wheat\data\raw\cotton\cotton_original\Cotton_Original_Dataset\Healthy Leaf\healthy_(240).png,700,700,3,JPEG,36602,454c3eff61d2b8a1fec03a2fed3cfb158a85b5d606d81abbd5966d7ecd67935e,val
cotton,Fusarium Wilt,fusarium_(71).png,data\raw\cotton\cotton_original\Cotton_Original_Dataset\Fusarium Wilt\fusarium_(71).png,D:\ZaraiAI_Tomato_Cotton_Wheat\data\raw\cotton\cotton_original\Cotton_Original_Dataset\Fusarium Wilt\fusarium_(71).png,700,700,3,JPEG,47307,276ef951df75e61865c44055d141a77a6bfbe7b6738d1273eb15a4440354498f,val
cotton,Bacterial Blight,bacterial_(153).png,data\raw\cotton\cotton_original\Cotton_Original_Dataset\Bacterial Blight\bacterial_(153).png,D:\ZaraiAI_Tomato_Cotton_Wheat\data\raw\cotton\cotton_original\Cotton_Original_Dataset\Bacterial Blight\bacterial_(153).png,700,700,3,JPEG,61820,477c6a10d4bfca41e7a4de5ae9d1e0f908129d3c6669ec74dc6e61f40d913568,val
cotton,Bacterial Blight,bacterial_(83).png,data\raw\cotton\cotton_original\Cotton_Original_Dataset\Bacterial Blight\bacterial_(83).png,D:\ZaraiAI_Tomato_Cotton_Wheat\data\raw\cotton\cotton_original\Cotton_Original_Dataset\Bacterial Blight\bacterial_(83).png,700,700,3,JPEG,40684,da42de85e218ac642eba923f48f80af475ae7fd28e2673b28102b7e095cc9376,val
cotton,Fusarium Wilt,fusarium_(176).png,data\raw\cotton\cotton_original\Cotton_Original_Dataset\Fusarium Wilt\fusarium_(176).png,D:\ZaraiAI_Tomato_Cotton_Wheat\data\raw\cotton\cotton_original\Cotton_Original_Dataset\Fusarium Wilt\fusarium_(176).png,700,700,3,JPEG,46629,d25515b8c0976167465edc6e1f96c92cd4ee996397f75088a4345753ba34264e,val
cotton,Healthy Leaf,healthy_(4).png,data\raw\cotton\cotton_original\Cotton_Original_Dataset\Healthy Leaf\healthy_(4).png,D:\ZaraiAI_Tomato_Cotton_Wheat\data\raw\cotton\cotton_original\Cotton_Original_Dataset\Healthy Leaf\healthy_(4).png,700,700,3,JPEG,49987,d588a2b7b58799612d93c1d2e63ed40620ad1d54ddb417d2f77eae5439cd196c,val
cotton,Alternaria Leaf Spot,alternaria_(148).png,data\raw\cotton\cotton_original\Cotton_Original_Dataset\Alternaria Leaf Spot\alternaria_(148).png,D:\ZaraiAI_Tomato_Cotton_Wheat\data\raw\cotton\cotton_original\Cotton_Original_Dataset\Alternaria Leaf Spot\alternaria_(148).png,700,700,3,JPEG,40535,4332fd5b7b4fee637dcd005f361923f76c635d2fbf42d5c832c00d4c54425a35,val
cotton,Alternaria Leaf Spot,alternaria_(36).png,data\raw\cotton\cotton_original\Cotton_Original_Dataset\Alternaria Leaf Spot\alternaria_(36).png,D:\ZaraiAI_Tomato_Cotton_Wheat\data\raw\cotton\cotton_original\Cotton_Original_Dataset\Alternaria Leaf Spot\alternaria_(36).png,700,700,3,JPEG,37499,00d521c9e4c32a7d12b29e621fa6dd271d3b88b471648aa8a785c3d5f4e8c491,val
cotton,Alternaria Leaf Spot,alternaria_(118).png,data\raw\cotton\cotton_original\Cotton_Original_Dataset\Alternaria Leaf Spot\alternaria_(118).png,D:\ZaraiAI_Tomato_Cotton_Wheat\data\raw\cotton\cotton_original\Cotton_Original_Dataset\Alternaria Leaf Spot\alternaria_(118).png,700,700,3,JPEG,40621,090a356507965fe2de1cad259b632fd36063e9a2bb09e16c2d8be0d1db72da8e,val
cotton,Alternaria Leaf Spot,alternaria_(52).png,data\raw\cotton\cotton_original\Cotton_Original_Dataset\Alternaria Leaf Spot\alternaria_(52).png,D:\ZaraiAI_Tomato_Cotton_Wheat\data\raw\cotton\cotton_original\Cotton_Original_Dataset\Alternaria Leaf Spot\alternaria_(52).png,700,700,3,JPEG,40181,8460e938c683649d4c91ea0d0bdad8fd820aea9d30f053b155bc9c29e9e83e24,val
cotton,Fusarium Wilt,fusarium_(234).png,data\raw\cotton\cotton_original\Cotton_Original_Dataset\Fusarium Wilt\fusarium_(234).png,D:\ZaraiAI_Tomato_Cotton_Wheat\data\raw\cotton\cotton_original\Cotton_Original_Dataset\Fusarium Wilt\fusarium_(234).png,700,700,3,JPEG,44416,806088d6917f6a50a3a28d23b00300feae1218cb8eb942708c5c97b8c6b94b42,val
cotton,Fusarium Wilt,fusarium_(209).png,data\raw\cotton\cotton_original\Cotton_Original_Dataset\Fusarium Wilt\fusarium_(209).png,D:\ZaraiAI_Tomato_Cotton_Wheat\data\raw\cotton\cotton_original\Cotton_Original_Dataset\Fusarium Wilt\fusarium_(209).png,700,700,3,JPEG,39815,b287c4e29ce8b885be015a7e162b627a74e6a04f03620bd2c53625db575c0c5a,val
cotton,Fusarium Wilt,fusarium_(28).png,data\raw\cotton\cotton_original\Cotton_Original_Dataset\Fusarium Wilt\fusarium_(28).png,D:\ZaraiAI_Tomato_Cotton_Wheat\data\raw\cotton\cotton_original\Cotton_Original_Dataset\Fusarium Wilt\fusarium_(28).png,700,700,3,JPEG,45339,32e65f9cfab78afa0dff5cce698bbcd0086a865c78a0808db799603b34cdd50a,val
cotton,Healthy Leaf,healthy_(33).png,data\raw\cotton\cotton_original\Cotton_Original_Dataset\Healthy Leaf\healthy_(33).png,D:\ZaraiAI_Tomato_Cotton_Wheat\data\raw\cotton\cotton_original\Cotton_Original_Dataset\Healthy Leaf\healthy_(33).png,700,700,3,JPEG,32094,45c8675eb6bede7cdd4cb3c12bf4f5abc05293bafe0dff65ecd2d7664acaa07f,val
cotton,Verticillium Wilt,verticillium_(67).png,data\raw\cotton\cotton_original\Cotton_Original_Dataset\Verticillium Wilt\verticillium_(67).png,D:\ZaraiAI_Tomato_Cotton_Wheat\data\raw\cotton\cotton_original\Cotton_Original_Dataset\Verticillium Wilt\verticillium_(67).png,700,700,3,JPEG,63227,336dc5c49ed6b4b732b39f7e64d5f4e7ecef3fbb581ee86e2774e5e9fe2ba2f1,val
cotton,Verticillium Wilt,verticillium_(156).png,data\raw\cotton\cotton_original\Cotton_Original_Dataset\Verticillium Wilt\verticillium_(156).png,D:\ZaraiAI_Tomato_Cotton_Wheat\data\raw\cotton\cotton_original\Cotton_Original_Dataset\Verticillium Wilt\verticillium_(156).png,700,700,3,JPEG,32623,3ff52de8bd8d3dfefc12669214819382986bf13a3291d705b34d19cb75b58831,val
cotton,Fusarium Wilt,fusarium_(197).png,data\raw\cotton\cotton_original\Cotton_Original_Dataset\Fusarium Wilt\fusarium_(197).png,D:\ZaraiAI_Tomato_Cotton_Wheat\data\raw\cotton\cotton_original\Cotton_Original_Dataset\Fusarium Wilt\fusarium_(197).png,700,700,3,JPEG,63787,cf455588d20812fcb03751d20ef1de1ca3d28476dc4fa03b95e61b19bf5f1863,val
cotton,Verticillium Wilt,verticillium_(203).png,data\raw\cotton\cotton_original\Cotton_Original_Dataset\Verticillium Wilt\verticillium_(203).png,D:\ZaraiAI_Tomato_Cotton_Wheat\data\raw\cotton\cotton_original\Cotton_Original_Dataset\Verticillium Wilt\verticillium_(203).png,700,700,3,JPEG,33524,fabe7ccc317d33d9698bc1df899db416d2461862d4bfb156daa624d458a19814,val
cotton,Verticillium Wilt,verticillium_(42).png,data\raw\cotton\cotton_original\Cotton_Original_Dataset\Verticillium Wilt\verticillium_(42).png,D:\ZaraiAI_Tomato_Cotton_Wheat\data\raw\cotton\cotton_original\Cotton_Original_Dataset\Verticillium Wilt\verticillium_(42).png,700,700,3,JPEG,49785,58bbd4a9c2176edb53db62a5f6b23f29b2bec9f920eaadc504e5b5c712210925,val
cotton,Alternaria Leaf Spot,alternaria_(25).png,data\raw\cotton\cotton_original\Cotton_Original_Dataset\Alternaria Leaf Spot\alternaria_(25).png,D:\ZaraiAI_Tomato_Cotton_Wheat\data\raw\cotton\cotton_original\Cotton_Original_Dataset\Alternaria Leaf Spot\alternaria_(25).png,700,700,3,JPEG,38801,5ed5b1ae134c7bc89cae10b5cf93c83a8516a48777a9573d64a61edb54d6514b,val
cotton,Bacterial Blight,bacterial_(79).png,data\raw\cotton\cotton_original\Cotton_Original_Dataset\Bacterial Blight\bacterial_(79).png,D:\ZaraiAI_Tomato_Cotton_Wheat\data\raw\cotton\cotton_original\Cotton_Original_Dataset\Bacterial Blight\bacterial_(79).png,700,700,3,JPEG,47721,968306c9e8851b45d485992c378c5c9cbc0d9126bb9b27716acf92d596bece5d,val
cotton,Verticillium Wilt,verticillium_(312).png,data\raw\cotton\cotton_original\Cotton_Original_Dataset\Verticillium Wilt\verticillium_(312).png,D:\ZaraiAI_Tomato_Cotton_Wheat\data\raw\cotton\cotton_original\Cotton_Original_Dataset\Verticillium Wilt\verticillium_(312).png,700,700,3,JPEG,61097,27ecaf9de48c72ced97ce4c02c4355d89e73ce7214aac40c236934b541584e87,val
cotton,Alternaria Leaf Spot,alternaria_(87).png,data\raw\cotton\cotton_original\Cotton_Original_Dataset\Alternaria Leaf Spot\alternaria_(87).png,D:\ZaraiAI_Tomato_Cotton_Wheat\data\raw\cotton\cotton_original\Cotton_Original_Dataset\Alternaria Leaf Spot\alternaria_(87).png,700,700,3,JPEG,39440,ad544060bf78be3d43d8bd5304a54325484e0ffd9af7d5fdc8d80a2e19c924ca,val
cotton,Bacterial Blight,bacterial_(36).png,data\raw\cotton\cotton_original\Cotton_Original_Dataset\Bacterial Blight\bacterial_(36).png,D:\ZaraiAI_Tomato_Cotton_Wheat\data\raw\cotton\cotton_original\Cotton_Original_Dataset\Bacterial Blight\bacterial_(36).png,700,700,3,JPEG,35617,7bf142acd3e7bdd33412fd84ad71ce5c8951b313a2e10f0c12c30f907b757d0b,val
cotton,Bacterial Blight,bacterial_(188).png,data\raw\cotton\cotton_original\Cotton_Original_Dataset\Bacterial Blight\bacterial_(188).png,D:\ZaraiAI_Tomato_Cotton_Wheat\data\raw\cotton\cotton_original\Cotton_Original_Dataset\Bacterial Blight\bacterial_(188).png,700,700,3,JPEG,48051,bcbc44e1650f15621b1f82cd15f3d435fd421f6651259cdbd933aeaf4b6b0374,val
cotton,Bacterial Blight,bacterial_(20).png,data\raw\cotton\cotton_original\Cotton_Original_Dataset\Bacterial Blight\bacterial_(20).png,D:\ZaraiAI_Tomato_Cotton_Wheat\data\raw\cotton\cotton_original\Cotton_Original_Dataset\Bacterial Blight\bacterial_(20).png,700,700,3,JPEG,59886,464eec0f3bed2352c8a4382d74cd9a70281e770e9124306353fb751392d9fb79,val
cotton,Verticillium Wilt,verticillium_(40).png,data\raw\cotton\cotton_original\Cotton_Original_Dataset\Verticillium Wilt\verticillium_(40).png,D:\ZaraiAI_Tomato_Cotton_Wheat\data\raw\cotton\cotton_original\Cotton_Original_Dataset\Verticillium Wilt\verticillium_(40).png,700,700,3,JPEG,52645,810f45d0eca4b959f40a46075a9b198e32d3cbe753a33bf34a7aae2ff47c4fdf,val
cotton,Bacterial Blight,bacterial_(148).png,data\raw\cotton\cotton_original\Cotton_Original_Dataset\Bacterial Blight\bacterial_(148).png,D:\ZaraiAI_Tomato_Cotton_Wheat\data\raw\cotton\cotton_original\Cotton_Original_Dataset\Bacterial Blight\bacterial_(148).png,700,700,3,JPEG,54557,bc2818d3ce55bf304ba37880ebe28bbcca63b0861bd2f898883c834a682af04c,val
cotton,Fusarium Wilt,fusarium_(302).png,data\raw\cotton\cotton_original\Cotton_Original_Dataset\Fusarium Wilt\fusarium_(302).png,D:\ZaraiAI_Tomato_Cotton_Wheat\data\raw\cotton\cotton_original\Cotton_Original_Dataset\Fusarium Wilt\fusarium_(302).png,700,700,3,JPEG,38971,6b8c629ca099395c72753f80fe1022bccf256892462d55ababc2f3beaf5b1920,val
cotton,Fusarium Wilt,fusarium_(270).png,data\raw\cotton\cotton_original\Cotton_Original_Dataset\Fusarium Wilt\fusarium_(270).png,D:\ZaraiAI_Tomato_Cotton_Wheat\data\raw\cotton\cotton_original\Cotton_Original_Dataset\Fusarium Wilt\fusarium_(270).png,700,700,3,JPEG,42892,25f4d01b4f0214dc15e40438bd79a14f6e476706107de5ebdb4e0e7567477be2,val
cotton,Healthy Leaf,healthy_(100).png,data\raw\cotton\cotton_original\Cotton_Original_Dataset\Healthy Leaf\healthy_(100).png,D:\ZaraiAI_Tomato_Cotton_Wheat\data\raw\cotton\cotton_original\Cotton_Original_Dataset\Healthy Leaf\healthy_(100).png,700,700,3,JPEG,43504,fe81f7f16963927548003e2acdedd86b8bb82e279a78635c92c1e848c679d1f6,val
cotton,Alternaria Leaf Spot,alternaria_(150).png,data\raw\cotton\cotton_original\Cotton_Original_Dataset\Alternaria Leaf Spot\alternaria_(150).png,D:\ZaraiAI_Tomato_Cotton_Wheat\data\raw\cotton\cotton_original\Cotton_Original_Dataset\Alternaria Leaf Spot\alternaria_(150).png,700,700,3,JPEG,41694,75e519128c1886449aaf84cb18d548b17601871c30e4178ffdb85811c4beb45b,val
cotton,Fusarium Wilt,fusarium_(19).png,data\raw\cotton\cotton_original\Cotton_Original_Dataset\Fusarium Wilt\fusarium_(19).png,D:\ZaraiAI_Tomato_Cotton_Wheat\data\raw\cotton\cotton_original\Cotton_Original_Dataset\Fusarium Wilt\fusarium_(19).png,700,700,3,JPEG,54671,f984a72703be085e0ba970ae92ae5dcfc82272349d2ee487e00bc1f57f9366d4,val
cotton,Fusarium Wilt,fusarium_(297).png,data\raw\cotton\cotton_original\Cotton_Original_Dataset\Fusarium Wilt\fusarium_(297).png,D:\ZaraiAI_Tomato_Cotton_Wheat\data\raw\cotton\cotton_original\Cotton_Original_Dataset\Fusarium Wilt\fusarium_(297).png,700,700,3,JPEG,45530,57a764da910260083aedc12468fecb4f387334bb906e4857a2d211b368cb3af0,val
cotton,Alternaria Leaf Spot,alternaria_(151).png,data\raw\cotton\cotton_original\Cotton_Original_Dataset\Alternaria Leaf Spot\alternaria_(151).png,D:\ZaraiAI_Tomato_Cotton_Wheat\data\raw\cotton\cotton_original\Cotton_Original_Dataset\Alternaria Leaf Spot\alternaria_(151).png,700,700,3,JPEG,40449,0d231139cf5dd7b59beb0c1b1a27b1d76f3ec4db06e33681f3f67a084a52330d,val
cotton,Healthy Leaf,healthy_(275).png,data\raw\cotton\cotton_original\Cotton_Original_Dataset\Healthy Leaf\healthy_(275).png,D:\ZaraiAI_Tomato_Cotton_Wheat\data\raw\cotton\cotton_original\Cotton_Original_Dataset\Healthy Leaf\healthy_(275).png,700,700,3,JPEG,45753,7527dde26c571fca74e7611e33a81befa7dbd98238fb9b146020e68e9d2b0ae0,val
cotton,Healthy Leaf,healthy_(321).png,data\raw\cotton\cotton_original\Cotton_Original_Dataset\Healthy Leaf\healthy_(321).png,D:\ZaraiAI_Tomato_Cotton_Wheat\data\raw\cotton\cotton_original\Cotton_Original_Dataset\Healthy Leaf\healthy_(321).png,700,700,3,JPEG,43652,ba2b35f73a8b3d0fffdfe9c20a20df5f0301791bdaf42006895bd0522b3469e7,val
cotton,Verticillium Wilt,verticillium_(138).png,data\raw\cotton\cotton_original\Cotton_Original_Dataset\Verticillium Wilt\verticillium_(138).png,D:\ZaraiAI_Tomato_Cotton_Wheat\data\raw\cotton\cotton_original\Cotton_Original_Dataset\Verticillium Wilt\verticillium_(138).png,700,700,3,JPEG,36673,ba3ad917404563e48ed94cb1bd6c2cb5031ee63fba2b6bef9d3f46883e35c0fe,val
cotton,Bacterial Blight,bacterial_(3).png,data\raw\cotton\cotton_original\Cotton_Original_Dataset\Bacterial Blight\bacterial_(3).png,D:\ZaraiAI_Tomato_Cotton_Wheat\data\raw\cotton\cotton_original\Cotton_Original_Dataset\Bacterial Blight\bacterial_(3).png,700,700,3,JPEG,46372,3c9312dc86982740269b50ced95ab535badbb53bd0ec1dd780660a8a0e29317f,val
cotton,Verticillium Wilt,verticillium_(77).png,data\raw\cotton\cotton_original\Cotton_Original_Dataset\Verticillium Wilt\verticillium_(77).png,D:\ZaraiAI_Tomato_Cotton_Wheat\data\raw\cotton\cotton_original\Cotton_Original_Dataset\Verticillium Wilt\verticillium_(77).png,700,700,3,JPEG,70518,26bb06cca1a878131204f307f03c65da029a06c28c03a6139ef2e13f7bc527ae,val
cotton,Fusarium Wilt,fusarium_(96).png,data\raw\cotton\cotton_original\Cotton_Original_Dataset\Fusarium Wilt\fusarium_(96).png,D:\ZaraiAI_Tomato_Cotton_Wheat\data\raw\cotton\cotton_original\Cotton_Original_Dataset\Fusarium Wilt\fusarium_(96).png,700,700,3,JPEG,35718,f406f77813d74cc6b4f7b1a54934d8ed80cd00c7c73c82a507c1d9f92ce39ea6,val
cotton,Fusarium Wilt,fusarium_(252).png,data\raw\cotton\cotton_original\Cotton_Original_Dataset\Fusarium Wilt\fusarium_(252).png,D:\ZaraiAI_Tomato_Cotton_Wheat\data\raw\cotton\cotton_original\Cotton_Original_Dataset\Fusarium Wilt\fusarium_(252).png,700,700,3,JPEG,40496,e95d4421bf55fc0716b0840d56bf5d5d16d1339a557f95647fbbaf6efaadc587,val
cotton,Verticillium Wilt,verticillium_(140).png,data\raw\cotton\cotton_original\Cotton_Original_Dataset\Verticillium Wilt\verticillium_(140).png,D:\ZaraiAI_Tomato_Cotton_Wheat\data\raw\cotton\cotton_original\Cotton_Original_Dataset\Verticillium Wilt\verticillium_(140).png,700,700,3,JPEG,36170,238e7354ef565e2b251ab442d6c48da6950789ab37f526f3897691eb04bf42d9,val
cotton,Healthy Leaf,healthy_(158).png,data\raw\cotton\cotton_original\Cotton_Original_Dataset\Healthy Leaf\healthy_(158).png,D:\ZaraiAI_Tomato_Cotton_Wheat\data\raw\cotton\cotton_original\Cotton_Original_Dataset\Healthy Leaf\healthy_(158).png,700,700,3,JPEG,43402,bc56feb71ff1587800b1355744122683924aa612ab94269760f3bbb30c59a9aa,val
cotton,Verticillium Wilt,verticillium_(3).png,data\raw\cotton\cotton_original\Cotton_Original_Dataset\Verticillium Wilt\verticillium_(3).png,D:\ZaraiAI_Tomato_Cotton_Wheat\data\raw\cotton\cotton_original\Cotton_Original_Dataset\Verticillium Wilt\verticillium_(3).png,700,700,3,JPEG,49959,150dc42df42500da7c699742ee54db81f854a6c34e52b8a0e5daf89768401f43,val
cotton,Alternaria Leaf Spot,alternaria_(114).png,data\raw\cotton\cotton_original\Cotton_Original_Dataset\Alternaria Leaf Spot\alternaria_(114).png,D:\ZaraiAI_Tomato_Cotton_Wheat\data\raw\cotton\cotton_original\Cotton_Original_Dataset\Alternaria Leaf Spot\alternaria_(114).png,700,700,3,JPEG,38146,77fa9fb9ae5b71ceb686739af352284a6df6ebb215a05ad222aa2d69f3740c59,val
cotton,Fusarium Wilt,fusarium_(211).png,data\raw\cotton\cotton_original\Cotton_Original_Dataset\Fusarium Wilt\fusarium_(211).png,D:\ZaraiAI_Tomato_Cotton_Wheat\data\raw\cotton\cotton_original\Cotton_Original_Dataset\Fusarium Wilt\fusarium_(211).png,700,700,3,JPEG,39866,16bd095042fe331545aeec90e772a92dfccd24077b583bb62eb89853b78c8e67,val
cotton,Bacterial Blight,bacterial_(24).png,data\raw\cotton\cotton_original\Cotton_Original_Dataset\Bacterial Blight\bacterial_(24).png,D:\ZaraiAI_Tomato_Cotton_Wheat\data\raw\cotton\cotton_original\Cotton_Original_Dataset\Bacterial Blight\bacterial_(24).png,700,700,3,JPEG,63432,65f0a2ec2fe589996280282da6b7fb6aae3cccffc4f8aac6d55aadd170a707fe,val
cotton,Verticillium Wilt,verticillium_(194).png,data\raw\cotton\cotton_original\Cotton_Original_Dataset\Verticillium Wilt\verticillium_(194).png,D:\ZaraiAI_Tomato_Cotton_Wheat\data\raw\cotton\cotton_original\Cotton_Original_Dataset\Verticillium Wilt\verticillium_(194).png,700,700,3,JPEG,36692,46accc744a3d0f8f4b26e499134d5f35855b17ac3167b14c240a28515454b3aa,val
cotton,Verticillium Wilt,verticillium_(117).png,data\raw\cotton\cotton_original\Cotton_Original_Dataset\Verticillium Wilt\verticillium_(117).png,D:\ZaraiAI_Tomato_Cotton_Wheat\data\raw\cotton\cotton_original\Cotton_Original_Dataset\Verticillium Wilt\verticillium_(117).png,700,700,3,JPEG,36168,d27257bd47bd72c18ad4c49fdaa212ce38482bab3a7dbe7cd559f033465a4bde,val
cotton,Verticillium Wilt,verticillium_(100).png,data\raw\cotton\cotton_original\Cotton_Original_Dataset\Verticillium Wilt\verticillium_(100).png,D:\ZaraiAI_Tomato_Cotton_Wheat\data\raw\cotton\cotton_original\Cotton_Original_Dataset\Verticillium Wilt\verticillium_(100).png,700,700,3,JPEG,56623,6059fe0ea9d022041d51dd8c3a6c53163354efdcc6cc64af50602b060ef1aa79,val
cotton,Healthy Leaf,healthy_(242).png,data\raw\cotton\cotton_original\Cotton_Original_Dataset\Healthy Leaf\healthy_(242).png,D:\ZaraiAI_Tomato_Cotton_Wheat\data\raw\cotton\cotton_original\Cotton_Original_Dataset\Healthy Leaf\healthy_(242).png,700,700,3,JPEG,39067,5bf7f56b7ccf3afaf34b97528eeaaef13702bf20daa7ce685506d9b8dfd793dd,val
cotton,Fusarium Wilt,fusarium_(3).png,data\raw\cotton\cotton_original\Cotton_Original_Dataset\Fusarium Wilt\fusarium_(3).png,D:\ZaraiAI_Tomato_Cotton_Wheat\data\raw\cotton\cotton_original\Cotton_Original_Dataset\Fusarium Wilt\fusarium_(3).png,700,700,3,JPEG,45690,0e54e79587df73985906a44cbe271821cb4ab474096b1ee93939a8e89abb46ef,val
cotton,Bacterial Blight,bacterial_(58).png,data\raw\cotton\cotton_original\Cotton_Original_Dataset\Bacterial Blight\bacterial_(58).png,D:\ZaraiAI_Tomato_Cotton_Wheat\data\raw\cotton\cotton_original\Cotton_Original_Dataset\Bacterial Blight\bacterial_(58).png,700,700,3,JPEG,31947,4ae743ff9311eb00820be9b570f4ec4c6a5906e3e758ebc3c649231cc2b9388f,val
cotton,Verticillium Wilt,verticillium_(180).png,data\raw\cotton\cotton_original\Cotton_Original_Dataset\Verticillium Wilt\verticillium_(180).png,D:\ZaraiAI_Tomato_Cotton_Wheat\data\raw\cotton\cotton_original\Cotton_Original_Dataset\Verticillium Wilt\verticillium_(180).png,700,700,3,JPEG,35674,13bbb0abeffc89a272942f3b8fbef10cef8f14780caf4e10fb9cc4b886109e74,val
cotton,Verticillium Wilt,verticillium_(164).png,data\raw\cotton\cotton_original\Cotton_Original_Dataset\Verticillium Wilt\verticillium_(164).png,D:\ZaraiAI_Tomato_Cotton_Wheat\data\raw\cotton\cotton_original\Cotton_Original_Dataset\Verticillium Wilt\verticillium_(164).png,700,700,3,JPEG,32747,e50e67d845942cdc08679bf4a69a0a0f417bd9943a748651b95136fb95ba5b1c,val
cotton,Fusarium Wilt,fusarium_(212).png,data\raw\cotton\cotton_original\Cotton_Original_Dataset\Fusarium Wilt\fusarium_(212).png,D:\ZaraiAI_Tomato_Cotton_Wheat\data\raw\cotton\cotton_original\Cotton_Original_Dataset\Fusarium Wilt\fusarium_(212).png,700,700,3,JPEG,41756,cde436b8dd0ab83dd723ca5cea907ce4a85d25f13b49fa42bde9ad70b0eccf3b,val
cotton,Fusarium Wilt,fusarium_(147).png,data\raw\cotton\cotton_original\Cotton_Original_Dataset\Fusarium Wilt\fusarium_(147).png,D:\ZaraiAI_Tomato_Cotton_Wheat\data\raw\cotton\cotton_original\Cotton_Original_Dataset\Fusarium Wilt\fusarium_(147).png,700,700,3,JPEG,60050,86f2301b2cabdd187bb4fa26e328ca41651e33a5c015ba07beb85688741d697a,val
cotton,Fusarium Wilt,fusarium_(82).png,data\raw\cotton\cotton_original\Cotton_Original_Dataset\Fusarium Wilt\fusarium_(82).png,D:\ZaraiAI_Tomato_Cotton_Wheat\data\raw\cotton\cotton_original\Cotton_Original_Dataset\Fusarium Wilt\fusarium_(82).png,700,700,3,JPEG,38026,a2b644248969042ef6265fe8bbba3dea2cec14478d9b2f07c189e48778e3c992,val
cotton,Healthy Leaf,healthy_(101).png,data\raw\cotton\cotton_original\Cotton_Original_Dataset\Healthy Leaf\healthy_(101).png,D:\ZaraiAI_Tomato_Cotton_Wheat\data\raw\cotton\cotton_original\Cotton_Original_Dataset\Healthy Leaf\healthy_(101).png,700,700,3,JPEG,38690,db1a43ddc7bf379c201b448951210aee099dd1e5303feaf1db543f66e730dcbf,val
cotton,Verticillium Wilt,verticillium_(290).png,data\raw\cotton\cotton_original\Cotton_Original_Dataset\Verticillium Wilt\verticillium_(290).png,D:\ZaraiAI_Tomato_Cotton_Wheat\data\raw\cotton\cotton_original\Cotton_Original_Dataset\Verticillium Wilt\verticillium_(290).png,700,700,3,JPEG,47516,3724e7572bc6bcd7247e24c5421e7ead8e669c1ce1694adf45b2212091925280,val
cotton,Alternaria Leaf Spot,alternaria_(166).png,data\raw\cotton\cotton_original\Cotton_Original_Dataset\Alternaria Leaf Spot\alternaria_(166).png,D:\ZaraiAI_Tomato_Cotton_Wheat\data\raw\cotton\cotton_original\Cotton_Original_Dataset\Alternaria Leaf Spot\alternaria_(166).png,700,700,3,JPEG,41565,e1b55bd36e2e237ce0079c6d74af37f525c742aebbfde5d0a2ff83f0ac3c4d63,val
cotton,Fusarium Wilt,fusarium_(276).png,data\raw\cotton\cotton_original\Cotton_Original_Dataset\Fusarium Wilt\fusarium_(276).png,D:\ZaraiAI_Tomato_Cotton_Wheat\data\raw\cotton\cotton_original\Cotton_Original_Dataset\Fusarium Wilt\fusarium_(276).png,700,700,3,JPEG,36266,6f8e4e775df1017a08a2a93d5e646cdd26786ecf39c825568c5a3c4bd3c389fe,val
cotton,Alternaria Leaf Spot,alternaria_(21).png,data\raw\cotton\cotton_original\Cotton_Original_Dataset\Alternaria Leaf Spot\alternaria_(21).png,D:\ZaraiAI_Tomato_Cotton_Wheat\data\raw\cotton\cotton_original\Cotton_Original_Dataset\Alternaria Leaf Spot\alternaria_(21).png,700,700,3,JPEG,43127,0b7c7d405c3efd6f8faed791aadfd909945813adcf9b42c52bb28cb221e7e54e,val
cotton,Bacterial Blight,bacterial_(194).png,data\raw\cotton\cotton_original\Cotton_Original_Dataset\Bacterial Blight\bacterial_(194).png,D:\ZaraiAI_Tomato_Cotton_Wheat\data\raw\cotton\cotton_original\Cotton_Original_Dataset\Bacterial Blight\bacterial_(194).png,700,700,3,JPEG,42640,873a5d9925ff286e92c6d76db103b0056469dd3da38a9f6207525a23e0e1443b,val
cotton,Fusarium Wilt,fusarium_(190).png,data\raw\cotton\cotton_original\Cotton_Original_Dataset\Fusarium Wilt\fusarium_(190).png,D:\ZaraiAI_Tomato_Cotton_Wheat\data\raw\cotton\cotton_original\Cotton_Original_Dataset\Fusarium Wilt\fusarium_(190).png,700,700,3,JPEG,48221,75f3f0bbdedd7dc13a20101975596548e7a33f9c2a76f0a00debafa7f15c13b5,val
cotton,Verticillium Wilt,verticillium_(204).png,data\raw\cotton\cotton_original\Cotton_Original_Dataset\Verticillium Wilt\verticillium_(204).png,D:\ZaraiAI_Tomato_Cotton_Wheat\data\raw\cotton\cotton_original\Cotton_Original_Dataset\Verticillium Wilt\verticillium_(204).png,700,700,3,JPEG,35204,1218fc3b07128c944ffae2e3f9afa4ed7866b4b621456b362a7124ebb5647b7a,val
cotton,Fusarium Wilt,fusarium_(182).png,data\raw\cotton\cotton_original\Cotton_Original_Dataset\Fusarium Wilt\fusarium_(182).png,D:\ZaraiAI_Tomato_Cotton_Wheat\data\raw\cotton\cotton_original\Cotton_Original_Dataset\Fusarium Wilt\fusarium_(182).png,700,700,3,JPEG,57843,f0e4e51de9c7bbceccb22d3af5ad6135030736a1af5304292376af2c61ea91f7,val
cotton,Alternaria Leaf Spot,alternaria_(90).png,data\raw\cotton\cotton_original\Cotton_Original_Dataset\Alternaria Leaf Spot\alternaria_(90).png,D:\ZaraiAI_Tomato_Cotton_Wheat\data\raw\cotton\cotton_original\Cotton_Original_Dataset\Alternaria Leaf Spot\alternaria_(90).png,700,700,3,JPEG,40064,d09d0cb36889260a8ad9b859d97422e0c8839ebd99ec035b798f787c058dc968,val
cotton,Verticillium Wilt,verticillium_(200).png,data\raw\cotton\cotton_original\Cotton_Original_Dataset\Verticillium Wilt\verticillium_(200).png,D:\ZaraiAI_Tomato_Cotton_Wheat\data\raw\cotton\cotton_original\Cotton_Original_Dataset\Verticillium Wilt\verticillium_(200).png,700,700,3,JPEG,35044,6c6acad656d235f290c4066a7797186558d710f499b57f65ac5031f42672eb1b,val
cotton,Bacterial Blight,bacterial_(81).png,data\raw\cotton\cotton_original\Cotton_Original_Dataset\Bacterial Blight\bacterial_(81).png,D:\ZaraiAI_Tomato_Cotton_Wheat\data\raw\cotton\cotton_original\Cotton_Original_Dataset\Bacterial Blight\bacterial_(81).png,700,700,3,JPEG,38482,2963fb1de65643a15b469a0c99663ebe7aaee3a747570520c4fae95261838448,val
cotton,Fusarium Wilt,fusarium_(38).png,data\raw\cotton\cotton_original\Cotton_Original_Dataset\Fusarium Wilt\fusarium_(38).png,D:\ZaraiAI_Tomato_Cotton_Wheat\data\raw\cotton\cotton_original\Cotton_Original_Dataset\Fusarium Wilt\fusarium_(38).png,700,700,3,JPEG,44105,c49b696a719f15c634396b33f81cadc511af82489a863944a6c877a59c844726,val
cotton,Alternaria Leaf Spot,alternaria_(163).png,data\raw\cotton\cotton_original\Cotton_Original_Dataset\Alternaria Leaf Spot\alternaria_(163).png,D:\ZaraiAI_Tomato_Cotton_Wheat\data\raw\cotton\cotton_original\Cotton_Original_Dataset\Alternaria Leaf Spot\alternaria_(163).png,700,700,3,JPEG,37578,727ebf0c682810abd8c4db80bc16d984a6974d9cd26deeb53eb7547053170ae5,val
cotton,Bacterial Blight,bacterial_(177).png,data\raw\cotton\cotton_original\Cotton_Original_Dataset\Bacterial Blight\bacterial_(177).png,D:\ZaraiAI_Tomato_Cotton_Wheat\data\raw\cotton\cotton_original\Cotton_Original_Dataset\Bacterial Blight\bacterial_(177).png,700,700,3,JPEG,42958,27e6618a8339bdb6bed157869d98a95cfbc4e91c74d0edb59c7d2e0ba15a4226,val
cotton,Bacterial Blight,bacterial_(195).png,data\raw\cotton\cotton_original\Cotton_Original_Dataset\Bacterial Blight\bacterial_(195).png,D:\ZaraiAI_Tomato_Cotton_Wheat\data\raw\cotton\cotton_original\Cotton_Original_Dataset\Bacterial Blight\bacterial_(195).png,700,700,3,JPEG,42638,18a35af6c4ce4785129ebc343b107fcb38bc5e42d8ec93060d06258266cafe49,val
cotton,Verticillium Wilt,verticillium_(44).png,data\raw\cotton\cotton_original\Cotton_Original_Dataset\Verticillium Wilt\verticillium_(44).png,D:\ZaraiAI_Tomato_Cotton_Wheat\data\raw\cotton\cotton_original\Cotton_Original_Dataset\Verticillium Wilt\verticillium_(44).png,700,700,3,JPEG,56302,b6e3b54875f8b4d4654029ec3ae07184e1b326d19ed2e9c83f885f4f57b9f6a3,val
cotton,Verticillium Wilt,verticillium_(247).png,data\raw\cotton\cotton_original\Cotton_Original_Dataset\Verticillium Wilt\verticillium_(247).png,D:\ZaraiAI_Tomato_Cotton_Wheat\data\raw\cotton\cotton_original\Cotton_Original_Dataset\Verticillium Wilt\verticillium_(247).png,700,700,3,JPEG,40198,abb3921ea1616d12e52254a0a2e6056640ab411654be139804fe304511c7fec4,val
cotton,Alternaria Leaf Spot,alternaria_(62).png,data\raw\cotton\cotton_original\Cotton_Original_Dataset\Alternaria Leaf Spot\alternaria_(62).png,D:\ZaraiAI_Tomato_Cotton_Wheat\data\raw\cotton\cotton_original\Cotton_Original_Dataset\Alternaria Leaf Spot\alternaria_(62).png,700,700,3,JPEG,43561,8b059cbe38f4ab990dec4fe8da47ae8926323c439d202157f30df611cfc7b8fb,val
cotton,Verticillium Wilt,verticillium_(121).png,data\raw\cotton\cotton_original\Cotton_Original_Dataset\Verticillium Wilt\verticillium_(121).png,D:\ZaraiAI_Tomato_Cotton_Wheat\data\raw\cotton\cotton_original\Cotton_Original_Dataset\Verticillium Wilt\verticillium_(121).png,700,700,3,JPEG,37240,d4d160544b127607dccad1ec986c8dc17cbb2b52884801f3c029e1a4c0ab202a,val
cotton,Verticillium Wilt,verticillium_(11).png,data\raw\cotton\cotton_original\Cotton_Original_Dataset\Verticillium Wilt\verticillium_(11).png,D:\ZaraiAI_Tomato_Cotton_Wheat\data\raw\cotton\cotton_original\Cotton_Original_Dataset\Verticillium Wilt\verticillium_(11).png,700,700,3,JPEG,54868,d1f2a2163f2f41b24314573256c520083ace640aac18b4fcad1de0a0dd4321f7,val
cotton,Healthy Leaf,healthy_(136).png,data\raw\cotton\cotton_original\Cotton_Original_Dataset\Healthy Leaf\healthy_(136).png,D:\ZaraiAI_Tomato_Cotton_Wheat\data\raw\cotton\cotton_original\Cotton_Original_Dataset\Healthy Leaf\healthy_(136).png,700,700,3,JPEG,36553,d8bf7126d7f1255b91b2b67484b635f07e2eb3c53ee27fa91fa87674b03d0578,val
cotton,Verticillium Wilt,verticillium_(30).png,data\raw\cotton\cotton_original\Cotton_Original_Dataset\Verticillium Wilt\verticillium_(30).png,D:\ZaraiAI_Tomato_Cotton_Wheat\data\raw\cotton\cotton_original\Cotton_Original_Dataset\Verticillium Wilt\verticillium_(30).png,700,700,3,JPEG,58313,65b06867aa56774d1329fa81f26f6763ae1f8ca19a5ba4d3191eaecc32aa5c18,val
cotton,Fusarium Wilt,fusarium_(129).png,data\raw\cotton\cotton_original\Cotton_Original_Dataset\Fusarium Wilt\fusarium_(129).png,D:\ZaraiAI_Tomato_Cotton_Wheat\data\raw\cotton\cotton_original\Cotton_Original_Dataset\Fusarium Wilt\fusarium_(129).png,700,700,3,JPEG,53244,6426d021b767b5c1aef942fa5c7b7d8f1b39e30fde7f445791f3b82dca9e6bb3,val
cotton,Bacterial Blight,bacterial_(32).png,data\raw\cotton\cotton_original\Cotton_Original_Dataset\Bacterial Blight\bacterial_(32).png,D:\ZaraiAI_Tomato_Cotton_Wheat\data\raw\cotton\cotton_original\Cotton_Original_Dataset\Bacterial Blight\bacterial_(32).png,700,700,3,JPEG,36535,6ccb48c39815c8f3d6a78bd0e14f52c70784b8a8c05c66d4386f80d832b3c01d,val
cotton,Healthy Leaf,healthy_(110).png,data\raw\cotton\cotton_original\Cotton_Original_Dataset\Healthy Leaf\healthy_(110).png,D:\ZaraiAI_Tomato_Cotton_Wheat\data\raw\cotton\cotton_original\Cotton_Original_Dataset\Healthy Leaf\healthy_(110).png,700,700,3,JPEG,37813,2329436d016fa7a40dbc812d0b2c856709eccede1025e5c65251f63bbcac9311,val
cotton,Alternaria Leaf Spot,alternaria_(111).png,data\raw\cotton\cotton_original\Cotton_Original_Dataset\Alternaria Leaf Spot\alternaria_(111).png,D:\ZaraiAI_Tomato_Cotton_Wheat\data\raw\cotton\cotton_original\Cotton_Original_Dataset\Alternaria Leaf Spot\alternaria_(111).png,700,700,3,JPEG,39700,f41967baf1d7abe6eeb3d308f9182638b3470da287c8bbb739b59f4041d5057e,val
cotton,Healthy Leaf,healthy_(269).png,data\raw\cotton\cotton_original\Cotton_Original_Dataset\Healthy Leaf\healthy_(269).png,D:\ZaraiAI_Tomato_Cotton_Wheat\data\raw\cotton\cotton_original\Cotton_Original_Dataset\Healthy Leaf\healthy_(269).png,700,700,3,JPEG,40179,effcf046e342fbb61274784639a7e79e3f0613f97c6d07bf7ba1a944476ce51a,val
cotton,Fusarium Wilt,fusarium_(58).png,data\raw\cotton\cotton_original\Cotton_Original_Dataset\Fusarium Wilt\fusarium_(58).png,D:\ZaraiAI_Tomato_Cotton_Wheat\data\raw\cotton\cotton_original\Cotton_Original_Dataset\Fusarium Wilt\fusarium_(58).png,700,700,3,JPEG,51722,7fca233f5e41a92d116e7806bcc04fdbf98fcaa771d26d430f281d8a9078335f,val
cotton,Fusarium Wilt,fusarium_(69).png,data\raw\cotton\cotton_original\Cotton_Original_Dataset\Fusarium Wilt\fusarium_(69).png,D:\ZaraiAI_Tomato_Cotton_Wheat\data\raw\cotton\cotton_original\Cotton_Original_Dataset\Fusarium Wilt\fusarium_(69).png,700,700,3,JPEG,46940,c35d23e472b06dd917d56ff2be3e5bbdca836374df330bea762d0f888339d85a,val
cotton,Bacterial Blight,bacterial_(61).png,data\raw\cotton\cotton_original\Cotton_Original_Dataset\Bacterial Blight\bacterial_(61).png,D:\ZaraiAI_Tomato_Cotton_Wheat\data\raw\cotton\cotton_original\Cotton_Original_Dataset\Bacterial Blight\bacterial_(61).png,700,700,3,JPEG,38267,f086e48ebacbe1064e1b64802c646a6e8e563f6130d349fd13d413f1435d367d,val
cotton,Fusarium Wilt,fusarium_(300).png,data\raw\cotton\cotton_original\Cotton_Original_Dataset\Fusarium Wilt\fusarium_(300).png,D:\ZaraiAI_Tomato_Cotton_Wheat\data\raw\cotton\cotton_original\Cotton_Original_Dataset\Fusarium Wilt\fusarium_(300).png,700,700,3,JPEG,46029,d118da285cb81ea4a4833b71797929bc5b58473403eb8f923f11f6400e54a780,test
cotton,Healthy Leaf,healthy_(263).png,data\raw\cotton\cotton_original\Cotton_Original_Dataset\Healthy Leaf\healthy_(263).png,D:\ZaraiAI_Tomato_Cotton_Wheat\data\raw\cotton\cotton_original\Cotton_Original_Dataset\Healthy Leaf\healthy_(263).png,700,700,3,JPEG,48503,7b3333df0b63714f4b361910369fe2b483220b6a447950efb26948371cfcb454,test
cotton,Fusarium Wilt,fusarium_(117).png,data\raw\cotton\cotton_original\Cotton_Original_Dataset\Fusarium Wilt\fusarium_(117).png,D:\ZaraiAI_Tomato_Cotton_Wheat\data\raw\cotton\cotton_original\Cotton_Original_Dataset\Fusarium Wilt\fusarium_(117).png,700,700,3,JPEG,49214,3d9ddb117a63ad55873d58ef9cca6cf7a663e710217d9aa363346169ea141c70,test
cotton,Alternaria Leaf Spot,alternaria_(138).png,data\raw\cotton\cotton_original\Cotton_Original_Dataset\Alternaria Leaf Spot\alternaria_(138).png,D:\ZaraiAI_Tomato_Cotton_Wheat\data\raw\cotton\cotton_original\Cotton_Original_Dataset\Alternaria Leaf Spot\alternaria_(138).png,700,700,3,JPEG,41650,2f588060d82cd42cb86ebbc6e1648515e4491349bb6482aa45140a8a1cd6ac23,test
cotton,Fusarium Wilt,fusarium_(46).png,data\raw\cotton\cotton_original\Cotton_Original_Dataset\Fusarium Wilt\fusarium_(46).png,D:\ZaraiAI_Tomato_Cotton_Wheat\data\raw\cotton\cotton_original\Cotton_Original_Dataset\Fusarium Wilt\fusarium_(46).png,700,700,3,JPEG,40792,6cc67ea7c0acf0c2cbd217357c0598eb406f841667644ebfd353c4bcfe60528c,test
cotton,Healthy Leaf,healthy_(60).png,data\raw\cotton\cotton_original\Cotton_Original_Dataset\Healthy Leaf\healthy_(60).png,D:\ZaraiAI_Tomato_Cotton_Wheat\data\raw\cotton\cotton_original\Cotton_Original_Dataset\Healthy Leaf\healthy_(60).png,700,700,3,JPEG,39265,49826b9860aa289eced5f3a5c48b0982d1ffcb4d210f91b77de719c5a81a27f5,test
cotton,Fusarium Wilt,fusarium_(238).png,data\raw\cotton\cotton_original\Cotton_Original_Dataset\Fusarium Wilt\fusarium_(238).png,D:\ZaraiAI_Tomato_Cotton_Wheat\data\raw\cotton\cotton_original\Cotton_Original_Dataset\Fusarium Wilt\fusarium_(238).png,700,700,3,JPEG,62055,30d5ba3810be45611be1ce262a7ee4aec54706dde99d1c918a0be4f91c811df3,test
cotton,Verticillium Wilt,verticillium_(4).png,data\raw\cotton\cotton_original\Cotton_Original_Dataset\Verticillium Wilt\verticillium_(4).png,D:\ZaraiAI_Tomato_Cotton_Wheat\data\raw\cotton\cotton_original\Cotton_Original_Dataset\Verticillium Wilt\verticillium_(4).png,700,700,3,JPEG,56139,276bfba5c12da0049893596437e00950b5ba88b9cb477ba658106836351a848e,test
cotton,Verticillium Wilt,verticillium_(170).png,data\raw\cotton\cotton_original\Cotton_Original_Dataset\Verticillium Wilt\verticillium_(170).png,D:\ZaraiAI_Tomato_Cotton_Wheat\data\raw\cotton\cotton_original\Cotton_Original_Dataset\Verticillium Wilt\verticillium_(170).png,700,700,3,JPEG,35559,5765edf0cd58fb82a9df6821de8927d4976b3d5f10c7355a501258fcf54f793f,test
cotton,Fusarium Wilt,fusarium_(324).png,data\raw\cotton\cotton_original\Cotton_Original_Dataset\Fusarium Wilt\fusarium_(324).png,D:\ZaraiAI_Tomato_Cotton_Wheat\data\raw\cotton\cotton_original\Cotton_Original_Dataset\Fusarium Wilt\fusarium_(324).png,700,700,3,JPEG,41651,9570d841b99078e1aab039e896af335552f91ce12605a5f243bb5e576de7522d,test
cotton,Fusarium Wilt,fusarium_(93).png,data\raw\cotton\cotton_original\Cotton_Original_Dataset\Fusarium Wilt\fusarium_(93).png,D:\ZaraiAI_Tomato_Cotton_Wheat\data\raw\cotton\cotton_original\Cotton_Original_Dataset\Fusarium Wilt\fusarium_(93).png,700,700,3,JPEG,53190,50f5b6ca039b7fc4b5888bf1e59bef1faae70301804d7a909bf404f12e1a69f4,test
cotton,Alternaria Leaf Spot,alternaria_(42).png,data\raw\cotton\cotton_original\Cotton_Original_Dataset\Alternaria Leaf Spot\alternaria_(42).png,D:\ZaraiAI_Tomato_Cotton_Wheat\data\raw\cotton\cotton_original\Cotton_Original_Dataset\Alternaria Leaf Spot\alternaria_(42).png,700,700,3,JPEG,42991,8e06a2e75ebf89ea4d9af8a4d32e591ead7cbad567ca3d1fc9e34063b7d6f6a0,test
cotton,Verticillium Wilt,verticillium_(128).png,data\raw\cotton\cotton_original\Cotton_Original_Dataset\Verticillium Wilt\verticillium_(128).png,D:\ZaraiAI_Tomato_Cotton_Wheat\data\raw\cotton\cotton_original\Cotton_Original_Dataset\Verticillium Wilt\verticillium_(128).png,700,700,3,JPEG,33869,1452cee9431cfc74c29b613e4eb17a292e3755cf65d9b381346a7bb8c4aabe9f,test
cotton,Verticillium Wilt,verticillium_(65).png,data\raw\cotton\cotton_original\Cotton_Original_Dataset\Verticillium Wilt\verticillium_(65).png,D:\ZaraiAI_Tomato_Cotton_Wheat\data\raw\cotton\cotton_original\Cotton_Original_Dataset\Verticillium Wilt\verticillium_(65).png,700,700,3,JPEG,57600,f31af92598a4b206bb09b9814223f0e3b2d9714a950ce460638bd78c38a98860,test
cotton,Verticillium Wilt,verticillium_(51).png,data\raw\cotton\cotton_original\Cotton_Original_Dataset\Verticillium Wilt\verticillium_(51).png,D:\ZaraiAI_Tomato_Cotton_Wheat\data\raw\cotton\cotton_original\Cotton_Original_Dataset\Verticillium Wilt\verticillium_(51).png,700,700,3,JPEG,54985,1966a75599038bca2490c8da00744b6b1153a56d050f988dd7099a063c3eaac3,test
cotton,Fusarium Wilt,fusarium_(134).png,data\raw\cotton\cotton_original\Cotton_Original_Dataset\Fusarium Wilt\fusarium_(134).png,D:\ZaraiAI_Tomato_Cotton_Wheat\data\raw\cotton\cotton_original\Cotton_Original_Dataset\Fusarium Wilt\fusarium_(134).png,700,700,3,JPEG,66485,17c379b20192c3394c71a12b673dbe4837687c3310bbf7faa2a4c2e4e9dab510,test
cotton,Fusarium Wilt,fusarium_(60).png,data\raw\cotton\cotton_original\Cotton_Original_Dataset\Fusarium Wilt\fusarium_(60).png,D:\ZaraiAI_Tomato_Cotton_Wheat\data\raw\cotton\cotton_original\Cotton_Original_Dataset\Fusarium Wilt\fusarium_(60).png,700,700,3,JPEG,47788,2016c8ecf18396813288b6fecced7ee979a47127dc8b41a21fcac2d313484f56,test
cotton,Fusarium Wilt,fusarium_(53).png,data\raw\cotton\cotton_original\Cotton_Original_Dataset\Fusarium Wilt\fusarium_(53).png,D:\ZaraiAI_Tomato_Cotton_Wheat\data\raw\cotton\cotton_original\Cotton_Original_Dataset\Fusarium Wilt\fusarium_(53).png,700,700,3,JPEG,42812,5b514c0d46b076e7767fd1d53b5b06ae2a83ef37b9152cf1f4ccef6f7ca3128b,test
cotton,Alternaria Leaf Spot,alternaria_(132).png,data\raw\cotton\cotton_original\Cotton_Original_Dataset\Alternaria Leaf Spot\alternaria_(132).png,D:\ZaraiAI_Tomato_Cotton_Wheat\data\raw\cotton\cotton_original\Cotton_Original_Dataset\Alternaria Leaf Spot\alternaria_(132).png,700,700,3,JPEG,33716,be0a1b99e4869b816f48f9904f40985b64eda4bff3843e781a39f0e6a543dce8,test
cotton,Healthy Leaf,healthy_(210).png,data\raw\cotton\cotton_original\Cotton_Original_Dataset\Healthy Leaf\healthy_(210).png,D:\ZaraiAI_Tomato_Cotton_Wheat\data\raw\cotton\cotton_original\Cotton_Original_Dataset\Healthy Leaf\healthy_(210).png,700,700,3,JPEG,42928,27a65a67f245805c3ff35ae99f241e2f898abb89f192ccd6e89da40849c6c7c9,test
cotton,Healthy Leaf,healthy_(157).png,data\raw\cotton\cotton_original\Cotton_Original_Dataset\Healthy Leaf\healthy_(157).png,D:\ZaraiAI_Tomato_Cotton_Wheat\data\raw\cotton\cotton_original\Cotton_Original_Dataset\Healthy Leaf\healthy_(157).png,700,700,3,JPEG,41275,4456c8fd86d5f5abae9549f203d9867911b9c454ea0fa48ef9dfd1ce0bb95854,test
cotton,Fusarium Wilt,fusarium_(153).png,data\raw\cotton\cotton_original\Cotton_Original_Dataset\Fusarium Wilt\fusarium_(153).png,D:\ZaraiAI_Tomato_Cotton_Wheat\data\raw\cotton\cotton_original\Cotton_Original_Dataset\Fusarium Wilt\fusarium_(153).png,700,700,3,JPEG,46521,f81aa98016ffcac5f2c9ede1ab2f867a19f4f575aec96628af564b219e1f93cf,test
cotton,Alternaria Leaf Spot,alternaria_(61).png,data\raw\cotton\cotton_original\Cotton_Original_Dataset\Alternaria Leaf Spot\alternaria_(61).png,D:\ZaraiAI_Tomato_Cotton_Wheat\data\raw\cotton\cotton_original\Cotton_Original_Dataset\Alternaria Leaf Spot\alternaria_(61).png,700,700,3,JPEG,44211,333d6c2f6ebf5d7b0aa9be28a9ed0841e2de28ce65cfedf308d5e856fb27e0bd,test
cotton,Verticillium Wilt,verticillium_(5).png,data\raw\cotton\cotton_original\Cotton_Original_Dataset\Verticillium Wilt\verticillium_(5).png,D:\ZaraiAI_Tomato_Cotton_Wheat\data\raw\cotton\cotton_original\Cotton_Original_Dataset\Verticillium Wilt\verticillium_(5).png,700,700,3,JPEG,64072,71f98ea13eeed29430f87ebcf900a1ddb20cb921ee9becd67c3698a7d771560a,test
cotton,Bacterial Blight,bacterial_(178).png,data\raw\cotton\cotton_original\Cotton_Original_Dataset\Bacterial Blight\bacterial_(178).png,D:\ZaraiAI_Tomato_Cotton_Wheat\data\raw\cotton\cotton_original\Cotton_Original_Dataset\Bacterial Blight\bacterial_(178).png,700,700,3,JPEG,43274,4db272d087e19da0ca0a0f072826b4990d5cb9d42cdcf4029cee45b92830fed6,test
cotton,Bacterial Blight,bacterial_(89).png,data\raw\cotton\cotton_original\Cotton_Original_Dataset\Bacterial Blight\bacterial_(89).png,D:\ZaraiAI_Tomato_Cotton_Wheat\data\raw\cotton\cotton_original\Cotton_Original_Dataset\Bacterial Blight\bacterial_(89).png,700,700,3,JPEG,39575,a6864928cb70ee1d7700cc05d5bb4aacf0737724858131e691e4cad7adafddbb,test
cotton,Healthy Leaf,healthy_(221).png,data\raw\cotton\cotton_original\Cotton_Original_Dataset\Healthy Leaf\healthy_(221).png,D:\ZaraiAI_Tomato_Cotton_Wheat\data\raw\cotton\cotton_original\Cotton_Original_Dataset\Healthy Leaf\healthy_(221).png,700,700,3,JPEG,42934,fa71874b496f789c70a50d82b1aeba8d0c10666dc27cbcdae743803be90b6852,test
cotton,Bacterial Blight,bacterial_(70).png,data\raw\cotton\cotton_original\Cotton_Original_Dataset\Bacterial Blight\bacterial_(70).png,D:\ZaraiAI_Tomato_Cotton_Wheat\data\raw\cotton\cotton_original\Cotton_Original_Dataset\Bacterial Blight\bacterial_(70).png,700,700,3,JPEG,42588,5a5467eba575c4f6236d0f9f817cd2fa48ffdaaff9f6d1757d687e1fd34f1ba9,test
cotton,Fusarium Wilt,fusarium_(125).png,data\raw\cotton\cotton_original\Cotton_Original_Dataset\Fusarium Wilt\fusarium_(125).png,D:\ZaraiAI_Tomato_Cotton_Wheat\data\raw\cotton\cotton_original\Cotton_Original_Dataset\Fusarium Wilt\fusarium_(125).png,700,700,3,JPEG,67654,76b5c8fe258974c2403ca1f4e4070dfcc0afe1740d08261043b5fe1d37ab32b5,test
cotton,Bacterial Blight,bacterial_(53).png,data\raw\cotton\cotton_original\Cotton_Original_Dataset\Bacterial Blight\bacterial_(53).png,D:\ZaraiAI_Tomato_Cotton_Wheat\data\raw\cotton\cotton_original\Cotton_Original_Dataset\Bacterial Blight\bacterial_(53).png,700,700,3,JPEG,34814,bdb8414adda66ee8827bfe600edac7a9c29227592a4982da672b1b50359c0a7a,test
cotton,Alternaria Leaf Spot,alternaria_(18).png,data\raw\cotton\cotton_original\Cotton_Original_Dataset\Alternaria Leaf Spot\alternaria_(18).png,D:\ZaraiAI_Tomato_Cotton_Wheat\data\raw\cotton\cotton_original\Cotton_Original_Dataset\Alternaria Leaf Spot\alternaria_(18).png,700,700,3,JPEG,42537,c20b761669385415087a14cbfab5942ee87c6b3e63931477c91ef9988eacbb7d,test
cotton,Bacterial Blight,bacterial_(31).png,data\raw\cotton\cotton_original\Cotton_Original_Dataset\Bacterial Blight\bacterial_(31).png,D:\ZaraiAI_Tomato_Cotton_Wheat\data\raw\cotton\cotton_original\Cotton_Original_Dataset\Bacterial Blight\bacterial_(31).png,700,700,3,JPEG,39678,76e903a6d8728ce99b9e36bb7052083288c252f2ca1f3f5e79e9f79b81aefd38,test
cotton,Verticillium Wilt,verticillium_(41).png,data\raw\cotton\cotton_original\Cotton_Original_Dataset\Verticillium Wilt\verticillium_(41).png,D:\ZaraiAI_Tomato_Cotton_Wheat\data\raw\cotton\cotton_original\Cotton_Original_Dataset\Verticillium Wilt\verticillium_(41).png,700,700,3,JPEG,49957,35de3369a398a3958436ba1351b58777e39e6cb94735e1314926718e3bb90b27,test
cotton,Fusarium Wilt,fusarium_(205).png,data\raw\cotton\cotton_original\Cotton_Original_Dataset\Fusarium Wilt\fusarium_(205).png,D:\ZaraiAI_Tomato_Cotton_Wheat\data\raw\cotton\cotton_original\Cotton_Original_Dataset\Fusarium Wilt\fusarium_(205).png,700,700,3,JPEG,47752,edaec31c2482c2c8ef1aa12905018bd290e239e6ea82af465ec3e0f5a619a2a3,test
cotton,Alternaria Leaf Spot,alternaria_(162).png,data\raw\cotton\cotton_original\Cotton_Original_Dataset\Alternaria Leaf Spot\alternaria_(162).png,D:\ZaraiAI_Tomato_Cotton_Wheat\data\raw\cotton\cotton_original\Cotton_Original_Dataset\Alternaria Leaf Spot\alternaria_(162).png,700,700,3,JPEG,50700,11922da79fc0e0cb07b23fe7e52357d707b1974acf7029c3b6371aee205520ab,test
cotton,Verticillium Wilt,verticillium_(23).png,data\raw\cotton\cotton_original\Cotton_Original_Dataset\Verticillium Wilt\verticillium_(23).png,D:\ZaraiAI_Tomato_Cotton_Wheat\data\raw\cotton\cotton_original\Cotton_Original_Dataset\Verticillium Wilt\verticillium_(23).png,700,700,3,JPEG,65469,002466c2af06037a8b764b84069456a1d3a70bb58ff50bd4d71d6681459c38e1,test
cotton,Verticillium Wilt,verticillium_(279).png,data\raw\cotton\cotton_original\Cotton_Original_Dataset\Verticillium Wilt\verticillium_(279).png,D:\ZaraiAI_Tomato_Cotton_Wheat\data\raw\cotton\cotton_original\Cotton_Original_Dataset\Verticillium Wilt\verticillium_(279).png,700,700,3,JPEG,56987,36a419d687ecdfdddee21130766fd1aa1c0ed4b6c9b63220da5b87da49d2372c,test
cotton,Fusarium Wilt,fusarium_(316).png,data\raw\cotton\cotton_original\Cotton_Original_Dataset\Fusarium Wilt\fusarium_(316).png,D:\ZaraiAI_Tomato_Cotton_Wheat\data\raw\cotton\cotton_original\Cotton_Original_Dataset\Fusarium Wilt\fusarium_(316).png,700,700,3,JPEG,36809,1716328044b83861e6e7df3215374e67ef575959f7b4313a792bbbfd4af607ce,test
cotton,Fusarium Wilt,fusarium_(18).png,data\raw\cotton\cotton_original\Cotton_Original_Dataset\Fusarium Wilt\fusarium_(18).png,D:\ZaraiAI_Tomato_Cotton_Wheat\data\raw\cotton\cotton_original\Cotton_Original_Dataset\Fusarium Wilt\fusarium_(18).png,700,700,3,JPEG,55898,4431e5f31a592f245cded8b3bc39306aa80c37f0f0022b360f23584888a9bb7f,test
cotton,Verticillium Wilt,verticillium_(21).png,data\raw\cotton\cotton_original\Cotton_Original_Dataset\Verticillium Wilt\verticillium_(21).png,D:\ZaraiAI_Tomato_Cotton_Wheat\data\raw\cotton\cotton_original\Cotton_Original_Dataset\Verticillium Wilt\verticillium_(21).png,700,700,3,JPEG,60589,b1aa52ae57207678413da6a7e348d2f1f29350bfe37f0dc3573e74231bae8eba,test
cotton,Fusarium Wilt,fusarium_(102).png,data\raw\cotton\cotton_original\Cotton_Original_Dataset\Fusarium Wilt\fusarium_(102).png,D:\ZaraiAI_Tomato_Cotton_Wheat\data\raw\cotton\cotton_original\Cotton_Original_Dataset\Fusarium Wilt\fusarium_(102).png,700,700,3,JPEG,47438,449adc39973b3816e68d263afcf011bb63271b578ea67ea0ed7bd324a47bfc00,test
cotton,Fusarium Wilt,fusarium_(227).png,data\raw\cotton\cotton_original\Cotton_Original_Dataset\Fusarium Wilt\fusarium_(227).png,D:\ZaraiAI_Tomato_Cotton_Wheat\data\raw\cotton\cotton_original\Cotton_Original_Dataset\Fusarium Wilt\fusarium_(227).png,700,700,3,JPEG,58951,9abb40231d1d0069a59f1212423855291c7df770cbcadcc4c797a661bdc52aba,test
cotton,Alternaria Leaf Spot,alternaria_(48).png,data\raw\cotton\cotton_original\Cotton_Original_Dataset\Alternaria Leaf Spot\alternaria_(48).png,D:\ZaraiAI_Tomato_Cotton_Wheat\data\raw\cotton\cotton_original\Cotton_Original_Dataset\Alternaria Leaf Spot\alternaria_(48).png,700,700,3,JPEG,40696,aea6bc1484db903627138256e0328235d409748e2fd645994c420f9e9c6e85ef,test
cotton,Fusarium Wilt,fusarium_(274).png,data\raw\cotton\cotton_original\Cotton_Original_Dataset\Fusarium Wilt\fusarium_(274).png,D:\ZaraiAI_Tomato_Cotton_Wheat\data\raw\cotton\cotton_original\Cotton_Original_Dataset\Fusarium Wilt\fusarium_(274).png,700,700,3,JPEG,43580,5f77f0419e07784a1b5b8767d298436acd7390b8d9af05e67223b03064e5f7e8,test
cotton,Verticillium Wilt,verticillium_(22).png,data\raw\cotton\cotton_original\Cotton_Original_Dataset\Verticillium Wilt\verticillium_(22).png,D:\ZaraiAI_Tomato_Cotton_Wheat\data\raw\cotton\cotton_original\Cotton_Original_Dataset\Verticillium Wilt\verticillium_(22).png,700,700,3,JPEG,66915,b60ec08b57a068af6904ffa27b5ed1b9c3ca7ab4334a9cb94199930f8a98aef5,test
cotton,Verticillium Wilt,verticillium_(225).png,data\raw\cotton\cotton_original\Cotton_Original_Dataset\Verticillium Wilt\verticillium_(225).png,D:\ZaraiAI_Tomato_Cotton_Wheat\data\raw\cotton\cotton_original\Cotton_Original_Dataset\Verticillium Wilt\verticillium_(225).png,700,700,3,JPEG,43814,0cf1de9604167afeab99d8c4ebc4b93d99d35e8a77fc6754cf9b40defdb464db,test
cotton,Bacterial Blight,bacterial_(100).png,data\raw\cotton\cotton_original\Cotton_Original_Dataset\Bacterial Blight\bacterial_(100).png,D:\ZaraiAI_Tomato_Cotton_Wheat\data\raw\cotton\cotton_original\Cotton_Original_Dataset\Bacterial Blight\bacterial_(100).png,700,700,3,JPEG,35994,109ecac5b8a092b071e5dd5c7de4870e65c7de0bd4888485ddbf13150efacd25,test
cotton,Healthy Leaf,healthy_(191).png,data\raw\cotton\cotton_original\Cotton_Original_Dataset\Healthy Leaf\healthy_(191).png,D:\ZaraiAI_Tomato_Cotton_Wheat\data\raw\cotton\cotton_original\Cotton_Original_Dataset\Healthy Leaf\healthy_(191).png,700,700,3,JPEG,33278,6aa53e8ee09fefbc668336371e78e613f4a6fbdb292d969d6248e2aa8cc8897d,test
cotton,Bacterial Blight,bacterial_(66).png,data\raw\cotton\cotton_original\Cotton_Original_Dataset\Bacterial Blight\bacterial_(66).png,D:\ZaraiAI_Tomato_Cotton_Wheat\data\raw\cotton\cotton_original\Cotton_Original_Dataset\Bacterial Blight\bacterial_(66).png,700,700,3,JPEG,43595,dbe4c3dfb76112ee5a01e300f2ede1bf442c3a5c11a616858c171047272516f5,test
cotton,Verticillium Wilt,verticillium_(139).png,data\raw\cotton\cotton_original\Cotton_Original_Dataset\Verticillium Wilt\verticillium_(139).png,D:\ZaraiAI_Tomato_Cotton_Wheat\data\raw\cotton\cotton_original\Cotton_Original_Dataset\Verticillium Wilt\verticillium_(139).png,700,700,3,JPEG,36858,a12607637964f1087461cdb0e40761b4775488c21a3c92a640acf777f24192d8,test
cotton,Bacterial Blight,bacterial_(94).png,data\raw\cotton\cotton_original\Cotton_Original_Dataset\Bacterial Blight\bacterial_(94).png,D:\ZaraiAI_Tomato_Cotton_Wheat\data\raw\cotton\cotton_original\Cotton_Original_Dataset\Bacterial Blight\bacterial_(94).png,700,700,3,JPEG,36679,8d75da8f515e44bdc5c38e65691f9a9e4777e6b2d528f8bf3d6345b901ae0137,test
cotton,Alternaria Leaf Spot,alternaria_(156).png,data\raw\cotton\cotton_original\Cotton_Original_Dataset\Alternaria Leaf Spot\alternaria_(156).png,D:\ZaraiAI_Tomato_Cotton_Wheat\data\raw\cotton\cotton_original\Cotton_Original_Dataset\Alternaria Leaf Spot\alternaria_(156).png,700,700,3,JPEG,42770,507df2e0a0cfa7779f807577c4ea99b799605f2a9895a52624a59b6a4484266e,test
cotton,Healthy Leaf,healthy_(155).png,data\raw\cotton\cotton_original\Cotton_Original_Dataset\Healthy Leaf\healthy_(155).png,D:\ZaraiAI_Tomato_Cotton_Wheat\data\raw\cotton\cotton_original\Cotton_Original_Dataset\Healthy Leaf\healthy_(155).png,700,700,3,JPEG,44161,52063f1fbdedc5a2e65e6558f40f3c33f4a86178f7bcd0a57c8f5f3faadefc55,test
cotton,Bacterial Blight,bacterial_(96).png,data\raw\cotton\cotton_original\Cotton_Original_Dataset\Bacterial Blight\bacterial_(96).png,D:\ZaraiAI_Tomato_Cotton_Wheat\data\raw\cotton\cotton_original\Cotton_Original_Dataset\Bacterial Blight\bacterial_(96).png,700,700,3,JPEG,44734,94cb3134d6b88d574c65f8564daee336c97780824aca71a26e8b291a0866b324,test
cotton,Healthy Leaf,healthy_(195).png,data\raw\cotton\cotton_original\Cotton_Original_Dataset\Healthy Leaf\healthy_(195).png,D:\ZaraiAI_Tomato_Cotton_Wheat\data\raw\cotton\cotton_original\Cotton_Original_Dataset\Healthy Leaf\healthy_(195).png,700,700,3,JPEG,35656,fd8500ff1ccae948cad31783a0365d0b19cdadcd4ae89b08c88d14111d7868e7,test
cotton,Bacterial Blight,bacterial_(97).png,data\raw\cotton\cotton_original\Cotton_Original_Dataset\Bacterial Blight\bacterial_(97).png,D:\ZaraiAI_Tomato_Cotton_Wheat\data\raw\cotton\cotton_original\Cotton_Original_Dataset\Bacterial Blight\bacterial_(97).png,700,700,3,JPEG,41526,d1a877b23eb61ea34f8a189703d809529a7ed05244da7d7623b3427521190219,test
cotton,Healthy Leaf,healthy_(29).png,data\raw\cotton\cotton_original\Cotton_Original_Dataset\Healthy Leaf\healthy_(29).png,D:\ZaraiAI_Tomato_Cotton_Wheat\data\raw\cotton\cotton_original\Cotton_Original_Dataset\Healthy Leaf\healthy_(29).png,700,700,3,JPEG,37951,1f187c713556770a0d50a0094950c031d135bf324dcfc230bdec8da2541439f7,test
cotton,Verticillium Wilt,verticillium_(111).png,data\raw\cotton\cotton_original\Cotton_Original_Dataset\Verticillium Wilt\verticillium_(111).png,D:\ZaraiAI_Tomato_Cotton_Wheat\data\raw\cotton\cotton_original\Cotton_Original_Dataset\Verticillium Wilt\verticillium_(111).png,700,700,3,JPEG,38938,e19680a21809d8f01fa9b8d93908988a6308575437b79c604a0b90b2e104bc70,test
cotton,Fusarium Wilt,fusarium_(151).png,data\raw\cotton\cotton_original\Cotton_Original_Dataset\Fusarium Wilt\fusarium_(151).png,D:\ZaraiAI_Tomato_Cotton_Wheat\data\raw\cotton\cotton_original\Cotton_Original_Dataset\Fusarium Wilt\fusarium_(151).png,700,700,3,JPEG,44011,6e5ae220c54483e2ad4d1e612783f52cd3e910bbcc4aafa3f3aaebc71067afef,test
cotton,Alternaria Leaf Spot,alternaria_(164).png,data\raw\cotton\cotton_original\Cotton_Original_Dataset\Alternaria Leaf Spot\alternaria_(164).png,D:\ZaraiAI_Tomato_Cotton_Wheat\data\raw\cotton\cotton_original\Cotton_Original_Dataset\Alternaria Leaf Spot\alternaria_(164).png,700,700,3,JPEG,43806,3de1dbe5cf5f6cfa584c82fdcb5499abc1f901a018b13e5e5a33963ff628732a,test
cotton,Alternaria Leaf Spot,alternaria_(35).png,data\raw\cotton\cotton_original\Cotton_Original_Dataset\Alternaria Leaf Spot\alternaria_(35).png,D:\ZaraiAI_Tomato_Cotton_Wheat\data\raw\cotton\cotton_original\Cotton_Original_Dataset\Alternaria Leaf Spot\alternaria_(35).png,700,700,3,JPEG,38068,b4aa0086206f5c268dad78595f1f9dcdf4e85c3ace42dca07637363510e8ba99,test
cotton,Fusarium Wilt,fusarium_(273).png,data\raw\cotton\cotton_original\Cotton_Original_Dataset\Fusarium Wilt\fusarium_(273).png,D:\ZaraiAI_Tomato_Cotton_Wheat\data\raw\cotton\cotton_original\Cotton_Original_Dataset\Fusarium Wilt\fusarium_(273).png,700,700,3,JPEG,39981,985faead9090343023d6aaa23dc4f3faefe988de800ed906d106ad7782621803,test
cotton,Bacterial Blight,bacterial_(164).png,data\raw\cotton\cotton_original\Cotton_Original_Dataset\Bacterial Blight\bacterial_(164).png,D:\ZaraiAI_Tomato_Cotton_Wheat\data\raw\cotton\cotton_original\Cotton_Original_Dataset\Bacterial Blight\bacterial_(164).png,700,700,3,JPEG,68467,c0da3c4c9737418712bd86c543af6df403b9a211dc936724fe38ddfe796826db,test
cotton,Fusarium Wilt,fusarium_(333).png,data\raw\cotton\cotton_original\Cotton_Original_Dataset\Fusarium Wilt\fusarium_(333).png,D:\ZaraiAI_Tomato_Cotton_Wheat\data\raw\cotton\cotton_original\Cotton_Original_Dataset\Fusarium Wilt\fusarium_(333).png,700,700,3,JPEG,47316,6cb4a9ff0538e033603a5f093d4b12b61a8654e1b762ce50c20fbb9c0757ab14,test
cotton,Healthy Leaf,healthy_(153).png,data\raw\cotton\cotton_original\Cotton_Original_Dataset\Healthy Leaf\healthy_(153).png,D:\ZaraiAI_Tomato_Cotton_Wheat\data\raw\cotton\cotton_original\Cotton_Original_Dataset\Healthy Leaf\healthy_(153).png,700,700,3,JPEG,38454,d3f7800d511dc36cc04afe6d84159e4faf7169a65926dbc76cf345e331b55038,test
cotton,Alternaria Leaf Spot,alternaria_(23).png,data\raw\cotton\cotton_original\Cotton_Original_Dataset\Alternaria Leaf Spot\alternaria_(23).png,D:\ZaraiAI_Tomato_Cotton_Wheat\data\raw\cotton\cotton_original\Cotton_Original_Dataset\Alternaria Leaf Spot\alternaria_(23).png,700,700,3,JPEG,39413,2d636a5d57417a527c097780e3642b220751e81773522a625d9ca1585b917acd,test
cotton,Verticillium Wilt,verticillium_(178).png,data\raw\cotton\cotton_original\Cotton_Original_Dataset\Verticillium Wilt\verticillium_(178).png,D:\ZaraiAI_Tomato_Cotton_Wheat\data\raw\cotton\cotton_original\Cotton_Original_Dataset\Verticillium Wilt\verticillium_(178).png,700,700,3,JPEG,33532,31c701aa20cd5bbcea5813bd721186a4e86c1f548f5f83022b66740040bf9351,test
cotton,Fusarium Wilt,fusarium_(310).png,data\raw\cotton\cotton_original\Cotton_Original_Dataset\Fusarium Wilt\fusarium_(310).png,D:\ZaraiAI_Tomato_Cotton_Wheat\data\raw\cotton\cotton_original\Cotton_Original_Dataset\Fusarium Wilt\fusarium_(310).png,700,700,3,JPEG,43854,84a85fa033ff1ac333334bf459ddb5f50e8c6fb8d240bc6cf3c17e9e5f39526c,test
cotton,Fusarium Wilt,fusarium_(309).png,data\raw\cotton\cotton_original\Cotton_Original_Dataset\Fusarium Wilt\fusarium_(309).png,D:\ZaraiAI_Tomato_Cotton_Wheat\data\raw\cotton\cotton_original\Cotton_Original_Dataset\Fusarium Wilt\fusarium_(309).png,700,700,3,JPEG,44005,6ec9b968308a46da1ad330fd986e83b066bbf857fcbfa5fd1738f8a04cb4f922,test
cotton,Fusarium Wilt,fusarium_(255).png,data\raw\cotton\cotton_original\Cotton_Original_Dataset\Fusarium Wilt\fusarium_(255).png,D:\ZaraiAI_Tomato_Cotton_Wheat\data\raw\cotton\cotton_original\Cotton_Original_Dataset\Fusarium Wilt\fusarium_(255).png,700,700,3,JPEG,43968,de52d3854cc5c45c616e9edee49ecb977c8c18f2a9a7288b24cf5c6a12a3afe8,test
cotton,Fusarium Wilt,fusarium_(215).png,data\raw\cotton\cotton_original\Cotton_Original_Dataset\Fusarium Wilt\fusarium_(215).png,D:\ZaraiAI_Tomato_Cotton_Wheat\data\raw\cotton\cotton_original\Cotton_Original_Dataset\Fusarium Wilt\fusarium_(215).png,700,700,3,JPEG,55266,4d8217cf1d68dacda144e2e2370dff2dbb9fb1f02a0aa8e725702fa1a80bb500,test
cotton,Healthy Leaf,healthy_(140).png,data\raw\cotton\cotton_original\Cotton_Original_Dataset\Healthy Leaf\healthy_(140).png,D:\ZaraiAI_Tomato_Cotton_Wheat\data\raw\cotton\cotton_original\Cotton_Original_Dataset\Healthy Leaf\healthy_(140).png,700,700,3,JPEG,36067,b8d74b7bac0dbb7bff2bd509575a7c5a23d35d57782b7a3a14d795caf5e5f806,test
cotton,Verticillium Wilt,verticillium_(286).png,data\raw\cotton\cotton_original\Cotton_Original_Dataset\Verticillium Wilt\verticillium_(286).png,D:\ZaraiAI_Tomato_Cotton_Wheat\data\raw\cotton\cotton_original\Cotton_Original_Dataset\Verticillium Wilt\verticillium_(286).png,700,700,3,JPEG,63011,485fca140c03ad4906e4c701539adf4466fc4079eda8552c076ea26f0b52c844,test
cotton,Bacterial Blight,bacterial_(191).png,data\raw\cotton\cotton_original\Cotton_Original_Dataset\Bacterial Blight\bacterial_(191).png,D:\ZaraiAI_Tomato_Cotton_Wheat\data\raw\cotton\cotton_original\Cotton_Original_Dataset\Bacterial Blight\bacterial_(191).png,700,700,3,JPEG,46170,c30e1a71cf135514c3bb55c852274780064a1128eb81fd7637585dd559f10570,test
cotton,Fusarium Wilt,fusarium_(229).png,data\raw\cotton\cotton_original\Cotton_Original_Dataset\Fusarium Wilt\fusarium_(229).png,D:\ZaraiAI_Tomato_Cotton_Wheat\data\raw\cotton\cotton_original\Cotton_Original_Dataset\Fusarium Wilt\fusarium_(229).png,700,700,3,JPEG,53769,37603037bae1e879525266066fb478efdfb1e0d3441eecd6b753ec10d5785569,test
cotton,Verticillium Wilt,verticillium_(123).png,data\raw\cotton\cotton_original\Cotton_Original_Dataset\Verticillium Wilt\verticillium_(123).png,D:\ZaraiAI_Tomato_Cotton_Wheat\data\raw\cotton\cotton_original\Cotton_Original_Dataset\Verticillium Wilt\verticillium_(123).png,700,700,3,JPEG,33934,c8444f254d803f17ad0190a9217ffe1a58f9955e7289ad221e828e9f6e50ceff,test
cotton,Bacterial Blight,bacterial_(38).png,data\raw\cotton\cotton_original\Cotton_Original_Dataset\Bacterial Blight\bacterial_(38).png,D:\ZaraiAI_Tomato_Cotton_Wheat\data\raw\cotton\cotton_original\Cotton_Original_Dataset\Bacterial Blight\bacterial_(38).png,700,700,3,JPEG,36290,fc501ab7da16bf1cbe055d270d4301ded79f1f6d4dcc3838fec20571fbf21d1e,test
cotton,Fusarium Wilt,fusarium_(168).png,data\raw\cotton\cotton_original\Cotton_Original_Dataset\Fusarium Wilt\fusarium_(168).png,D:\ZaraiAI_Tomato_Cotton_Wheat\data\raw\cotton\cotton_original\Cotton_Original_Dataset\Fusarium Wilt\fusarium_(168).png,700,700,3,JPEG,42996,073ee9b917b2052d5393ee52d9c6c72177b93bedc357ae13844e81b3368b60f5,test
cotton,Verticillium Wilt,verticillium_(83).png,data\raw\cotton\cotton_original\Cotton_Original_Dataset\Verticillium Wilt\verticillium_(83).png,D:\ZaraiAI_Tomato_Cotton_Wheat\data\raw\cotton\cotton_original\Cotton_Original_Dataset\Verticillium Wilt\verticillium_(83).png,700,700,3,JPEG,62978,7d6b19b503b8d9956e698f4738b2025fef380c49a10286d0da35ce49890b4388,test
cotton,Alternaria Leaf Spot,alternaria_(8).png,data\raw\cotton\cotton_original\Cotton_Original_Dataset\Alternaria Leaf Spot\alternaria_(8).png,D:\ZaraiAI_Tomato_Cotton_Wheat\data\raw\cotton\cotton_original\Cotton_Original_Dataset\Alternaria Leaf Spot\alternaria_(8).png,700,700,3,JPEG,46759,fc5e00f1e3368e0badc1eb3303af036a0da29b2b470b495d3d33a7ed58048491,test
cotton,Bacterial Blight,bacterial_(149).png,data\raw\cotton\cotton_original\Cotton_Original_Dataset\Bacterial Blight\bacterial_(149).png,D:\ZaraiAI_Tomato_Cotton_Wheat\data\raw\cotton\cotton_original\Cotton_Original_Dataset\Bacterial Blight\bacterial_(149).png,700,700,3,JPEG,72188,8e2cacd25f1a8b38d27a4a9ab820996fe0767954ed9475b5bd55e81ce66d85d7,test
cotton,Fusarium Wilt,fusarium_(145).png,data\raw\cotton\cotton_original\Cotton_Original_Dataset\Fusarium Wilt\fusarium_(145).png,D:\ZaraiAI_Tomato_Cotton_Wheat\data\raw\cotton\cotton_original\Cotton_Original_Dataset\Fusarium Wilt\fusarium_(145).png,700,700,3,JPEG,39956,dafe7e27bb9f339895309362846ec27b7fd2f386a2183062f3a868f3c2c53e71,test
cotton,Healthy Leaf,healthy_(328).png,data\raw\cotton\cotton_original\Cotton_Original_Dataset\Healthy Leaf\healthy_(328).png,D:\ZaraiAI_Tomato_Cotton_Wheat\data\raw\cotton\cotton_original\Cotton_Original_Dataset\Healthy Leaf\healthy_(328).png,700,700,3,JPEG,48275,ebf2681f9ef86a0c0363ff463303d1493456d14b2fc9834b3276f70ea2438819,test
cotton,Fusarium Wilt,fusarium_(228).png,data\raw\cotton\cotton_original\Cotton_Original_Dataset\Fusarium Wilt\fusarium_(228).png,D:\ZaraiAI_Tomato_Cotton_Wheat\data\raw\cotton\cotton_original\Cotton_Original_Dataset\Fusarium Wilt\fusarium_(228).png,700,700,3,JPEG,44343,12880106273f4b162aefa29170dca372c559f394619d22943121420a4cd4a4a4,test
cotton,Alternaria Leaf Spot,alternaria_(97).png,data\raw\cotton\cotton_original\Cotton_Original_Dataset\Alternaria Leaf Spot\alternaria_(97).png,D:\ZaraiAI_Tomato_Cotton_Wheat\data\raw\cotton\cotton_original\Cotton_Original_Dataset\Alternaria Leaf Spot\alternaria_(97).png,700,700,3,JPEG,35897,90064386d8dd43d22935636cbf8dc06528075099345a6ff2511290f6cdff91e9,test
cotton,Verticillium Wilt,verticillium_(254).png,data\raw\cotton\cotton_original\Cotton_Original_Dataset\Verticillium Wilt\verticillium_(254).png,D:\ZaraiAI_Tomato_Cotton_Wheat\data\raw\cotton\cotton_original\Cotton_Original_Dataset\Verticillium Wilt\verticillium_(254).png,700,700,3,JPEG,58230,3685143ea25f84c2a723c941d60614d8ed8ab5965a0ba4767ebe1135518a9b97,test
cotton,Bacterial Blight,bacterial_(146).png,data\raw\cotton\cotton_original\Cotton_Original_Dataset\Bacterial Blight\bacterial_(146).png,D:\ZaraiAI_Tomato_Cotton_Wheat\data\raw\cotton\cotton_original\Cotton_Original_Dataset\Bacterial Blight\bacterial_(146).png,700,700,3,JPEG,55439,b7d8d78011f998959ede0292899222be31999c4bb2324565b3d02e8683fa78cc,test
cotton,Verticillium Wilt,verticillium_(59).png,data\raw\cotton\cotton_original\Cotton_Original_Dataset\Verticillium Wilt\verticillium_(59).png,D:\ZaraiAI_Tomato_Cotton_Wheat\data\raw\cotton\cotton_original\Cotton_Original_Dataset\Verticillium Wilt\verticillium_(59).png,700,700,3,JPEG,54990,fdc02166131c186eb20309e130d12337d73371afdd6c4413063742b7f50d99fa,test
cotton,Bacterial Blight,bacterial_(8).png,data\raw\cotton\cotton_original\Cotton_Original_Dataset\Bacterial Blight\bacterial_(8).png,D:\ZaraiAI_Tomato_Cotton_Wheat\data\raw\cotton\cotton_original\Cotton_Original_Dataset\Bacterial Blight\bacterial_(8).png,700,700,3,JPEG,62689,db40ae912a0ed2677f58b07ffce47634d393a26076fa716119e37f141e5c5b98,test
cotton,Healthy Leaf,healthy_(288).png,data\raw\cotton\cotton_original\Cotton_Original_Dataset\Healthy Leaf\healthy_(288).png,D:\ZaraiAI_Tomato_Cotton_Wheat\data\raw\cotton\cotton_original\Cotton_Original_Dataset\Healthy Leaf\healthy_(288).png,700,700,3,JPEG,45406,585ddd1d72bf0e97355602f54a832e76e8d6fa0eb4ea8771c98883eebe186083,test
cotton,Fusarium Wilt,fusarium_(13).png,data\raw\cotton\cotton_original\Cotton_Original_Dataset\Fusarium Wilt\fusarium_(13).png,D:\ZaraiAI_Tomato_Cotton_Wheat\data\raw\cotton\cotton_original\Cotton_Original_Dataset\Fusarium Wilt\fusarium_(13).png,700,700,3,JPEG,46771,201258ca8f15ff44a238bc4a7df3407b73a4f482a99a06693ab8f61e10bf694d,test
cotton,Bacterial Blight,bacterial_(163).png,data\raw\cotton\cotton_original\Cotton_Original_Dataset\Bacterial Blight\bacterial_(163).png,D:\ZaraiAI_Tomato_Cotton_Wheat\data\raw\cotton\cotton_original\Cotton_Original_Dataset\Bacterial Blight\bacterial_(163).png,700,700,3,JPEG,37162,a406715b2a8a8444796fd0445f2b563421a400c6a892e2b218b0816437eee483,test
cotton,Bacterial Blight,bacterial_(77).png,data\raw\cotton\cotton_original\Cotton_Original_Dataset\Bacterial Blight\bacterial_(77).png,D:\ZaraiAI_Tomato_Cotton_Wheat\data\raw\cotton\cotton_original\Cotton_Original_Dataset\Bacterial Blight\bacterial_(77).png,700,700,3,JPEG,39903,d147525fac2d1f9fc4136c2186ba9f4c134f1e9247fd458bef959fb966ea761e,test
cotton,Fusarium Wilt,fusarium_(289).png,data\raw\cotton\cotton_original\Cotton_Original_Dataset\Fusarium Wilt\fusarium_(289).png,D:\ZaraiAI_Tomato_Cotton_Wheat\data\raw\cotton\cotton_original\Cotton_Original_Dataset\Fusarium Wilt\fusarium_(289).png,700,700,3,JPEG,33464,4ecc1d5b0341393888dd25f1d333f10767bba4dd6c077dafe78446dff9dd5934,test
cotton,Healthy Leaf,healthy_(197).png,data\raw\cotton\cotton_original\Cotton_Original_Dataset\Healthy Leaf\healthy_(197).png,D:\ZaraiAI_Tomato_Cotton_Wheat\data\raw\cotton\cotton_original\Cotton_Original_Dataset\Healthy Leaf\healthy_(197).png,700,700,3,JPEG,35305,cd2c9177ac8ca23699bc788d4a55a069468ad84ebf329387aa037b09bff69e6d,test
cotton,Bacterial Blight,bacterial_(147).png,data\raw\cotton\cotton_original\Cotton_Original_Dataset\Bacterial Blight\bacterial_(147).png,D:\ZaraiAI_Tomato_Cotton_Wheat\data\raw\cotton\cotton_original\Cotton_Original_Dataset\Bacterial Blight\bacterial_(147).png,700,700,3,JPEG,59320,c21d94a0b5ba52349a69d1d7faa368a0221516574fadd863a7dbeaf11afc2b78,test
cotton,Verticillium Wilt,verticillium_(152).png,data\raw\cotton\cotton_original\Cotton_Original_Dataset\Verticillium Wilt\verticillium_(152).png,D:\ZaraiAI_Tomato_Cotton_Wheat\data\raw\cotton\cotton_original\Cotton_Original_Dataset\Verticillium Wilt\verticillium_(152).png,700,700,3,JPEG,34199,0f56ef16ac6aff69008e84556f1c6e2a026d9c957fef6d47f0e21c6aa75e93e7,test
cotton,Bacterial Blight,bacterial_(50).png,data\raw\cotton\cotton_original\Cotton_Original_Dataset\Bacterial Blight\bacterial_(50).png,D:\ZaraiAI_Tomato_Cotton_Wheat\data\raw\cotton\cotton_original\Cotton_Original_Dataset\Bacterial Blight\bacterial_(50).png,700,700,3,JPEG,33561,1a4d3c010c7eb8dd8e6ae64b823b6f23538e4d221b8042822ffc1f188b0260e8,test
cotton,Alternaria Leaf Spot,alternaria_(110).png,data\raw\cotton\cotton_original\Cotton_Original_Dataset\Alternaria Leaf Spot\alternaria_(110).png,D:\ZaraiAI_Tomato_Cotton_Wheat\data\raw\cotton\cotton_original\Cotton_Original_Dataset\Alternaria Leaf Spot\alternaria_(110).png,700,700,3,JPEG,38327,0b625d153396e5db11c1a277c83e37556de4478ac1019ae7c9dc59adf91d27af,test
cotton,Verticillium Wilt,verticillium_(160).png,data\raw\cotton\cotton_original\Cotton_Original_Dataset\Verticillium Wilt\verticillium_(160).png,D:\ZaraiAI_Tomato_Cotton_Wheat\data\raw\cotton\cotton_original\Cotton_Original_Dataset\Verticillium Wilt\verticillium_(160).png,700,700,3,JPEG,35579,f7d9c4567035ec28134d4d03d51516fe239b5bfe2e08a0502ff3298a59de0850,test
cotton,Verticillium Wilt,verticillium_(292).png,data\raw\cotton\cotton_original\Cotton_Original_Dataset\Verticillium Wilt\verticillium_(292).png,D:\ZaraiAI_Tomato_Cotton_Wheat\data\raw\cotton\cotton_original\Cotton_Original_Dataset\Verticillium Wilt\verticillium_(292).png,700,700,3,JPEG,52968,e54b53741a23cb16aec31f25740f8a3c232b83796889a4f6e80d4879a7734699,test
cotton,Fusarium Wilt,fusarium_(265).png,data\raw\cotton\cotton_original\Cotton_Original_Dataset\Fusarium Wilt\fusarium_(265).png,D:\ZaraiAI_Tomato_Cotton_Wheat\data\raw\cotton\cotton_original\Cotton_Original_Dataset\Fusarium Wilt\fusarium_(265).png,700,700,3,JPEG,38879,6452a2a2d853bb00a6ef6368a130ff907c5fe1e04ed78bc9772345640c7ce2f1,test
cotton,Verticillium Wilt,verticillium_(78).png,data\raw\cotton\cotton_original\Cotton_Original_Dataset\Verticillium Wilt\verticillium_(78).png,D:\ZaraiAI_Tomato_Cotton_Wheat\data\raw\cotton\cotton_original\Cotton_Original_Dataset\Verticillium Wilt\verticillium_(78).png,700,700,3,JPEG,50373,e02f99db2d7b341247daa8f93c7ba8634b35ce1ffb16a3691e4a9b1c5c273148,test
cotton,Verticillium Wilt,verticillium_(28).png,data\raw\cotton\cotton_original\Cotton_Original_Dataset\Verticillium Wilt\verticillium_(28).png,D:\ZaraiAI_Tomato_Cotton_Wheat\data\raw\cotton\cotton_original\Cotton_Original_Dataset\Verticillium Wilt\verticillium_(28).png,700,700,3,JPEG,60376,f2e1993fcd94b99b87ad85a54ef2f1407c9027eceddca169035b918478abe1c4,test
cotton,Alternaria Leaf Spot,alternaria_(83).png,data\raw\cotton\cotton_original\Cotton_Original_Dataset\Alternaria Leaf Spot\alternaria_(83).png,D:\ZaraiAI_Tomato_Cotton_Wheat\data\raw\cotton\cotton_original\Cotton_Original_Dataset\Alternaria Leaf Spot\alternaria_(83).png,700,700,3,JPEG,40934,248af640210208b711bfbf445df97e8f648e72d4eec2acf61117da31131983ee,test
cotton,Verticillium Wilt,verticillium_(84).png,data\raw\cotton\cotton_original\Cotton_Original_Dataset\Verticillium Wilt\verticillium_(84).png,D:\ZaraiAI_Tomato_Cotton_Wheat\data\raw\cotton\cotton_original\Cotton_Original_Dataset\Verticillium Wilt\verticillium_(84).png,700,700,3,JPEG,50192,051f36d6843f9e2228702e4c392726b3b789c0b4b4f18db1bc19c5e201fbe01a,test
cotton,Fusarium Wilt,fusarium_(237).png,data\raw\cotton\cotton_original\Cotton_Original_Dataset\Fusarium Wilt\fusarium_(237).png,D:\ZaraiAI_Tomato_Cotton_Wheat\data\raw\cotton\cotton_original\Cotton_Original_Dataset\Fusarium Wilt\fusarium_(237).png,700,700,3,JPEG,46250,18f03d5af890deb231e29a07580d6557ff8d09625eaf3c60d8e6f43e0b5d5024,test
cotton,Fusarium Wilt,fusarium_(141).png,data\raw\cotton\cotton_original\Cotton_Original_Dataset\Fusarium Wilt\fusarium_(141).png,D:\ZaraiAI_Tomato_Cotton_Wheat\data\raw\cotton\cotton_original\Cotton_Original_Dataset\Fusarium Wilt\fusarium_(141).png,700,700,3,JPEG,40985,c44f9d971f9c2df82469982cf43780db8345df809322f8a681ad10b74956b88b,test
cotton,Bacterial Blight,bacterial_(134).png,data\raw\cotton\cotton_original\Cotton_Original_Dataset\Bacterial Blight\bacterial_(134).png,D:\ZaraiAI_Tomato_Cotton_Wheat\data\raw\cotton\cotton_original\Cotton_Original_Dataset\Bacterial Blight\bacterial_(134).png,700,700,3,JPEG,54029,d36d01cebf240924f6ea95d7a0b33a380cce9575645539306970021c7457d287,test
cotton,Alternaria Leaf Spot,alternaria_(26).png,data\raw\cotton\cotton_original\Cotton_Original_Dataset\Alternaria Leaf Spot\alternaria_(26).png,D:\ZaraiAI_Tomato_Cotton_Wheat\data\raw\cotton\cotton_original\Cotton_Original_Dataset\Alternaria Leaf Spot\alternaria_(26).png,700,700,3,JPEG,49538,7ca35b6b42eb2c6c085e85a47874037c6d6419a7d61bd6d217ed399f97ecf01f,test
cotton,Fusarium Wilt,fusarium_(207).png,data\raw\cotton\cotton_original\Cotton_Original_Dataset\Fusarium Wilt\fusarium_(207).png,D:\ZaraiAI_Tomato_Cotton_Wheat\data\raw\cotton\cotton_original\Cotton_Original_Dataset\Fusarium Wilt\fusarium_(207).png,700,700,3,JPEG,43137,aa6ead2b5dbca6325b3df96c59aae4c6fc524dbcf2e606e0616ca368875f90dc,test
cotton,Alternaria Leaf Spot,alternaria_(78).png,data\raw\cotton\cotton_original\Cotton_Original_Dataset\Alternaria Leaf Spot\alternaria_(78).png,D:\ZaraiAI_Tomato_Cotton_Wheat\data\raw\cotton\cotton_original\Cotton_Original_Dataset\Alternaria Leaf Spot\alternaria_(78).png,700,700,3,JPEG,41829,33636901bf2a8ff6e65d6084fe193099e2d03464bb5812b79bc2e0b5fe1a5762,test
cotton,Healthy Leaf,healthy_(149).png,data\raw\cotton\cotton_original\Cotton_Original_Dataset\Healthy Leaf\healthy_(149).png,D:\ZaraiAI_Tomato_Cotton_Wheat\data\raw\cotton\cotton_original\Cotton_Original_Dataset\Healthy Leaf\healthy_(149).png,700,700,3,JPEG,38669,7b4ca510430e92f3dbb889573f00d0dfb96fa9251895d179f5f8524ed60db8a8,test
cotton,Verticillium Wilt,verticillium_(174).png,data\raw\cotton\cotton_original\Cotton_Original_Dataset\Verticillium Wilt\verticillium_(174).png,D:\ZaraiAI_Tomato_Cotton_Wheat\data\raw\cotton\cotton_original\Cotton_Original_Dataset\Verticillium Wilt\verticillium_(174).png,700,700,3,JPEG,32946,831633f55d95b6cd5a5d667a55549ce3d2039a556fbb0e826b9b85f2e6144b00,test
cotton,Bacterial Blight,bacterial_(10).png,data\raw\cotton\cotton_original\Cotton_Original_Dataset\Bacterial Blight\bacterial_(10).png,D:\ZaraiAI_Tomato_Cotton_Wheat\data\raw\cotton\cotton_original\Cotton_Original_Dataset\Bacterial Blight\bacterial_(10).png,700,700,3,JPEG,63409,a25ddc0463f559c92279352e1c567991961516171e231f6b65e5f725abeeee01,test
cotton,Healthy Leaf,healthy_(305).png,data\raw\cotton\cotton_original\Cotton_Original_Dataset\Healthy Leaf\healthy_(305).png,D:\ZaraiAI_Tomato_Cotton_Wheat\data\raw\cotton\cotton_original\Cotton_Original_Dataset\Healthy Leaf\healthy_(305).png,700,700,3,JPEG,44479,964cf0290d87e4054e1dad92d4bd9d3bb6200196c79a32fbaeadc97ceba0a5d1,test
cotton,Healthy Leaf,healthy_(142).png,data\raw\cotton\cotton_original\Cotton_Original_Dataset\Healthy Leaf\healthy_(142).png,D:\ZaraiAI_Tomato_Cotton_Wheat\data\raw\cotton\cotton_original\Cotton_Original_Dataset\Healthy Leaf\healthy_(142).png,700,700,3,JPEG,41910,d9e59c7519f840f3cd874b8bb67a61da375270e7ea9da072bbe96a8d52db9343,test
cotton,Bacterial Blight,bacterial_(44).png,data\raw\cotton\cotton_original\Cotton_Original_Dataset\Bacterial Blight\bacterial_(44).png,D:\ZaraiAI_Tomato_Cotton_Wheat\data\raw\cotton\cotton_original\Cotton_Original_Dataset\Bacterial Blight\bacterial_(44).png,700,700,3,JPEG,40365,ec401781768ab1754ac0d5e52e775eecc3c230b183f6bcf8e523a387dc6f46c4,test
cotton,Fusarium Wilt,fusarium_(42).png,data\raw\cotton\cotton_original\Cotton_Original_Dataset\Fusarium Wilt\fusarium_(42).png,D:\ZaraiAI_Tomato_Cotton_Wheat\data\raw\cotton\cotton_original\Cotton_Original_Dataset\Fusarium Wilt\fusarium_(42).png,700,700,3,JPEG,46257,05ce646293cb5efcfa2bb96132d8ca8d2f02eabbeb39c02d4b33ff31cd250792,test
cotton,Alternaria Leaf Spot,alternaria_(10).png,data\raw\cotton\cotton_original\Cotton_Original_Dataset\Alternaria Leaf Spot\alternaria_(10).png,D:\ZaraiAI_Tomato_Cotton_Wheat\data\raw\cotton\cotton_original\Cotton_Original_Dataset\Alternaria Leaf Spot\alternaria_(10).png,700,700,3,JPEG,43851,f1fe3d40bba93d9ac9f246297318225f2598cf3fed343d74d9aaae2e1542d6e6,test
cotton,Verticillium Wilt,verticillium_(211).png,data\raw\cotton\cotton_original\Cotton_Original_Dataset\Verticillium Wilt\verticillium_(211).png,D:\ZaraiAI_Tomato_Cotton_Wheat\data\raw\cotton\cotton_original\Cotton_Original_Dataset\Verticillium Wilt\verticillium_(211).png,700,700,3,JPEG,37577,80e679cdd8eced6618362fd32ce8bb1aa431303afe260eb8edeb751b4de732d9,test
cotton,Bacterial Blight,bacterial_(75).png,data\raw\cotton\cotton_original\Cotton_Original_Dataset\Bacterial Blight\bacterial_(75).png,D:\ZaraiAI_Tomato_Cotton_Wheat\data\raw\cotton\cotton_original\Cotton_Original_Dataset\Bacterial Blight\bacterial_(75).png,700,700,3,JPEG,32928,b09cd9d0f2ad0f95ad7f27c9ff2863ad5f59683222b3c0c4aecc8be5d2939119,test
cotton,Verticillium Wilt,verticillium_(249).png,data\raw\cotton\cotton_original\Cotton_Original_Dataset\Verticillium Wilt\verticillium_(249).png,D:\ZaraiAI_Tomato_Cotton_Wheat\data\raw\cotton\cotton_original\Cotton_Original_Dataset\Verticillium Wilt\verticillium_(249).png,700,700,3,JPEG,51660,d13bd5c087a0150867ea0e980028fb3db603fcd333815909264ebeaecd24d3de,test
cotton,Fusarium Wilt,fusarium_(204).png,data\raw\cotton\cotton_original\Cotton_Original_Dataset\Fusarium Wilt\fusarium_(204).png,D:\ZaraiAI_Tomato_Cotton_Wheat\data\raw\cotton\cotton_original\Cotton_Original_Dataset\Fusarium Wilt\fusarium_(204).png,700,700,3,JPEG,61616,29536c3a780b0ec3e4fd21af0d3d6aa4ea19f712096172b54ee009322d9307a0,test
cotton,Healthy Leaf,healthy_(20).png,data\raw\cotton\cotton_original\Cotton_Original_Dataset\Healthy Leaf\healthy_(20).png,D:\ZaraiAI_Tomato_Cotton_Wheat\data\raw\cotton\cotton_original\Cotton_Original_Dataset\Healthy Leaf\healthy_(20).png,700,700,3,JPEG,41918,6aae323d7570d88f2313e68ccc37a99c41650b4dd05929a061893d799b580c3f,test
cotton,Verticillium Wilt,verticillium_(280).png,data\raw\cotton\cotton_original\Cotton_Original_Dataset\Verticillium Wilt\verticillium_(280).png,D:\ZaraiAI_Tomato_Cotton_Wheat\data\raw\cotton\cotton_original\Cotton_Original_Dataset\Verticillium Wilt\verticillium_(280).png,700,700,3,JPEG,40973,191451f1e1183f82dda839b32cf7b9112c9c564d330af50e001d4c96cf58b26c,test
cotton,Alternaria Leaf Spot,alternaria_(146).png,data\raw\cotton\cotton_original\Cotton_Original_Dataset\Alternaria Leaf Spot\alternaria_(146).png,D:\ZaraiAI_Tomato_Cotton_Wheat\data\raw\cotton\cotton_original\Cotton_Original_Dataset\Alternaria Leaf Spot\alternaria_(146).png,700,700,3,JPEG,40280,95e4ea8d374401b66786bda1d4620b112e55f8f7af5e1d02a0f4b3b136cf8c3d,test
cotton,Verticillium Wilt,verticillium_(81).png,data\raw\cotton\cotton_original\Cotton_Original_Dataset\Verticillium Wilt\verticillium_(81).png,D:\ZaraiAI_Tomato_Cotton_Wheat\data\raw\cotton\cotton_original\Cotton_Original_Dataset\Verticillium Wilt\verticillium_(81).png,700,700,3,JPEG,58295,c4ef984e2dbf527b2fca37e25af2588b4f1e5b6ca2f40e28da498e38d13c4a41,test
cotton,Verticillium Wilt,verticillium_(48).png,data\raw\cotton\cotton_original\Cotton_Original_Dataset\Verticillium Wilt\verticillium_(48).png,D:\ZaraiAI_Tomato_Cotton_Wheat\data\raw\cotton\cotton_original\Cotton_Original_Dataset\Verticillium Wilt\verticillium_(48).png,700,700,3,JPEG,48009,e80a813b8af7478c946a31276619818fb9dcc75191deb51c27366109435eec29,test
cotton,Fusarium Wilt,fusarium_(279).png,data\raw\cotton\cotton_original\Cotton_Original_Dataset\Fusarium Wilt\fusarium_(279).png,D:\ZaraiAI_Tomato_Cotton_Wheat\data\raw\cotton\cotton_original\Cotton_Original_Dataset\Fusarium Wilt\fusarium_(279).png,700,700,3,JPEG,34598,08040d7f1ba3393fc3834e247cddb5384e3d3d318fa7abb436373f9c3f5e3a9d,test
cotton,Healthy Leaf,healthy_(279).png,data\raw\cotton\cotton_original\Cotton_Original_Dataset\Healthy Leaf\healthy_(279).png,D:\ZaraiAI_Tomato_Cotton_Wheat\data\raw\cotton\cotton_original\Cotton_Original_Dataset\Healthy Leaf\healthy_(279).png,700,700,3,JPEG,40156,28de863a7fc6e35ffa564ea32523ab312b8fec03ce28e3de439c9f623fe63e12,test
cotton,Healthy Leaf,healthy_(233).png,data\raw\cotton\cotton_original\Cotton_Original_Dataset\Healthy Leaf\healthy_(233).png,D:\ZaraiAI_Tomato_Cotton_Wheat\data\raw\cotton\cotton_original\Cotton_Original_Dataset\Healthy Leaf\healthy_(233).png,700,700,3,JPEG,40463,e71f89f7ef92b7ab5cbe4661b1008b59e4a1071da62710049faf1f4c00cd98a0,test
cotton,Fusarium Wilt,fusarium_(241).png,data\raw\cotton\cotton_original\Cotton_Original_Dataset\Fusarium Wilt\fusarium_(241).png,D:\ZaraiAI_Tomato_Cotton_Wheat\data\raw\cotton\cotton_original\Cotton_Original_Dataset\Fusarium Wilt\fusarium_(241).png,700,700,3,JPEG,41934,495f3c7c77cd3b17b9f995d4bbc2b4f7b4b959fdecbb402bc4febd42456ee954,test
cotton,Bacterial Blight,bacterial_(199).png,data\raw\cotton\cotton_original\Cotton_Original_Dataset\Bacterial Blight\bacterial_(199).png,D:\ZaraiAI_Tomato_Cotton_Wheat\data\raw\cotton\cotton_original\Cotton_Original_Dataset\Bacterial Blight\bacterial_(199).png,700,700,3,JPEG,38589,c70494d65d2a8cfa987e74b7a9f0e1b4f060f0137586af1b0c71dd0531a301d6,test
cotton,Healthy Leaf,healthy_(179).png,data\raw\cotton\cotton_original\Cotton_Original_Dataset\Healthy Leaf\healthy_(179).png,D:\ZaraiAI_Tomato_Cotton_Wheat\data\raw\cotton\cotton_original\Cotton_Original_Dataset\Healthy Leaf\healthy_(179).png,700,700,3,JPEG,41690,c0bce7953264cbc9b36fad3105eb52a3adffae24d852dc2ad32504e8b566630d,test
cotton,Bacterial Blight,bacterial_(71).png,data\raw\cotton\cotton_original\Cotton_Original_Dataset\Bacterial Blight\bacterial_(71).png,D:\ZaraiAI_Tomato_Cotton_Wheat\data\raw\cotton\cotton_original\Cotton_Original_Dataset\Bacterial Blight\bacterial_(71).png,700,700,3,JPEG,32288,48f59cfd0fa31bd2915f895bcb43c97606fe9c0501870b0b33ef00daf40a9c6c,test
cotton,Alternaria Leaf Spot,alternaria_(84).png,data\raw\cotton\cotton_original\Cotton_Original_Dataset\Alternaria Leaf Spot\alternaria_(84).png,D:\ZaraiAI_Tomato_Cotton_Wheat\data\raw\cotton\cotton_original\Cotton_Original_Dataset\Alternaria Leaf Spot\alternaria_(84).png,700,700,3,JPEG,42195,1cf0b5df34a22a835501413b8b323c02a3dd6926a1c32366327cc02cbbb33c36,test
cotton,Fusarium Wilt,fusarium_(48).png,data\raw\cotton\cotton_original\Cotton_Original_Dataset\Fusarium Wilt\fusarium_(48).png,D:\ZaraiAI_Tomato_Cotton_Wheat\data\raw\cotton\cotton_original\Cotton_Original_Dataset\Fusarium Wilt\fusarium_(48).png,700,700,3,JPEG,43342,82ebb86ab6905a4641ad4676888f3483b9ea0f15a892c5d31f0e8c7e0f9dba07,test
cotton,Fusarium Wilt,fusarium_(59).png,data\raw\cotton\cotton_original\Cotton_Original_Dataset\Fusarium Wilt\fusarium_(59).png,D:\ZaraiAI_Tomato_Cotton_Wheat\data\raw\cotton\cotton_original\Cotton_Original_Dataset\Fusarium Wilt\fusarium_(59).png,700,700,3,JPEG,46813,3ddf1a817881a57413aa87b99df4ea5ccbdb76c48390b7c1898e337ebe281b58,test
cotton,Alternaria Leaf Spot,alternaria_(106).png,data\raw\cotton\cotton_original\Cotton_Original_Dataset\Alternaria Leaf Spot\alternaria_(106).png,D:\ZaraiAI_Tomato_Cotton_Wheat\data\raw\cotton\cotton_original\Cotton_Original_Dataset\Alternaria Leaf Spot\alternaria_(106).png,700,700,3,JPEG,40303,9c768c6bb0ee4a6c71d479ce244c1df4bd1a46b7fb865d1c44a8f9a5e02d8505,test
cotton,Verticillium Wilt,verticillium_(252).png,data\raw\cotton\cotton_original\Cotton_Original_Dataset\Verticillium Wilt\verticillium_(252).png,D:\ZaraiAI_Tomato_Cotton_Wheat\data\raw\cotton\cotton_original\Cotton_Original_Dataset\Verticillium Wilt\verticillium_(252).png,700,700,3,JPEG,65436,6a9a47a957a29b4268fea6c2125b1aed784c8bb335b3b420a2773d028c85c3b2,test
cotton,Fusarium Wilt,fusarium_(258).png,data\raw\cotton\cotton_original\Cotton_Original_Dataset\Fusarium Wilt\fusarium_(258).png,D:\ZaraiAI_Tomato_Cotton_Wheat\data\raw\cotton\cotton_original\Cotton_Original_Dataset\Fusarium Wilt\fusarium_(258).png,700,700,3,JPEG,42272,200f88e2ab1a78ba6af2b3bc23298ab25037e30a03c9c237b8464c9108cac81c,test
cotton,Healthy Leaf,healthy_(280).png,data\raw\cotton\cotton_original\Cotton_Original_Dataset\Healthy Leaf\healthy_(280).png,D:\ZaraiAI_Tomato_Cotton_Wheat\data\raw\cotton\cotton_original\Cotton_Original_Dataset\Healthy Leaf\healthy_(280).png,700,700,3,JPEG,48403,63e989b825d242a59c98dd685ea596024f712fac7aee34e6ae9557054c9602bc,test
cotton,Fusarium Wilt,fusarium_(55).png,data\raw\cotton\cotton_original\Cotton_Original_Dataset\Fusarium Wilt\fusarium_(55).png,D:\ZaraiAI_Tomato_Cotton_Wheat\data\raw\cotton\cotton_original\Cotton_Original_Dataset\Fusarium Wilt\fusarium_(55).png,700,700,3,JPEG,55298,676fb39d208d40e23f962be8e995f764cad8805b264f4cef01b56fd69687ec71,test
cotton,Fusarium Wilt,fusarium_(210).png,data\raw\cotton\cotton_original\Cotton_Original_Dataset\Fusarium Wilt\fusarium_(210).png,D:\ZaraiAI_Tomato_Cotton_Wheat\data\raw\cotton\cotton_original\Cotton_Original_Dataset\Fusarium Wilt\fusarium_(210).png,700,700,3,JPEG,60744,b3c353cbcd9b52ac20405525b4ac278daf60d68c18657a2d3673f204ca37bcab,test
cotton,Verticillium Wilt,verticillium_(45).png,data\raw\cotton\cotton_original\Cotton_Original_Dataset\Verticillium Wilt\verticillium_(45).png,D:\ZaraiAI_Tomato_Cotton_Wheat\data\raw\cotton\cotton_original\Cotton_Original_Dataset\Verticillium Wilt\verticillium_(45).png,700,700,3,JPEG,49890,9c070c9828755e6d764d684d65fa97014e0b81f82ee6a32933fb02e7cd2a9daa,test
cotton,Alternaria Leaf Spot,alternaria_(60).png,data\raw\cotton\cotton_original\Cotton_Original_Dataset\Alternaria Leaf Spot\alternaria_(60).png,D:\ZaraiAI_Tomato_Cotton_Wheat\data\raw\cotton\cotton_original\Cotton_Original_Dataset\Alternaria Leaf Spot\alternaria_(60).png,700,700,3,JPEG,45275,16cea740b489854c2ab298a1c7ab0550f55f1737e8de999ce739b5586974ea62,test
cotton,Bacterial Blight,bacterial_(162).png,data\raw\cotton\cotton_original\Cotton_Original_Dataset\Bacterial Blight\bacterial_(162).png,D:\ZaraiAI_Tomato_Cotton_Wheat\data\raw\cotton\cotton_original\Cotton_Original_Dataset\Bacterial Blight\bacterial_(162).png,700,700,3,JPEG,37595,94fbada989000045c8ab62a9621092adb2d89f5a85314576dbc6c28cb0ef9eb5,test
cotton,Verticillium Wilt,verticillium_(120).png,data\raw\cotton\cotton_original\Cotton_Original_Dataset\Verticillium Wilt\verticillium_(120).png,D:\ZaraiAI_Tomato_Cotton_Wheat\data\raw\cotton\cotton_original\Cotton_Original_Dataset\Verticillium Wilt\verticillium_(120).png,700,700,3,JPEG,36744,f03631055740257daa7e391476bf43132ecc04968895440a0509491b6fb302b3,test
cotton,Verticillium Wilt,verticillium_(209).png,data\raw\cotton\cotton_original\Cotton_Original_Dataset\Verticillium Wilt\verticillium_(209).png,D:\ZaraiAI_Tomato_Cotton_Wheat\data\raw\cotton\cotton_original\Cotton_Original_Dataset\Verticillium Wilt\verticillium_(209).png,700,700,3,JPEG,41242,c0fad61a2f349318a9bde01e207c6f4e60bd7e8b4ee54d26ea54b890b89af295,test
cotton,Alternaria Leaf Spot,alternaria_(73).png,data\raw\cotton\cotton_original\Cotton_Original_Dataset\Alternaria Leaf Spot\alternaria_(73).png,D:\ZaraiAI_Tomato_Cotton_Wheat\data\raw\cotton\cotton_original\Cotton_Original_Dataset\Alternaria Leaf Spot\alternaria_(73).png,700,700,3,JPEG,41764,aa1468ae3dc770380fab25ac666014d9fbc401c7c11718a54d1d42ad007dd1b6,test
cotton,Alternaria Leaf Spot,alternaria_(39).png,data\raw\cotton\cotton_original\Cotton_Original_Dataset\Alternaria Leaf Spot\alternaria_(39).png,D:\ZaraiAI_Tomato_Cotton_Wheat\data\raw\cotton\cotton_original\Cotton_Original_Dataset\Alternaria Leaf Spot\alternaria_(39).png,700,700,3,JPEG,36151,c83ed30f398dc19d7f95b53a034d1986b693b36cb873840efc19c83e7bc2b788,test
cotton,Healthy Leaf,healthy_(104).png,data\raw\cotton\cotton_original\Cotton_Original_Dataset\Healthy Leaf\healthy_(104).png,D:\ZaraiAI_Tomato_Cotton_Wheat\data\raw\cotton\cotton_original\Cotton_Original_Dataset\Healthy Leaf\healthy_(104).png,700,700,3,JPEG,42206,e967b95a1be807a676438e2d91dd544ea040ce5f4e96e4461247bdc53be269e4,test
cotton,Alternaria Leaf Spot,alternaria_(22).png,data\raw\cotton\cotton_original\Cotton_Original_Dataset\Alternaria Leaf Spot\alternaria_(22).png,D:\ZaraiAI_Tomato_Cotton_Wheat\data\raw\cotton\cotton_original\Cotton_Original_Dataset\Alternaria Leaf Spot\alternaria_(22).png,700,700,3,JPEG,42885,b3ed291f0ef409007f4fc32e67f61d7eb7e282547103ca4ebe3bc2fb7d82ee49,test
cotton,Bacterial Blight,bacterial_(34).png,data\raw\cotton\cotton_original\Cotton_Original_Dataset\Bacterial Blight\bacterial_(34).png,D:\ZaraiAI_Tomato_Cotton_Wheat\data\raw\cotton\cotton_original\Cotton_Original_Dataset\Bacterial Blight\bacterial_(34).png,700,700,3,JPEG,39809,b3d0bc5c9095836cb5b4b8a3c8b822af62220c4cc926a041466591226ad02a07,test
cotton,Verticillium Wilt,verticillium_(73).png,data\raw\cotton\cotton_original\Cotton_Original_Dataset\Verticillium Wilt\verticillium_(73).png,D:\ZaraiAI_Tomato_Cotton_Wheat\data\raw\cotton\cotton_original\Cotton_Original_Dataset\Verticillium Wilt\verticillium_(73).png,700,700,3,JPEG,74092,041dcfbeca70d71fa7397ca927ffa7bec140d86e7db1070785a4f38e42fd4a9b,test
cotton,Verticillium Wilt,verticillium_(75).png,data\raw\cotton\cotton_original\Cotton_Original_Dataset\Verticillium Wilt\verticillium_(75).png,D:\ZaraiAI_Tomato_Cotton_Wheat\data\raw\cotton\cotton_original\Cotton_Original_Dataset\Verticillium Wilt\verticillium_(75).png,700,700,3,JPEG,70667,e06dcf2eae9a3d751e33c1946cf870ca71a92d81e32c1545622414dd69563f9d,test
cotton,Fusarium Wilt,fusarium_(213).png,data\raw\cotton\cotton_original\Cotton_Original_Dataset\Fusarium Wilt\fusarium_(213).png,D:\ZaraiAI_Tomato_Cotton_Wheat\data\raw\cotton\cotton_original\Cotton_Original_Dataset\Fusarium Wilt\fusarium_(213).png,700,700,3,JPEG,55022,19a524ee1228619e30fab23d453f44aa01efb279bd4526a3900abfc0b66c9c1b,test
cotton,Bacterial Blight,bacterial_(51).png,data\raw\cotton\cotton_original\Cotton_Original_Dataset\Bacterial Blight\bacterial_(51).png,D:\ZaraiAI_Tomato_Cotton_Wheat\data\raw\cotton\cotton_original\Cotton_Original_Dataset\Bacterial Blight\bacterial_(51).png,700,700,3,JPEG,38355,bb80b49ff9cb4880956feca5aac093fc5df94fd928f2bc30877f330baf93dd0b,test
cotton,Fusarium Wilt,fusarium_(161).png,data\raw\cotton\cotton_original\Cotton_Original_Dataset\Fusarium Wilt\fusarium_(161).png,D:\ZaraiAI_Tomato_Cotton_Wheat\data\raw\cotton\cotton_original\Cotton_Original_Dataset\Fusarium Wilt\fusarium_(161).png,700,700,3,JPEG,46137,96bb320fe1c5a4f96f00ae39fc83b06ce6d8824375b73ef2b98d9ce4f3d1ebfb,test
cotton,Verticillium Wilt,verticillium_(283).png,data\raw\cotton\cotton_original\Cotton_Original_Dataset\Verticillium Wilt\verticillium_(283).png,D:\ZaraiAI_Tomato_Cotton_Wheat\data\raw\cotton\cotton_original\Cotton_Original_Dataset\Verticillium Wilt\verticillium_(283).png,700,700,3,JPEG,38769,074f393d5ddfeabaf9ae8ba0d0022dc3221d1d61c337f93b7dc60bf8ea8f2e51,test
cotton,Fusarium Wilt,fusarium_(231).png,data\raw\cotton\cotton_original\Cotton_Original_Dataset\Fusarium Wilt\fusarium_(231).png,D:\ZaraiAI_Tomato_Cotton_Wheat\data\raw\cotton\cotton_original\Cotton_Original_Dataset\Fusarium Wilt\fusarium_(231).png,700,700,3,JPEG,62096,0b0ad2599c3e7d8deaf95438fb7401582645095dd2fe7499ab0c2d9b32bd4a20,test
cotton,Verticillium Wilt,verticillium_(239).png,data\raw\cotton\cotton_original\Cotton_Original_Dataset\Verticillium Wilt\verticillium_(239).png,D:\ZaraiAI_Tomato_Cotton_Wheat\data\raw\cotton\cotton_original\Cotton_Original_Dataset\Verticillium Wilt\verticillium_(239).png,700,700,3,JPEG,60097,d368c3052894f57dc7c12d3c310eda2c537e7970dbced26437cd5ea6c0b6d736,test
cotton,Verticillium Wilt,verticillium_(50).png,data\raw\cotton\cotton_original\Cotton_Original_Dataset\Verticillium Wilt\verticillium_(50).png,D:\ZaraiAI_Tomato_Cotton_Wheat\data\raw\cotton\cotton_original\Cotton_Original_Dataset\Verticillium Wilt\verticillium_(50).png,700,700,3,JPEG,48127,28440d1fba9a6335a5183413664def9773bf137a1a3f65469b65c0d72836ce47,test
cotton,Alternaria Leaf Spot,alternaria_(77).png,data\raw\cotton\cotton_original\Cotton_Original_Dataset\Alternaria Leaf Spot\alternaria_(77).png,D:\ZaraiAI_Tomato_Cotton_Wheat\data\raw\cotton\cotton_original\Cotton_Original_Dataset\Alternaria Leaf Spot\alternaria_(77).png,700,700,3,JPEG,39310,651d52be75ed34f56afdff13e683fefcaddd0340bcfd17eb9d5e60edfe3a75db,test
cotton,Verticillium Wilt,verticillium_(126).png,data\raw\cotton\cotton_original\Cotton_Original_Dataset\Verticillium Wilt\verticillium_(126).png,D:\ZaraiAI_Tomato_Cotton_Wheat\data\raw\cotton\cotton_original\Cotton_Original_Dataset\Verticillium Wilt\verticillium_(126).png,700,700,3,JPEG,34899,774afcda2079c0e0e7b81e4099addaa1f1e020d9245bf2755adc7fc3ca4013bf,test
cotton,Healthy Leaf,healthy_(299).png,data\raw\cotton\cotton_original\Cotton_Original_Dataset\Healthy Leaf\healthy_(299).png,D:\ZaraiAI_Tomato_Cotton_Wheat\data\raw\cotton\cotton_original\Cotton_Original_Dataset\Healthy Leaf\healthy_(299).png,700,700,3,JPEG,38369,553326af12fc76512cda5c768039071e981e5f145b50a90c0ab63683aec01d96,test
cotton,Verticillium Wilt,verticillium_(308).png,data\raw\cotton\cotton_original\Cotton_Original_Dataset\Verticillium Wilt\verticillium_(308).png,D:\ZaraiAI_Tomato_Cotton_Wheat\data\raw\cotton\cotton_original\Cotton_Original_Dataset\Verticillium Wilt\verticillium_(308).png,700,700,3,JPEG,56082,7f0e9639bd16511210813f7779483b9fa7992dd0f9118168259c4c4c11432de6,test
cotton,Fusarium Wilt,fusarium_(12).png,data\raw\cotton\cotton_original\Cotton_Original_Dataset\Fusarium Wilt\fusarium_(12).png,D:\ZaraiAI_Tomato_Cotton_Wheat\data\raw\cotton\cotton_original\Cotton_Original_Dataset\Fusarium Wilt\fusarium_(12).png,700,700,3,JPEG,44580,be73d236c1880330033ccff39491a9dcf216c1d7c8d685fa51defa1d278d7e28,test
cotton,Healthy Leaf,healthy_(257).png,data\raw\cotton\cotton_original\Cotton_Original_Dataset\Healthy Leaf\healthy_(257).png,D:\ZaraiAI_Tomato_Cotton_Wheat\data\raw\cotton\cotton_original\Cotton_Original_Dataset\Healthy Leaf\healthy_(257).png,700,700,3,JPEG,43678,4e2cf87291a1798a88a23753b7e2c84f6f43853c715eccf21c40c45c40f10647,test
cotton,Fusarium Wilt,fusarium_(260).png,data\raw\cotton\cotton_original\Cotton_Original_Dataset\Fusarium Wilt\fusarium_(260).png,D:\ZaraiAI_Tomato_Cotton_Wheat\data\raw\cotton\cotton_original\Cotton_Original_Dataset\Fusarium Wilt\fusarium_(260).png,700,700,3,JPEG,44507,ae938d05008df6e30467fdd564ca40d4dd275edf247a31c0ae828a68b4e55b2f,test
cotton,Verticillium Wilt,verticillium_(43).png,data\raw\cotton\cotton_original\Cotton_Original_Dataset\Verticillium Wilt\verticillium_(43).png,D:\ZaraiAI_Tomato_Cotton_Wheat\data\raw\cotton\cotton_original\Cotton_Original_Dataset\Verticillium Wilt\verticillium_(43).png,700,700,3,JPEG,49205,f00ba8788f2b111d1a5642053590784dd340d59c3db7d1bd4188d27828265d16,test
cotton,Healthy Leaf,healthy_(102).png,data\raw\cotton\cotton_original\Cotton_Original_Dataset\Healthy Leaf\healthy_(102).png,D:\ZaraiAI_Tomato_Cotton_Wheat\data\raw\cotton\cotton_original\Cotton_Original_Dataset\Healthy Leaf\healthy_(102).png,700,700,3,JPEG,40884,d7fe30b2710e3ba4f0ebae2f43f51e9091250ab425eb1c0a85c9ce9f46bea1ce,test
