crop,class_name,file_name,relative_path,absolute_path,width,height,channels,format,size_bytes,sha256,split
tomato,Tomato_mold_leaf,dscn6690.jpg,data\raw\tomato\tomato_pakistan\Tomato Dataset\Dataset (raw)\Tomato_mold_leaf\dscn6690.jpg,D:\ZaraiAI_Tomato_Cotton_Wheat\data\raw\tomato\tomato_pakistan\Tomato Dataset\Dataset (raw)\Tomato_mold_leaf\dscn6690.jpg,1024,768,3,JPEG,161775,63cca761de835f182d103c06b4b0d3158501fae619956acbd9976078b7f1a06d,train
tomato,Tomato_Septoria_leaf_spot,FS547-4-big.jpg,data\raw\tomato\tomato_pakistan\Tomato Dataset\Dataset (raw)\Tomato_Septoria_leaf_spot\FS547-4-big.jpg,D:\ZaraiAI_Tomato_Cotton_Wheat\data\raw\tomato\tomato_pakistan\Tomato Dataset\Dataset (raw)\Tomato_Septoria_leaf_spot\FS547-4-big.jpg,640,480,3,JPEG,145062,14b74849a64e5d7ce2af4d2bdb8a8850030cd225dcd6ed4ceeba1e0353e87a6a,train
tomato,Tomato_mold_leaf,IMG-20240812-WA0349.jpg,data\raw\tomato\tomato_pakistan\Tomato Dataset\Dataset (raw)\Tomato_mold_leaf\IMG-20240812-WA0349.jpg,D:\ZaraiAI_Tomato_Cotton_Wheat\data\raw\tomato\tomato_pakistan\Tomato Dataset\Dataset (raw)\Tomato_mold_leaf\IMG-20240812-WA0349.jpg,3000,4000,3,JPEG,756610,5ce3797ea44c5dc97f4f13f5fd76bdea07e0041679b72d4409fd93aa30f99a2a,train
tomato,Tomato_Septoria_leaf_spot,12July_mwnews_3-C.jpg,data\raw\tomato\tomato_pakistan\Tomato Dataset\Dataset (raw)\Tomato_Septoria_leaf_spot\12July_mwnews_3-C.jpg,D:\ZaraiAI_Tomato_Cotton_Wheat\data\raw\tomato\tomato_pakistan\Tomato Dataset\Dataset (raw)\Tomato_Septoria_leaf_spot\12July_mwnews_3-C.jpg,330,219,3,JPEG,29902,9d371a6c63fb291698ee47aa1c65fb0d2abb751b44df44db1c7570bc3f7a1f05,train
tomato,Tomato_Healthy_leaf,h2.jpg,data\raw\tomato\tomato_pakistan\Tomato Dataset\Dataset (raw)\Tomato_Healthy_leaf\h2.jpg,D:\ZaraiAI_Tomato_Cotton_Wheat\data\raw\tomato\tomato_pakistan\Tomato Dataset\Dataset (raw)\Tomato_Healthy_leaf\h2.jpg,227,227,3,JPEG,13542,4a8c4c23bf6c44fea0b890c6119ffcc12b48aa06d97aa18848b1c77ada43a3b0,train
tomato,Tomato_Septoria_leaf_spot,Gls29.jpg,data\raw\tomato\tomato_pakistan\Tomato Dataset\Dataset (raw)\Tomato_Septoria_leaf_spot\Gls29.jpg,D:\ZaraiAI_Tomato_Cotton_Wheat\data\raw\tomato\tomato_pakistan\Tomato Dataset\Dataset (raw)\Tomato_Septoria_leaf_spot\Gls29.jpg,227,227,3,JPEG,11590,e927d170e7dfc0dc33d53e159084efe9a41d6be80a3b551ea6bb519c558b72a0,train
tomato,Tomato_mold_leaf,IMG-20240728-WA0083.jpg,data\raw\tomato\tomato_pakistan\Tomato Dataset\Dataset (raw)\Tomato_mold_leaf\IMG-20240728-WA0083.jpg,D:\ZaraiAI_Tomato_Cotton_Wheat\data\raw\tomato\tomato_pakistan\Tomato Dataset\Dataset (raw)\Tomato_mold_leaf\IMG-20240728-WA0083.jpg,780,1040,3,JPEG,100243,65674a3e75e8f9243388b77ce2ca621a09ee83e1ae89063e7df5f3c15d7e9f28,train
tomato,Tomato_Healthy_leaf,HL_(36).jpg,data\raw\tomato\tomato_pakistan\Tomato Dataset\Dataset (raw)\Tomato_Healthy_leaf\HL_(36).jpg,D:\ZaraiAI_Tomato_Cotton_Wheat\data\raw\tomato\tomato_pakistan\Tomato Dataset\Dataset (raw)\Tomato_Healthy_leaf\HL_(36).jpg,700,465,3,JPEG,246457,356f9de00f0ef794de790bcd76200255fe2dbbf027ebdc2fb23607dde218141b,train
tomato,Tomato_leaf_late_blight,gardening-moisture-lateblight-tomato-leaf.jpg,data\raw\tomato\tomato_pakistan\Tomato Dataset\Dataset (raw)\Tomato_leaf_late_blight\gardening-moisture-lateblight-tomato-leaf.jpg,D:\ZaraiAI_Tomato_Cotton_Wheat\data\raw\tomato\tomato_pakistan\Tomato Dataset\Dataset (raw)\Tomato_leaf_late_blight\gardening-moisture-lateblight-tomato-leaf.jpg,1738,2380,3,JPEG,1040616,9b5dee113131e9f3b690b46e2a3e4eec551051d86c24decb4f68e57400e03f85,train
tomato,Tomato_leaf_yellow_curl_virus,DSC_3019_320x209.jpg,data\raw\tomato\tomato_pakistan\Tomato Dataset\Dataset (raw)\Tomato_leaf_yellow_curl_virus\DSC_3019_320x209.jpg,D:\ZaraiAI_Tomato_Cotton_Wheat\data\raw\tomato\tomato_pakistan\Tomato Dataset\Dataset (raw)\Tomato_leaf_yellow_curl_virus\DSC_3019_320x209.jpg,209,320,3,JPEG,22657,75ec9c9314a07b7610675ec4c8f16fc2d0c37370cee51db16e6856fd9af159fb,train
tomato,Tomato_leaf_yellow_curl_virus,tomato-yellow-closeup-3.jpg,data\raw\tomato\tomato_pakistan\Tomato Dataset\Dataset (raw)\Tomato_leaf_yellow_curl_virus\tomato-yellow-closeup-3.jpg,D:\ZaraiAI_Tomato_Cotton_Wheat\data\raw\tomato\tomato_pakistan\Tomato Dataset\Dataset (raw)\Tomato_leaf_yellow_curl_virus\tomato-yellow-closeup-3.jpg,500,328,3,JPEG,64315,76c7a87e184761974a0c3951b61e9d645d46bbed7b6f89ae8aae0b8573a15ab3,train
tomato,Tomato_Healthy_leaf,IMG_20251102_161649.jpg,data\raw\tomato\tomato_pakistan\Tomato Dataset\Dataset (raw)\Tomato_Healthy_leaf\IMG_20251102_161649.jpg,D:\ZaraiAI_Tomato_Cotton_Wheat\data\raw\tomato\tomato_pakistan\Tomato Dataset\Dataset (raw)\Tomato_Healthy_leaf\IMG_20251102_161649.jpg,4080,3072,3,JPEG,3471812,55d2a8e99ae798e8f8a10374c50f78f94dda5c4601d8e7c29b970842249bb730,train
tomato,Tomato_mold_leaf,IMG-20240728-WA0070.jpg,data\raw\tomato\tomato_pakistan\Tomato Dataset\Dataset (raw)\Tomato_mold_leaf\IMG-20240728-WA0070.jpg,D:\ZaraiAI_Tomato_Cotton_Wheat\data\raw\tomato\tomato_pakistan\Tomato Dataset\Dataset (raw)\Tomato_mold_leaf\IMG-20240728-WA0070.jpg,1040,780,3,JPEG,89795,82a92bbbff312e33f6a83846b92ecb9188ada127fc6987157b1afe940e69debc,train
tomato,Tomato_mold_leaf,IMG-20240728-WA0059.jpg,data\raw\tomato\tomato_pakistan\Tomato Dataset\Dataset (raw)\Tomato_mold_leaf\IMG-20240728-WA0059.jpg,D:\ZaraiAI_Tomato_Cotton_Wheat\data\raw\tomato\tomato_pakistan\Tomato Dataset\Dataset (raw)\Tomato_mold_leaf\IMG-20240728-WA0059.jpg,780,1040,3,JPEG,97057,90d2a31ddfe8a89958092b29829865c9809859b64a5cef6d1f8bf849b2ed5de5,train
tomato,Tomato_mold_leaf,IMG-20240727-WA0040.jpg,data\raw\tomato\tomato_pakistan\Tomato Dataset\Dataset (raw)\Tomato_mold_leaf\IMG-20240727-WA0040.jpg,D:\ZaraiAI_Tomato_Cotton_Wheat\data\raw\tomato\tomato_pakistan\Tomato Dataset\Dataset (raw)\Tomato_mold_leaf\IMG-20240727-WA0040.jpg,780,1040,3,JPEG,91236,a3c8568758c094287d794e97d713ec3cf2d86ffb51efdcdaf51577e85b509dd9,train
tomato,Tomato_leaf_yellow_curl_virus,IMG_20251102_155213.jpg,data\raw\tomato\tomato_pakistan\Tomato Dataset\Dataset (raw)\Tomato_leaf_yellow_curl_virus\IMG_20251102_155213.jpg,D:\ZaraiAI_Tomato_Cotton_Wheat\data\raw\tomato\tomato_pakistan\Tomato Dataset\Dataset (raw)\Tomato_leaf_yellow_curl_virus\IMG_20251102_155213.jpg,3072,4080,3,JPEG,2716409,2eeda99435c0eaf895c1dce4de9aa1436b416f20ab877ce14907ed3dbf0f4a8c,train
tomato,Tomato_mold_leaf,leaf%2Binf%2B800%2B1.jpg,data\raw\tomato\tomato_pakistan\Tomato Dataset\Dataset (raw)\Tomato_mold_leaf\leaf%2Binf%2B800%2B1.jpg,D:\ZaraiAI_Tomato_Cotton_Wheat\data\raw\tomato\tomato_pakistan\Tomato Dataset\Dataset (raw)\Tomato_mold_leaf\leaf%2Binf%2B800%2B1.jpg,1600,1031,3,JPEG,337895,68c5d0cd76cbfbcbe44491e3e7212a9399079950ed1df2d729fa4135e83c2f4f,train
tomato,Tomato_leaf_late_blight,LB_ (387).jpg,data\raw\tomato\tomato_pakistan\Tomato Dataset\Dataset (raw)\Tomato_leaf_late_blight\LB_ (387).jpg,D:\ZaraiAI_Tomato_Cotton_Wheat\data\raw\tomato\tomato_pakistan\Tomato Dataset\Dataset (raw)\Tomato_leaf_late_blight\LB_ (387).jpg,1080,608,3,JPEG,704498,bf46eefebb094817ad199cb5d84822f4dbd55213373185c38658adee34e8a7b3,train
tomato,Tomato_Septoria_leaf_spot,TomatoDisease_IMG_2744_2016Jul01_original.JPG_1472858324.jpg,data\raw\tomato\tomato_pakistan\Tomato Dataset\Dataset (raw)\Tomato_Septoria_leaf_spot\TomatoDisease_IMG_2744_2016Jul01_original.JPG_1472858324.jpg,D:\ZaraiAI_Tomato_Cotton_Wheat\data\raw\tomato\tomato_pakistan\Tomato Dataset\Dataset (raw)\Tomato_Septoria_leaf_spot\TomatoDisease_IMG_2744_2016Jul01_original.JPG_1472858324.jpg,2448,3264,3,JPEG,3283577,e3e94ea07f305a84b93b7f7e57a23348b0da059268cc369181fee32b6774d55a,train
tomato,Tomato_Septoria_leaf_spot,SS_ (9).jpg,data\raw\tomato\tomato_pakistan\Tomato Dataset\Dataset (raw)\Tomato_Septoria_leaf_spot\SS_ (9).jpg,D:\ZaraiAI_Tomato_Cotton_Wheat\data\raw\tomato\tomato_pakistan\Tomato Dataset\Dataset (raw)\Tomato_Septoria_leaf_spot\SS_ (9).jpg,172,182,3,JPEG,45978,d8e34f590c2bf668dc6f3df9a84cb76e3b36d2adf844a27c399d788a221e453f,train
tomato,Tomato_mold_leaf,IMG-20240724-WA0108.jpg,data\raw\tomato\tomato_pakistan\Tomato Dataset\Dataset (raw)\Tomato_mold_leaf\IMG-20240724-WA0108.jpg,D:\ZaraiAI_Tomato_Cotton_Wheat\data\raw\tomato\tomato_pakistan\Tomato Dataset\Dataset (raw)\Tomato_mold_leaf\IMG-20240724-WA0108.jpg,780,1040,3,JPEG,108792,4aad036e2fcf84dbcc44a9cb4200a20402f7e9bbc319f13a4dbe58c662c9824f,train
tomato,Tomato_Septoria_leaf_spot,septoria+leaf+spota.jpg,data\raw\tomato\tomato_pakistan\Tomato Dataset\Dataset (raw)\Tomato_Septoria_leaf_spot\septoria+leaf+spota.jpg,D:\ZaraiAI_Tomato_Cotton_Wheat\data\raw\tomato\tomato_pakistan\Tomato Dataset\Dataset (raw)\Tomato_Septoria_leaf_spot\septoria+leaf+spota.jpg,1200,630,3,JPEG,92562,f7754135ce40bc781997056901d752f942440f3021bec21239fddc3bc910ca20,train
tomato,Tomato_Early_blight_leaf,Tomato-Early-Blight.jpg,data\raw\tomato\tomato_pakistan\Tomato Dataset\Dataset (raw)\Tomato_Early_blight_leaf\Tomato-Early-Blight.jpg,D:\ZaraiAI_Tomato_Cotton_Wheat\data\raw\tomato\tomato_pakistan\Tomato Dataset\Dataset (raw)\Tomato_Early_blight_leaf\Tomato-Early-Blight.jpg,275,206,3,JPEG,21358,83b860dc08a903eff86762037ba6c423b23636468cdeb7d7dff8563ef20290d6,train
tomato,Tomato_leaf_late_blight,Lb69.JPG,data\raw\tomato\tomato_pakistan\Tomato Dataset\Dataset (raw)\Tomato_leaf_late_blight\Lb69.JPG,D:\ZaraiAI_Tomato_Cotton_Wheat\data\raw\tomato\tomato_pakistan\Tomato Dataset\Dataset (raw)\Tomato_leaf_late_blight\Lb69.JPG,227,227,3,JPEG,8604,b14d548177e72cc9f7b88b43093f4f7dfccef4485067c32b54e3f3d2960f9f37,train
tomato,Tomato_leaf_late_blight,Lb77.JPG,data\raw\tomato\tomato_pakistan\Tomato Dataset\Dataset (raw)\Tomato_leaf_late_blight\Lb77.JPG,D:\ZaraiAI_Tomato_Cotton_Wheat\data\raw\tomato\tomato_pakistan\Tomato Dataset\Dataset (raw)\Tomato_leaf_late_blight\Lb77.JPG,227,227,3,JPEG,9043,caa19baf1910aee8047c7afeb173040d934d6c22300721f87def91715a35a720,train
tomato,Tomato_Early_blight_leaf,ebleafb.jpg,data\raw\tomato\tomato_pakistan\Tomato Dataset\Dataset (raw)\Tomato_Early_blight_leaf\ebleafb.jpg,D:\ZaraiAI_Tomato_Cotton_Wheat\data\raw\tomato\tomato_pakistan\Tomato Dataset\Dataset (raw)\Tomato_Early_blight_leaf\ebleafb.jpg,600,400,3,JPEG,20804,3ca87b4295d2a7e082c988deb76e33b2a6f88c7f5e28c7810b39ef940b4ba3c5,train
tomato,Tomato_mold_leaf,IMG-20240728-WA0063.jpg,data\raw\tomato\tomato_pakistan\Tomato Dataset\Dataset (raw)\Tomato_mold_leaf\IMG-20240728-WA0063.jpg,D:\ZaraiAI_Tomato_Cotton_Wheat\data\raw\tomato\tomato_pakistan\Tomato Dataset\Dataset (raw)\Tomato_mold_leaf\IMG-20240728-WA0063.jpg,780,1040,3,JPEG,98534,72c66c205ce206a5e42ed2bfcdf581485b4b706226bd911833f9b2a8a22b0f74,train
tomato,Tomato_mold_leaf,IMG-20240728-WA0089.jpg,data\raw\tomato\tomato_pakistan\Tomato Dataset\Dataset (raw)\Tomato_mold_leaf\IMG-20240728-WA0089.jpg,D:\ZaraiAI_Tomato_Cotton_Wheat\data\raw\tomato\tomato_pakistan\Tomato Dataset\Dataset (raw)\Tomato_mold_leaf\IMG-20240728-WA0089.jpg,780,1040,3,JPEG,86697,9dee9b532cbc412a111deb7b038c1022500c2b27b340450fd430f3808acf523b,train
tomato,Tomato_mold_leaf,tomato_fulvia.jpg,data\raw\tomato\tomato_pakistan\Tomato Dataset\Dataset (raw)\Tomato_mold_leaf\tomato_fulvia.jpg,D:\ZaraiAI_Tomato_Cotton_Wheat\data\raw\tomato\tomato_pakistan\Tomato Dataset\Dataset (raw)\Tomato_mold_leaf\tomato_fulvia.jpg,450,304,3,JPEG,149572,11ecaa35428fa9c1b42bb47d0a8dc1ffcb5db1844982c9be082af5ba93be17a9,train
tomato,Tomato_mold_leaf,IMG-20240727-WA0006.jpg,data\raw\tomato\tomato_pakistan\Tomato Dataset\Dataset (raw)\Tomato_mold_leaf\IMG-20240727-WA0006.jpg,D:\ZaraiAI_Tomato_Cotton_Wheat\data\raw\tomato\tomato_pakistan\Tomato Dataset\Dataset (raw)\Tomato_mold_leaf\IMG-20240727-WA0006.jpg,780,1040,3,JPEG,65201,8cb48e4dc693112472d1161f985ae8be7ce54e05fa03bdecabeedc1924e07582,train
tomato,Tomato_Early_blight_leaf,IMG_20251102_161007.jpg,data\raw\tomato\tomato_pakistan\Tomato Dataset\Dataset (raw)\Tomato_Early_blight_leaf\IMG_20251102_161007.jpg,D:\ZaraiAI_Tomato_Cotton_Wheat\data\raw\tomato\tomato_pakistan\Tomato Dataset\Dataset (raw)\Tomato_Early_blight_leaf\IMG_20251102_161007.jpg,4080,3072,3,JPEG,2249994,0dd99b13168679232d601fc22deb5b01c92923d5f18af4bb35503fa089545319,train
tomato,Tomato_leaf_late_blight,photo-2.jpg,data\raw\tomato\tomato_pakistan\Tomato Dataset\Dataset (raw)\Tomato_leaf_late_blight\photo-2.jpg,D:\ZaraiAI_Tomato_Cotton_Wheat\data\raw\tomato\tomato_pakistan\Tomato Dataset\Dataset (raw)\Tomato_leaf_late_blight\photo-2.jpg,1536,2048,3,JPEG,353837,78dcc9dabb2b57e9e51c28e765e112f52a5eb3ab06623c4a67f602bd04d8756b,train
tomato,Tomato_mold_leaf,IMG-20240727-WA0172.jpg,data\raw\tomato\tomato_pakistan\Tomato Dataset\Dataset (raw)\Tomato_mold_leaf\IMG-20240727-WA0172.jpg,D:\ZaraiAI_Tomato_Cotton_Wheat\data\raw\tomato\tomato_pakistan\Tomato Dataset\Dataset (raw)\Tomato_mold_leaf\IMG-20240727-WA0172.jpg,780,1040,3,JPEG,85119,b29ca6cc327ab4f60bfeb330264e591c8acc6652b6519e544f0c5d1c1f21f54f,train
tomato,Tomato_leaf_yellow_curl_virus,28619919393_7ef44acccc_b.jpg,data\raw\tomato\tomato_pakistan\Tomato Dataset\Dataset (raw)\Tomato_leaf_yellow_curl_virus\28619919393_7ef44acccc_b.jpg,D:\ZaraiAI_Tomato_Cotton_Wheat\data\raw\tomato\tomato_pakistan\Tomato Dataset\Dataset (raw)\Tomato_leaf_yellow_curl_virus\28619919393_7ef44acccc_b.jpg,576,1024,3,JPEG,236890,655f79d06c2708fe51e02c7bc27647d3dacdc711a1436d7e76593cfa9a8c726f,train
tomato,Tomato_Healthy_leaf,h79_change_270.jpg,data\raw\tomato\tomato_pakistan\Tomato Dataset\Dataset (raw)\Tomato_Healthy_leaf\h79_change_270.jpg,D:\ZaraiAI_Tomato_Cotton_Wheat\data\raw\tomato\tomato_pakistan\Tomato Dataset\Dataset (raw)\Tomato_Healthy_leaf\h79_change_270.jpg,227,227,3,JPEG,12400,76fd845113701a80eb9ae5e889095ce67e712758ae63bbe84d3f79b942ae36b5,train
tomato,Tomato_mold_leaf,IMG-20240727-WA0112.jpg,data\raw\tomato\tomato_pakistan\Tomato Dataset\Dataset (raw)\Tomato_mold_leaf\IMG-20240727-WA0112.jpg,D:\ZaraiAI_Tomato_Cotton_Wheat\data\raw\tomato\tomato_pakistan\Tomato Dataset\Dataset (raw)\Tomato_mold_leaf\IMG-20240727-WA0112.jpg,780,1040,3,JPEG,82112,26da1acbb0769f0b8bc43bc9761f1dd5c6c6dea00bf1f236829d1963107dde89,train
tomato,Tomato_Septoria_leaf_spot,septoria-leafspot-on-tomato-leaf-rp-c.jpg,data\raw\tomato\tomato_pakistan\Tomato Dataset\Dataset (raw)\Tomato_Septoria_leaf_spot\septoria-leafspot-on-tomato-leaf-rp-c.jpg,D:\ZaraiAI_Tomato_Cotton_Wheat\data\raw\tomato\tomato_pakistan\Tomato Dataset\Dataset (raw)\Tomato_Septoria_leaf_spot\septoria-leafspot-on-tomato-leaf-rp-c.jpg,1861,1481,3,JPEG,651334,c1063a7a2fc3a62e77fc2ea93ac9dd63f71834d04bcbafe4394c214d60b2385c,train
tomato,Tomato_Healthy_leaf,h61.jpg,data\raw\tomato\tomato_pakistan\Tomato Dataset\Dataset (raw)\Tomato_Healthy_leaf\h61.jpg,D:\ZaraiAI_Tomato_Cotton_Wheat\data\raw\tomato\tomato_pakistan\Tomato Dataset\Dataset (raw)\Tomato_Healthy_leaf\h61.jpg,227,227,3,JPEG,13573,7deeb81b9cd64b44187ade0f7f62a15237233cb29d9afd4b899afc990184464a,train
tomato,Tomato_leaf_yellow_curl_virus,IMG_20251102_161547.jpg,data\raw\tomato\tomato_pakistan\Tomato Dataset\Dataset (raw)\Tomato_leaf_yellow_curl_virus\IMG_20251102_161547.jpg,D:\ZaraiAI_Tomato_Cotton_Wheat\data\raw\tomato\tomato_pakistan\Tomato Dataset\Dataset (raw)\Tomato_leaf_yellow_curl_virus\IMG_20251102_161547.jpg,3072,4080,3,JPEG,2484343,e7b1743e5065c6d101a698b0723feac405fc1b0dd6410944bbf104e2c44eb4ca,train
tomato,Tomato_leaf_yellow_curl_virus,IMG_20251102_161617.jpg,data\raw\tomato\tomato_pakistan\Tomato Dataset\Dataset (raw)\Tomato_leaf_yellow_curl_virus\IMG_20251102_161617.jpg,D:\ZaraiAI_Tomato_Cotton_Wheat\data\raw\tomato\tomato_pakistan\Tomato Dataset\Dataset (raw)\Tomato_leaf_yellow_curl_virus\IMG_20251102_161617.jpg,3072,4080,3,JPEG,2151617,f1084eb103a96d74d6b6637a1f927919b1ad84b9dd3131c0ae1cf5cfe9a6dbf4,train
tomato,Tomato_Early_blight_leaf,IMG_20251102_155305.jpg,data\raw\tomato\tomato_pakistan\Tomato Dataset\Dataset (raw)\Tomato_Early_blight_leaf\IMG_20251102_155305.jpg,D:\ZaraiAI_Tomato_Cotton_Wheat\data\raw\tomato\tomato_pakistan\Tomato Dataset\Dataset (raw)\Tomato_Early_blight_leaf\IMG_20251102_155305.jpg,3072,4080,3,JPEG,2477267,c85a36f52bda3f89dd6518a5ff668f563b5f5064cfd1707be2e5ccd8f4e3335e,train
tomato,Tomato_Early_blight_leaf,IMG_20251102_155246.jpg,data\raw\tomato\tomato_pakistan\Tomato Dataset\Dataset (raw)\Tomato_Early_blight_leaf\IMG_20251102_155246.jpg,D:\ZaraiAI_Tomato_Cotton_Wheat\data\raw\tomato\tomato_pakistan\Tomato Dataset\Dataset (raw)\Tomato_Early_blight_leaf\IMG_20251102_155246.jpg,4080,3072,3,JPEG,2663991,b0bfd35e10271bbba57c13404efc2ecd936c2d59bb3d44335209528cd30cbbe8,train
tomato,Tomato_leaf_late_blight,lb_leaf_lesions2x1200.jpg,data\raw\tomato\tomato_pakistan\Tomato Dataset\Dataset (raw)\Tomato_leaf_late_blight\lb_leaf_lesions2x1200.jpg,D:\ZaraiAI_Tomato_Cotton_Wheat\data\raw\tomato\tomato_pakistan\Tomato Dataset\Dataset (raw)\Tomato_leaf_late_blight\lb_leaf_lesions2x1200.jpg,1200,1600,3,JPEG,381933,9002d48a4f1e28933902689bb9aad944121c82b94ea9492371f91f31fe1b1534,train
tomato,Tomato_Septoria_leaf_spot,septoria_tomato.jpg,data\raw\tomato\tomato_pakistan\Tomato Dataset\Dataset (raw)\Tomato_Septoria_leaf_spot\septoria_tomato.jpg,D:\ZaraiAI_Tomato_Cotton_Wheat\data\raw\tomato\tomato_pakistan\Tomato Dataset\Dataset (raw)\Tomato_Septoria_leaf_spot\septoria_tomato.jpg,1200,881,3,JPEG,318745,e1a4559a490c394e462b337028431b7db2345e348062e0d44bc7a80d2202d43c,train
tomato,Tomato_mold_leaf,IMG-20240724-WA0102.jpg,data\raw\tomato\tomato_pakistan\Tomato Dataset\Dataset (raw)\Tomato_mold_leaf\IMG-20240724-WA0102.jpg,D:\ZaraiAI_Tomato_Cotton_Wheat\data\raw\tomato\tomato_pakistan\Tomato Dataset\Dataset (raw)\Tomato_mold_leaf\IMG-20240724-WA0102.jpg,780,1040,3,JPEG,112851,8f6a6e3674e153368e1f1ec0f2ba3f1cdbf5e688de642d98fc56cfe3294ee3f6,train
tomato,Tomato_Septoria_leaf_spot,tomato_q1hq-early-blight-5052_zoom.jpg,data\raw\tomato\tomato_pakistan\Tomato Dataset\Dataset (raw)\Tomato_Septoria_leaf_spot\tomato_q1hq-early-blight-5052_zoom.jpg,D:\ZaraiAI_Tomato_Cotton_Wheat\data\raw\tomato\tomato_pakistan\Tomato Dataset\Dataset (raw)\Tomato_Septoria_leaf_spot\tomato_q1hq-early-blight-5052_zoom.jpg,900,675,3,JPEG,127099,060e4aba444e9cc4fce4c102254449ab482bf289d20ee110cd5f6b49b8d5d92c,train
tomato,Tomato_Early_blight_leaf,BCH%20medium%20thumbnail%20for%20upload%20%2836%29.jpg,data\raw\tomato\tomato_pakistan\Tomato Dataset\Dataset (raw)\Tomato_Early_blight_leaf\BCH%20medium%20thumbnail%20for%20upload%20%2836%29.jpg,D:\ZaraiAI_Tomato_Cotton_Wheat\data\raw\tomato\tomato_pakistan\Tomato Dataset\Dataset (raw)\Tomato_Early_blight_leaf\BCH%20medium%20thumbnail%20for%20upload%20%2836%29.jpg,375,300,3,JPEG,60142,be84048ef0f394ed981c12d457700d1c24edc3b210fa3d0c8ebd1deb73f7fb3b,train
tomato,Tomato_Healthy_leaf,2013-08-20-03.jpg,data\raw\tomato\tomato_pakistan\Tomato Dataset\Dataset (raw)\Tomato_Healthy_leaf\2013-08-20-03.jpg,D:\ZaraiAI_Tomato_Cotton_Wheat\data\raw\tomato\tomato_pakistan\Tomato Dataset\Dataset (raw)\Tomato_Healthy_leaf\2013-08-20-03.jpg,1600,1200,3,JPEG,163165,5e2472f415aeb8e7cc254db1f17b2d14a4f2daae70b685ee8a70a29f0f99308a,train
tomato,Tomato_mold_leaf,IMG-20240727-WA0037.jpg,data\raw\tomato\tomato_pakistan\Tomato Dataset\Dataset (raw)\Tomato_mold_leaf\IMG-20240727-WA0037.jpg,D:\ZaraiAI_Tomato_Cotton_Wheat\data\raw\tomato\tomato_pakistan\Tomato Dataset\Dataset (raw)\Tomato_mold_leaf\IMG-20240727-WA0037.jpg,780,1040,3,JPEG,78829,f95943258e34a07964818a7f283f2a18e42937c85c7c53668e08674e7176551f,train
tomato,Tomato_leaf_late_blight,late-blight-TomC2-10.jpg,data\raw\tomato\tomato_pakistan\Tomato Dataset\Dataset (raw)\Tomato_leaf_late_blight\late-blight-TomC2-10.jpg,D:\ZaraiAI_Tomato_Cotton_Wheat\data\raw\tomato\tomato_pakistan\Tomato Dataset\Dataset (raw)\Tomato_leaf_late_blight\late-blight-TomC2-10.jpg,4416,3312,3,JPEG,3889531,0ce156b3c208b908f8e47c549f026f509a48d70f9b4dfc891647ca703b88310e,train
tomato,Tomato_mold_leaf,IMG-20240728-WA0019.jpg,data\raw\tomato\tomato_pakistan\Tomato Dataset\Dataset (raw)\Tomato_mold_leaf\IMG-20240728-WA0019.jpg,D:\ZaraiAI_Tomato_Cotton_Wheat\data\raw\tomato\tomato_pakistan\Tomato Dataset\Dataset (raw)\Tomato_mold_leaf\IMG-20240728-WA0019.jpg,780,1040,3,JPEG,81283,d84745f4e91e4f6488adc945799ee973080b4c0ffabb1b71af46506e2ed8f7a2,train
tomato,Tomato_mold_leaf,IMG-20240728-WA0057.jpg,data\raw\tomato\tomato_pakistan\Tomato Dataset\Dataset (raw)\Tomato_mold_leaf\IMG-20240728-WA0057.jpg,D:\ZaraiAI_Tomato_Cotton_Wheat\data\raw\tomato\tomato_pakistan\Tomato Dataset\Dataset (raw)\Tomato_mold_leaf\IMG-20240728-WA0057.jpg,780,1040,3,JPEG,87074,ec05e3c687820a9fce4455c678a9caf03be07b4c8f9d9b3d161c8906df89b9f5,train
tomato,Tomato_leaf_late_blight,LB_ (361).JPG,data\raw\tomato\tomato_pakistan\Tomato Dataset\Dataset (raw)\Tomato_leaf_late_blight\LB_ (361).JPG,D:\ZaraiAI_Tomato_Cotton_Wheat\data\raw\tomato\tomato_pakistan\Tomato Dataset\Dataset (raw)\Tomato_leaf_late_blight\LB_ (361).JPG,227,227,3,JPEG,8849,f7316a7264fb7272eb7e34f8f7014b6ffa0719471e237c3d91250fc497fd81e3,train
tomato,Tomato_Healthy_leaf,PxWBE.jpg,data\raw\tomato\tomato_pakistan\Tomato Dataset\Dataset (raw)\Tomato_Healthy_leaf\PxWBE.jpg,D:\ZaraiAI_Tomato_Cotton_Wheat\data\raw\tomato\tomato_pakistan\Tomato Dataset\Dataset (raw)\Tomato_Healthy_leaf\PxWBE.jpg,2520,3780,3,JPEG,695837,4b85bc7f2190422db15545e957571a2565341a932f7359eb02064b7b845b394d,train
tomato,Tomato_Septoria_leaf_spot,unnamed.jpg,data\raw\tomato\tomato_pakistan\Tomato Dataset\Dataset (raw)\Tomato_Septoria_leaf_spot\unnamed.jpg,D:\ZaraiAI_Tomato_Cotton_Wheat\data\raw\tomato\tomato_pakistan\Tomato Dataset\Dataset (raw)\Tomato_Septoria_leaf_spot\unnamed.jpg,384,512,3,JPEG,71910,8751b0ac431a0fa7a4fa3686331520801a07d1c80373a428c56a7bfa4e508fc6,train
tomato,Tomato_mold_leaf,IMG-20240724-WA0106.jpg,data\raw\tomato\tomato_pakistan\Tomato Dataset\Dataset (raw)\Tomato_mold_leaf\IMG-20240724-WA0106.jpg,D:\ZaraiAI_Tomato_Cotton_Wheat\data\raw\tomato\tomato_pakistan\Tomato Dataset\Dataset (raw)\Tomato_mold_leaf\IMG-20240724-WA0106.jpg,780,1040,3,JPEG,128751,2e27c6dee8954e2c8ecd0df3819a3aba611885ed14c5ba7b28fc5d03f180cdc3,train
tomato,Tomato_Septoria_leaf_spot,IMG-20240812-WA0171.jpg,data\raw\tomato\tomato_pakistan\Tomato Dataset\Dataset (raw)\Tomato_Septoria_leaf_spot\IMG-20240812-WA0171.jpg,D:\ZaraiAI_Tomato_Cotton_Wheat\data\raw\tomato\tomato_pakistan\Tomato Dataset\Dataset (raw)\Tomato_Septoria_leaf_spot\IMG-20240812-WA0171.jpg,3024,4032,3,JPEG,667870,3b226198bbe82b8c89927d7e15f770682aa16b244b052fcc5c8e0cafcfaa4c6b,train
tomato,Tomato_Early_blight_leaf,Early_blight_1.jpg_1376579808.jpg,data\raw\tomato\tomato_pakistan\Tomato Dataset\Dataset (raw)\Tomato_Early_blight_leaf\Early_blight_1.jpg_1376579808.jpg,D:\ZaraiAI_Tomato_Cotton_Wheat\data\raw\tomato\tomato_pakistan\Tomato Dataset\Dataset (raw)\Tomato_Early_blight_leaf\Early_blight_1.jpg_1376579808.jpg,800,511,3,JPEG,54106,c1f5d68c2bc5aaf510a4bec559182542013b7ca1acc253dd5881a2fd5c1db1d0,train
tomato,Tomato_Early_blight_leaf,early-blight-in-high-tunnel-tomatoes-19tm74h.jpg,data\raw\tomato\tomato_pakistan\Tomato Dataset\Dataset (raw)\Tomato_Early_blight_leaf\early-blight-in-high-tunnel-tomatoes-19tm74h.jpg,D:\ZaraiAI_Tomato_Cotton_Wheat\data\raw\tomato\tomato_pakistan\Tomato Dataset\Dataset (raw)\Tomato_Early_blight_leaf\early-blight-in-high-tunnel-tomatoes-19tm74h.jpg,2978,2091,3,JPEG,2267364,912ce20afc0cc92d8a3a49bd4f708c5f6c49df69788aad15938b388c5d949d23,train
tomato,Tomato_Early_blight_leaf,_storage_emulated_0_DCIM_Camera_IMG_20251102_155855.jpg,data\raw\tomato\tomato_pakistan\Tomato Dataset\Dataset (raw)\Tomato_Early_blight_leaf\_storage_emulated_0_DCIM_Camera_IMG_20251102_155855.jpg,D:\ZaraiAI_Tomato_Cotton_Wheat\data\raw\tomato\tomato_pakistan\Tomato Dataset\Dataset (raw)\Tomato_Early_blight_leaf\_storage_emulated_0_DCIM_Camera_IMG_20251102_155855.jpg,3072,4080,3,JPEG,2684478,7613f78d19331cbac362e55b33e5d5cb78568b6de087bf60920755a2acae83ba,train
tomato,Tomato_Early_blight_leaf,Early-blight-of-tomato-980x380.jpg,data\raw\tomato\tomato_pakistan\Tomato Dataset\Dataset (raw)\Tomato_Early_blight_leaf\Early-blight-of-tomato-980x380.jpg,D:\ZaraiAI_Tomato_Cotton_Wheat\data\raw\tomato\tomato_pakistan\Tomato Dataset\Dataset (raw)\Tomato_Early_blight_leaf\Early-blight-of-tomato-980x380.jpg,980,380,3,JPEG,69116,a998c2e60637f599fc86f1b7b08dc66fea2998807ac546fb1151a50fbfdfe0d1,train
tomato,Tomato_Early_blight_leaf,IMG_20251102_153620.jpg,data\raw\tomato\tomato_pakistan\Tomato Dataset\Dataset (raw)\Tomato_Early_blight_leaf\IMG_20251102_153620.jpg,D:\ZaraiAI_Tomato_Cotton_Wheat\data\raw\tomato\tomato_pakistan\Tomato Dataset\Dataset (raw)\Tomato_Early_blight_leaf\IMG_20251102_153620.jpg,3072,4080,3,JPEG,3779223,9f7ca08021f216b524b68487a8721b5d03b12d6e6a64be40e8196cae19d9fd04,train
tomato,Tomato_leaf_yellow_curl_virus,IMG_20251102_155012.jpg,data\raw\tomato\tomato_pakistan\Tomato Dataset\Dataset (raw)\Tomato_leaf_yellow_curl_virus\IMG_20251102_155012.jpg,D:\ZaraiAI_Tomato_Cotton_Wheat\data\raw\tomato\tomato_pakistan\Tomato Dataset\Dataset (raw)\Tomato_leaf_yellow_curl_virus\IMG_20251102_155012.jpg,3072,4080,3,JPEG,2258498,5ad9ab2e515086ee4361eabc9b03040a569624f6afd8adef97991ae7f184171d,train
tomato,Tomato_Early_blight_leaf,EB_(981).jpg,data\raw\tomato\tomato_pakistan\Tomato Dataset\Dataset (raw)\Tomato_Early_blight_leaf\EB_(981).jpg,D:\ZaraiAI_Tomato_Cotton_Wheat\data\raw\tomato\tomato_pakistan\Tomato Dataset\Dataset (raw)\Tomato_Early_blight_leaf\EB_(981).jpg,900,675,3,JPEG,161058,f54d8cf627857c535b768b40927f5fe54cad4aa546d0bb1ae91c5d78a30ab442,train
tomato,Tomato_mold_leaf,IMG-20240728-WA0041.jpg,data\raw\tomato\tomato_pakistan\Tomato Dataset\Dataset (raw)\Tomato_mold_leaf\IMG-20240728-WA0041.jpg,D:\ZaraiAI_Tomato_Cotton_Wheat\data\raw\tomato\tomato_pakistan\Tomato Dataset\Dataset (raw)\Tomato_mold_leaf\IMG-20240728-WA0041.jpg,1040,780,3,JPEG,106197,13784b8c021916ff163ee89929190836a5476335c303240d908094f1d484c520,train
tomato,Tomato_Early_blight_leaf,gray-mold-on-tomato-leaf.jpg,data\raw\tomato\tomato_pakistan\Tomato Dataset\Dataset (raw)\Tomato_Early_blight_leaf\gray-mold-on-tomato-leaf.jpg,D:\ZaraiAI_Tomato_Cotton_Wheat\data\raw\tomato\tomato_pakistan\Tomato Dataset\Dataset (raw)\Tomato_Early_blight_leaf\gray-mold-on-tomato-leaf.jpg,224,209,3,JPEG,38901,3b916951802ac916268ffbb8201605d77d0d4e573adfd4c82bb37ddacc92cde0,train
tomato,Tomato_Septoria_leaf_spot,1723454505812.jpg,data\raw\tomato\tomato_pakistan\Tomato Dataset\Dataset (raw)\Tomato_Septoria_leaf_spot\1723454505812.jpg,D:\ZaraiAI_Tomato_Cotton_Wheat\data\raw\tomato\tomato_pakistan\Tomato Dataset\Dataset (raw)\Tomato_Septoria_leaf_spot\1723454505812.jpg,4000,2250,3,JPEG,2588854,fe322c4e3226421dfd305c7e217052728a509db2930f04c6b9f3fe90ae8cbaed,train
tomato,Tomato_mold_leaf,IMG-20240725-WA0037.jpg,data\raw\tomato\tomato_pakistan\Tomato Dataset\Dataset (raw)\Tomato_mold_leaf\IMG-20240725-WA0037.jpg,D:\ZaraiAI_Tomato_Cotton_Wheat\data\raw\tomato\tomato_pakistan\Tomato Dataset\Dataset (raw)\Tomato_mold_leaf\IMG-20240725-WA0037.jpg,780,1040,3,JPEG,85163,c16c8ff3d76e107be2388af6e32982eafd93864907e6a3c720c6a053729ce08c,train
tomato,Tomato_Septoria_leaf_spot,6336392950972416.jpeg.jpg,data\raw\tomato\tomato_pakistan\Tomato Dataset\Dataset (raw)\Tomato_Septoria_leaf_spot\6336392950972416.jpeg.jpg,D:\ZaraiAI_Tomato_Cotton_Wheat\data\raw\tomato\tomato_pakistan\Tomato Dataset\Dataset (raw)\Tomato_Septoria_leaf_spot\6336392950972416.jpeg.jpg,800,600,3,JPEG,207780,f97eba2bde35021e63dda68ddcf0160aa8070142ed5654308bf58d411ebd26d7,train
tomato,Tomato_mold_leaf,IMG_20251102_161015.jpg,data\raw\tomato\tomato_pakistan\Tomato Dataset\Dataset (raw)\Tomato_mold_leaf\IMG_20251102_161015.jpg,D:\ZaraiAI_Tomato_Cotton_Wheat\data\raw\tomato\tomato_pakistan\Tomato Dataset\Dataset (raw)\Tomato_mold_leaf\IMG_20251102_161015.jpg,3072,4080,3,JPEG,2795416,231b1d0545abcfda8177e13c716233002496dbacb32fc1f51399c85b306ae725,train
tomato,Tomato_Early_blight_leaf,EBTomato.jpg,data\raw\tomato\tomato_pakistan\Tomato Dataset\Dataset (raw)\Tomato_Early_blight_leaf\EBTomato.jpg,D:\ZaraiAI_Tomato_Cotton_Wheat\data\raw\tomato\tomato_pakistan\Tomato Dataset\Dataset (raw)\Tomato_Early_blight_leaf\EBTomato.jpg,300,450,3,JPEG,35819,9145ae957dc02636c9cae1d25e9b43fdc0ee330eb7131b12e244457d684ba326,train
tomato,Tomato_mold_leaf,Fig.%2016_opt.jpg,data\raw\tomato\tomato_pakistan\Tomato Dataset\Dataset (raw)\Tomato_mold_leaf\Fig.%2016_opt.jpg,D:\ZaraiAI_Tomato_Cotton_Wheat\data\raw\tomato\tomato_pakistan\Tomato Dataset\Dataset (raw)\Tomato_mold_leaf\Fig.%2016_opt.jpg,1956,2737,3,JPEG,1013852,7755096395bf7e00c03264853e3acd5d5203f22dc2da02e70c6bac09596d3724,train
tomato,Tomato_Early_blight_leaf,tomatoearlyblight.jpg,data\raw\tomato\tomato_pakistan\Tomato Dataset\Dataset (raw)\Tomato_Early_blight_leaf\tomatoearlyblight.jpg,D:\ZaraiAI_Tomato_Cotton_Wheat\data\raw\tomato\tomato_pakistan\Tomato Dataset\Dataset (raw)\Tomato_Early_blight_leaf\tomatoearlyblight.jpg,448,336,3,JPEG,86114,1a49e6707324fe524abd939a7f812db75cbe48021c6b64de1357c80d50da3d86,train
tomato,Tomato_mold_leaf,607-155-0.jpg,data\raw\tomato\tomato_pakistan\Tomato Dataset\Dataset (raw)\Tomato_mold_leaf\607-155-0.jpg,D:\ZaraiAI_Tomato_Cotton_Wheat\data\raw\tomato\tomato_pakistan\Tomato Dataset\Dataset (raw)\Tomato_mold_leaf\607-155-0.jpg,432,324,3,JPEG,160493,93f16ef30627048c7e497502006a8eebe6bfd0f294195d889d5ae81a892a2c57,train
tomato,Tomato_leaf_yellow_curl_virus,1342017-162221-44540.jpg,data\raw\tomato\tomato_pakistan\Tomato Dataset\Dataset (raw)\Tomato_leaf_yellow_curl_virus\1342017-162221-44540.jpg,D:\ZaraiAI_Tomato_Cotton_Wheat\data\raw\tomato\tomato_pakistan\Tomato Dataset\Dataset (raw)\Tomato_leaf_yellow_curl_virus\1342017-162221-44540.jpg,515,750,3,JPEG,66783,b740cb9aa39a521b544c25b581c6c6f9f4a70f4467511e739920b262c17a4e68,train
tomato,Tomato_Septoria_leaf_spot,140714+%2811%29.JPG.jpg,data\raw\tomato\tomato_pakistan\Tomato Dataset\Dataset (raw)\Tomato_Septoria_leaf_spot\140714+%2811%29.JPG.jpg,D:\ZaraiAI_Tomato_Cotton_Wheat\data\raw\tomato\tomato_pakistan\Tomato Dataset\Dataset (raw)\Tomato_Septoria_leaf_spot\140714+%2811%29.JPG.jpg,1600,1200,3,JPEG,430332,415d67394b5ba63eeb5eb3e3c2b5bad457545ab95d36e371e668b932efc2fb54,train
tomato,Tomato_leaf_late_blight,late_jpg.rf.f64883c6ac50eb4f477851ddc23305e8.jpg,data\raw\tomato\tomato_pakistan\Tomato Dataset\Dataset (raw)\Tomato_leaf_late_blight\late_jpg.rf.f64883c6ac50eb4f477851ddc23305e8.jpg,D:\ZaraiAI_Tomato_Cotton_Wheat\data\raw\tomato\tomato_pakistan\Tomato Dataset\Dataset (raw)\Tomato_leaf_late_blight\late_jpg.rf.f64883c6ac50eb4f477851ddc23305e8.jpg,416,416,3,JPEG,36828,c6b8c78f3f6e5b559ca83926e6ef961d9ad6b08d10c2fc195cadaa2116140c9e,train
tomato,Tomato_leaf_late_blight,Lb51_change_90.jpg,data\raw\tomato\tomato_pakistan\Tomato Dataset\Dataset (raw)\Tomato_leaf_late_blight\Lb51_change_90.jpg,D:\ZaraiAI_Tomato_Cotton_Wheat\data\raw\tomato\tomato_pakistan\Tomato Dataset\Dataset (raw)\Tomato_leaf_late_blight\Lb51_change_90.jpg,227,227,3,JPEG,10180,29e4b559078b26590e2d9f3adb8795172b4cc7bc2d4a0592c502848cf1db5674,train
tomato,Tomato_Early_blight_leaf,1723454501459.jpg,data\raw\tomato\tomato_pakistan\Tomato Dataset\Dataset (raw)\Tomato_Early_blight_leaf\1723454501459.jpg,D:\ZaraiAI_Tomato_Cotton_Wheat\data\raw\tomato\tomato_pakistan\Tomato Dataset\Dataset (raw)\Tomato_Early_blight_leaf\1723454501459.jpg,960,1280,3,JPEG,171025,7a18aa67a18456474a015ebbe1521b7f96f6d44c1f201cd9567f0fc7cf87cfe2,train
tomato,Tomato_Septoria_leaf_spot,IMG-20240728-WA0069.jpg,data\raw\tomato\tomato_pakistan\Tomato Dataset\Dataset (raw)\Tomato_Septoria_leaf_spot\IMG-20240728-WA0069.jpg,D:\ZaraiAI_Tomato_Cotton_Wheat\data\raw\tomato\tomato_pakistan\Tomato Dataset\Dataset (raw)\Tomato_Septoria_leaf_spot\IMG-20240728-WA0069.jpg,780,1040,3,JPEG,102354,cd52ff55396c5e4dc26bdbeccd4c6affe21c2fd339e0dd8ac3267b4cab0e5ef7,train
tomato,Tomato_Septoria_leaf_spot,5c77186a4ea326e5495c9d03cd89ce16.jpg,data\raw\tomato\tomato_pakistan\Tomato Dataset\Dataset (raw)\Tomato_Septoria_leaf_spot\5c77186a4ea326e5495c9d03cd89ce16.jpg,D:\ZaraiAI_Tomato_Cotton_Wheat\data\raw\tomato\tomato_pakistan\Tomato Dataset\Dataset (raw)\Tomato_Septoria_leaf_spot\5c77186a4ea326e5495c9d03cd89ce16.jpg,575,609,3,JPEG,116455,4e8b0be6e1ebb25c470537f1601dd510bf7aefe99e3236b70a3ec90e247d69f7,train
tomato,Tomato_mold_leaf,IMG-20240728-WA0035.jpg,data\raw\tomato\tomato_pakistan\Tomato Dataset\Dataset (raw)\Tomato_mold_leaf\IMG-20240728-WA0035.jpg,D:\ZaraiAI_Tomato_Cotton_Wheat\data\raw\tomato\tomato_pakistan\Tomato Dataset\Dataset (raw)\Tomato_mold_leaf\IMG-20240728-WA0035.jpg,780,1040,3,JPEG,73317,8119250129adc32ac3b88cc15ef6a7cabc240f3bc60732886978dd3f6509aef6,train
tomato,Tomato_leaf_late_blight,Late-Blight-A_jpg.rf.404bd45f3ea0a9664009b604aa4f0130.jpg,data\raw\tomato\tomato_pakistan\Tomato Dataset\Dataset (raw)\Tomato_leaf_late_blight\Late-Blight-A_jpg.rf.404bd45f3ea0a9664009b604aa4f0130.jpg,D:\ZaraiAI_Tomato_Cotton_Wheat\data\raw\tomato\tomato_pakistan\Tomato Dataset\Dataset (raw)\Tomato_leaf_late_blight\Late-Blight-A_jpg.rf.404bd45f3ea0a9664009b604aa4f0130.jpg,416,416,3,JPEG,32332,e13e2108f7d15775a0f0b9ccf0260a969e308d5da45782245b862ddf0f3fdce8,train
tomato,Tomato_Healthy_leaf,IMG_20251102_161824.jpg,data\raw\tomato\tomato_pakistan\Tomato Dataset\Dataset (raw)\Tomato_Healthy_leaf\IMG_20251102_161824.jpg,D:\ZaraiAI_Tomato_Cotton_Wheat\data\raw\tomato\tomato_pakistan\Tomato Dataset\Dataset (raw)\Tomato_Healthy_leaf\IMG_20251102_161824.jpg,3072,4080,3,JPEG,3748495,ca64dd632be653a6d8a224828b34552c04eba80362d3639f1e1c20da7475944e,train
tomato,Tomato_Septoria_leaf_spot,earlyblightresize.jpg,data\raw\tomato\tomato_pakistan\Tomato Dataset\Dataset (raw)\Tomato_Septoria_leaf_spot\earlyblightresize.jpg,D:\ZaraiAI_Tomato_Cotton_Wheat\data\raw\tomato\tomato_pakistan\Tomato Dataset\Dataset (raw)\Tomato_Septoria_leaf_spot\earlyblightresize.jpg,320,240,3,JPEG,30321,4c3dc3081f8fb2b15d15c0ebc574e351c0f6463d5e86a77deb98bb70cd6097ee,train
tomato,Tomato_Early_blight_leaf,early_blight1-150x150.jpg,data\raw\tomato\tomato_pakistan\Tomato Dataset\Dataset (raw)\Tomato_Early_blight_leaf\early_blight1-150x150.jpg,D:\ZaraiAI_Tomato_Cotton_Wheat\data\raw\tomato\tomato_pakistan\Tomato Dataset\Dataset (raw)\Tomato_Early_blight_leaf\early_blight1-150x150.jpg,150,150,3,JPEG,8704,9650bd867d436b35710a6c8e5142baf3744910eee250372efe547f23d514980a,train
tomato,Tomato_leaf_late_blight,late_blight_tomato_transplant2x1200.jpg,data\raw\tomato\tomato_pakistan\Tomato Dataset\Dataset (raw)\Tomato_leaf_late_blight\late_blight_tomato_transplant2x1200.jpg,D:\ZaraiAI_Tomato_Cotton_Wheat\data\raw\tomato\tomato_pakistan\Tomato Dataset\Dataset (raw)\Tomato_leaf_late_blight\late_blight_tomato_transplant2x1200.jpg,1200,1507,3,JPEG,388674,6966160097c74973e47af258ad4fcd63a4790f8efeda4c2feb6de15285e761b9,train
tomato,Tomato_Early_blight_leaf,IMG-20240729-WA0076.jpg,data\raw\tomato\tomato_pakistan\Tomato Dataset\Dataset (raw)\Tomato_Early_blight_leaf\IMG-20240729-WA0076.jpg,D:\ZaraiAI_Tomato_Cotton_Wheat\data\raw\tomato\tomato_pakistan\Tomato Dataset\Dataset (raw)\Tomato_Early_blight_leaf\IMG-20240729-WA0076.jpg,780,1040,3,JPEG,63862,f4f17c53e902c5e62aac96e4187bc563151b4cf334e0bf987903bb0b209751bb,train
tomato,Tomato_Septoria_leaf_spot,SS_ (31).jpg,data\raw\tomato\tomato_pakistan\Tomato Dataset\Dataset (raw)\Tomato_Septoria_leaf_spot\SS_ (31).jpg,D:\ZaraiAI_Tomato_Cotton_Wheat\data\raw\tomato\tomato_pakistan\Tomato Dataset\Dataset (raw)\Tomato_Septoria_leaf_spot\SS_ (31).jpg,593,448,3,JPEG,99774,af6a4cc5b37c1617273e15a197a6695b1e93787315a361b3b085cda987d71a05,train
tomato,Tomato_Healthy_leaf,IMG_20251102_161652.jpg,data\raw\tomato\tomato_pakistan\Tomato Dataset\Dataset (raw)\Tomato_Healthy_leaf\IMG_20251102_161652.jpg,D:\ZaraiAI_Tomato_Cotton_Wheat\data\raw\tomato\tomato_pakistan\Tomato Dataset\Dataset (raw)\Tomato_Healthy_leaf\IMG_20251102_161652.jpg,4080,3072,3,JPEG,2690404,31fcf6b7a6215853e90d33506d7ad54c0473eae33f6307212de3d3185cd16301,train
tomato,Tomato_mold_leaf,TomatoLeafMold1-50QUALITY-16lgkq6.jpg,data\raw\tomato\tomato_pakistan\Tomato Dataset\Dataset (raw)\Tomato_mold_leaf\TomatoLeafMold1-50QUALITY-16lgkq6.jpg,D:\ZaraiAI_Tomato_Cotton_Wheat\data\raw\tomato\tomato_pakistan\Tomato Dataset\Dataset (raw)\Tomato_mold_leaf\TomatoLeafMold1-50QUALITY-16lgkq6.jpg,667,500,3,JPEG,35856,396e4351c45aca6db4a6923cfdb793aec400bc69db7c30fdd5b5cfe1ccbbace2,train
tomato,Tomato_Septoria_leaf_spot,IMG-20240812-WA0159.jpg,data\raw\tomato\tomato_pakistan\Tomato Dataset\Dataset (raw)\Tomato_Septoria_leaf_spot\IMG-20240812-WA0159.jpg,D:\ZaraiAI_Tomato_Cotton_Wheat\data\raw\tomato\tomato_pakistan\Tomato Dataset\Dataset (raw)\Tomato_Septoria_leaf_spot\IMG-20240812-WA0159.jpg,4032,3024,3,JPEG,763955,93107b3fe538d3e1e48459192e4efce947ed9ed0c210c426b55c834d9227dd9b,train
tomato,Tomato_leaf_late_blight,tomato_late-blight_03_zoom.jpg,data\raw\tomato\tomato_pakistan\Tomato Dataset\Dataset (raw)\Tomato_leaf_late_blight\tomato_late-blight_03_zoom.jpg,D:\ZaraiAI_Tomato_Cotton_Wheat\data\raw\tomato\tomato_pakistan\Tomato Dataset\Dataset (raw)\Tomato_leaf_late_blight\tomato_late-blight_03_zoom.jpg,900,675,3,JPEG,120073,8c9916076137fab755c95f7b9f9379544c458885416aa9661230038875da40da,train
tomato,Tomato_Healthy_leaf,Brown-Spots-on-Tomato-Leaves.jpg,data\raw\tomato\tomato_pakistan\Tomato Dataset\Dataset (raw)\Tomato_Healthy_leaf\Brown-Spots-on-Tomato-Leaves.jpg,D:\ZaraiAI_Tomato_Cotton_Wheat\data\raw\tomato\tomato_pakistan\Tomato Dataset\Dataset (raw)\Tomato_Healthy_leaf\Brown-Spots-on-Tomato-Leaves.jpg,850,490,3,JPEG,79278,23720085fb321ea981d32857dcb3654ac0b4fb7c029be24ff886c759fd697ed4,train
tomato,Tomato_leaf_yellow_curl_virus,IMG_20251102_155115.jpg,data\raw\tomato\tomato_pakistan\Tomato Dataset\Dataset (raw)\Tomato_leaf_yellow_curl_virus\IMG_20251102_155115.jpg,D:\ZaraiAI_Tomato_Cotton_Wheat\data\raw\tomato\tomato_pakistan\Tomato Dataset\Dataset (raw)\Tomato_leaf_yellow_curl_virus\IMG_20251102_155115.jpg,3072,4080,3,JPEG,2536193,02e5a5f8d8d462af1b18c6cf13da185436586efe858bb08bd866f42ba6577965,train
tomato,Tomato_Septoria_leaf_spot,Tomato_Septoria_Leaf_Spot.jpg,data\raw\tomato\tomato_pakistan\Tomato Dataset\Dataset (raw)\Tomato_Septoria_leaf_spot\Tomato_Septoria_Leaf_Spot.jpg,D:\ZaraiAI_Tomato_Cotton_Wheat\data\raw\tomato\tomato_pakistan\Tomato Dataset\Dataset (raw)\Tomato_Septoria_leaf_spot\Tomato_Septoria_Leaf_Spot.jpg,523,418,3,JPEG,42133,a74386fd3264b6d486a5676e87a00f27b0ba135adb4545bb75a68027b9cc90ca,train
tomato,Tomato_Septoria_leaf_spot,eb56b488e349c2de423ab6afbcc4bd5b_jpg.rf.55285dbd0f68011aa303f772d65a0a4d.jpg,data\raw\tomato\tomato_pakistan\Tomato Dataset\Dataset (raw)\Tomato_Septoria_leaf_spot\eb56b488e349c2de423ab6afbcc4bd5b_jpg.rf.55285dbd0f68011aa303f772d65a0a4d.jpg,D:\ZaraiAI_Tomato_Cotton_Wheat\data\raw\tomato\tomato_pakistan\Tomato Dataset\Dataset (raw)\Tomato_Septoria_leaf_spot\eb56b488e349c2de423ab6afbcc4bd5b_jpg.rf.55285dbd0f68011aa303f772d65a0a4d.jpg,640,640,3,JPEG,73866,d47096b6820c0850e5b13d79009143e4dc841fa8acd0ec1d3ed446e4a9def0aa,train
tomato,Tomato_Early_blight_leaf,100_46341.jpg,data\raw\tomato\tomato_pakistan\Tomato Dataset\Dataset (raw)\Tomato_Early_blight_leaf\100_46341.jpg,D:\ZaraiAI_Tomato_Cotton_Wheat\data\raw\tomato\tomato_pakistan\Tomato Dataset\Dataset (raw)\Tomato_Early_blight_leaf\100_46341.jpg,2160,1440,3,JPEG,942649,a873676f4c845584dce10f5fb173c5ebbf2c6eee203b323c23c4768b63c83919,train
tomato,Tomato_Septoria_leaf_spot,Gls6.jpg,data\raw\tomato\tomato_pakistan\Tomato Dataset\Dataset (raw)\Tomato_Septoria_leaf_spot\Gls6.jpg,D:\ZaraiAI_Tomato_Cotton_Wheat\data\raw\tomato\tomato_pakistan\Tomato Dataset\Dataset (raw)\Tomato_Septoria_leaf_spot\Gls6.jpg,227,227,3,JPEG,13840,e70de13cbc75456c76fd508a5a5d7d1657a077c8382f68f26ce65c8814d4c0d3,train
tomato,Tomato_mold_leaf,IMG-20240727-WA0108.jpg,data\raw\tomato\tomato_pakistan\Tomato Dataset\Dataset (raw)\Tomato_mold_leaf\IMG-20240727-WA0108.jpg,D:\ZaraiAI_Tomato_Cotton_Wheat\data\raw\tomato\tomato_pakistan\Tomato Dataset\Dataset (raw)\Tomato_mold_leaf\IMG-20240727-WA0108.jpg,780,1040,3,JPEG,74842,de31108544c04efd7d8e477d0a2a106353eb034e0eb89536268f5c6b8b5350d2,train
tomato,Tomato_Healthy_leaf,h7.jpg,data\raw\tomato\tomato_pakistan\Tomato Dataset\Dataset (raw)\Tomato_Healthy_leaf\h7.jpg,D:\ZaraiAI_Tomato_Cotton_Wheat\data\raw\tomato\tomato_pakistan\Tomato Dataset\Dataset (raw)\Tomato_Healthy_leaf\h7.jpg,227,227,3,JPEG,14396,7722b6c1f5be3c7923938e1f660f67304832ed9f0b7f3852dfdf1ee35f799b79,train
tomato,Tomato_leaf_yellow_curl_virus,IMG_20251102_155119.jpg,data\raw\tomato\tomato_pakistan\Tomato Dataset\Dataset (raw)\Tomato_leaf_yellow_curl_virus\IMG_20251102_155119.jpg,D:\ZaraiAI_Tomato_Cotton_Wheat\data\raw\tomato\tomato_pakistan\Tomato Dataset\Dataset (raw)\Tomato_leaf_yellow_curl_virus\IMG_20251102_155119.jpg,3072,4080,3,JPEG,2433206,4e7018b997bffe6cee5df3d98b710eb5bda358cada4aa724aea553e88dd8cf6c,train
tomato,Tomato_Healthy_leaf,h26.jpg,data\raw\tomato\tomato_pakistan\Tomato Dataset\Dataset (raw)\Tomato_Healthy_leaf\h26.jpg,D:\ZaraiAI_Tomato_Cotton_Wheat\data\raw\tomato\tomato_pakistan\Tomato Dataset\Dataset (raw)\Tomato_Healthy_leaf\h26.jpg,227,227,3,JPEG,11386,4c9a4d8da45069450793cf9cc5fa647a618dcd19b7fb7e475144607c647f4c1b,train
tomato,Tomato_Septoria_leaf_spot,IMG-20240812-WA0207.jpg,data\raw\tomato\tomato_pakistan\Tomato Dataset\Dataset (raw)\Tomato_Septoria_leaf_spot\IMG-20240812-WA0207.jpg,D:\ZaraiAI_Tomato_Cotton_Wheat\data\raw\tomato\tomato_pakistan\Tomato Dataset\Dataset (raw)\Tomato_Septoria_leaf_spot\IMG-20240812-WA0207.jpg,3024,4032,3,JPEG,726168,a16636b6183e0904ba0a1eef596738ce165126524ee0f52f67c7500541929b41,train
tomato,Tomato_mold_leaf,IMG-20240725-WA0035.jpg,data\raw\tomato\tomato_pakistan\Tomato Dataset\Dataset (raw)\Tomato_mold_leaf\IMG-20240725-WA0035.jpg,D:\ZaraiAI_Tomato_Cotton_Wheat\data\raw\tomato\tomato_pakistan\Tomato Dataset\Dataset (raw)\Tomato_mold_leaf\IMG-20240725-WA0035.jpg,780,1040,3,JPEG,100565,99652315e75330e8fd6d0ec7d5691846e6e64dbe2252b00eb6d3f17b1f35465e,train
tomato,Tomato_mold_leaf,leaf_mold_tomato3x1200.jpg,data\raw\tomato\tomato_pakistan\Tomato Dataset\Dataset (raw)\Tomato_mold_leaf\leaf_mold_tomato3x1200.jpg,D:\ZaraiAI_Tomato_Cotton_Wheat\data\raw\tomato\tomato_pakistan\Tomato Dataset\Dataset (raw)\Tomato_mold_leaf\leaf_mold_tomato3x1200.jpg,1200,1600,3,JPEG,770426,228fac94db46b83013f8d06726480691df0c29a16378f3aaf94b3d81aa232830,train
tomato,Tomato_Septoria_leaf_spot,tomato-septoria-leaf-spot-.jpg,data\raw\tomato\tomato_pakistan\Tomato Dataset\Dataset (raw)\Tomato_Septoria_leaf_spot\tomato-septoria-leaf-spot-.jpg,D:\ZaraiAI_Tomato_Cotton_Wheat\data\raw\tomato\tomato_pakistan\Tomato Dataset\Dataset (raw)\Tomato_Septoria_leaf_spot\tomato-septoria-leaf-spot-.jpg,593,261,3,JPEG,168643,3c0500015b9ee00e6c4a40038ae26e4e4fb2a50ba1e566103315983aaafabd41,train
tomato,Tomato_Septoria_leaf_spot,Septoria_Leaf_Spot_of_Tomato2241-450x300.jpg,data\raw\tomato\tomato_pakistan\Tomato Dataset\Dataset (raw)\Tomato_Septoria_leaf_spot\Septoria_Leaf_Spot_of_Tomato2241-450x300.jpg,D:\ZaraiAI_Tomato_Cotton_Wheat\data\raw\tomato\tomato_pakistan\Tomato Dataset\Dataset (raw)\Tomato_Septoria_leaf_spot\Septoria_Leaf_Spot_of_Tomato2241-450x300.jpg,450,300,3,JPEG,29319,3a39d339478fc54847452cf6421ff93a8f7b4327eb138f89ddc5dc450f7ffca2,train
tomato,Tomato_Septoria_leaf_spot,SS_ (994).jpg,data\raw\tomato\tomato_pakistan\Tomato Dataset\Dataset (raw)\Tomato_Septoria_leaf_spot\SS_ (994).jpg,D:\ZaraiAI_Tomato_Cotton_Wheat\data\raw\tomato\tomato_pakistan\Tomato Dataset\Dataset (raw)\Tomato_Septoria_leaf_spot\SS_ (994).jpg,480,480,3,JPEG,33458,0c373447b7d4126ce863e4469a6e7dd198d607593e49b1073b06f6831445bb21,train
tomato,Tomato_mold_leaf,leaf_mold_tomato4x1200.jpg,data\raw\tomato\tomato_pakistan\Tomato Dataset\Dataset (raw)\Tomato_mold_leaf\leaf_mold_tomato4x1200.jpg,D:\ZaraiAI_Tomato_Cotton_Wheat\data\raw\tomato\tomato_pakistan\Tomato Dataset\Dataset (raw)\Tomato_mold_leaf\leaf_mold_tomato4x1200.jpg,1182,1404,3,JPEG,605084,a61da56ecb8c4db718f66d972be6cd29341c5c5c0df420b2efa96eaa875fd2ef,train
tomato,Tomato_Septoria_leaf_spot,Gls32_mirror_vertical.jpg,data\raw\tomato\tomato_pakistan\Tomato Dataset\Dataset (raw)\Tomato_Septoria_leaf_spot\Gls32_mirror_vertical.jpg,D:\ZaraiAI_Tomato_Cotton_Wheat\data\raw\tomato\tomato_pakistan\Tomato Dataset\Dataset (raw)\Tomato_Septoria_leaf_spot\Gls32_mirror_vertical.jpg,227,227,3,JPEG,10044,26ef4b4f7ab1c6fc2a4ee9c9c7f516edb2d451f5c0e15ef727b328c235f0c8c1,train
tomato,Tomato_Septoria_leaf_spot,SS_ (975)1.jpg,data\raw\tomato\tomato_pakistan\Tomato Dataset\Dataset (raw)\Tomato_Septoria_leaf_spot\SS_ (975)1.jpg,D:\ZaraiAI_Tomato_Cotton_Wheat\data\raw\tomato\tomato_pakistan\Tomato Dataset\Dataset (raw)\Tomato_Septoria_leaf_spot\SS_ (975)1.jpg,550,519,3,JPEG,143836,2847e7741cb86d6ac019991b87b6fcb7af316ce366bff7445ce7b00b2fb21523,train
tomato,Tomato_Early_blight_leaf,Early-Blight.jpg,data\raw\tomato\tomato_pakistan\Tomato Dataset\Dataset (raw)\Tomato_Early_blight_leaf\Early-Blight.jpg,D:\ZaraiAI_Tomato_Cotton_Wheat\data\raw\tomato\tomato_pakistan\Tomato Dataset\Dataset (raw)\Tomato_Early_blight_leaf\Early-Blight.jpg,384,288,3,JPEG,21804,e3634f7c73f007a9ac241a1cdb1a58be2eac23d62279473e8bc8c4f5ef632c67,train
tomato,Tomato_leaf_late_blight,lbleaf.jpg,data\raw\tomato\tomato_pakistan\Tomato Dataset\Dataset (raw)\Tomato_leaf_late_blight\lbleaf.jpg,D:\ZaraiAI_Tomato_Cotton_Wheat\data\raw\tomato\tomato_pakistan\Tomato Dataset\Dataset (raw)\Tomato_leaf_late_blight\lbleaf.jpg,500,375,3,JPEG,78223,12508fa6409708ca9905a4a32523119ae325a7c93e951f3893a01e12a7e746ef,train
tomato,Tomato_Early_blight_leaf,1723454503528.jpg,data\raw\tomato\tomato_pakistan\Tomato Dataset\Dataset (raw)\Tomato_Early_blight_leaf\1723454503528.jpg,D:\ZaraiAI_Tomato_Cotton_Wheat\data\raw\tomato\tomato_pakistan\Tomato Dataset\Dataset (raw)\Tomato_Early_blight_leaf\1723454503528.jpg,960,1280,3,JPEG,191992,4c22ce5006ddd46144bc5d7b7f86f3b277256f6599cc2e3c7cae75f784db417a,train
tomato,Tomato_leaf_late_blight,Lb96_change_90.jpg,data\raw\tomato\tomato_pakistan\Tomato Dataset\Dataset (raw)\Tomato_leaf_late_blight\Lb96_change_90.jpg,D:\ZaraiAI_Tomato_Cotton_Wheat\data\raw\tomato\tomato_pakistan\Tomato Dataset\Dataset (raw)\Tomato_leaf_late_blight\Lb96_change_90.jpg,227,227,3,JPEG,9083,bd5647b124cf1722662ac6c8c6f94fe1022b9e5be4bba03cd63b3ce831845d94,train
tomato,Tomato_Septoria_leaf_spot,bigseptoria01.jpg,data\raw\tomato\tomato_pakistan\Tomato Dataset\Dataset (raw)\Tomato_Septoria_leaf_spot\bigseptoria01.jpg,D:\ZaraiAI_Tomato_Cotton_Wheat\data\raw\tomato\tomato_pakistan\Tomato Dataset\Dataset (raw)\Tomato_Septoria_leaf_spot\bigseptoria01.jpg,442,298,3,JPEG,59721,db163bfa9d2b5b1d5f8131ee30b76920c772c19f736a8f7357a042d5cb70e5e1,train
tomato,Tomato_mold_leaf,IMG-20240727-WA0151.jpg,data\raw\tomato\tomato_pakistan\Tomato Dataset\Dataset (raw)\Tomato_mold_leaf\IMG-20240727-WA0151.jpg,D:\ZaraiAI_Tomato_Cotton_Wheat\data\raw\tomato\tomato_pakistan\Tomato Dataset\Dataset (raw)\Tomato_mold_leaf\IMG-20240727-WA0151.jpg,780,1040,3,JPEG,94937,4d2a47dc1071bdc05e33ab52820b3da629678b98060fade6bd7a22fda857c53b,train
tomato,Tomato_mold_leaf,IMG-20240724-WA0072.jpg,data\raw\tomato\tomato_pakistan\Tomato Dataset\Dataset (raw)\Tomato_mold_leaf\IMG-20240724-WA0072.jpg,D:\ZaraiAI_Tomato_Cotton_Wheat\data\raw\tomato\tomato_pakistan\Tomato Dataset\Dataset (raw)\Tomato_mold_leaf\IMG-20240724-WA0072.jpg,1040,780,3,JPEG,132168,4991ecf5308abcf1628c6dce4b845f3d0d3d4ea8083e15ee4435d3d651878968,train
tomato,Tomato_mold_leaf,IMG-20240728-WA0028.jpg,data\raw\tomato\tomato_pakistan\Tomato Dataset\Dataset (raw)\Tomato_mold_leaf\IMG-20240728-WA0028.jpg,D:\ZaraiAI_Tomato_Cotton_Wheat\data\raw\tomato\tomato_pakistan\Tomato Dataset\Dataset (raw)\Tomato_mold_leaf\IMG-20240728-WA0028.jpg,780,1040,3,JPEG,72573,0895fcab6a3fd1b233f06b3fe2da4e4daa28eaf72ff54c1f9b1748bc6c9c4a70,train
tomato,Tomato_Early_blight_leaf,1723454500663.jpg,data\raw\tomato\tomato_pakistan\Tomato Dataset\Dataset (raw)\Tomato_Early_blight_leaf\1723454500663.jpg,D:\ZaraiAI_Tomato_Cotton_Wheat\data\raw\tomato\tomato_pakistan\Tomato Dataset\Dataset (raw)\Tomato_Early_blight_leaf\1723454500663.jpg,925,1069,3,JPEG,246342,c43fb3a2c9be5051b3d53765bbcd7f569c8c6f22fabd2b97589460d18d3711b7,train
tomato,Tomato_Septoria_leaf_spot,SS_ (977)1.jpg,data\raw\tomato\tomato_pakistan\Tomato Dataset\Dataset (raw)\Tomato_Septoria_leaf_spot\SS_ (977)1.jpg,D:\ZaraiAI_Tomato_Cotton_Wheat\data\raw\tomato\tomato_pakistan\Tomato Dataset\Dataset (raw)\Tomato_Septoria_leaf_spot\SS_ (977)1.jpg,1019,661,3,JPEG,203834,67e2cbaabc8ea3f13a1b3d162d1982cc0c822cd7bf7ba5b3e969ceacec793b2d,train
tomato,Tomato_mold_leaf,IMG-20240727-WA0059.jpg,data\raw\tomato\tomato_pakistan\Tomato Dataset\Dataset (raw)\Tomato_mold_leaf\IMG-20240727-WA0059.jpg,D:\ZaraiAI_Tomato_Cotton_Wheat\data\raw\tomato\tomato_pakistan\Tomato Dataset\Dataset (raw)\Tomato_mold_leaf\IMG-20240727-WA0059.jpg,780,1040,3,JPEG,73380,a617d46e95ed1b30df3d442391cce13cbebe22de611ef6e0234ebbaea7ccd9fd,train
tomato,Tomato_mold_leaf,pm3.jpg,data\raw\tomato\tomato_pakistan\Tomato Dataset\Dataset (raw)\Tomato_mold_leaf\pm3.jpg,D:\ZaraiAI_Tomato_Cotton_Wheat\data\raw\tomato\tomato_pakistan\Tomato Dataset\Dataset (raw)\Tomato_mold_leaf\pm3.jpg,2592,1944,3,JPEG,1276656,0cb0ed826c1d1c55835280d84dd79b98bc1204dae214cc9739ea4cb12913eef7,train
tomato,Tomato_Early_blight_leaf,1723454503368.jpg,data\raw\tomato\tomato_pakistan\Tomato Dataset\Dataset (raw)\Tomato_Early_blight_leaf\1723454503368.jpg,D:\ZaraiAI_Tomato_Cotton_Wheat\data\raw\tomato\tomato_pakistan\Tomato Dataset\Dataset (raw)\Tomato_Early_blight_leaf\1723454503368.jpg,960,1280,3,JPEG,166293,7983f1adb5e28eb050bfa43b13cd334777a5e75846e19547a89538eee6291e24,train
tomato,Tomato_Septoria_leaf_spot,Septoria-461x346.jpg,data\raw\tomato\tomato_pakistan\Tomato Dataset\Dataset (raw)\Tomato_Septoria_leaf_spot\Septoria-461x346.jpg,D:\ZaraiAI_Tomato_Cotton_Wheat\data\raw\tomato\tomato_pakistan\Tomato Dataset\Dataset (raw)\Tomato_Septoria_leaf_spot\Septoria-461x346.jpg,461,346,3,JPEG,20815,2ab4760580398c3294a11039a7c21a73b6c2becef277e18d2e630a48da5f431b,train
tomato,Tomato_Septoria_leaf_spot,EB_(988).jpg,data\raw\tomato\tomato_pakistan\Tomato Dataset\Dataset (raw)\Tomato_Septoria_leaf_spot\EB_(988).jpg,D:\ZaraiAI_Tomato_Cotton_Wheat\data\raw\tomato\tomato_pakistan\Tomato Dataset\Dataset (raw)\Tomato_Septoria_leaf_spot\EB_(988).jpg,1200,900,3,JPEG,209186,ac23b8c1a19766e3c126cfe1d0e3f8b4ef4632c653a6f21414da441564ebf6d3,train
tomato,Tomato_Septoria_leaf_spot,IMG_3175.jpg,data\raw\tomato\tomato_pakistan\Tomato Dataset\Dataset (raw)\Tomato_Septoria_leaf_spot\IMG_3175.jpg,D:\ZaraiAI_Tomato_Cotton_Wheat\data\raw\tomato\tomato_pakistan\Tomato Dataset\Dataset (raw)\Tomato_Septoria_leaf_spot\IMG_3175.jpg,1000,626,3,JPEG,105250,f3f4f9196a6d2e625c9dda9fde63f4e7ccb5aa30e285dd0f2cd2c255891a28ae,train
tomato,Tomato_Healthy_leaf,HL_(80).jpg,data\raw\tomato\tomato_pakistan\Tomato Dataset\Dataset (raw)\Tomato_Healthy_leaf\HL_(80).jpg,D:\ZaraiAI_Tomato_Cotton_Wheat\data\raw\tomato\tomato_pakistan\Tomato Dataset\Dataset (raw)\Tomato_Healthy_leaf\HL_(80).jpg,227,227,3,JPEG,12990,09b8c90a76bd0122c3f46425881c5f4709fbe5d9e7dabd168c41763376502233,train
tomato,Tomato_Healthy_leaf,HL_(77).jpg,data\raw\tomato\tomato_pakistan\Tomato Dataset\Dataset (raw)\Tomato_Healthy_leaf\HL_(77).jpg,D:\ZaraiAI_Tomato_Cotton_Wheat\data\raw\tomato\tomato_pakistan\Tomato Dataset\Dataset (raw)\Tomato_Healthy_leaf\HL_(77).jpg,227,227,3,JPEG,10964,bef8706f6142be794a234f4e440d86be7d9582b5dd10ba18e0fd141b40b29f6c,train
tomato,Tomato_Septoria_leaf_spot,septorialeafspot.jpg,data\raw\tomato\tomato_pakistan\Tomato Dataset\Dataset (raw)\Tomato_Septoria_leaf_spot\septorialeafspot.jpg,D:\ZaraiAI_Tomato_Cotton_Wheat\data\raw\tomato\tomato_pakistan\Tomato Dataset\Dataset (raw)\Tomato_Septoria_leaf_spot\septorialeafspot.jpg,300,305,3,JPEG,25791,0ddc3ea8959623524a385f58f77992ca5f93e71fbfb787bc91333ac067c5d95a,train
tomato,Tomato_mold_leaf,IMG-20240728-WA0029.jpg,data\raw\tomato\tomato_pakistan\Tomato Dataset\Dataset (raw)\Tomato_mold_leaf\IMG-20240728-WA0029.jpg,D:\ZaraiAI_Tomato_Cotton_Wheat\data\raw\tomato\tomato_pakistan\Tomato Dataset\Dataset (raw)\Tomato_mold_leaf\IMG-20240728-WA0029.jpg,1040,780,3,JPEG,109268,00b4efcec6d28157b0970a42f6cdd942003ccbd173094e7e069d153ffd9ccdb0,train
tomato,Tomato_Septoria_leaf_spot,IMG_0863_1500x1500%253E.jpg,data\raw\tomato\tomato_pakistan\Tomato Dataset\Dataset (raw)\Tomato_Septoria_leaf_spot\IMG_0863_1500x1500%253E.jpg,D:\ZaraiAI_Tomato_Cotton_Wheat\data\raw\tomato\tomato_pakistan\Tomato Dataset\Dataset (raw)\Tomato_Septoria_leaf_spot\IMG_0863_1500x1500%253E.jpg,1500,1125,3,JPEG,675173,8257029b90f9ee984c2713f830afe4b053af8d122c771c00e63486120c5f4f6e,train
tomato,Tomato_Healthy_leaf,IMG_20251102_161752.jpg,data\raw\tomato\tomato_pakistan\Tomato Dataset\Dataset (raw)\Tomato_Healthy_leaf\IMG_20251102_161752.jpg,D:\ZaraiAI_Tomato_Cotton_Wheat\data\raw\tomato\tomato_pakistan\Tomato Dataset\Dataset (raw)\Tomato_Healthy_leaf\IMG_20251102_161752.jpg,3072,4080,3,JPEG,2576751,fb843312b577b5049e35b94c2f3f49615b415fd27c44b7b4a700c77cb3bf8366,train
tomato,Tomato_Healthy_leaf,curling-issues.jpg,data\raw\tomato\tomato_pakistan\Tomato Dataset\Dataset (raw)\Tomato_Healthy_leaf\curling-issues.jpg,D:\ZaraiAI_Tomato_Cotton_Wheat\data\raw\tomato\tomato_pakistan\Tomato Dataset\Dataset (raw)\Tomato_Healthy_leaf\curling-issues.jpg,3888,2592,3,JPEG,2468465,3497d19ccb856dd22150a590b6ea43bb3eba0207243e1893bd1e704ffc27aeb0,train
tomato,Tomato_mold_leaf,IMG-20240727-WA0167.jpg,data\raw\tomato\tomato_pakistan\Tomato Dataset\Dataset (raw)\Tomato_mold_leaf\IMG-20240727-WA0167.jpg,D:\ZaraiAI_Tomato_Cotton_Wheat\data\raw\tomato\tomato_pakistan\Tomato Dataset\Dataset (raw)\Tomato_mold_leaf\IMG-20240727-WA0167.jpg,780,1040,3,JPEG,69514,f6571227224df72a88f51e259f2e68da75f6f43712bf2a978168d583f3156d52,train
tomato,Tomato_mold_leaf,IMG-20240724-WA0055.jpg,data\raw\tomato\tomato_pakistan\Tomato Dataset\Dataset (raw)\Tomato_mold_leaf\IMG-20240724-WA0055.jpg,D:\ZaraiAI_Tomato_Cotton_Wheat\data\raw\tomato\tomato_pakistan\Tomato Dataset\Dataset (raw)\Tomato_mold_leaf\IMG-20240724-WA0055.jpg,504,577,3,JPEG,51686,7981cc2e2129d0022211bed466303abd0d7c24968949955530177089332ee49b,train
tomato,Tomato_Healthy_leaf,h4.jpg,data\raw\tomato\tomato_pakistan\Tomato Dataset\Dataset (raw)\Tomato_Healthy_leaf\h4.jpg,D:\ZaraiAI_Tomato_Cotton_Wheat\data\raw\tomato\tomato_pakistan\Tomato Dataset\Dataset (raw)\Tomato_Healthy_leaf\h4.jpg,227,227,3,JPEG,12844,68b0836482f82c864798156caf71fc71b80b61c4e7f414063ea5016700337296,train
tomato,Tomato_leaf_late_blight,IMG_20251102_160928.jpg,data\raw\tomato\tomato_pakistan\Tomato Dataset\Dataset (raw)\Tomato_leaf_late_blight\IMG_20251102_160928.jpg,D:\ZaraiAI_Tomato_Cotton_Wheat\data\raw\tomato\tomato_pakistan\Tomato Dataset\Dataset (raw)\Tomato_leaf_late_blight\IMG_20251102_160928.jpg,3072,4080,3,JPEG,2762134,d2774a1445bfdc0cc50c1409248a1ebc4e36aa934b4007822ff374db608d103b,train
tomato,Tomato_Healthy_leaf,IMG_20251102_162042.jpg,data\raw\tomato\tomato_pakistan\Tomato Dataset\Dataset (raw)\Tomato_Healthy_leaf\IMG_20251102_162042.jpg,D:\ZaraiAI_Tomato_Cotton_Wheat\data\raw\tomato\tomato_pakistan\Tomato Dataset\Dataset (raw)\Tomato_Healthy_leaf\IMG_20251102_162042.jpg,3072,4080,3,JPEG,1894501,a35e3cd6184b3dc2db6b9847ee503876257cc7d0ca52ebcacd54cc3aed8c16cf,train
tomato,Tomato_mold_leaf,IMG_20251102_160956.jpg,data\raw\tomato\tomato_pakistan\Tomato Dataset\Dataset (raw)\Tomato_mold_leaf\IMG_20251102_160956.jpg,D:\ZaraiAI_Tomato_Cotton_Wheat\data\raw\tomato\tomato_pakistan\Tomato Dataset\Dataset (raw)\Tomato_mold_leaf\IMG_20251102_160956.jpg,3072,4080,3,JPEG,2383820,47b764f9847f6649d66c1794d3e887cfcb9c9545cc806af1cc5ced4b025e1247,train
tomato,Tomato_mold_leaf,IMG-20240725-WA0031.jpg,data\raw\tomato\tomato_pakistan\Tomato Dataset\Dataset (raw)\Tomato_mold_leaf\IMG-20240725-WA0031.jpg,D:\ZaraiAI_Tomato_Cotton_Wheat\data\raw\tomato\tomato_pakistan\Tomato Dataset\Dataset (raw)\Tomato_mold_leaf\IMG-20240725-WA0031.jpg,780,1040,3,JPEG,78430,beb504527694e75c695af9482ecb8d4aa3426115b63e95cf642cbd30f62c1538,train
tomato,Tomato_mold_leaf,IMG-20240727-WA0176.jpg,data\raw\tomato\tomato_pakistan\Tomato Dataset\Dataset (raw)\Tomato_mold_leaf\IMG-20240727-WA0176.jpg,D:\ZaraiAI_Tomato_Cotton_Wheat\data\raw\tomato\tomato_pakistan\Tomato Dataset\Dataset (raw)\Tomato_mold_leaf\IMG-20240727-WA0176.jpg,780,1040,3,JPEG,71045,3f7edc5a832bf3a677983af753ffbe94ed756657b55dc04722575ec295eb725c,train
tomato,Tomato_leaf_yellow_curl_virus,dscn1652cropped.jpg,data\raw\tomato\tomato_pakistan\Tomato Dataset\Dataset (raw)\Tomato_leaf_yellow_curl_virus\dscn1652cropped.jpg,D:\ZaraiAI_Tomato_Cotton_Wheat\data\raw\tomato\tomato_pakistan\Tomato Dataset\Dataset (raw)\Tomato_leaf_yellow_curl_virus\dscn1652cropped.jpg,1921,1809,3,JPEG,797326,609f895a483119f7c04b33456fc2c190f107a5dd179076250703c7b43a94f8b3,train
tomato,Tomato_mold_leaf,IMG-20240724-WA0078.jpg,data\raw\tomato\tomato_pakistan\Tomato Dataset\Dataset (raw)\Tomato_mold_leaf\IMG-20240724-WA0078.jpg,D:\ZaraiAI_Tomato_Cotton_Wheat\data\raw\tomato\tomato_pakistan\Tomato Dataset\Dataset (raw)\Tomato_mold_leaf\IMG-20240724-WA0078.jpg,1280,720,3,JPEG,88754,3f21bd72c88e2f298a1cb25e27b8b24d1ad0b030aaa3504a02935cbde7ff0d2d,train
tomato,Tomato_Early_blight_leaf,early-blight-tomato-causal-agents-260nw-1746486380.jpg,data\raw\tomato\tomato_pakistan\Tomato Dataset\Dataset (raw)\Tomato_Early_blight_leaf\early-blight-tomato-causal-agents-260nw-1746486380.jpg,D:\ZaraiAI_Tomato_Cotton_Wheat\data\raw\tomato\tomato_pakistan\Tomato Dataset\Dataset (raw)\Tomato_Early_blight_leaf\early-blight-tomato-causal-agents-260nw-1746486380.jpg,347,259,3,JPEG,41513,633108067d10e92ce88b25a6adb22c888db7f453bdbdb41eb50191212bb56541,train
tomato,Tomato_Early_blight_leaf,spotonleaf1.jpg,data\raw\tomato\tomato_pakistan\Tomato Dataset\Dataset (raw)\Tomato_Early_blight_leaf\spotonleaf1.jpg,D:\ZaraiAI_Tomato_Cotton_Wheat\data\raw\tomato\tomato_pakistan\Tomato Dataset\Dataset (raw)\Tomato_Early_blight_leaf\spotonleaf1.jpg,300,225,3,JPEG,39305,17af9b933a654e3c28adc7846816eac9a876183638fba8a86f339bfef2505f42,train
tomato,Tomato_Healthy_leaf,IMG_20251102_161619.jpg,data\raw\tomato\tomato_pakistan\Tomato Dataset\Dataset (raw)\Tomato_Healthy_leaf\IMG_20251102_161619.jpg,D:\ZaraiAI_Tomato_Cotton_Wheat\data\raw\tomato\tomato_pakistan\Tomato Dataset\Dataset (raw)\Tomato_Healthy_leaf\IMG_20251102_161619.jpg,3072,4080,3,JPEG,2902367,fc42fb6b6299de966940f77ce4742c5ba903a1857d897d2fc16788c52a5f3ce8,train
tomato,Tomato_Early_blight_leaf,Tomato-diseases-prevention-treatment--Early-blight-_jpg.rf.83f31e79700bb2de422ce9eafe28d2d0.jpg,data\raw\tomato\tomato_pakistan\Tomato Dataset\Dataset (raw)\Tomato_Early_blight_leaf\Tomato-diseases-prevention-treatment--Early-blight-_jpg.rf.83f31e79700bb2de422ce9eafe28d2d0.jpg,D:\ZaraiAI_Tomato_Cotton_Wheat\data\raw\tomato\tomato_pakistan\Tomato Dataset\Dataset (raw)\Tomato_Early_blight_leaf\Tomato-diseases-prevention-treatment--Early-blight-_jpg.rf.83f31e79700bb2de422ce9eafe28d2d0.jpg,640,640,3,JPEG,46388,1c9273241ccecc027ef878890d158b25166b69e43e4fa29c82ae7d72cd65846f,train
tomato,Tomato_Healthy_leaf,IMG_20251102_161755.jpg,data\raw\tomato\tomato_pakistan\Tomato Dataset\Dataset (raw)\Tomato_Healthy_leaf\IMG_20251102_161755.jpg,D:\ZaraiAI_Tomato_Cotton_Wheat\data\raw\tomato\tomato_pakistan\Tomato Dataset\Dataset (raw)\Tomato_Healthy_leaf\IMG_20251102_161755.jpg,3072,4080,3,JPEG,3059068,f5ceed6eee34e1797578ca87a1ac8e3b1049550ad73ebafd9d83511ff222a2c7,train
tomato,Tomato_leaf_late_blight,lb_leaf_lesions3x1200.jpg,data\raw\tomato\tomato_pakistan\Tomato Dataset\Dataset (raw)\Tomato_leaf_late_blight\lb_leaf_lesions3x1200.jpg,D:\ZaraiAI_Tomato_Cotton_Wheat\data\raw\tomato\tomato_pakistan\Tomato Dataset\Dataset (raw)\Tomato_leaf_late_blight\lb_leaf_lesions3x1200.jpg,1200,900,3,JPEG,200928,839eccecbdcf2adc73893431d878de68573b1e12b13fb40ca56e5f71e30ed63b,train
tomato,Tomato_Early_blight_leaf,1723454507847.jpg,data\raw\tomato\tomato_pakistan\Tomato Dataset\Dataset (raw)\Tomato_Early_blight_leaf\1723454507847.jpg,D:\ZaraiAI_Tomato_Cotton_Wheat\data\raw\tomato\tomato_pakistan\Tomato Dataset\Dataset (raw)\Tomato_Early_blight_leaf\1723454507847.jpg,4000,2250,3,JPEG,3150537,cc5c108b629826ffcd5b27f9878513938c5a17036e95195ebc26742235d5c627,train
tomato,Tomato_leaf_late_blight,Late-Blight-56a34bc55f9b58b7d0d15210_jpg.rf.034b4a46ee6c29d40c358a6b3b6ea22d.jpg,data\raw\tomato\tomato_pakistan\Tomato Dataset\Dataset (raw)\Tomato_leaf_late_blight\Late-Blight-56a34bc55f9b58b7d0d15210_jpg.rf.034b4a46ee6c29d40c358a6b3b6ea22d.jpg,D:\ZaraiAI_Tomato_Cotton_Wheat\data\raw\tomato\tomato_pakistan\Tomato Dataset\Dataset (raw)\Tomato_leaf_late_blight\Late-Blight-56a34bc55f9b58b7d0d15210_jpg.rf.034b4a46ee6c29d40c358a6b3b6ea22d.jpg,416,416,3,JPEG,23933,d7ec97dd11b29fed41a135336b3a4328319fd62edecebaf165aa78b41a9265ae,train
tomato,Tomato_Septoria_leaf_spot,bed-4-tomatoes-23jun13.jpg,data\raw\tomato\tomato_pakistan\Tomato Dataset\Dataset (raw)\Tomato_Septoria_leaf_spot\bed-4-tomatoes-23jun13.jpg,D:\ZaraiAI_Tomato_Cotton_Wheat\data\raw\tomato\tomato_pakistan\Tomato Dataset\Dataset (raw)\Tomato_Septoria_leaf_spot\bed-4-tomatoes-23jun13.jpg,2448,3264,3,JPEG,4220428,61a8eafc5f116c0e2d3ce62852f92b587963fc4e29e627a7edff06513d992601,train
tomato,Tomato_Septoria_leaf_spot,Gls46.jpg,data\raw\tomato\tomato_pakistan\Tomato Dataset\Dataset (raw)\Tomato_Septoria_leaf_spot\Gls46.jpg,D:\ZaraiAI_Tomato_Cotton_Wheat\data\raw\tomato\tomato_pakistan\Tomato Dataset\Dataset (raw)\Tomato_Septoria_leaf_spot\Gls46.jpg,227,227,3,JPEG,13521,7d4c0db8d51931dfb409bbe6761379126f56723a32588cd67881b7c5c9d4fd3a,train
tomato,Tomato_mold_leaf,IMG-20240728-WA0051.jpg,data\raw\tomato\tomato_pakistan\Tomato Dataset\Dataset (raw)\Tomato_mold_leaf\IMG-20240728-WA0051.jpg,D:\ZaraiAI_Tomato_Cotton_Wheat\data\raw\tomato\tomato_pakistan\Tomato Dataset\Dataset (raw)\Tomato_mold_leaf\IMG-20240728-WA0051.jpg,780,1040,3,JPEG,94448,c72bee21753fa06a62ae1a2b09024200f3db4235bce94c8ee328290c52e9fe08,train
tomato,Tomato_Early_blight_leaf,IMG_20251102_161144.jpg,data\raw\tomato\tomato_pakistan\Tomato Dataset\Dataset (raw)\Tomato_Early_blight_leaf\IMG_20251102_161144.jpg,D:\ZaraiAI_Tomato_Cotton_Wheat\data\raw\tomato\tomato_pakistan\Tomato Dataset\Dataset (raw)\Tomato_Early_blight_leaf\IMG_20251102_161144.jpg,4080,3072,3,JPEG,4043194,a7f82991db259ef2ab96f1434827480cc3dc839caac4995383a1fb985c13e4be,train
tomato,Tomato_Healthy_leaf,h90.jpg,data\raw\tomato\tomato_pakistan\Tomato Dataset\Dataset (raw)\Tomato_Healthy_leaf\h90.jpg,D:\ZaraiAI_Tomato_Cotton_Wheat\data\raw\tomato\tomato_pakistan\Tomato Dataset\Dataset (raw)\Tomato_Healthy_leaf\h90.jpg,227,227,3,JPEG,14526,cbf4ca1b32bb13540562cf94f388f01d2af54fa42258e09ce6a68cf6b591eeb9,train
tomato,Tomato_Septoria_leaf_spot,Gls36.jpg,data\raw\tomato\tomato_pakistan\Tomato Dataset\Dataset (raw)\Tomato_Septoria_leaf_spot\Gls36.jpg,D:\ZaraiAI_Tomato_Cotton_Wheat\data\raw\tomato\tomato_pakistan\Tomato Dataset\Dataset (raw)\Tomato_Septoria_leaf_spot\Gls36.jpg,227,227,3,JPEG,9875,4ed10ada3d698f04dad33da16178bd8ea742af78349ed7c7030675e0e425ab77,train
tomato,Tomato_leaf_late_blight,LB_ (319).JPG,data\raw\tomato\tomato_pakistan\Tomato Dataset\Dataset (raw)\Tomato_leaf_late_blight\LB_ (319).JPG,D:\ZaraiAI_Tomato_Cotton_Wheat\data\raw\tomato\tomato_pakistan\Tomato Dataset\Dataset (raw)\Tomato_leaf_late_blight\LB_ (319).JPG,227,227,3,JPEG,10095,39536aec5a62f1eea7bfa56c9bea5c3cc8a5f99e688389efed0d4be317dc70f5,train
tomato,Tomato_mold_leaf,IMG-20240728-WA0024.jpg,data\raw\tomato\tomato_pakistan\Tomato Dataset\Dataset (raw)\Tomato_mold_leaf\IMG-20240728-WA0024.jpg,D:\ZaraiAI_Tomato_Cotton_Wheat\data\raw\tomato\tomato_pakistan\Tomato Dataset\Dataset (raw)\Tomato_mold_leaf\IMG-20240728-WA0024.jpg,780,1040,3,JPEG,81827,a5716812e3ea9d8eb0a0b1af7a5fad0b2e705028af5449156da37ed96379659f,train
tomato,Tomato_Septoria_leaf_spot,ealryblight.jpg,data\raw\tomato\tomato_pakistan\Tomato Dataset\Dataset (raw)\Tomato_Septoria_leaf_spot\ealryblight.jpg,D:\ZaraiAI_Tomato_Cotton_Wheat\data\raw\tomato\tomato_pakistan\Tomato Dataset\Dataset (raw)\Tomato_Septoria_leaf_spot\ealryblight.jpg,600,800,3,JPEG,87349,1989e34c3dd3cdf8d2867d6f2e8cfd0f8f45ab096264856776b049b243489396,train
tomato,Tomato_leaf_yellow_curl_virus,r_tomato.jpg,data\raw\tomato\tomato_pakistan\Tomato Dataset\Dataset (raw)\Tomato_leaf_yellow_curl_virus\r_tomato.jpg,D:\ZaraiAI_Tomato_Cotton_Wheat\data\raw\tomato\tomato_pakistan\Tomato Dataset\Dataset (raw)\Tomato_leaf_yellow_curl_virus\r_tomato.jpg,288,198,3,JPEG,21987,dcca45cb6cf329c90a4e05747af3f37abd88d42f9a97a641bbb96853e38ae0fe,train
tomato,Tomato_Healthy_leaf,images (1).jpg,data\raw\tomato\tomato_pakistan\Tomato Dataset\Dataset (raw)\Tomato_Healthy_leaf\images (1).jpg,D:\ZaraiAI_Tomato_Cotton_Wheat\data\raw\tomato\tomato_pakistan\Tomato Dataset\Dataset (raw)\Tomato_Healthy_leaf\images (1).jpg,276,183,3,JPEG,8138,3b7a9a499244fb26627b013c7c957c2290a2a3e621e3a0ab3f368652be13b50f,train
tomato,Tomato_leaf_late_blight,Late-blight-on-a-tomato-leaf.jpg,data\raw\tomato\tomato_pakistan\Tomato Dataset\Dataset (raw)\Tomato_leaf_late_blight\Late-blight-on-a-tomato-leaf.jpg,D:\ZaraiAI_Tomato_Cotton_Wheat\data\raw\tomato\tomato_pakistan\Tomato Dataset\Dataset (raw)\Tomato_leaf_late_blight\Late-blight-on-a-tomato-leaf.jpg,720,404,3,JPEG,57572,f6734228a16bcb0736284aa6dfcd6a0b1b2b8e3aa412820dc1a21dfd08f3473b,train
tomato,Tomato_mold_leaf,IMG-20240727-WA0123.jpg,data\raw\tomato\tomato_pakistan\Tomato Dataset\Dataset (raw)\Tomato_mold_leaf\IMG-20240727-WA0123.jpg,D:\ZaraiAI_Tomato_Cotton_Wheat\data\raw\tomato\tomato_pakistan\Tomato Dataset\Dataset (raw)\Tomato_mold_leaf\IMG-20240727-WA0123.jpg,780,1040,3,JPEG,92015,34a59eb1b75e639f6bba5e77b496f6fcdb12596a71f73a8e149a8d465a744120,train
tomato,Tomato_Early_blight_leaf,IMG-20240812-WA0359.jpg,data\raw\tomato\tomato_pakistan\Tomato Dataset\Dataset (raw)\Tomato_Early_blight_leaf\IMG-20240812-WA0359.jpg,D:\ZaraiAI_Tomato_Cotton_Wheat\data\raw\tomato\tomato_pakistan\Tomato Dataset\Dataset (raw)\Tomato_Early_blight_leaf\IMG-20240812-WA0359.jpg,3000,4000,3,JPEG,763677,49a152b1286d1e20c4ef785c6b548bd41ef323e14b1bfc1ebdda4df0c8810fdd,train
tomato,Tomato_Healthy_leaf,IMG_20251102_161944.jpg,data\raw\tomato\tomato_pakistan\Tomato Dataset\Dataset (raw)\Tomato_Healthy_leaf\IMG_20251102_161944.jpg,D:\ZaraiAI_Tomato_Cotton_Wheat\data\raw\tomato\tomato_pakistan\Tomato Dataset\Dataset (raw)\Tomato_Healthy_leaf\IMG_20251102_161944.jpg,3072,4080,3,JPEG,2719086,17cbde56068753d9e0a5be2a4a3cd50cc78319d88bd65a8f80b91e271a440c7d,train
tomato,Tomato_Healthy_leaf,IMG_20251102_161948.jpg,data\raw\tomato\tomato_pakistan\Tomato Dataset\Dataset (raw)\Tomato_Healthy_leaf\IMG_20251102_161948.jpg,D:\ZaraiAI_Tomato_Cotton_Wheat\data\raw\tomato\tomato_pakistan\Tomato Dataset\Dataset (raw)\Tomato_Healthy_leaf\IMG_20251102_161948.jpg,3072,4080,3,JPEG,2347405,15fc7dff4a967af1406bb0f9d7a605e7b4250e6eacfc0595aa277ed221fef0fe,train
tomato,Tomato_Septoria_leaf_spot,Sept9-300x225.jpg,data\raw\tomato\tomato_pakistan\Tomato Dataset\Dataset (raw)\Tomato_Septoria_leaf_spot\Sept9-300x225.jpg,D:\ZaraiAI_Tomato_Cotton_Wheat\data\raw\tomato\tomato_pakistan\Tomato Dataset\Dataset (raw)\Tomato_Septoria_leaf_spot\Sept9-300x225.jpg,300,225,3,JPEG,31255,31fa261bb38e5f84a5beef2c39b7cc40ca55169641c4028fcb0bcb33bbbf10de,train
tomato,Tomato_leaf_yellow_curl_virus,IMG_20251102_155154.jpg,data\raw\tomato\tomato_pakistan\Tomato Dataset\Dataset (raw)\Tomato_leaf_yellow_curl_virus\IMG_20251102_155154.jpg,D:\ZaraiAI_Tomato_Cotton_Wheat\data\raw\tomato\tomato_pakistan\Tomato Dataset\Dataset (raw)\Tomato_leaf_yellow_curl_virus\IMG_20251102_155154.jpg,3072,4080,3,JPEG,3536579,2cdfa1f2c45bf20f75fa24194331d032d171ef00583100aae830eaa9b8e3a1d5,train
tomato,Tomato_Septoria_leaf_spot,SS_ (974).jpg,data\raw\tomato\tomato_pakistan\Tomato Dataset\Dataset (raw)\Tomato_Septoria_leaf_spot\SS_ (974).jpg,D:\ZaraiAI_Tomato_Cotton_Wheat\data\raw\tomato\tomato_pakistan\Tomato Dataset\Dataset (raw)\Tomato_Septoria_leaf_spot\SS_ (974).jpg,271,221,3,JPEG,49693,aec0bc06e6fe25f629aa47255c77523c7e67335c3747957412ab4e0dcd805036,train
tomato,Tomato_leaf_yellow_curl_virus,DSC01999.JPG.jpg,data\raw\tomato\tomato_pakistan\Tomato Dataset\Dataset (raw)\Tomato_leaf_yellow_curl_virus\DSC01999.JPG.jpg,D:\ZaraiAI_Tomato_Cotton_Wheat\data\raw\tomato\tomato_pakistan\Tomato Dataset\Dataset (raw)\Tomato_leaf_yellow_curl_virus\DSC01999.JPG.jpg,1024,708,3,JPEG,213586,4d4b25045a59fcde51bcc133b862cf6da4c7f60b6e59c73eeece7a87962c9a7b,train
tomato,Tomato_leaf_late_blight,IMG_4182.JPG.jpg,data\raw\tomato\tomato_pakistan\Tomato Dataset\Dataset (raw)\Tomato_leaf_late_blight\IMG_4182.JPG.jpg,D:\ZaraiAI_Tomato_Cotton_Wheat\data\raw\tomato\tomato_pakistan\Tomato Dataset\Dataset (raw)\Tomato_leaf_late_blight\IMG_4182.JPG.jpg,1024,768,3,JPEG,148643,af8da915a9432b0fd85003030f9a4373cd0cca6ace3dc0dc04eb5fe5f27a2ff9,train
tomato,Tomato_Healthy_leaf,HL_(31).jpg,data\raw\tomato\tomato_pakistan\Tomato Dataset\Dataset (raw)\Tomato_Healthy_leaf\HL_(31).jpg,D:\ZaraiAI_Tomato_Cotton_Wheat\data\raw\tomato\tomato_pakistan\Tomato Dataset\Dataset (raw)\Tomato_Healthy_leaf\HL_(31).jpg,1600,1200,3,JPEG,316343,3939bedbdd597ee39fc74bf1a76772765082e4586ca4029a3169feadee1506a5,train
tomato,Tomato_Septoria_leaf_spot,images (1).jpg,data\raw\tomato\tomato_pakistan\Tomato Dataset\Dataset (raw)\Tomato_Septoria_leaf_spot\images (1).jpg,D:\ZaraiAI_Tomato_Cotton_Wheat\data\raw\tomato\tomato_pakistan\Tomato Dataset\Dataset (raw)\Tomato_Septoria_leaf_spot\images (1).jpg,272,186,3,JPEG,8183,1011f97831eb27c5bbb74733463b1b56db8b87a4b6bb24b34663889fd9de5697,train
tomato,Tomato_leaf_yellow_curl_virus,tomato-yellow-leaf-curl-virus-tylcv_950983.jpg,data\raw\tomato\tomato_pakistan\Tomato Dataset\Dataset (raw)\Tomato_leaf_yellow_curl_virus\tomato-yellow-leaf-curl-virus-tylcv_950983.jpg,D:\ZaraiAI_Tomato_Cotton_Wheat\data\raw\tomato\tomato_pakistan\Tomato Dataset\Dataset (raw)\Tomato_leaf_yellow_curl_virus\tomato-yellow-leaf-curl-virus-tylcv_950983.jpg,620,273,3,JPEG,32655,1c40a0b320e344baff7543419dea43b0b85ff0bb55edf45f20d9fedc1dedf0ce,train
tomato,Tomato_Healthy_leaf,h25.jpg,data\raw\tomato\tomato_pakistan\Tomato Dataset\Dataset (raw)\Tomato_Healthy_leaf\h25.jpg,D:\ZaraiAI_Tomato_Cotton_Wheat\data\raw\tomato\tomato_pakistan\Tomato Dataset\Dataset (raw)\Tomato_Healthy_leaf\h25.jpg,227,227,3,JPEG,12208,fbddb5a659dadd2dfaf4c423aba830c0fe100571584d5ec31ef0e04157f10d15,train
tomato,Tomato_mold_leaf,IMG-20240728-WA0021.jpg,data\raw\tomato\tomato_pakistan\Tomato Dataset\Dataset (raw)\Tomato_mold_leaf\IMG-20240728-WA0021.jpg,D:\ZaraiAI_Tomato_Cotton_Wheat\data\raw\tomato\tomato_pakistan\Tomato Dataset\Dataset (raw)\Tomato_mold_leaf\IMG-20240728-WA0021.jpg,780,1040,3,JPEG,66931,8df411865b4878beb5f4933c3c89c01fe200bf252661a79bd0ef76e498238d30,train
tomato,Tomato_Healthy_leaf,IMG_20251102_161703.jpg,data\raw\tomato\tomato_pakistan\Tomato Dataset\Dataset (raw)\Tomato_Healthy_leaf\IMG_20251102_161703.jpg,D:\ZaraiAI_Tomato_Cotton_Wheat\data\raw\tomato\tomato_pakistan\Tomato Dataset\Dataset (raw)\Tomato_Healthy_leaf\IMG_20251102_161703.jpg,3072,4080,3,JPEG,3204629,2bdfa3d0d04cbc8fde9be4a9b0b85d6c4d8d71c2935ffcd2102fb20da629ca50,train
tomato,Tomato_Early_blight_leaf,IMG_20251102_155059.jpg,data\raw\tomato\tomato_pakistan\Tomato Dataset\Dataset (raw)\Tomato_Early_blight_leaf\IMG_20251102_155059.jpg,D:\ZaraiAI_Tomato_Cotton_Wheat\data\raw\tomato\tomato_pakistan\Tomato Dataset\Dataset (raw)\Tomato_Early_blight_leaf\IMG_20251102_155059.jpg,3072,4080,3,JPEG,2381948,cc63d844aa5208fda1d0d4bdb2b010419dab0abd621d84869fdb824b0502557a,train
tomato,Tomato_Healthy_leaf,h103.jpg,data\raw\tomato\tomato_pakistan\Tomato Dataset\Dataset (raw)\Tomato_Healthy_leaf\h103.jpg,D:\ZaraiAI_Tomato_Cotton_Wheat\data\raw\tomato\tomato_pakistan\Tomato Dataset\Dataset (raw)\Tomato_Healthy_leaf\h103.jpg,227,227,3,JPEG,11923,e2915be51bc9892820a567ffa0d02db5fce993e9910285c16772fb1e15f2166d,train
tomato,Tomato_Healthy_leaf,IMG_20251102_161615.jpg,data\raw\tomato\tomato_pakistan\Tomato Dataset\Dataset (raw)\Tomato_Healthy_leaf\IMG_20251102_161615.jpg,D:\ZaraiAI_Tomato_Cotton_Wheat\data\raw\tomato\tomato_pakistan\Tomato Dataset\Dataset (raw)\Tomato_Healthy_leaf\IMG_20251102_161615.jpg,3072,4080,3,JPEG,3230929,cb0cb471aabb61e1bab621e2d5382aa8f775b44fc1d21e3683a947a0371064ca,train
tomato,Tomato_Healthy_leaf,IMG_20251102_161812.jpg,data\raw\tomato\tomato_pakistan\Tomato Dataset\Dataset (raw)\Tomato_Healthy_leaf\IMG_20251102_161812.jpg,D:\ZaraiAI_Tomato_Cotton_Wheat\data\raw\tomato\tomato_pakistan\Tomato Dataset\Dataset (raw)\Tomato_Healthy_leaf\IMG_20251102_161812.jpg,3072,4080,3,JPEG,2425311,a1e7c016c9f7611127222ecf3da93207a3f88314df864e4a7da45d54f9efa4d7,train
tomato,Tomato_Septoria_leaf_spot,gn201410308259997ar-jpg.jpg,data\raw\tomato\tomato_pakistan\Tomato Dataset\Dataset (raw)\Tomato_Septoria_leaf_spot\gn201410308259997ar-jpg.jpg,D:\ZaraiAI_Tomato_Cotton_Wheat\data\raw\tomato\tomato_pakistan\Tomato Dataset\Dataset (raw)\Tomato_Septoria_leaf_spot\gn201410308259997ar-jpg.jpg,804,604,3,JPEG,224640,b5e3b14290f95abf17305d6555fe1412b1f59b0331094d6da7e1a304d0e8cf65,train
tomato,Tomato_Septoria_leaf_spot,SS_ (976).jpg,data\raw\tomato\tomato_pakistan\Tomato Dataset\Dataset (raw)\Tomato_Septoria_leaf_spot\SS_ (976).jpg,D:\ZaraiAI_Tomato_Cotton_Wheat\data\raw\tomato\tomato_pakistan\Tomato Dataset\Dataset (raw)\Tomato_Septoria_leaf_spot\SS_ (976).jpg,666,486,3,JPEG,120588,a492cc0277f3c05853e9e9f68e70e5114c93a15a09b6903d8beaf37c48888578,train
tomato,Tomato_leaf_yellow_curl_virus,IMG_20251102_161626.jpg,data\raw\tomato\tomato_pakistan\Tomato Dataset\Dataset (raw)\Tomato_leaf_yellow_curl_virus\IMG_20251102_161626.jpg,D:\ZaraiAI_Tomato_Cotton_Wheat\data\raw\tomato\tomato_pakistan\Tomato Dataset\Dataset (raw)\Tomato_leaf_yellow_curl_virus\IMG_20251102_161626.jpg,3072,4080,3,JPEG,1814785,a6f0ebb3c4ed480d552088c0bc2307b5d8b2ad9e3d663f3edbd839ae247490e1,train
tomato,Tomato_mold_leaf,IMG-20240728-WA0094.jpg,data\raw\tomato\tomato_pakistan\Tomato Dataset\Dataset (raw)\Tomato_mold_leaf\IMG-20240728-WA0094.jpg,D:\ZaraiAI_Tomato_Cotton_Wheat\data\raw\tomato\tomato_pakistan\Tomato Dataset\Dataset (raw)\Tomato_mold_leaf\IMG-20240728-WA0094.jpg,780,1040,3,JPEG,96481,c0e85ab8777d7c7b039d39f19ca86c7cb9996e547c8886cdb7af62cf78fecf8c,train
tomato,Tomato_mold_leaf,IMG_20251102_155449.jpg,data\raw\tomato\tomato_pakistan\Tomato Dataset\Dataset (raw)\Tomato_mold_leaf\IMG_20251102_155449.jpg,D:\ZaraiAI_Tomato_Cotton_Wheat\data\raw\tomato\tomato_pakistan\Tomato Dataset\Dataset (raw)\Tomato_mold_leaf\IMG_20251102_155449.jpg,4080,3072,3,JPEG,2309524,d3b1e61a5ed94a2727a239fc8af99ea577d455ed3a109bc0d0c30104f70b840f,train
tomato,Tomato_Septoria_leaf_spot,IMG-20240812-WA0323.jpg,data\raw\tomato\tomato_pakistan\Tomato Dataset\Dataset (raw)\Tomato_Septoria_leaf_spot\IMG-20240812-WA0323.jpg,D:\ZaraiAI_Tomato_Cotton_Wheat\data\raw\tomato\tomato_pakistan\Tomato Dataset\Dataset (raw)\Tomato_Septoria_leaf_spot\IMG-20240812-WA0323.jpg,3000,4000,3,JPEG,540994,48ea9d455411e4d582ba6be531e2dc02312ebca67f2c29e2fce578e60420b7d4,train
tomato,Tomato_leaf_yellow_curl_virus,5146.jpg,data\raw\tomato\tomato_pakistan\Tomato Dataset\Dataset (raw)\Tomato_leaf_yellow_curl_virus\5146.jpg,D:\ZaraiAI_Tomato_Cotton_Wheat\data\raw\tomato\tomato_pakistan\Tomato Dataset\Dataset (raw)\Tomato_leaf_yellow_curl_virus\5146.jpg,1024,1322,3,JPEG,242591,ad5c26302176fc8a180d7648d413119fff216b82663efee13b680bd48877e5a2,train
tomato,Tomato_Healthy_leaf,IMG_20251102_162005.jpg,data\raw\tomato\tomato_pakistan\Tomato Dataset\Dataset (raw)\Tomato_Healthy_leaf\IMG_20251102_162005.jpg,D:\ZaraiAI_Tomato_Cotton_Wheat\data\raw\tomato\tomato_pakistan\Tomato Dataset\Dataset (raw)\Tomato_Healthy_leaf\IMG_20251102_162005.jpg,3072,4080,3,JPEG,2548104,584c9c8e179b8930a3e0886a6daa1ba2fcbc7cfb797283e07cca289f08ed7213,train
tomato,Tomato_mold_leaf,IMG-20240727-WA0174.jpg,data\raw\tomato\tomato_pakistan\Tomato Dataset\Dataset (raw)\Tomato_mold_leaf\IMG-20240727-WA0174.jpg,D:\ZaraiAI_Tomato_Cotton_Wheat\data\raw\tomato\tomato_pakistan\Tomato Dataset\Dataset (raw)\Tomato_mold_leaf\IMG-20240727-WA0174.jpg,780,1040,3,JPEG,77639,17313005af5872fa47962effc688dec3d078fd142acb313ed2c0f9ddd1b80763,train
tomato,Tomato_Healthy_leaf,h80.jpg,data\raw\tomato\tomato_pakistan\Tomato Dataset\Dataset (raw)\Tomato_Healthy_leaf\h80.jpg,D:\ZaraiAI_Tomato_Cotton_Wheat\data\raw\tomato\tomato_pakistan\Tomato Dataset\Dataset (raw)\Tomato_Healthy_leaf\h80.jpg,227,227,3,JPEG,14203,e9ab037ee883e80463eca2a55b6061e2f57107248d3d3ee53d373e376e468259,train
tomato,Tomato_Septoria_leaf_spot,5775225744523264.jpeg.jpg,data\raw\tomato\tomato_pakistan\Tomato Dataset\Dataset (raw)\Tomato_Septoria_leaf_spot\5775225744523264.jpeg.jpg,D:\ZaraiAI_Tomato_Cotton_Wheat\data\raw\tomato\tomato_pakistan\Tomato Dataset\Dataset (raw)\Tomato_Septoria_leaf_spot\5775225744523264.jpeg.jpg,600,800,3,JPEG,185393,94a8ea8452cec2540ead310d93a6375e371b9b7e5077b7614044ec430a03606e,train
tomato,Tomato_mold_leaf,leaf_mold_tomato1x1200.jpg,data\raw\tomato\tomato_pakistan\Tomato Dataset\Dataset (raw)\Tomato_mold_leaf\leaf_mold_tomato1x1200.jpg,D:\ZaraiAI_Tomato_Cotton_Wheat\data\raw\tomato\tomato_pakistan\Tomato Dataset\Dataset (raw)\Tomato_mold_leaf\leaf_mold_tomato1x1200.jpg,1089,1871,3,JPEG,210818,e325cdb6f13a021e0387accafe1b2069c8b6042d40b96b549277380bb6b47158,train
tomato,Tomato_Septoria_leaf_spot,6+1+09+019.jpg,data\raw\tomato\tomato_pakistan\Tomato Dataset\Dataset (raw)\Tomato_Septoria_leaf_spot\6+1+09+019.jpg,D:\ZaraiAI_Tomato_Cotton_Wheat\data\raw\tomato\tomato_pakistan\Tomato Dataset\Dataset (raw)\Tomato_Septoria_leaf_spot\6+1+09+019.jpg,400,302,3,JPEG,56507,d9970657c1755a2ff6803e6f238a1a9a3d3ec835eda621404e22cff9ab8b153b,train
tomato,Tomato_mold_leaf,IMG-20240729-WA0075.jpg,data\raw\tomato\tomato_pakistan\Tomato Dataset\Dataset (raw)\Tomato_mold_leaf\IMG-20240729-WA0075.jpg,D:\ZaraiAI_Tomato_Cotton_Wheat\data\raw\tomato\tomato_pakistan\Tomato Dataset\Dataset (raw)\Tomato_mold_leaf\IMG-20240729-WA0075.jpg,780,1040,3,JPEG,63040,74cc19dbb0808fb418986ed23ac3386a9b38151f7c696d4937bff0db794e748b,train
tomato,Tomato_Septoria_leaf_spot,caf212ccf4696675469a0beaa9e57213.jpg,data\raw\tomato\tomato_pakistan\Tomato Dataset\Dataset (raw)\Tomato_Septoria_leaf_spot\caf212ccf4696675469a0beaa9e57213.jpg,D:\ZaraiAI_Tomato_Cotton_Wheat\data\raw\tomato\tomato_pakistan\Tomato Dataset\Dataset (raw)\Tomato_Septoria_leaf_spot\caf212ccf4696675469a0beaa9e57213.jpg,640,480,3,JPEG,52076,909e493ee0f14f4757b15c40f19bac1e81ae6b639087c7a3945f657d88bc2397,train
tomato,Tomato_leaf_yellow_curl_virus,18071.img.jpg,data\raw\tomato\tomato_pakistan\Tomato Dataset\Dataset (raw)\Tomato_leaf_yellow_curl_virus\18071.img.jpg,D:\ZaraiAI_Tomato_Cotton_Wheat\data\raw\tomato\tomato_pakistan\Tomato Dataset\Dataset (raw)\Tomato_leaf_yellow_curl_virus\18071.img.jpg,600,400,3,JPEG,100346,8916a647f4ea7442da7bc43d260becd42ba28f05ae153aa49b382a2e2aa94275,train
tomato,Tomato_mold_leaf,IMG-20240728-WA0086.jpg,data\raw\tomato\tomato_pakistan\Tomato Dataset\Dataset (raw)\Tomato_mold_leaf\IMG-20240728-WA0086.jpg,D:\ZaraiAI_Tomato_Cotton_Wheat\data\raw\tomato\tomato_pakistan\Tomato Dataset\Dataset (raw)\Tomato_mold_leaf\IMG-20240728-WA0086.jpg,780,1040,3,JPEG,90030,183d72b06857a34a771c19c09a8ce000df5ca3789d3bf3b2cd4edace7fb18a20,train
tomato,Tomato_leaf_late_blight,IMG_1526.jpg,data\raw\tomato\tomato_pakistan\Tomato Dataset\Dataset (raw)\Tomato_leaf_late_blight\IMG_1526.jpg,D:\ZaraiAI_Tomato_Cotton_Wheat\data\raw\tomato\tomato_pakistan\Tomato Dataset\Dataset (raw)\Tomato_leaf_late_blight\IMG_1526.jpg,3264,2448,3,JPEG,2262856,55895d4f6f86786b98af334774d1a50e4e987bdbb4e204d67d43d94bd5a88601,train
tomato,Tomato_mold_leaf,IMG-20240724-WA0045.jpg,data\raw\tomato\tomato_pakistan\Tomato Dataset\Dataset (raw)\Tomato_mold_leaf\IMG-20240724-WA0045.jpg,D:\ZaraiAI_Tomato_Cotton_Wheat\data\raw\tomato\tomato_pakistan\Tomato Dataset\Dataset (raw)\Tomato_mold_leaf\IMG-20240724-WA0045.jpg,1040,780,3,JPEG,122538,5eb5873e20b761eaceaa7bd8d24f805c6016e302113bd0d39fcbcacf3024fe64,train
tomato,Tomato_Early_blight_leaf,Diseased-Tomato-Plant.jpg,data\raw\tomato\tomato_pakistan\Tomato Dataset\Dataset (raw)\Tomato_Early_blight_leaf\Diseased-Tomato-Plant.jpg,D:\ZaraiAI_Tomato_Cotton_Wheat\data\raw\tomato\tomato_pakistan\Tomato Dataset\Dataset (raw)\Tomato_Early_blight_leaf\Diseased-Tomato-Plant.jpg,680,510,3,JPEG,37694,207e6d9c3b2fb702ac22d551d7add6f5df1dc20921f66ebbb25250d211e5aa4a,train
tomato,Tomato_Septoria_leaf_spot,Leaf%20spot.jpg,data\raw\tomato\tomato_pakistan\Tomato Dataset\Dataset (raw)\Tomato_Septoria_leaf_spot\Leaf%20spot.jpg,D:\ZaraiAI_Tomato_Cotton_Wheat\data\raw\tomato\tomato_pakistan\Tomato Dataset\Dataset (raw)\Tomato_Septoria_leaf_spot\Leaf%20spot.jpg,500,333,3,JPEG,36249,b9edb6c3261c549c1464a7e0fdd17d788df2f35ddea9cfdc53ca35e5cf4b77cb,train
tomato,Tomato_leaf_late_blight,a7710b5901ba1f8e9759ef7576cd9f09.jpg,data\raw\tomato\tomato_pakistan\Tomato Dataset\Dataset (raw)\Tomato_leaf_late_blight\a7710b5901ba1f8e9759ef7576cd9f09.jpg,D:\ZaraiAI_Tomato_Cotton_Wheat\data\raw\tomato\tomato_pakistan\Tomato Dataset\Dataset (raw)\Tomato_leaf_late_blight\a7710b5901ba1f8e9759ef7576cd9f09.jpg,2848,2136,3,JPEG,984944,5dcae1eb24088f5742e9ede12c476f59571827915f0424907c58b348ce26479f,train
tomato,Tomato_leaf_yellow_curl_virus,DSC02007.JPG.jpg,data\raw\tomato\tomato_pakistan\Tomato Dataset\Dataset (raw)\Tomato_leaf_yellow_curl_virus\DSC02007.JPG.jpg,D:\ZaraiAI_Tomato_Cotton_Wheat\data\raw\tomato\tomato_pakistan\Tomato Dataset\Dataset (raw)\Tomato_leaf_yellow_curl_virus\DSC02007.JPG.jpg,1024,710,3,JPEG,159422,a3e1ea940df4c6ee771cbc2b9a6a9f536155de5b72db70cf7981b7ea627a6c8e,train
tomato,Tomato_Early_blight_leaf,IMG_20251102_161104.jpg,data\raw\tomato\tomato_pakistan\Tomato Dataset\Dataset (raw)\Tomato_Early_blight_leaf\IMG_20251102_161104.jpg,D:\ZaraiAI_Tomato_Cotton_Wheat\data\raw\tomato\tomato_pakistan\Tomato Dataset\Dataset (raw)\Tomato_Early_blight_leaf\IMG_20251102_161104.jpg,4080,3072,3,JPEG,2301492,f6956bcb51ace90d087e89b857f44e6e874cbd2d46caf9f4f19dba5989f234e0,train
tomato,Tomato_Septoria_leaf_spot,Gls7.jpg,data\raw\tomato\tomato_pakistan\Tomato Dataset\Dataset (raw)\Tomato_Septoria_leaf_spot\Gls7.jpg,D:\ZaraiAI_Tomato_Cotton_Wheat\data\raw\tomato\tomato_pakistan\Tomato Dataset\Dataset (raw)\Tomato_Septoria_leaf_spot\Gls7.jpg,227,227,3,JPEG,11958,22d227fae00dbd297c38a29da127da720b68e867e0bd12c8f91f64add46f8b7f,train
tomato,Tomato_Healthy_leaf,h10.jpg,data\raw\tomato\tomato_pakistan\Tomato Dataset\Dataset (raw)\Tomato_Healthy_leaf\h10.jpg,D:\ZaraiAI_Tomato_Cotton_Wheat\data\raw\tomato\tomato_pakistan\Tomato Dataset\Dataset (raw)\Tomato_Healthy_leaf\h10.jpg,227,227,3,JPEG,12744,6a8f01b28fb9a6bc0c2060212b4121e95bd24ed67e23c8d39d5948a3f3ce91e8,train
tomato,Tomato_Healthy_leaf,h1_change_90.jpg,data\raw\tomato\tomato_pakistan\Tomato Dataset\Dataset (raw)\Tomato_Healthy_leaf\h1_change_90.jpg,D:\ZaraiAI_Tomato_Cotton_Wheat\data\raw\tomato\tomato_pakistan\Tomato Dataset\Dataset (raw)\Tomato_Healthy_leaf\h1_change_90.jpg,227,227,3,JPEG,13877,929938978834aabce1f6af1f79f57241f4fb16680f5332acdcf5045cc77220c6,train
tomato,Tomato_mold_leaf,IMG-20240728-WA0046.jpg,data\raw\tomato\tomato_pakistan\Tomato Dataset\Dataset (raw)\Tomato_mold_leaf\IMG-20240728-WA0046.jpg,D:\ZaraiAI_Tomato_Cotton_Wheat\data\raw\tomato\tomato_pakistan\Tomato Dataset\Dataset (raw)\Tomato_mold_leaf\IMG-20240728-WA0046.jpg,780,1040,3,JPEG,69814,ed1c0128abb9cd90cb7fda350537b20c6edf13451d77f7e49c32b4c444d16914,train
tomato,Tomato_Healthy_leaf,IMG_20251102_161622.jpg,data\raw\tomato\tomato_pakistan\Tomato Dataset\Dataset (raw)\Tomato_Healthy_leaf\IMG_20251102_161622.jpg,D:\ZaraiAI_Tomato_Cotton_Wheat\data\raw\tomato\tomato_pakistan\Tomato Dataset\Dataset (raw)\Tomato_Healthy_leaf\IMG_20251102_161622.jpg,3072,4080,3,JPEG,3013153,78e512d3bb262aa2230d2f319917cbeb3a86f12ac2bdf23618f259a3c09ceef6,train
tomato,Tomato_leaf_late_blight,Late-Blight-on-Tomato-4JDill.jpg,data\raw\tomato\tomato_pakistan\Tomato Dataset\Dataset (raw)\Tomato_leaf_late_blight\Late-Blight-on-Tomato-4JDill.jpg,D:\ZaraiAI_Tomato_Cotton_Wheat\data\raw\tomato\tomato_pakistan\Tomato Dataset\Dataset (raw)\Tomato_leaf_late_blight\Late-Blight-on-Tomato-4JDill.jpg,960,720,3,JPEG,112572,c13e63b73f74512f9dddf4e5aa558d96eff7406164e5d22f0d17225027766576,train
tomato,Tomato_Septoria_leaf_spot,71c944d61b08f6373a9a38d3c250cb2e_jpg.rf.a329e53178be5dc3b85f3a36074cfae7.jpg,data\raw\tomato\tomato_pakistan\Tomato Dataset\Dataset (raw)\Tomato_Septoria_leaf_spot\71c944d61b08f6373a9a38d3c250cb2e_jpg.rf.a329e53178be5dc3b85f3a36074cfae7.jpg,D:\ZaraiAI_Tomato_Cotton_Wheat\data\raw\tomato\tomato_pakistan\Tomato Dataset\Dataset (raw)\Tomato_Septoria_leaf_spot\71c944d61b08f6373a9a38d3c250cb2e_jpg.rf.a329e53178be5dc3b85f3a36074cfae7.jpg,416,416,3,JPEG,31227,9d5ff5b9cf9d9b9600be4ba08f659861ff66f5a1e62240ec67c7be8828045d1f,train
tomato,Tomato_leaf_late_blight,late_blight_tomato_leaf5x12001.jpg,data\raw\tomato\tomato_pakistan\Tomato Dataset\Dataset (raw)\Tomato_leaf_late_blight\late_blight_tomato_leaf5x12001.jpg,D:\ZaraiAI_Tomato_Cotton_Wheat\data\raw\tomato\tomato_pakistan\Tomato Dataset\Dataset (raw)\Tomato_leaf_late_blight\late_blight_tomato_leaf5x12001.jpg,1200,1600,3,JPEG,287763,7f45f20fb269dd24ed5e94e216a0dbdfb8a8c8676864f760c4b37abd68410f74,train
tomato,Tomato_Healthy_leaf,IMG_20251102_161933.jpg,data\raw\tomato\tomato_pakistan\Tomato Dataset\Dataset (raw)\Tomato_Healthy_leaf\IMG_20251102_161933.jpg,D:\ZaraiAI_Tomato_Cotton_Wheat\data\raw\tomato\tomato_pakistan\Tomato Dataset\Dataset (raw)\Tomato_Healthy_leaf\IMG_20251102_161933.jpg,3072,4080,3,JPEG,2812728,4a5bb5cf79c7b50fc9d70d5a15e0afd79dd8b4e4f8c6796594eb906fa3ed3999,train
tomato,Tomato_Septoria_leaf_spot,IMG-20240812-WA0409.jpg,data\raw\tomato\tomato_pakistan\Tomato Dataset\Dataset (raw)\Tomato_Septoria_leaf_spot\IMG-20240812-WA0409.jpg,D:\ZaraiAI_Tomato_Cotton_Wheat\data\raw\tomato\tomato_pakistan\Tomato Dataset\Dataset (raw)\Tomato_Septoria_leaf_spot\IMG-20240812-WA0409.jpg,3000,4000,3,JPEG,542352,75c988576e6eed8c0567791e928067e51a377208b91e7f787cab2ef04e7bdb20,train
tomato,Tomato_mold_leaf,IMG-20240728-WA0016.jpg,data\raw\tomato\tomato_pakistan\Tomato Dataset\Dataset (raw)\Tomato_mold_leaf\IMG-20240728-WA0016.jpg,D:\ZaraiAI_Tomato_Cotton_Wheat\data\raw\tomato\tomato_pakistan\Tomato Dataset\Dataset (raw)\Tomato_mold_leaf\IMG-20240728-WA0016.jpg,780,1040,3,JPEG,99736,e4f99068832cba694b76c48739e592bc7f6efd82aabc08b75e41afc134a44030,train
tomato,Tomato_Early_blight_leaf,1723454503004.jpg,data\raw\tomato\tomato_pakistan\Tomato Dataset\Dataset (raw)\Tomato_Early_blight_leaf\1723454503004.jpg,D:\ZaraiAI_Tomato_Cotton_Wheat\data\raw\tomato\tomato_pakistan\Tomato Dataset\Dataset (raw)\Tomato_Early_blight_leaf\1723454503004.jpg,960,1280,3,JPEG,150015,e03820ce0df73175921744bb3bba3c8a6e3ae48af926b6dcede9cf83ba482b2f,train
tomato,Tomato_mold_leaf,IMG-20240724-WA0022.jpg,data\raw\tomato\tomato_pakistan\Tomato Dataset\Dataset (raw)\Tomato_mold_leaf\IMG-20240724-WA0022.jpg,D:\ZaraiAI_Tomato_Cotton_Wheat\data\raw\tomato\tomato_pakistan\Tomato Dataset\Dataset (raw)\Tomato_mold_leaf\IMG-20240724-WA0022.jpg,780,1040,3,JPEG,100386,5bb6ccbb3f68a839fe80ad788ecf23cf3fc9f2b4e00de3da550d2821c1a8146a,train
tomato,Tomato_Septoria_leaf_spot,4853086777_bc41d29801.jpg,data\raw\tomato\tomato_pakistan\Tomato Dataset\Dataset (raw)\Tomato_Septoria_leaf_spot\4853086777_bc41d29801.jpg,D:\ZaraiAI_Tomato_Cotton_Wheat\data\raw\tomato\tomato_pakistan\Tomato Dataset\Dataset (raw)\Tomato_Septoria_leaf_spot\4853086777_bc41d29801.jpg,500,333,3,JPEG,159997,7b44d0636ca3600d5b7dbeef3b51e251893067ac78b22e85440cb23815967598,train
tomato,Tomato_Early_blight_leaf,Gls64_mirror_vertical.jpg,data\raw\tomato\tomato_pakistan\Tomato Dataset\Dataset (raw)\Tomato_Early_blight_leaf\Gls64_mirror_vertical.jpg,D:\ZaraiAI_Tomato_Cotton_Wheat\data\raw\tomato\tomato_pakistan\Tomato Dataset\Dataset (raw)\Tomato_Early_blight_leaf\Gls64_mirror_vertical.jpg,227,227,3,JPEG,10093,9c9aa9b4b6f3e6ce669e07e38d1ec857bb17ae06904fe4266f407989059aa35a,train
tomato,Tomato_mold_leaf,IMG-20240727-WA0055.jpg,data\raw\tomato\tomato_pakistan\Tomato Dataset\Dataset (raw)\Tomato_mold_leaf\IMG-20240727-WA0055.jpg,D:\ZaraiAI_Tomato_Cotton_Wheat\data\raw\tomato\tomato_pakistan\Tomato Dataset\Dataset (raw)\Tomato_mold_leaf\IMG-20240727-WA0055.jpg,780,1040,3,JPEG,110408,84e82a0d1cf3ca8246bba0240d94cb689feea61597450dd6ce8ff0276246a7b6,train
tomato,Tomato_mold_leaf,leaf_mold_tomato6x1200.jpg,data\raw\tomato\tomato_pakistan\Tomato Dataset\Dataset (raw)\Tomato_mold_leaf\leaf_mold_tomato6x1200.jpg,D:\ZaraiAI_Tomato_Cotton_Wheat\data\raw\tomato\tomato_pakistan\Tomato Dataset\Dataset (raw)\Tomato_mold_leaf\leaf_mold_tomato6x1200.jpg,1200,951,3,JPEG,584746,e51e5a11fd5709e81adef5a174dd29c5120764553137df3595109b59883274b0,train
tomato,Tomato_Healthy_leaf,HL_(43).jpg,data\raw\tomato\tomato_pakistan\Tomato Dataset\Dataset (raw)\Tomato_Healthy_leaf\HL_(43).jpg,D:\ZaraiAI_Tomato_Cotton_Wheat\data\raw\tomato\tomato_pakistan\Tomato Dataset\Dataset (raw)\Tomato_Healthy_leaf\HL_(43).jpg,401,422,3,JPEG,44060,d052c3663489cf27b32d2e62284f5200afa43c42c67f3d3517e1e792c6612a73,train
tomato,Tomato_leaf_yellow_curl_virus,IMG_20251102_154350.jpg,data\raw\tomato\tomato_pakistan\Tomato Dataset\Dataset (raw)\Tomato_leaf_yellow_curl_virus\IMG_20251102_154350.jpg,D:\ZaraiAI_Tomato_Cotton_Wheat\data\raw\tomato\tomato_pakistan\Tomato Dataset\Dataset (raw)\Tomato_leaf_yellow_curl_virus\IMG_20251102_154350.jpg,4080,3072,3,JPEG,2402452,f8ff46f5679d0313e79a34dc3ae91fd629064e662982265f8cf2213a0da51f58,train
tomato,Tomato_Healthy_leaf,IMG_20251102_161833.jpg,data\raw\tomato\tomato_pakistan\Tomato Dataset\Dataset (raw)\Tomato_Healthy_leaf\IMG_20251102_161833.jpg,D:\ZaraiAI_Tomato_Cotton_Wheat\data\raw\tomato\tomato_pakistan\Tomato Dataset\Dataset (raw)\Tomato_Healthy_leaf\IMG_20251102_161833.jpg,3072,4080,3,JPEG,2500085,b7080468806078e43c9536384bb677d90ebb1230be1dc200af109e5f8748453e,train
tomato,Tomato_Healthy_leaf,IMG_20251102_161856.jpg,data\raw\tomato\tomato_pakistan\Tomato Dataset\Dataset (raw)\Tomato_Healthy_leaf\IMG_20251102_161856.jpg,D:\ZaraiAI_Tomato_Cotton_Wheat\data\raw\tomato\tomato_pakistan\Tomato Dataset\Dataset (raw)\Tomato_Healthy_leaf\IMG_20251102_161856.jpg,3072,4080,3,JPEG,2382453,31f026d5849e99a77bcb7e48df07282f7528fd7bb4cd648cd990a3eee28e8014,train
tomato,Tomato_mold_leaf,IMG-20240724-WA0044.jpg,data\raw\tomato\tomato_pakistan\Tomato Dataset\Dataset (raw)\Tomato_mold_leaf\IMG-20240724-WA0044.jpg,D:\ZaraiAI_Tomato_Cotton_Wheat\data\raw\tomato\tomato_pakistan\Tomato Dataset\Dataset (raw)\Tomato_mold_leaf\IMG-20240724-WA0044.jpg,1040,780,3,JPEG,115839,ef055b7d57c8d71fef553efa1d9afd0d51d80c01364d9b8c411309dba13d7a1f,train
tomato,Tomato_Early_blight_leaf,IMG_20251102_160523.jpg,data\raw\tomato\tomato_pakistan\Tomato Dataset\Dataset (raw)\Tomato_Early_blight_leaf\IMG_20251102_160523.jpg,D:\ZaraiAI_Tomato_Cotton_Wheat\data\raw\tomato\tomato_pakistan\Tomato Dataset\Dataset (raw)\Tomato_Early_blight_leaf\IMG_20251102_160523.jpg,3072,4080,3,JPEG,3638033,40e85333d1e8e116d542203707784c0066106f2a059014fbbd76e753e4f205b9,train
tomato,Tomato_Early_blight_leaf,IMG20240812111212.jpg,data\raw\tomato\tomato_pakistan\Tomato Dataset\Dataset (raw)\Tomato_Early_blight_leaf\IMG20240812111212.jpg,D:\ZaraiAI_Tomato_Cotton_Wheat\data\raw\tomato\tomato_pakistan\Tomato Dataset\Dataset (raw)\Tomato_Early_blight_leaf\IMG20240812111212.jpg,3000,4000,3,JPEG,2766844,8b0fd464c6451dd1fb437401b7b5b7350dc766c54959e4e0291736aa16549888,train
tomato,Tomato_Healthy_leaf,IMG_20251102_161637.jpg,data\raw\tomato\tomato_pakistan\Tomato Dataset\Dataset (raw)\Tomato_Healthy_leaf\IMG_20251102_161637.jpg,D:\ZaraiAI_Tomato_Cotton_Wheat\data\raw\tomato\tomato_pakistan\Tomato Dataset\Dataset (raw)\Tomato_Healthy_leaf\IMG_20251102_161637.jpg,3072,4080,3,JPEG,2269438,fe724292408fff67cde3c99e9bd928d072374d726fc0726c861bfc0345ff20a9,train
tomato,Tomato_leaf_yellow_curl_virus,TYLCV-tomate-DB-442-167.jpg,data\raw\tomato\tomato_pakistan\Tomato Dataset\Dataset (raw)\Tomato_leaf_yellow_curl_virus\TYLCV-tomate-DB-442-167.jpg,D:\ZaraiAI_Tomato_Cotton_Wheat\data\raw\tomato\tomato_pakistan\Tomato Dataset\Dataset (raw)\Tomato_leaf_yellow_curl_virus\TYLCV-tomate-DB-442-167.jpg,544,503,3,JPEG,83660,6d60bd5ef82533375a579ef5e6001dc25273c308a8c3a47153bb98d842b516f9,train
tomato,Tomato_mold_leaf,Botrytis-Tomato-Seedlings-2-copy-50QUALITY-17wck0d.jpg,data\raw\tomato\tomato_pakistan\Tomato Dataset\Dataset (raw)\Tomato_mold_leaf\Botrytis-Tomato-Seedlings-2-copy-50QUALITY-17wck0d.jpg,D:\ZaraiAI_Tomato_Cotton_Wheat\data\raw\tomato\tomato_pakistan\Tomato Dataset\Dataset (raw)\Tomato_mold_leaf\Botrytis-Tomato-Seedlings-2-copy-50QUALITY-17wck0d.jpg,667,500,3,JPEG,60849,db600d5a76cc60a041622eaf5e3fcef1c382fa333d8152865c4575eaa8db18a5,train
tomato,Tomato_Healthy_leaf,IMG_20251102_161624.jpg,data\raw\tomato\tomato_pakistan\Tomato Dataset\Dataset (raw)\Tomato_Healthy_leaf\IMG_20251102_161624.jpg,D:\ZaraiAI_Tomato_Cotton_Wheat\data\raw\tomato\tomato_pakistan\Tomato Dataset\Dataset (raw)\Tomato_Healthy_leaf\IMG_20251102_161624.jpg,3072,4080,3,JPEG,2577063,afd046a35d1a433bc75b92c6a097dc070eb61f30a508c5f9f5c4f3bd27d668de,train
tomato,Tomato_leaf_late_blight,LB_ (354).JPG,data\raw\tomato\tomato_pakistan\Tomato Dataset\Dataset (raw)\Tomato_leaf_late_blight\LB_ (354).JPG,D:\ZaraiAI_Tomato_Cotton_Wheat\data\raw\tomato\tomato_pakistan\Tomato Dataset\Dataset (raw)\Tomato_leaf_late_blight\LB_ (354).JPG,227,227,3,JPEG,12377,c3935ccbc564d722df58137de026acba122ce89442869cebc5e5b4920aa1993f,train
tomato,Tomato_Septoria_leaf_spot,SS_ (987).jpg,data\raw\tomato\tomato_pakistan\Tomato Dataset\Dataset (raw)\Tomato_Septoria_leaf_spot\SS_ (987).jpg,D:\ZaraiAI_Tomato_Cotton_Wheat\data\raw\tomato\tomato_pakistan\Tomato Dataset\Dataset (raw)\Tomato_Septoria_leaf_spot\SS_ (987).jpg,454,594,3,JPEG,101301,8e4e8d1ba340e44856f3756315f8868f583579d3ed6ec8a7acf47873eeee7810,train
tomato,Tomato_Healthy_leaf,HL_(138).jpg,data\raw\tomato\tomato_pakistan\Tomato Dataset\Dataset (raw)\Tomato_Healthy_leaf\HL_(138).jpg,D:\ZaraiAI_Tomato_Cotton_Wheat\data\raw\tomato\tomato_pakistan\Tomato Dataset\Dataset (raw)\Tomato_Healthy_leaf\HL_(138).jpg,227,227,3,JPEG,12190,0a371a4e34f3bf3cba68b2b11f79a34a421ac85113a37b7fe6a9383000baf0c0,train
tomato,Tomato_leaf_yellow_curl_virus,IMG20251102153724.jpg,data\raw\tomato\tomato_pakistan\Tomato Dataset\Dataset (raw)\Tomato_leaf_yellow_curl_virus\IMG20251102153724.jpg,D:\ZaraiAI_Tomato_Cotton_Wheat\data\raw\tomato\tomato_pakistan\Tomato Dataset\Dataset (raw)\Tomato_leaf_yellow_curl_virus\IMG20251102153724.jpg,3120,4160,3,JPEG,4872730,3bae08e4ec3fd7d7ba47ad697cb527ac478b07290d2636358d558ef00dc6acfe,train
tomato,Tomato_mold_leaf,IMG-20240728-WA0036.jpg,data\raw\tomato\tomato_pakistan\Tomato Dataset\Dataset (raw)\Tomato_mold_leaf\IMG-20240728-WA0036.jpg,D:\ZaraiAI_Tomato_Cotton_Wheat\data\raw\tomato\tomato_pakistan\Tomato Dataset\Dataset (raw)\Tomato_mold_leaf\IMG-20240728-WA0036.jpg,1040,780,3,JPEG,95702,2ca2826cef6c4d039e7a8794eaf9e02882edaa632b9fa833b4fc1e77c2116e06,train
tomato,Tomato_Septoria_leaf_spot,6078710516023296.jpeg.jpg,data\raw\tomato\tomato_pakistan\Tomato Dataset\Dataset (raw)\Tomato_Septoria_leaf_spot\6078710516023296.jpeg.jpg,D:\ZaraiAI_Tomato_Cotton_Wheat\data\raw\tomato\tomato_pakistan\Tomato Dataset\Dataset (raw)\Tomato_Septoria_leaf_spot\6078710516023296.jpeg.jpg,600,800,3,JPEG,148463,7da5d22387c0bed19befb6abef6adfafc3b790607594832d8a224a36a948b918,train
tomato,Tomato_leaf_yellow_curl_virus,IMG_20251102_155041.jpg,data\raw\tomato\tomato_pakistan\Tomato Dataset\Dataset (raw)\Tomato_leaf_yellow_curl_virus\IMG_20251102_155041.jpg,D:\ZaraiAI_Tomato_Cotton_Wheat\data\raw\tomato\tomato_pakistan\Tomato Dataset\Dataset (raw)\Tomato_leaf_yellow_curl_virus\IMG_20251102_155041.jpg,3072,4080,3,JPEG,2383432,03ca1cbbbeb96f7e7ef3eecf2735071bc991e1be500793cca2d7cb574a498939,train
tomato,Tomato_Septoria_leaf_spot,IMG-20240812-WA0259.jpg,data\raw\tomato\tomato_pakistan\Tomato Dataset\Dataset (raw)\Tomato_Septoria_leaf_spot\IMG-20240812-WA0259.jpg,D:\ZaraiAI_Tomato_Cotton_Wheat\data\raw\tomato\tomato_pakistan\Tomato Dataset\Dataset (raw)\Tomato_Septoria_leaf_spot\IMG-20240812-WA0259.jpg,4032,3024,3,JPEG,567417,4e8e02ba202b1a968d10e94707e4fe37295936a2794063299d397663d83dfb07,train
tomato,Tomato_Septoria_leaf_spot,1058_0.jpeg_itok=OQkdtxgv.jpg,data\raw\tomato\tomato_pakistan\Tomato Dataset\Dataset (raw)\Tomato_Septoria_leaf_spot\1058_0.jpeg_itok=OQkdtxgv.jpg,D:\ZaraiAI_Tomato_Cotton_Wheat\data\raw\tomato\tomato_pakistan\Tomato Dataset\Dataset (raw)\Tomato_Septoria_leaf_spot\1058_0.jpeg_itok=OQkdtxgv.jpg,800,600,3,JPEG,86783,76768246f4d25f6a8acb5ca05f3c5e2f0bfe4804f8ec61ab7d5948d2e4419ab9,train
tomato,Tomato_Septoria_leaf_spot,IMG-20240812-WA0213.jpg,data\raw\tomato\tomato_pakistan\Tomato Dataset\Dataset (raw)\Tomato_Septoria_leaf_spot\IMG-20240812-WA0213.jpg,D:\ZaraiAI_Tomato_Cotton_Wheat\data\raw\tomato\tomato_pakistan\Tomato Dataset\Dataset (raw)\Tomato_Septoria_leaf_spot\IMG-20240812-WA0213.jpg,3024,4032,3,JPEG,696074,2de358eeaf22f250ee4bf9f70e13016ee4baf711fab8d29decee00504b5c9ab4,train
tomato,Tomato_leaf_late_blight,924977LateBlightLeaf.jpg,data\raw\tomato\tomato_pakistan\Tomato Dataset\Dataset (raw)\Tomato_leaf_late_blight\924977LateBlightLeaf.jpg,D:\ZaraiAI_Tomato_Cotton_Wheat\data\raw\tomato\tomato_pakistan\Tomato Dataset\Dataset (raw)\Tomato_leaf_late_blight\924977LateBlightLeaf.jpg,800,600,3,JPEG,333544,5f45463b3311e0d105d5870a67144dfd7018d00584a07f15db811649d2b811f9,train
tomato,Tomato_Healthy_leaf,IMG_20251102_162044.jpg,data\raw\tomato\tomato_pakistan\Tomato Dataset\Dataset (raw)\Tomato_Healthy_leaf\IMG_20251102_162044.jpg,D:\ZaraiAI_Tomato_Cotton_Wheat\data\raw\tomato\tomato_pakistan\Tomato Dataset\Dataset (raw)\Tomato_Healthy_leaf\IMG_20251102_162044.jpg,3072,4080,3,JPEG,2795420,9ed6a0e3e164ce1d76ef35ecf66dfeb60cf259da691cb4cf964a441fb34f9e78,train
tomato,Tomato_Septoria_leaf_spot,Gls11_mirror_vertical.jpg,data\raw\tomato\tomato_pakistan\Tomato Dataset\Dataset (raw)\Tomato_Septoria_leaf_spot\Gls11_mirror_vertical.jpg,D:\ZaraiAI_Tomato_Cotton_Wheat\data\raw\tomato\tomato_pakistan\Tomato Dataset\Dataset (raw)\Tomato_Septoria_leaf_spot\Gls11_mirror_vertical.jpg,227,227,3,JPEG,11462,acdced733a169369d6f6c1ec69ca7b8c38788f63a879550111e39896ef2b2456,train
tomato,Tomato_leaf_yellow_curl_virus,29994445671_b6914b44d0_b.jpg,data\raw\tomato\tomato_pakistan\Tomato Dataset\Dataset (raw)\Tomato_leaf_yellow_curl_virus\29994445671_b6914b44d0_b.jpg,D:\ZaraiAI_Tomato_Cotton_Wheat\data\raw\tomato\tomato_pakistan\Tomato Dataset\Dataset (raw)\Tomato_leaf_yellow_curl_virus\29994445671_b6914b44d0_b.jpg,1024,731,3,JPEG,253141,aa37cb4e626c9ca86054d4e701cf588a78134526a285817f454af57a8de158c9,train
tomato,Tomato_mold_leaf,IMG_20251102_155636.jpg,data\raw\tomato\tomato_pakistan\Tomato Dataset\Dataset (raw)\Tomato_mold_leaf\IMG_20251102_155636.jpg,D:\ZaraiAI_Tomato_Cotton_Wheat\data\raw\tomato\tomato_pakistan\Tomato Dataset\Dataset (raw)\Tomato_mold_leaf\IMG_20251102_155636.jpg,3072,4080,3,JPEG,1882591,e241e3b779e24afe7ac49e099eebc54b9b25c88977eef26b90ce8948a5b09309,train
tomato,Tomato_mold_leaf,HighTunnel_TLM6.jpg,data\raw\tomato\tomato_pakistan\Tomato Dataset\Dataset (raw)\Tomato_mold_leaf\HighTunnel_TLM6.jpg,D:\ZaraiAI_Tomato_Cotton_Wheat\data\raw\tomato\tomato_pakistan\Tomato Dataset\Dataset (raw)\Tomato_mold_leaf\HighTunnel_TLM6.jpg,1380,876,3,JPEG,221655,037f8c39d35cd8f2a8642b2b2ed860227850229393449c8a6365bc6cec03f8c7,train
tomato,Tomato_leaf_yellow_curl_virus,IMG_20251102_154339.jpg,data\raw\tomato\tomato_pakistan\Tomato Dataset\Dataset (raw)\Tomato_leaf_yellow_curl_virus\IMG_20251102_154339.jpg,D:\ZaraiAI_Tomato_Cotton_Wheat\data\raw\tomato\tomato_pakistan\Tomato Dataset\Dataset (raw)\Tomato_leaf_yellow_curl_virus\IMG_20251102_154339.jpg,3072,4080,3,JPEG,2346928,412a1e5bf751f769d0eec17a117c7c9a8a72953ab0cf21425ac61cf036855e70,train
tomato,Tomato_Septoria_leaf_spot,bd0b83af4c5e4b739ccc6c36fa66f141.jpg,data\raw\tomato\tomato_pakistan\Tomato Dataset\Dataset (raw)\Tomato_Septoria_leaf_spot\bd0b83af4c5e4b739ccc6c36fa66f141.jpg,D:\ZaraiAI_Tomato_Cotton_Wheat\data\raw\tomato\tomato_pakistan\Tomato Dataset\Dataset (raw)\Tomato_Septoria_leaf_spot\bd0b83af4c5e4b739ccc6c36fa66f141.jpg,236,314,3,JPEG,14431,8fa88f78ba5550cb2047961bf4a2cbe4ad6c5b693fa6e2e654f4f1ed4928f50e,train
tomato,Tomato_leaf_late_blight,late_blight_tomato_leaf_.jpg,data\raw\tomato\tomato_pakistan\Tomato Dataset\Dataset (raw)\Tomato_leaf_late_blight\late_blight_tomato_leaf_.jpg,D:\ZaraiAI_Tomato_Cotton_Wheat\data\raw\tomato\tomato_pakistan\Tomato Dataset\Dataset (raw)\Tomato_leaf_late_blight\late_blight_tomato_leaf_.jpg,1200,900,3,JPEG,264012,35c7c59a82e0e7bce9309fa4ae258da0ab4c02fb3cdfeed7a1a8131422e4e17c,train
tomato,Tomato_Septoria_leaf_spot,Gls41.jpg,data\raw\tomato\tomato_pakistan\Tomato Dataset\Dataset (raw)\Tomato_Septoria_leaf_spot\Gls41.jpg,D:\ZaraiAI_Tomato_Cotton_Wheat\data\raw\tomato\tomato_pakistan\Tomato Dataset\Dataset (raw)\Tomato_Septoria_leaf_spot\Gls41.jpg,227,227,3,JPEG,14497,cf4a9f56dc0c20e86cd989f750ff195ea070a02d1f1d30da1f1213aa590736cb,train
tomato,Tomato_leaf_yellow_curl_virus,tomato-yellow-closeup-2.jpg,data\raw\tomato\tomato_pakistan\Tomato Dataset\Dataset (raw)\Tomato_leaf_yellow_curl_virus\tomato-yellow-closeup-2.jpg,D:\ZaraiAI_Tomato_Cotton_Wheat\data\raw\tomato\tomato_pakistan\Tomato Dataset\Dataset (raw)\Tomato_leaf_yellow_curl_virus\tomato-yellow-closeup-2.jpg,440,375,3,JPEG,74785,04cd923b58ebd859f12d0513f23509510a8c495f13db30533117313728a58b01,train
tomato,Tomato_leaf_yellow_curl_virus,8226402609_62d16884a7_b.jpg,data\raw\tomato\tomato_pakistan\Tomato Dataset\Dataset (raw)\Tomato_leaf_yellow_curl_virus\8226402609_62d16884a7_b.jpg,D:\ZaraiAI_Tomato_Cotton_Wheat\data\raw\tomato\tomato_pakistan\Tomato Dataset\Dataset (raw)\Tomato_leaf_yellow_curl_virus\8226402609_62d16884a7_b.jpg,1024,685,3,JPEG,200530,b05941ce07170840059f1515cda11131afc18a5d4f74a6281ad2c2fdc5a7801b,train
tomato,Tomato_Septoria_leaf_spot,SeptoriaLeaf_T3.jpg,data\raw\tomato\tomato_pakistan\Tomato Dataset\Dataset (raw)\Tomato_Septoria_leaf_spot\SeptoriaLeaf_T3.jpg,D:\ZaraiAI_Tomato_Cotton_Wheat\data\raw\tomato\tomato_pakistan\Tomato Dataset\Dataset (raw)\Tomato_Septoria_leaf_spot\SeptoriaLeaf_T3.jpg,400,243,3,JPEG,36712,05f771c677cbfd7fafe9ca390d990b18f0c115e0928cb0f7a133f456e1a21297,train
tomato,Tomato_Early_blight_leaf,IMG_20251102_161230.jpg,data\raw\tomato\tomato_pakistan\Tomato Dataset\Dataset (raw)\Tomato_Early_blight_leaf\IMG_20251102_161230.jpg,D:\ZaraiAI_Tomato_Cotton_Wheat\data\raw\tomato\tomato_pakistan\Tomato Dataset\Dataset (raw)\Tomato_Early_blight_leaf\IMG_20251102_161230.jpg,3072,4080,3,JPEG,4110187,c21e5e59968944b991d5cc9e2538ce6c9120de8053ce4722fd4d9fe89734d2ce,train
tomato,Tomato_Healthy_leaf,IMG_20251102_153538.jpg,data\raw\tomato\tomato_pakistan\Tomato Dataset\Dataset (raw)\Tomato_Healthy_leaf\IMG_20251102_153538.jpg,D:\ZaraiAI_Tomato_Cotton_Wheat\data\raw\tomato\tomato_pakistan\Tomato Dataset\Dataset (raw)\Tomato_Healthy_leaf\IMG_20251102_153538.jpg,4080,3072,3,JPEG,2650115,f65a476db60f7ac3fec415c9d27b7d68a3375e6127260f7649c13523e916e625,train
tomato,Tomato_leaf_late_blight,Tomato%20late%20blight%20lesion%20closeup%2013F.JPG.jpg,data\raw\tomato\tomato_pakistan\Tomato Dataset\Dataset (raw)\Tomato_leaf_late_blight\Tomato%20late%20blight%20lesion%20closeup%2013F.JPG.jpg,D:\ZaraiAI_Tomato_Cotton_Wheat\data\raw\tomato\tomato_pakistan\Tomato Dataset\Dataset (raw)\Tomato_leaf_late_blight\Tomato%20late%20blight%20lesion%20closeup%2013F.JPG.jpg,604,561,3,JPEG,66409,dd0bd303b3b61cc75ce5f5c28b7d2d5a47e53851293bcfd0b39f84bbce973fee,train
tomato,Tomato_mold_leaf,IMG-20240727-WA0165.jpg,data\raw\tomato\tomato_pakistan\Tomato Dataset\Dataset (raw)\Tomato_mold_leaf\IMG-20240727-WA0165.jpg,D:\ZaraiAI_Tomato_Cotton_Wheat\data\raw\tomato\tomato_pakistan\Tomato Dataset\Dataset (raw)\Tomato_mold_leaf\IMG-20240727-WA0165.jpg,780,1040,3,JPEG,75625,fd30823df0609351b1b8e66997d1f712c381db50e3ed312c57d441672dc68298,train
tomato,Tomato_Healthy_leaf,IMG_20251102_161638.jpg,data\raw\tomato\tomato_pakistan\Tomato Dataset\Dataset (raw)\Tomato_Healthy_leaf\IMG_20251102_161638.jpg,D:\ZaraiAI_Tomato_Cotton_Wheat\data\raw\tomato\tomato_pakistan\Tomato Dataset\Dataset (raw)\Tomato_Healthy_leaf\IMG_20251102_161638.jpg,3072,4080,3,JPEG,3010405,a19179c190c383c107dfe4b7e9187a2a0338fc4cea7ef84d70951604d0eeeb13,train
tomato,Tomato_leaf_late_blight,IMG_5813.jpg,data\raw\tomato\tomato_pakistan\Tomato Dataset\Dataset (raw)\Tomato_leaf_late_blight\IMG_5813.jpg,D:\ZaraiAI_Tomato_Cotton_Wheat\data\raw\tomato\tomato_pakistan\Tomato Dataset\Dataset (raw)\Tomato_leaf_late_blight\IMG_5813.jpg,4000,3000,3,JPEG,1799525,1c2610d64ded9d26b2c5636d55d3acbf065e5ce346585bdacc81661e4e5484c9,train
tomato,Tomato_leaf_late_blight,Late-blight-tomato-leaf-VikramBisht-MBag.jpg,data\raw\tomato\tomato_pakistan\Tomato Dataset\Dataset (raw)\Tomato_leaf_late_blight\Late-blight-tomato-leaf-VikramBisht-MBag.jpg,D:\ZaraiAI_Tomato_Cotton_Wheat\data\raw\tomato\tomato_pakistan\Tomato Dataset\Dataset (raw)\Tomato_leaf_late_blight\Late-blight-tomato-leaf-VikramBisht-MBag.jpg,1000,1000,3,JPEG,178147,eb5516991ec41a37567f24067f33fa3af88485c807fde03ce09e7373cd334eb2,train
tomato,Tomato_leaf_yellow_curl_virus,tomato-yellow-leaf-curl-disease-260nw-1072448252.jpg,data\raw\tomato\tomato_pakistan\Tomato Dataset\Dataset (raw)\Tomato_leaf_yellow_curl_virus\tomato-yellow-leaf-curl-disease-260nw-1072448252.jpg,D:\ZaraiAI_Tomato_Cotton_Wheat\data\raw\tomato\tomato_pakistan\Tomato Dataset\Dataset (raw)\Tomato_leaf_yellow_curl_virus\tomato-yellow-leaf-curl-disease-260nw-1072448252.jpg,347,246,3,JPEG,38690,a14413b8fc4b1228061a66ab08cd075b177cf2ea03918dccca7bf2ff9522f7fd,train
tomato,Tomato_leaf_yellow_curl_virus,d-to-tylv-fo005-14496A31BE70553130A.jpg,data\raw\tomato\tomato_pakistan\Tomato Dataset\Dataset (raw)\Tomato_leaf_yellow_curl_virus\d-to-tylv-fo005-14496A31BE70553130A.jpg,D:\ZaraiAI_Tomato_Cotton_Wheat\data\raw\tomato\tomato_pakistan\Tomato Dataset\Dataset (raw)\Tomato_leaf_yellow_curl_virus\d-to-tylv-fo005-14496A31BE70553130A.jpg,490,366,3,JPEG,56917,156a6d798e490a5b08de7d7016bd682bd9d1162e2a436a04b626d8c493b29c90,train
tomato,Tomato_Septoria_leaf_spot,septoria_tom_leaves1x1200.jpg,data\raw\tomato\tomato_pakistan\Tomato Dataset\Dataset (raw)\Tomato_Septoria_leaf_spot\septoria_tom_leaves1x1200.jpg,D:\ZaraiAI_Tomato_Cotton_Wheat\data\raw\tomato\tomato_pakistan\Tomato Dataset\Dataset (raw)\Tomato_Septoria_leaf_spot\septoria_tom_leaves1x1200.jpg,1200,1785,3,JPEG,579588,c0ab32776c34a75a9a3bbc6f77f534f4dce0391046d8d0ca7ea57832469ea63f,train
tomato,Tomato_leaf_late_blight,Lb8_change_270.jpg,data\raw\tomato\tomato_pakistan\Tomato Dataset\Dataset (raw)\Tomato_leaf_late_blight\Lb8_change_270.jpg,D:\ZaraiAI_Tomato_Cotton_Wheat\data\raw\tomato\tomato_pakistan\Tomato Dataset\Dataset (raw)\Tomato_leaf_late_blight\Lb8_change_270.jpg,227,227,3,JPEG,9087,5a05293f88def5f31fb2efbaa67c4cc90a9f7f3990f8bf2d00d516a6a4320a49,train
tomato,Tomato_Healthy_leaf,IMG_20251102_161850.jpg,data\raw\tomato\tomato_pakistan\Tomato Dataset\Dataset (raw)\Tomato_Healthy_leaf\IMG_20251102_161850.jpg,D:\ZaraiAI_Tomato_Cotton_Wheat\data\raw\tomato\tomato_pakistan\Tomato Dataset\Dataset (raw)\Tomato_Healthy_leaf\IMG_20251102_161850.jpg,3072,4080,3,JPEG,2484568,5b45d94e6548bc57d3b7e2873b3326203ae9d4a01574d846b451b36f26258dca,train
tomato,Tomato_Septoria_leaf_spot,Gls81.JPG,data\raw\tomato\tomato_pakistan\Tomato Dataset\Dataset (raw)\Tomato_Septoria_leaf_spot\Gls81.JPG,D:\ZaraiAI_Tomato_Cotton_Wheat\data\raw\tomato\tomato_pakistan\Tomato Dataset\Dataset (raw)\Tomato_Septoria_leaf_spot\Gls81.JPG,227,227,3,JPEG,8813,13f15e5a9d1f9a239c6d87965b9b9bbcf16c8f0d87fcbb3a97230c31cc14e7a2,train
tomato,Tomato_leaf_late_blight,Lb76_lower.jpg,data\raw\tomato\tomato_pakistan\Tomato Dataset\Dataset (raw)\Tomato_leaf_late_blight\Lb76_lower.jpg,D:\ZaraiAI_Tomato_Cotton_Wheat\data\raw\tomato\tomato_pakistan\Tomato Dataset\Dataset (raw)\Tomato_leaf_late_blight\Lb76_lower.jpg,227,227,3,JPEG,9425,8615033f8df6c94f38768dd25772482ba960d26a6a6f2b7ab063f056fcb8473b,train
tomato,Tomato_mold_leaf,IMG-20240727-WA0118.jpg,data\raw\tomato\tomato_pakistan\Tomato Dataset\Dataset (raw)\Tomato_mold_leaf\IMG-20240727-WA0118.jpg,D:\ZaraiAI_Tomato_Cotton_Wheat\data\raw\tomato\tomato_pakistan\Tomato Dataset\Dataset (raw)\Tomato_mold_leaf\IMG-20240727-WA0118.jpg,780,1040,3,JPEG,94480,524cb5fbcd1cc8dfaf2548319aeb5911afcae09ac57563cecc0d3e256cd8cc74,train
tomato,Tomato_mold_leaf,IMG-20240724-WA0105.jpg,data\raw\tomato\tomato_pakistan\Tomato Dataset\Dataset (raw)\Tomato_mold_leaf\IMG-20240724-WA0105.jpg,D:\ZaraiAI_Tomato_Cotton_Wheat\data\raw\tomato\tomato_pakistan\Tomato Dataset\Dataset (raw)\Tomato_mold_leaf\IMG-20240724-WA0105.jpg,780,1040,3,JPEG,101430,30aeef50ae978678ce425339d937bb427a5c667aa4d670a8e923bdc4e50d1a92,train
tomato,Tomato_mold_leaf,leafmoldtomato2.jpg,data\raw\tomato\tomato_pakistan\Tomato Dataset\Dataset (raw)\Tomato_mold_leaf\leafmoldtomato2.jpg,D:\ZaraiAI_Tomato_Cotton_Wheat\data\raw\tomato\tomato_pakistan\Tomato Dataset\Dataset (raw)\Tomato_mold_leaf\leafmoldtomato2.jpg,800,600,3,JPEG,73225,6dbafce15afe0813748b17c8ed900c7145e4fd72ac946cb727252fb817d32e96,train
tomato,Tomato_Healthy_leaf,IMG_20251102_153304.jpg,data\raw\tomato\tomato_pakistan\Tomato Dataset\Dataset (raw)\Tomato_Healthy_leaf\IMG_20251102_153304.jpg,D:\ZaraiAI_Tomato_Cotton_Wheat\data\raw\tomato\tomato_pakistan\Tomato Dataset\Dataset (raw)\Tomato_Healthy_leaf\IMG_20251102_153304.jpg,3072,4080,3,JPEG,3666889,478b76a8a975d502ad4e10ba70638d613d03b1cbb92ececb07ade299eb8191bb,train
tomato,Tomato_leaf_yellow_curl_virus,leaf%20curl_3.jpg,data\raw\tomato\tomato_pakistan\Tomato Dataset\Dataset (raw)\Tomato_leaf_yellow_curl_virus\leaf%20curl_3.jpg,D:\ZaraiAI_Tomato_Cotton_Wheat\data\raw\tomato\tomato_pakistan\Tomato Dataset\Dataset (raw)\Tomato_leaf_yellow_curl_virus\leaf%20curl_3.jpg,259,194,3,JPEG,9974,39f8901f64df7fed1080ef1a031da617ba81c5cfe263fb6046e78f1b283b9cc5,train
tomato,Tomato_Healthy_leaf,IMG_20251102_162024.jpg,data\raw\tomato\tomato_pakistan\Tomato Dataset\Dataset (raw)\Tomato_Healthy_leaf\IMG_20251102_162024.jpg,D:\ZaraiAI_Tomato_Cotton_Wheat\data\raw\tomato\tomato_pakistan\Tomato Dataset\Dataset (raw)\Tomato_Healthy_leaf\IMG_20251102_162024.jpg,3072,4080,3,JPEG,3579654,7b739bc87268dda09e22c9a0a554b25bc2aec17b35c4080d3f96b39ae4818097,train
tomato,Tomato_mold_leaf,IMG-20240727-WA0125.jpg,data\raw\tomato\tomato_pakistan\Tomato Dataset\Dataset (raw)\Tomato_mold_leaf\IMG-20240727-WA0125.jpg,D:\ZaraiAI_Tomato_Cotton_Wheat\data\raw\tomato\tomato_pakistan\Tomato Dataset\Dataset (raw)\Tomato_mold_leaf\IMG-20240727-WA0125.jpg,780,1040,3,JPEG,86452,68b0615e5b3b0a92be0f6238caa29b94ccdc442011915bf73651be7028639af6,train
tomato,Tomato_leaf_late_blight,lb_leaf_lesions4x1200.jpg,data\raw\tomato\tomato_pakistan\Tomato Dataset\Dataset (raw)\Tomato_leaf_late_blight\lb_leaf_lesions4x1200.jpg,D:\ZaraiAI_Tomato_Cotton_Wheat\data\raw\tomato\tomato_pakistan\Tomato Dataset\Dataset (raw)\Tomato_leaf_late_blight\lb_leaf_lesions4x1200.jpg,1200,1600,3,JPEG,312787,e0cb8e337b7ccffef5c9ffadd988ca0cde1d6b698f721cdd0bb6cc54f674b681,train
tomato,Tomato_mold_leaf,IMG-20240725-WA0024.jpg,data\raw\tomato\tomato_pakistan\Tomato Dataset\Dataset (raw)\Tomato_mold_leaf\IMG-20240725-WA0024.jpg,D:\ZaraiAI_Tomato_Cotton_Wheat\data\raw\tomato\tomato_pakistan\Tomato Dataset\Dataset (raw)\Tomato_mold_leaf\IMG-20240725-WA0024.jpg,780,1040,3,JPEG,79639,10bcb9fb2a1f1990e0e758a8546c4b678eba6e324a1ee07af8c7cdf94a5c0685,train
tomato,Tomato_Septoria_leaf_spot,IMG-20240812-WA0257.jpg,data\raw\tomato\tomato_pakistan\Tomato Dataset\Dataset (raw)\Tomato_Septoria_leaf_spot\IMG-20240812-WA0257.jpg,D:\ZaraiAI_Tomato_Cotton_Wheat\data\raw\tomato\tomato_pakistan\Tomato Dataset\Dataset (raw)\Tomato_Septoria_leaf_spot\IMG-20240812-WA0257.jpg,3024,4032,3,JPEG,837237,996f5305ededc40745d0413d2829c40070653a0af514d293795d99b040d145ad,train
tomato,Tomato_Septoria_leaf_spot,1723454507354.jpg,data\raw\tomato\tomato_pakistan\Tomato Dataset\Dataset (raw)\Tomato_Septoria_leaf_spot\1723454507354.jpg,D:\ZaraiAI_Tomato_Cotton_Wheat\data\raw\tomato\tomato_pakistan\Tomato Dataset\Dataset (raw)\Tomato_Septoria_leaf_spot\1723454507354.jpg,4000,2250,3,JPEG,3133249,2ce45be86100ed5e8cc474c9bce79c44791e2d1fa3593549065e9fe766fb02e9,train
tomato,Tomato_Healthy_leaf,HL_(3).jpg,data\raw\tomato\tomato_pakistan\Tomato Dataset\Dataset (raw)\Tomato_Healthy_leaf\HL_(3).jpg,D:\ZaraiAI_Tomato_Cotton_Wheat\data\raw\tomato\tomato_pakistan\Tomato Dataset\Dataset (raw)\Tomato_Healthy_leaf\HL_(3).jpg,2758,1566,3,JPEG,2419933,67fee2ee91add5373f3bdd4c52f92adb15277864c2f8f416c53be446f30ead2e,train
tomato,Tomato_leaf_late_blight,Lb11.JPG,data\raw\tomato\tomato_pakistan\Tomato Dataset\Dataset (raw)\Tomato_leaf_late_blight\Lb11.JPG,D:\ZaraiAI_Tomato_Cotton_Wheat\data\raw\tomato\tomato_pakistan\Tomato Dataset\Dataset (raw)\Tomato_leaf_late_blight\Lb11.JPG,227,227,3,JPEG,11279,9bc5c33dfbf233f4607339af738dea01656620e6041aa2676211cd4f9eb0f711,train
tomato,Tomato_leaf_yellow_curl_virus,IMG_20251102_155049.jpg,data\raw\tomato\tomato_pakistan\Tomato Dataset\Dataset (raw)\Tomato_leaf_yellow_curl_virus\IMG_20251102_155049.jpg,D:\ZaraiAI_Tomato_Cotton_Wheat\data\raw\tomato\tomato_pakistan\Tomato Dataset\Dataset (raw)\Tomato_leaf_yellow_curl_virus\IMG_20251102_155049.jpg,3072,4080,3,JPEG,3702334,3048383ac7098808e1a6a3f1d8effe6d6038e87a6664a273bc16bce670b3d62d,train
tomato,Tomato_mold_leaf,IMG-20240728-WA0078.jpg,data\raw\tomato\tomato_pakistan\Tomato Dataset\Dataset (raw)\Tomato_mold_leaf\IMG-20240728-WA0078.jpg,D:\ZaraiAI_Tomato_Cotton_Wheat\data\raw\tomato\tomato_pakistan\Tomato Dataset\Dataset (raw)\Tomato_mold_leaf\IMG-20240728-WA0078.jpg,780,1040,3,JPEG,96007,bb9ad98b03b352f718f10b200e65bb1bf1bb969238f21c0116770a98b80dd203,train
tomato,Tomato_Healthy_leaf,h96.jpg,data\raw\tomato\tomato_pakistan\Tomato Dataset\Dataset (raw)\Tomato_Healthy_leaf\h96.jpg,D:\ZaraiAI_Tomato_Cotton_Wheat\data\raw\tomato\tomato_pakistan\Tomato Dataset\Dataset (raw)\Tomato_Healthy_leaf\h96.jpg,227,227,3,JPEG,11875,0b00e617a9253d16700d3e896107e1b45fc7c39ed50af5480db6dc1ffbf16b7d,train
tomato,Tomato_mold_leaf,leaf_mold_nightshade1x500.jpg,data\raw\tomato\tomato_pakistan\Tomato Dataset\Dataset (raw)\Tomato_mold_leaf\leaf_mold_nightshade1x500.jpg,D:\ZaraiAI_Tomato_Cotton_Wheat\data\raw\tomato\tomato_pakistan\Tomato Dataset\Dataset (raw)\Tomato_mold_leaf\leaf_mold_nightshade1x500.jpg,500,667,3,JPEG,217861,ac71819475c63357bfffabb92a3079f0babb01557473ecd1b160d4009e831064,train
tomato,Tomato_mold_leaf,IMG-20240724-WA0099.jpg,data\raw\tomato\tomato_pakistan\Tomato Dataset\Dataset (raw)\Tomato_mold_leaf\IMG-20240724-WA0099.jpg,D:\ZaraiAI_Tomato_Cotton_Wheat\data\raw\tomato\tomato_pakistan\Tomato Dataset\Dataset (raw)\Tomato_mold_leaf\IMG-20240724-WA0099.jpg,1280,720,3,JPEG,135110,b455882d89e1c1843f490f8ed3f4c016afa5e62f6a53c51f627813cfe608d341,train
tomato,Tomato_leaf_late_blight,late_blight_tomato_leaf.jpg,data\raw\tomato\tomato_pakistan\Tomato Dataset\Dataset (raw)\Tomato_leaf_late_blight\late_blight_tomato_leaf.jpg,D:\ZaraiAI_Tomato_Cotton_Wheat\data\raw\tomato\tomato_pakistan\Tomato Dataset\Dataset (raw)\Tomato_leaf_late_blight\late_blight_tomato_leaf.jpg,250,249,3,JPEG,25442,e4c76f512198fc742905de176ec4f2f5611df51eddff2fc5f1ee9d2ebe479ef3,train
tomato,Tomato_leaf_late_blight,LBleaf2INIA_0.jpg,data\raw\tomato\tomato_pakistan\Tomato Dataset\Dataset (raw)\Tomato_leaf_late_blight\LBleaf2INIA_0.jpg,D:\ZaraiAI_Tomato_Cotton_Wheat\data\raw\tomato\tomato_pakistan\Tomato Dataset\Dataset (raw)\Tomato_leaf_late_blight\LBleaf2INIA_0.jpg,2048,1536,3,JPEG,679483,73c62c716108bb65142931eca09dbe47fee66d1b0366bae04ea455f6090df9b5,train
tomato,Tomato_mold_leaf,IMG-20240728-WA0107.jpg,data\raw\tomato\tomato_pakistan\Tomato Dataset\Dataset (raw)\Tomato_mold_leaf\IMG-20240728-WA0107.jpg,D:\ZaraiAI_Tomato_Cotton_Wheat\data\raw\tomato\tomato_pakistan\Tomato Dataset\Dataset (raw)\Tomato_mold_leaf\IMG-20240728-WA0107.jpg,780,1040,3,JPEG,106705,cc61fa2e6898a0f87d9e9a7c4f3d145246eff70b0fc5ba876f946eddfe08be00,train
tomato,Tomato_leaf_yellow_curl_virus,TYLCV1.jpg,data\raw\tomato\tomato_pakistan\Tomato Dataset\Dataset (raw)\Tomato_leaf_yellow_curl_virus\TYLCV1.jpg,D:\ZaraiAI_Tomato_Cotton_Wheat\data\raw\tomato\tomato_pakistan\Tomato Dataset\Dataset (raw)\Tomato_leaf_yellow_curl_virus\TYLCV1.jpg,480,423,3,JPEG,125788,e6a64e04b9a21cb6765c15bdb7dc122b4521e3d24ed004c6a2307e40c836a0ad,train
tomato,Tomato_leaf_yellow_curl_virus,DSC02006.JPG.jpg,data\raw\tomato\tomato_pakistan\Tomato Dataset\Dataset (raw)\Tomato_leaf_yellow_curl_virus\DSC02006.JPG.jpg,D:\ZaraiAI_Tomato_Cotton_Wheat\data\raw\tomato\tomato_pakistan\Tomato Dataset\Dataset (raw)\Tomato_leaf_yellow_curl_virus\DSC02006.JPG.jpg,1024,715,3,JPEG,180580,25e7affcd4a35c80c4d1f7253302d8be8825b9e5d12b6de9e4d9efcc232a7d7b,train
tomato,Tomato_mold_leaf,IMG-20240727-WA0153.jpg,data\raw\tomato\tomato_pakistan\Tomato Dataset\Dataset (raw)\Tomato_mold_leaf\IMG-20240727-WA0153.jpg,D:\ZaraiAI_Tomato_Cotton_Wheat\data\raw\tomato\tomato_pakistan\Tomato Dataset\Dataset (raw)\Tomato_mold_leaf\IMG-20240727-WA0153.jpg,780,1040,3,JPEG,89460,7de400957d81fb24b6f82d3c06e8b2e08601bddaf2bec62a35e4fc8f8c6bbc32,train
tomato,Tomato_leaf_late_blight,LB_ (277).JPG,data\raw\tomato\tomato_pakistan\Tomato Dataset\Dataset (raw)\Tomato_leaf_late_blight\LB_ (277).JPG,D:\ZaraiAI_Tomato_Cotton_Wheat\data\raw\tomato\tomato_pakistan\Tomato Dataset\Dataset (raw)\Tomato_leaf_late_blight\LB_ (277).JPG,227,227,3,JPEG,8965,e191d4a592074aa2c81cdce74b3fc981a25c8088175dcd91bbcbb7f86cf35086,train
tomato,Tomato_leaf_late_blight,Gls70_change_90.jpg,data\raw\tomato\tomato_pakistan\Tomato Dataset\Dataset (raw)\Tomato_leaf_late_blight\Gls70_change_90.jpg,D:\ZaraiAI_Tomato_Cotton_Wheat\data\raw\tomato\tomato_pakistan\Tomato Dataset\Dataset (raw)\Tomato_leaf_late_blight\Gls70_change_90.jpg,227,227,3,JPEG,9057,435de9f32ad8887275b8e8599df94176eae31259a1bd3632ce372ec4b1667c1c,train
tomato,Tomato_leaf_yellow_curl_virus,IMG_20251102_155150.jpg,data\raw\tomato\tomato_pakistan\Tomato Dataset\Dataset (raw)\Tomato_leaf_yellow_curl_virus\IMG_20251102_155150.jpg,D:\ZaraiAI_Tomato_Cotton_Wheat\data\raw\tomato\tomato_pakistan\Tomato Dataset\Dataset (raw)\Tomato_leaf_yellow_curl_virus\IMG_20251102_155150.jpg,3072,4080,3,JPEG,3169912,63cbf9e060fc7a419fb00cb43162bab6a5a624aad45835d05ade4b8015410a1d,train
tomato,Tomato_mold_leaf,IMG-20240728-WA0068.jpg,data\raw\tomato\tomato_pakistan\Tomato Dataset\Dataset (raw)\Tomato_mold_leaf\IMG-20240728-WA0068.jpg,D:\ZaraiAI_Tomato_Cotton_Wheat\data\raw\tomato\tomato_pakistan\Tomato Dataset\Dataset (raw)\Tomato_mold_leaf\IMG-20240728-WA0068.jpg,780,1040,3,JPEG,78496,6a560e25b366782b01433f58bda20af0b093cc8d8b00cae9c566fe38ad41515e,train
tomato,Tomato_Healthy_leaf,IMG_20251102_161810.jpg,data\raw\tomato\tomato_pakistan\Tomato Dataset\Dataset (raw)\Tomato_Healthy_leaf\IMG_20251102_161810.jpg,D:\ZaraiAI_Tomato_Cotton_Wheat\data\raw\tomato\tomato_pakistan\Tomato Dataset\Dataset (raw)\Tomato_Healthy_leaf\IMG_20251102_161810.jpg,3072,4080,3,JPEG,2525357,1b278c1afbcd11c56501bc3fecf8b295d093533dbbdbbe6c532c6ff956c5b763,train
tomato,Tomato_Healthy_leaf,IMG_20251102_161800.jpg,data\raw\tomato\tomato_pakistan\Tomato Dataset\Dataset (raw)\Tomato_Healthy_leaf\IMG_20251102_161800.jpg,D:\ZaraiAI_Tomato_Cotton_Wheat\data\raw\tomato\tomato_pakistan\Tomato Dataset\Dataset (raw)\Tomato_Healthy_leaf\IMG_20251102_161800.jpg,3072,4080,3,JPEG,3384405,91042100dffbb60b791bd0d3138fa234549c4f5e9dad17e93343d843f33020a7,train
tomato,Tomato_Early_blight_leaf,IMG_20251102_155435.jpg,data\raw\tomato\tomato_pakistan\Tomato Dataset\Dataset (raw)\Tomato_Early_blight_leaf\IMG_20251102_155435.jpg,D:\ZaraiAI_Tomato_Cotton_Wheat\data\raw\tomato\tomato_pakistan\Tomato Dataset\Dataset (raw)\Tomato_Early_blight_leaf\IMG_20251102_155435.jpg,4080,3072,3,JPEG,2301324,7f0810324d654c1d40893ece66fadce71038299bacf054d727bc0e623cb740eb,train
tomato,Tomato_Early_blight_leaf,1723454507087.jpg,data\raw\tomato\tomato_pakistan\Tomato Dataset\Dataset (raw)\Tomato_Early_blight_leaf\1723454507087.jpg,D:\ZaraiAI_Tomato_Cotton_Wheat\data\raw\tomato\tomato_pakistan\Tomato Dataset\Dataset (raw)\Tomato_Early_blight_leaf\1723454507087.jpg,3002,2250,3,JPEG,2186273,2637da06ecdabd6e4b75b5a2f6f224a51c0c0e3995e8d043d3b488ec8885e464,train
tomato,Tomato_Healthy_leaf,IMG_20251102_162015.jpg,data\raw\tomato\tomato_pakistan\Tomato Dataset\Dataset (raw)\Tomato_Healthy_leaf\IMG_20251102_162015.jpg,D:\ZaraiAI_Tomato_Cotton_Wheat\data\raw\tomato\tomato_pakistan\Tomato Dataset\Dataset (raw)\Tomato_Healthy_leaf\IMG_20251102_162015.jpg,3072,4080,3,JPEG,2059006,75a680eb4fc5d73526b13dbbe72a812a2ed2c4ea35a0068556786c0ac6b3df76,train
tomato,Tomato_Septoria_leaf_spot,SS_ (974)1.jpg,data\raw\tomato\tomato_pakistan\Tomato Dataset\Dataset (raw)\Tomato_Septoria_leaf_spot\SS_ (974)1.jpg,D:\ZaraiAI_Tomato_Cotton_Wheat\data\raw\tomato\tomato_pakistan\Tomato Dataset\Dataset (raw)\Tomato_Septoria_leaf_spot\SS_ (974)1.jpg,212,186,3,JPEG,44089,17cfe3677d1c3d09bc894de2eec26d15c6a6169c996422a9062ec58156023ce7,train
tomato,Tomato_Septoria_leaf_spot,Tomato-Plant-with-Septoria-Leaf-Spot.jpg,data\raw\tomato\tomato_pakistan\Tomato Dataset\Dataset (raw)\Tomato_Septoria_leaf_spot\Tomato-Plant-with-Septoria-Leaf-Spot.jpg,D:\ZaraiAI_Tomato_Cotton_Wheat\data\raw\tomato\tomato_pakistan\Tomato Dataset\Dataset (raw)\Tomato_Septoria_leaf_spot\Tomato-Plant-with-Septoria-Leaf-Spot.jpg,800,533,3,JPEG,78905,3d0874dcfdc9d33231fb6e97d3dfaeace05c71b846279bbe956baae5de5f0636,train
tomato,Tomato_mold_leaf,IMG-20240728-WA0103.jpg,data\raw\tomato\tomato_pakistan\Tomato Dataset\Dataset (raw)\Tomato_mold_leaf\IMG-20240728-WA0103.jpg,D:\ZaraiAI_Tomato_Cotton_Wheat\data\raw\tomato\tomato_pakistan\Tomato Dataset\Dataset (raw)\Tomato_mold_leaf\IMG-20240728-WA0103.jpg,780,1040,3,JPEG,99811,c159712e5bdace878a3165f4fe152b8af293624077fc8d82ca6cd8ce4da169ee,train
tomato,Tomato_Healthy_leaf,IMG_20251102_161719.jpg,data\raw\tomato\tomato_pakistan\Tomato Dataset\Dataset (raw)\Tomato_Healthy_leaf\IMG_20251102_161719.jpg,D:\ZaraiAI_Tomato_Cotton_Wheat\data\raw\tomato\tomato_pakistan\Tomato Dataset\Dataset (raw)\Tomato_Healthy_leaf\IMG_20251102_161719.jpg,3072,4080,3,JPEG,2631742,b1a1b62dadeb6976c6b2d1bba08d657b7047f760adc8c12bf9c8e82e7bb3b52d,train
tomato,Tomato_leaf_late_blight,Lb98_change_90.jpg,data\raw\tomato\tomato_pakistan\Tomato Dataset\Dataset (raw)\Tomato_leaf_late_blight\Lb98_change_90.jpg,D:\ZaraiAI_Tomato_Cotton_Wheat\data\raw\tomato\tomato_pakistan\Tomato Dataset\Dataset (raw)\Tomato_leaf_late_blight\Lb98_change_90.jpg,227,227,3,JPEG,7394,b1fc4f26073444fceb7a3a381e670f4d1badb9d78c3c281395c0adee3f839c3f,train
tomato,Tomato_mold_leaf,leaf_mold_tomato2x1200.jpg,data\raw\tomato\tomato_pakistan\Tomato Dataset\Dataset (raw)\Tomato_mold_leaf\leaf_mold_tomato2x1200.jpg,D:\ZaraiAI_Tomato_Cotton_Wheat\data\raw\tomato\tomato_pakistan\Tomato Dataset\Dataset (raw)\Tomato_mold_leaf\leaf_mold_tomato2x1200.jpg,1200,1600,3,JPEG,653010,3df2275e80d700298762ae93169425a6a5ead07ffc984cd4abe6d81c2c2e6f93,train
tomato,Tomato_leaf_late_blight,lateblightTom_lesion.jpg,data\raw\tomato\tomato_pakistan\Tomato Dataset\Dataset (raw)\Tomato_leaf_late_blight\lateblightTom_lesion.jpg,D:\ZaraiAI_Tomato_Cotton_Wheat\data\raw\tomato\tomato_pakistan\Tomato Dataset\Dataset (raw)\Tomato_leaf_late_blight\lateblightTom_lesion.jpg,640,480,3,JPEG,43358,d89d0b34579e6551c854e72a0f5b59389cffc59ee0ebee3bb98c95ce19029f64,train
tomato,Tomato_mold_leaf,IMG-20240728-WA0067.jpg,data\raw\tomato\tomato_pakistan\Tomato Dataset\Dataset (raw)\Tomato_mold_leaf\IMG-20240728-WA0067.jpg,D:\ZaraiAI_Tomato_Cotton_Wheat\data\raw\tomato\tomato_pakistan\Tomato Dataset\Dataset (raw)\Tomato_mold_leaf\IMG-20240728-WA0067.jpg,780,1040,3,JPEG,73772,4f7e35ec4ff8db117f90228a4cb78940d6465d79270bbdfad53240ad27b261ad,train
tomato,Tomato_Septoria_leaf_spot,EB_(985).jpg,data\raw\tomato\tomato_pakistan\Tomato Dataset\Dataset (raw)\Tomato_Septoria_leaf_spot\EB_(985).jpg,D:\ZaraiAI_Tomato_Cotton_Wheat\data\raw\tomato\tomato_pakistan\Tomato Dataset\Dataset (raw)\Tomato_Septoria_leaf_spot\EB_(985).jpg,600,538,3,JPEG,102109,7505693ef3824fdce797b20937e8861f0bf5462273d6a4b9b05c4782f2cd136d,train
tomato,Tomato_Healthy_leaf,HL_(102).jpg,data\raw\tomato\tomato_pakistan\Tomato Dataset\Dataset (raw)\Tomato_Healthy_leaf\HL_(102).jpg,D:\ZaraiAI_Tomato_Cotton_Wheat\data\raw\tomato\tomato_pakistan\Tomato Dataset\Dataset (raw)\Tomato_Healthy_leaf\HL_(102).jpg,227,227,3,JPEG,11558,f20dcd9f222b376d6e2a2da303baadeb4c082c95cc8313c7ca1bab2fe0604efc,train
tomato,Tomato_Healthy_leaf,IMG_20251102_161748.jpg,data\raw\tomato\tomato_pakistan\Tomato Dataset\Dataset (raw)\Tomato_Healthy_leaf\IMG_20251102_161748.jpg,D:\ZaraiAI_Tomato_Cotton_Wheat\data\raw\tomato\tomato_pakistan\Tomato Dataset\Dataset (raw)\Tomato_Healthy_leaf\IMG_20251102_161748.jpg,3072,4080,3,JPEG,4070788,425cd53bcaa80fce2067470bfaf8cff363a6795000b88602cd079827fe1d8e2e,train
tomato,Tomato_leaf_yellow_curl_virus,IMG_20251102_155042.jpg,data\raw\tomato\tomato_pakistan\Tomato Dataset\Dataset (raw)\Tomato_leaf_yellow_curl_virus\IMG_20251102_155042.jpg,D:\ZaraiAI_Tomato_Cotton_Wheat\data\raw\tomato\tomato_pakistan\Tomato Dataset\Dataset (raw)\Tomato_leaf_yellow_curl_virus\IMG_20251102_155042.jpg,3072,4080,3,JPEG,2583659,7c5d9df32d007049f818c060208acaa9b27f745086d1966339eaf6df62e0ef98,train
tomato,Tomato_mold_leaf,IMG-20240724-WA0049.jpg,data\raw\tomato\tomato_pakistan\Tomato Dataset\Dataset (raw)\Tomato_mold_leaf\IMG-20240724-WA0049.jpg,D:\ZaraiAI_Tomato_Cotton_Wheat\data\raw\tomato\tomato_pakistan\Tomato Dataset\Dataset (raw)\Tomato_mold_leaf\IMG-20240724-WA0049.jpg,1040,780,3,JPEG,126786,4b8f5fb90754d30a200db3e6391f650f8a27c1fa68afce989373387dda34e651,train
tomato,Tomato_mold_leaf,IMG-20240727-WA0120.jpg,data\raw\tomato\tomato_pakistan\Tomato Dataset\Dataset (raw)\Tomato_mold_leaf\IMG-20240727-WA0120.jpg,D:\ZaraiAI_Tomato_Cotton_Wheat\data\raw\tomato\tomato_pakistan\Tomato Dataset\Dataset (raw)\Tomato_mold_leaf\IMG-20240727-WA0120.jpg,780,1040,3,JPEG,64621,57919587bf34db7903f015ab52e4debca74e972d643a11d05e93f408177dfdbc,train
tomato,Tomato_Healthy_leaf,h76.jpg,data\raw\tomato\tomato_pakistan\Tomato Dataset\Dataset (raw)\Tomato_Healthy_leaf\h76.jpg,D:\ZaraiAI_Tomato_Cotton_Wheat\data\raw\tomato\tomato_pakistan\Tomato Dataset\Dataset (raw)\Tomato_Healthy_leaf\h76.jpg,227,227,3,JPEG,11860,23a489401f3d044466a3174f3fa4dab0c9b7494e186a79bcb1b711f004820993,train
tomato,Tomato_Septoria_leaf_spot,septoria3.jpg,data\raw\tomato\tomato_pakistan\Tomato Dataset\Dataset (raw)\Tomato_Septoria_leaf_spot\septoria3.jpg,D:\ZaraiAI_Tomato_Cotton_Wheat\data\raw\tomato\tomato_pakistan\Tomato Dataset\Dataset (raw)\Tomato_Septoria_leaf_spot\septoria3.jpg,562,342,3,JPEG,43252,87ec4f74f4314d1d58616e525f2b8b4e592e029b86677f595d8fb6cae3149bcf,train
tomato,Tomato_Septoria_leaf_spot,tomato-plant-is-infected-with-septoria-leaf-spot.jpg,data\raw\tomato\tomato_pakistan\Tomato Dataset\Dataset (raw)\Tomato_Septoria_leaf_spot\tomato-plant-is-infected-with-septoria-leaf-spot.jpg,D:\ZaraiAI_Tomato_Cotton_Wheat\data\raw\tomato\tomato_pakistan\Tomato Dataset\Dataset (raw)\Tomato_Septoria_leaf_spot\tomato-plant-is-infected-with-septoria-leaf-spot.jpg,3054,2036,3,JPEG,623968,1ce5964076a5b102e0e10e3d9062853960710b3e6c2f8711dd493e5a4629a499,train
tomato,Tomato_Septoria_leaf_spot,5866245865865216.jpeg.jpg,data\raw\tomato\tomato_pakistan\Tomato Dataset\Dataset (raw)\Tomato_Septoria_leaf_spot\5866245865865216.jpeg.jpg,D:\ZaraiAI_Tomato_Cotton_Wheat\data\raw\tomato\tomato_pakistan\Tomato Dataset\Dataset (raw)\Tomato_Septoria_leaf_spot\5866245865865216.jpeg.jpg,800,600,3,JPEG,153578,2eeff12c4b6713ac39e44150ad91538626044a11610c33738c2b5ef4773ff70e,train
tomato,Tomato_leaf_late_blight,August-17-2012-Supplemental-6.jpg,data\raw\tomato\tomato_pakistan\Tomato Dataset\Dataset (raw)\Tomato_leaf_late_blight\August-17-2012-Supplemental-6.jpg,D:\ZaraiAI_Tomato_Cotton_Wheat\data\raw\tomato\tomato_pakistan\Tomato Dataset\Dataset (raw)\Tomato_leaf_late_blight\August-17-2012-Supplemental-6.jpg,341,239,3,JPEG,11980,98f661b5c89179fa23616c810aa99108985c7aa064aa80f221327e7bff6c2f48,train
tomato,Tomato_Septoria_leaf_spot,septoria_leaf_spot_of_tomato-1500x750.jpg,data\raw\tomato\tomato_pakistan\Tomato Dataset\Dataset (raw)\Tomato_Septoria_leaf_spot\septoria_leaf_spot_of_tomato-1500x750.jpg,D:\ZaraiAI_Tomato_Cotton_Wheat\data\raw\tomato\tomato_pakistan\Tomato Dataset\Dataset (raw)\Tomato_Septoria_leaf_spot\septoria_leaf_spot_of_tomato-1500x750.jpg,1500,750,3,JPEG,77399,013981224e179d72c1538f59b7a226d2c7178d2bc4de61980db2d270ec74f3c9,train
tomato,Tomato_leaf_yellow_curl_virus,IMG_20251102_155031.jpg,data\raw\tomato\tomato_pakistan\Tomato Dataset\Dataset (raw)\Tomato_leaf_yellow_curl_virus\IMG_20251102_155031.jpg,D:\ZaraiAI_Tomato_Cotton_Wheat\data\raw\tomato\tomato_pakistan\Tomato Dataset\Dataset (raw)\Tomato_leaf_yellow_curl_virus\IMG_20251102_155031.jpg,3072,4080,3,JPEG,2968996,55fde4b88fcec2d785b0759d76b3bc3a2125ee6556a6bb9a9285adbd12087975,train
tomato,Tomato_Septoria_leaf_spot,Gls47.jpg,data\raw\tomato\tomato_pakistan\Tomato Dataset\Dataset (raw)\Tomato_Septoria_leaf_spot\Gls47.jpg,D:\ZaraiAI_Tomato_Cotton_Wheat\data\raw\tomato\tomato_pakistan\Tomato Dataset\Dataset (raw)\Tomato_Septoria_leaf_spot\Gls47.jpg,227,227,3,JPEG,13143,af6bb54e48d3da272f0fe0395a02504e82c07fbd9008e1636a85cdc60a9560a3,train
tomato,Tomato_leaf_late_blight,LateBlight-Leaflet-Large-Spot_9005-ROTATED-sbzntn.jpg,data\raw\tomato\tomato_pakistan\Tomato Dataset\Dataset (raw)\Tomato_leaf_late_blight\LateBlight-Leaflet-Large-Spot_9005-ROTATED-sbzntn.jpg,D:\ZaraiAI_Tomato_Cotton_Wheat\data\raw\tomato\tomato_pakistan\Tomato Dataset\Dataset (raw)\Tomato_leaf_late_blight\LateBlight-Leaflet-Large-Spot_9005-ROTATED-sbzntn.jpg,1704,2272,3,JPEG,287143,4fcf9d49b5a47364965b175ad10266aebc75d32bb98e3f2f380d89c8cbd85c98,train
tomato,Tomato_leaf_late_blight,IMG_20251102_161541.jpg,data\raw\tomato\tomato_pakistan\Tomato Dataset\Dataset (raw)\Tomato_leaf_late_blight\IMG_20251102_161541.jpg,D:\ZaraiAI_Tomato_Cotton_Wheat\data\raw\tomato\tomato_pakistan\Tomato Dataset\Dataset (raw)\Tomato_leaf_late_blight\IMG_20251102_161541.jpg,3072,4080,3,JPEG,2712056,9ce69a0708ab127094e645ee9cd89b50f17de54cb951f8b3289f5257dbe021da,train
tomato,Tomato_Early_blight_leaf,IMG_20251102_155805.jpg,data\raw\tomato\tomato_pakistan\Tomato Dataset\Dataset (raw)\Tomato_Early_blight_leaf\IMG_20251102_155805.jpg,D:\ZaraiAI_Tomato_Cotton_Wheat\data\raw\tomato\tomato_pakistan\Tomato Dataset\Dataset (raw)\Tomato_Early_blight_leaf\IMG_20251102_155805.jpg,3072,4080,3,JPEG,2216359,4d27d9ac8736457a93d52b706a3e07bd0af08cc1151949453d296607f39ace07,train
tomato,Tomato_leaf_yellow_curl_virus,TYLCV4.jpg,data\raw\tomato\tomato_pakistan\Tomato Dataset\Dataset (raw)\Tomato_leaf_yellow_curl_virus\TYLCV4.jpg,D:\ZaraiAI_Tomato_Cotton_Wheat\data\raw\tomato\tomato_pakistan\Tomato Dataset\Dataset (raw)\Tomato_leaf_yellow_curl_virus\TYLCV4.jpg,549,520,3,JPEG,142021,2004585c72eecfff767542e7626752da17c2739fe4aaa1b9b125f6dfd8e52928,train
tomato,Tomato_leaf_late_blight,lateblight8_jpg.rf.ed3080de5a06831f5546e3ea3d9ff7a3.jpg,data\raw\tomato\tomato_pakistan\Tomato Dataset\Dataset (raw)\Tomato_leaf_late_blight\lateblight8_jpg.rf.ed3080de5a06831f5546e3ea3d9ff7a3.jpg,D:\ZaraiAI_Tomato_Cotton_Wheat\data\raw\tomato\tomato_pakistan\Tomato Dataset\Dataset (raw)\Tomato_leaf_late_blight\lateblight8_jpg.rf.ed3080de5a06831f5546e3ea3d9ff7a3.jpg,416,416,3,JPEG,24396,ed7b7dae7b574221e85f86e14b511d6c54feeb16a1dfef13a13a02444716df27,train
tomato,Tomato_mold_leaf,IMG-20240724-WA0073.jpg,data\raw\tomato\tomato_pakistan\Tomato Dataset\Dataset (raw)\Tomato_mold_leaf\IMG-20240724-WA0073.jpg,D:\ZaraiAI_Tomato_Cotton_Wheat\data\raw\tomato\tomato_pakistan\Tomato Dataset\Dataset (raw)\Tomato_mold_leaf\IMG-20240724-WA0073.jpg,780,1040,3,JPEG,86985,b251e0c32c9bd011d4b80fa154d98804a5bb5ad08017398eaa884cbe4219891a,train
tomato,Tomato_Early_blight_leaf,1723454503933.jpg,data\raw\tomato\tomato_pakistan\Tomato Dataset\Dataset (raw)\Tomato_Early_blight_leaf\1723454503933.jpg,D:\ZaraiAI_Tomato_Cotton_Wheat\data\raw\tomato\tomato_pakistan\Tomato Dataset\Dataset (raw)\Tomato_Early_blight_leaf\1723454503933.jpg,1280,960,3,JPEG,180328,020c9f938282b44d355be2825febf81a6735624ada6a7c6f95e7ab9a45ba114d,train
tomato,Tomato_Early_blight_leaf,gray-leaf-spot-300x225.jpg,data\raw\tomato\tomato_pakistan\Tomato Dataset\Dataset (raw)\Tomato_Early_blight_leaf\gray-leaf-spot-300x225.jpg,D:\ZaraiAI_Tomato_Cotton_Wheat\data\raw\tomato\tomato_pakistan\Tomato Dataset\Dataset (raw)\Tomato_Early_blight_leaf\gray-leaf-spot-300x225.jpg,300,225,3,JPEG,20606,485aa250351c68755783b14c6f12a2360d984f9f887f3f09696cb32043360c82,train
tomato,Tomato_leaf_yellow_curl_virus,IMG_20251102_155927.jpg,data\raw\tomato\tomato_pakistan\Tomato Dataset\Dataset (raw)\Tomato_leaf_yellow_curl_virus\IMG_20251102_155927.jpg,D:\ZaraiAI_Tomato_Cotton_Wheat\data\raw\tomato\tomato_pakistan\Tomato Dataset\Dataset (raw)\Tomato_leaf_yellow_curl_virus\IMG_20251102_155927.jpg,4080,3072,3,JPEG,2604585,feb627a5cca0d416fa3d64b38a3664fd9dc1be2c8f3a056c223be5aad65205ee,train
tomato,Tomato_leaf_late_blight,LateBlight-Tomato-JJ-2009-17nxg4q.jpg,data\raw\tomato\tomato_pakistan\Tomato Dataset\Dataset (raw)\Tomato_leaf_late_blight\LateBlight-Tomato-JJ-2009-17nxg4q.jpg,D:\ZaraiAI_Tomato_Cotton_Wheat\data\raw\tomato\tomato_pakistan\Tomato Dataset\Dataset (raw)\Tomato_leaf_late_blight\LateBlight-Tomato-JJ-2009-17nxg4q.jpg,1280,960,3,JPEG,100225,6a8ce87008be630aaf9153b16e33bf11b427ea982f9c02a9af247d35193052cf,train
tomato,Tomato_mold_leaf,Leaf+mold+tomato+%25282%2529.JPG.jpg,data\raw\tomato\tomato_pakistan\Tomato Dataset\Dataset (raw)\Tomato_mold_leaf\Leaf+mold+tomato+%25282%2529.JPG.jpg,D:\ZaraiAI_Tomato_Cotton_Wheat\data\raw\tomato\tomato_pakistan\Tomato Dataset\Dataset (raw)\Tomato_mold_leaf\Leaf+mold+tomato+%25282%2529.JPG.jpg,1600,1200,3,JPEG,346692,e41457c4bf7071634a91f295557d590021c6adf453925dcb95fffd695277ea10,train
tomato,Tomato_leaf_yellow_curl_virus,tomato-plant-virus-tomato-yellow-leaf-curl-virus-tomato-plant-disease-mosaic-virus.jpg,data\raw\tomato\tomato_pakistan\Tomato Dataset\Dataset (raw)\Tomato_leaf_yellow_curl_virus\tomato-plant-virus-tomato-yellow-leaf-curl-virus-tomato-plant-disease-mosaic-virus.jpg,D:\ZaraiAI_Tomato_Cotton_Wheat\data\raw\tomato\tomato_pakistan\Tomato Dataset\Dataset (raw)\Tomato_leaf_yellow_curl_virus\tomato-plant-virus-tomato-yellow-leaf-curl-virus-tomato-plant-disease-mosaic-virus.jpg,500,438,3,JPEG,54279,a9a2a8fb11e81b38fdf434db1711e1261d5e15033e3845ed58941affeacc84ba,train
tomato,Tomato_mold_leaf,IMG-20240724-WA0065.jpg,data\raw\tomato\tomato_pakistan\Tomato Dataset\Dataset (raw)\Tomato_mold_leaf\IMG-20240724-WA0065.jpg,D:\ZaraiAI_Tomato_Cotton_Wheat\data\raw\tomato\tomato_pakistan\Tomato Dataset\Dataset (raw)\Tomato_mold_leaf\IMG-20240724-WA0065.jpg,1040,780,3,JPEG,148593,741ff1d7c3ae9f3a7c8c5901b5d6a3bf8b40267f46bca290bce983c0306f9d09,train
tomato,Tomato_leaf_late_blight,tomato-late-blight-foliar-lesions_Scot-Nelson_CC-BY-SA-2.0.jpg,data\raw\tomato\tomato_pakistan\Tomato Dataset\Dataset (raw)\Tomato_leaf_late_blight\tomato-late-blight-foliar-lesions_Scot-Nelson_CC-BY-SA-2.0.jpg,D:\ZaraiAI_Tomato_Cotton_Wheat\data\raw\tomato\tomato_pakistan\Tomato Dataset\Dataset (raw)\Tomato_leaf_late_blight\tomato-late-blight-foliar-lesions_Scot-Nelson_CC-BY-SA-2.0.jpg,683,1024,3,JPEG,329352,845e3cfb95badfa9fa06675c134833b9849915083bafff579e3b14d251938f0e,train
tomato,Tomato_leaf_yellow_curl_virus,virus2.jpg,data\raw\tomato\tomato_pakistan\Tomato Dataset\Dataset (raw)\Tomato_leaf_yellow_curl_virus\virus2.jpg,D:\ZaraiAI_Tomato_Cotton_Wheat\data\raw\tomato\tomato_pakistan\Tomato Dataset\Dataset (raw)\Tomato_leaf_yellow_curl_virus\virus2.jpg,460,345,3,JPEG,69824,f2c2b92054976374066eaf93c021a71b1d09d7d237075b2317b7b8c497e76b08,train
tomato,Tomato_leaf_yellow_curl_virus,virus1.jpg,data\raw\tomato\tomato_pakistan\Tomato Dataset\Dataset (raw)\Tomato_leaf_yellow_curl_virus\virus1.jpg,D:\ZaraiAI_Tomato_Cotton_Wheat\data\raw\tomato\tomato_pakistan\Tomato Dataset\Dataset (raw)\Tomato_leaf_yellow_curl_virus\virus1.jpg,256,345,3,JPEG,32450,32a7371821aae321f0e29d5628bea445b70eff9b1f6ec1d2d3071f02b7924064,train
tomato,Tomato_leaf_yellow_curl_virus,tomatoyellowleafcurlcropped.jpg,data\raw\tomato\tomato_pakistan\Tomato Dataset\Dataset (raw)\Tomato_leaf_yellow_curl_virus\tomatoyellowleafcurlcropped.jpg,D:\ZaraiAI_Tomato_Cotton_Wheat\data\raw\tomato\tomato_pakistan\Tomato Dataset\Dataset (raw)\Tomato_leaf_yellow_curl_virus\tomatoyellowleafcurlcropped.jpg,2315,2083,3,JPEG,951254,f3856815a06e4465036ae051553878fe74a6eae1f19a709e01241ed644491bf5,train
tomato,Tomato_Septoria_leaf_spot,SS_ (30).jpg,data\raw\tomato\tomato_pakistan\Tomato Dataset\Dataset (raw)\Tomato_Septoria_leaf_spot\SS_ (30).jpg,D:\ZaraiAI_Tomato_Cotton_Wheat\data\raw\tomato\tomato_pakistan\Tomato Dataset\Dataset (raw)\Tomato_Septoria_leaf_spot\SS_ (30).jpg,600,272,3,JPEG,102300,1f39d9b00195324e54e3438184a751c4ee6433ed2debe1c7f66b1bcadb7b83ea,train
tomato,Tomato_mold_leaf,IMG-20240727-WA0100.jpg,data\raw\tomato\tomato_pakistan\Tomato Dataset\Dataset (raw)\Tomato_mold_leaf\IMG-20240727-WA0100.jpg,D:\ZaraiAI_Tomato_Cotton_Wheat\data\raw\tomato\tomato_pakistan\Tomato Dataset\Dataset (raw)\Tomato_mold_leaf\IMG-20240727-WA0100.jpg,780,1040,3,JPEG,88438,7a7da2f2ebc0980c80da6bf8e83b32146526f4c71a5406f6c4863739921b3cb5,train
tomato,Tomato_leaf_late_blight,IMG20251102153828.jpg,data\raw\tomato\tomato_pakistan\Tomato Dataset\Dataset (raw)\Tomato_leaf_late_blight\IMG20251102153828.jpg,D:\ZaraiAI_Tomato_Cotton_Wheat\data\raw\tomato\tomato_pakistan\Tomato Dataset\Dataset (raw)\Tomato_leaf_late_blight\IMG20251102153828.jpg,3120,4160,3,JPEG,6102262,f63f16c0caf7d36f959d1be4904a1f2f413dfaac62c91719c3f8d8f74e30b211,train
tomato,Tomato_mold_leaf,IMG-20240812-WA0245.jpg,data\raw\tomato\tomato_pakistan\Tomato Dataset\Dataset (raw)\Tomato_mold_leaf\IMG-20240812-WA0245.jpg,D:\ZaraiAI_Tomato_Cotton_Wheat\data\raw\tomato\tomato_pakistan\Tomato Dataset\Dataset (raw)\Tomato_mold_leaf\IMG-20240812-WA0245.jpg,4032,3024,3,JPEG,465952,d33dc77fc75842ff423b916d6684e09df30865027c010bd926feb850af1ea11c,train
tomato,Tomato_mold_leaf,IMG-20240724-WA0052.jpg,data\raw\tomato\tomato_pakistan\Tomato Dataset\Dataset (raw)\Tomato_mold_leaf\IMG-20240724-WA0052.jpg,D:\ZaraiAI_Tomato_Cotton_Wheat\data\raw\tomato\tomato_pakistan\Tomato Dataset\Dataset (raw)\Tomato_mold_leaf\IMG-20240724-WA0052.jpg,1040,780,3,JPEG,107960,01bb5ddf3f27378e44b0132cf222585b9ee4b3e7262845ba73fea512fee07652,train
tomato,Tomato_leaf_late_blight,LateBlightLeaf.jpg,data\raw\tomato\tomato_pakistan\Tomato Dataset\Dataset (raw)\Tomato_leaf_late_blight\LateBlightLeaf.jpg,D:\ZaraiAI_Tomato_Cotton_Wheat\data\raw\tomato\tomato_pakistan\Tomato Dataset\Dataset (raw)\Tomato_leaf_late_blight\LateBlightLeaf.jpg,800,600,3,JPEG,52315,e2a5a8fa44b401240bc20e971371df722267115731d247373489258e78c54f3c,train
tomato,Tomato_Healthy_leaf,h14.jpg,data\raw\tomato\tomato_pakistan\Tomato Dataset\Dataset (raw)\Tomato_Healthy_leaf\h14.jpg,D:\ZaraiAI_Tomato_Cotton_Wheat\data\raw\tomato\tomato_pakistan\Tomato Dataset\Dataset (raw)\Tomato_Healthy_leaf\h14.jpg,227,227,3,JPEG,12601,dbaaff1cfbde1a3ef9ff04738faad748f7ce906b83af92a42082caa28d4ea1dc,train
tomato,Tomato_Healthy_leaf,IMG_20251102_160342.jpg,data\raw\tomato\tomato_pakistan\Tomato Dataset\Dataset (raw)\Tomato_Healthy_leaf\IMG_20251102_160342.jpg,D:\ZaraiAI_Tomato_Cotton_Wheat\data\raw\tomato\tomato_pakistan\Tomato Dataset\Dataset (raw)\Tomato_Healthy_leaf\IMG_20251102_160342.jpg,3072,4080,3,JPEG,2882249,f8aca6e078c1d78ce0592f393b9a452268fcca1f7fd6c58b85ad094afff2165e,train
tomato,Tomato_Healthy_leaf,IMG_20251102_161804.jpg,data\raw\tomato\tomato_pakistan\Tomato Dataset\Dataset (raw)\Tomato_Healthy_leaf\IMG_20251102_161804.jpg,D:\ZaraiAI_Tomato_Cotton_Wheat\data\raw\tomato\tomato_pakistan\Tomato Dataset\Dataset (raw)\Tomato_Healthy_leaf\IMG_20251102_161804.jpg,3072,4080,3,JPEG,2685426,8dd69269c1b9157ca3c561ed1f0aac2f96bcc819ddc916a85295535c6427433f,train
tomato,Tomato_mold_leaf,IMG-20240728-WA0065.jpg,data\raw\tomato\tomato_pakistan\Tomato Dataset\Dataset (raw)\Tomato_mold_leaf\IMG-20240728-WA0065.jpg,D:\ZaraiAI_Tomato_Cotton_Wheat\data\raw\tomato\tomato_pakistan\Tomato Dataset\Dataset (raw)\Tomato_mold_leaf\IMG-20240728-WA0065.jpg,780,1040,3,JPEG,83772,f1e4fa1f4a52f065b741d50b4b2fe42d57eb22d0e3ba1cb7fabe00d52c9e97d3,train
tomato,Tomato_Healthy_leaf,HL_(99).jpg,data\raw\tomato\tomato_pakistan\Tomato Dataset\Dataset (raw)\Tomato_Healthy_leaf\HL_(99).jpg,D:\ZaraiAI_Tomato_Cotton_Wheat\data\raw\tomato\tomato_pakistan\Tomato Dataset\Dataset (raw)\Tomato_Healthy_leaf\HL_(99).jpg,227,227,3,JPEG,11361,2d6c8d5c627d911e84c20bc2dbe68a606046bdbffb2e34dd2303a91767e80884,train
tomato,Tomato_mold_leaf,IMG-20240724-WA0020.jpg,data\raw\tomato\tomato_pakistan\Tomato Dataset\Dataset (raw)\Tomato_mold_leaf\IMG-20240724-WA0020.jpg,D:\ZaraiAI_Tomato_Cotton_Wheat\data\raw\tomato\tomato_pakistan\Tomato Dataset\Dataset (raw)\Tomato_mold_leaf\IMG-20240724-WA0020.jpg,780,1040,3,JPEG,120232,ee00a05701a02e70721424802a5b11d26242a6550fb80c70067179e060b64ee8,train
tomato,Tomato_Septoria_leaf_spot,SS_ (968).jpg,data\raw\tomato\tomato_pakistan\Tomato Dataset\Dataset (raw)\Tomato_Septoria_leaf_spot\SS_ (968).jpg,D:\ZaraiAI_Tomato_Cotton_Wheat\data\raw\tomato\tomato_pakistan\Tomato Dataset\Dataset (raw)\Tomato_Septoria_leaf_spot\SS_ (968).jpg,264,247,3,JPEG,65521,bedcd49efab83419612d7a371029d896c51e9bfc190e7c13f9722e4a5ff6a20b,train
tomato,Tomato_Early_blight_leaf,1723454506040.jpg,data\raw\tomato\tomato_pakistan\Tomato Dataset\Dataset (raw)\Tomato_Early_blight_leaf\1723454506040.jpg,D:\ZaraiAI_Tomato_Cotton_Wheat\data\raw\tomato\tomato_pakistan\Tomato Dataset\Dataset (raw)\Tomato_Early_blight_leaf\1723454506040.jpg,4000,2250,3,JPEG,3205463,a25442242025542e7df5a19c6cc7e3da17bd74163ddafde661c2bf5c4c9198b0,train
tomato,Tomato_Septoria_leaf_spot,Picture2.jpg,data\raw\tomato\tomato_pakistan\Tomato Dataset\Dataset (raw)\Tomato_Septoria_leaf_spot\Picture2.jpg,D:\ZaraiAI_Tomato_Cotton_Wheat\data\raw\tomato\tomato_pakistan\Tomato Dataset\Dataset (raw)\Tomato_Septoria_leaf_spot\Picture2.jpg,227,211,3,JPEG,10647,0a1675707f52eee456a3abe3d3958c0d9e58c0895c7827de2370b20c8b0b86c4,train
tomato,Tomato_Healthy_leaf,HL_(5).jpg,data\raw\tomato\tomato_pakistan\Tomato Dataset\Dataset (raw)\Tomato_Healthy_leaf\HL_(5).jpg,D:\ZaraiAI_Tomato_Cotton_Wheat\data\raw\tomato\tomato_pakistan\Tomato Dataset\Dataset (raw)\Tomato_Healthy_leaf\HL_(5).jpg,3872,2592,3,JPEG,3587732,d18871798c866d452749fc1b54a53eff916e997ccd663622f17077fc375d480b,train
tomato,Tomato_Septoria_leaf_spot,EB_(978).jpg,data\raw\tomato\tomato_pakistan\Tomato Dataset\Dataset (raw)\Tomato_Septoria_leaf_spot\EB_(978).jpg,D:\ZaraiAI_Tomato_Cotton_Wheat\data\raw\tomato\tomato_pakistan\Tomato Dataset\Dataset (raw)\Tomato_Septoria_leaf_spot\EB_(978).jpg,847,574,3,JPEG,127625,981da629d2a419a303eea0e707d0a07f86fc6ce9d802bdc77e1c3efb25ff2ee8,train
tomato,Tomato_leaf_late_blight,4624s.jpg,data\raw\tomato\tomato_pakistan\Tomato Dataset\Dataset (raw)\Tomato_leaf_late_blight\4624s.jpg,D:\ZaraiAI_Tomato_Cotton_Wheat\data\raw\tomato\tomato_pakistan\Tomato Dataset\Dataset (raw)\Tomato_leaf_late_blight\4624s.jpg,1501,997,3,JPEG,500479,f96cff195926f529f8e96819368cc3e0a496e438220f0a80b67a984f8de2e2b9,train
tomato,Tomato_leaf_late_blight,LB_ (1).jpg,data\raw\tomato\tomato_pakistan\Tomato Dataset\Dataset (raw)\Tomato_leaf_late_blight\LB_ (1).jpg,D:\ZaraiAI_Tomato_Cotton_Wheat\data\raw\tomato\tomato_pakistan\Tomato Dataset\Dataset (raw)\Tomato_leaf_late_blight\LB_ (1).jpg,750,499,3,JPEG,169278,fd87cea75ee543ab40c76fb94cbc40e42d1c848e5f5dd7756e56f44d0367c734,train
tomato,Tomato_Healthy_leaf,h8.jpg,data\raw\tomato\tomato_pakistan\Tomato Dataset\Dataset (raw)\Tomato_Healthy_leaf\h8.jpg,D:\ZaraiAI_Tomato_Cotton_Wheat\data\raw\tomato\tomato_pakistan\Tomato Dataset\Dataset (raw)\Tomato_Healthy_leaf\h8.jpg,227,227,3,JPEG,13119,a342aa1755ab17b96f46cd600899beca240a306f298acdb5bc243361cd301aa8,train
tomato,Tomato_Septoria_leaf_spot,5008922249_880e15c21f.jpg,data\raw\tomato\tomato_pakistan\Tomato Dataset\Dataset (raw)\Tomato_Septoria_leaf_spot\5008922249_880e15c21f.jpg,D:\ZaraiAI_Tomato_Cotton_Wheat\data\raw\tomato\tomato_pakistan\Tomato Dataset\Dataset (raw)\Tomato_Septoria_leaf_spot\5008922249_880e15c21f.jpg,394,486,3,JPEG,123067,58d1e1c5162aa77793d860f9f2cb0ee45e4bf9123ac33980ab87719ca9ba3b4a,train
tomato,Tomato_Early_blight_leaf,IMG_20251102_153119.jpg,data\raw\tomato\tomato_pakistan\Tomato Dataset\Dataset (raw)\Tomato_Early_blight_leaf\IMG_20251102_153119.jpg,D:\ZaraiAI_Tomato_Cotton_Wheat\data\raw\tomato\tomato_pakistan\Tomato Dataset\Dataset (raw)\Tomato_Early_blight_leaf\IMG_20251102_153119.jpg,3072,4080,3,JPEG,2594681,aefeecf405633721876c6dc602f1d6838a10dab3e165d3f00a84332cc37c870d,train
tomato,Tomato_mold_leaf,IMG-20240724-WA0110.jpg,data\raw\tomato\tomato_pakistan\Tomato Dataset\Dataset (raw)\Tomato_mold_leaf\IMG-20240724-WA0110.jpg,D:\ZaraiAI_Tomato_Cotton_Wheat\data\raw\tomato\tomato_pakistan\Tomato Dataset\Dataset (raw)\Tomato_mold_leaf\IMG-20240724-WA0110.jpg,780,1040,3,JPEG,136165,05f703040f7deba235a932921a7f4e6fab4638ebff2e562fbd993b7fb73b3bd3,train
tomato,Tomato_Healthy_leaf,IMG_20251102_161647.jpg,data\raw\tomato\tomato_pakistan\Tomato Dataset\Dataset (raw)\Tomato_Healthy_leaf\IMG_20251102_161647.jpg,D:\ZaraiAI_Tomato_Cotton_Wheat\data\raw\tomato\tomato_pakistan\Tomato Dataset\Dataset (raw)\Tomato_Healthy_leaf\IMG_20251102_161647.jpg,4080,3072,3,JPEG,3136115,8ecc25fae1713e0f57d3729beddd5a04a250d0fb027b95f77f56ee7db78e5754,train
tomato,Tomato_Healthy_leaf,IMG_20251102_161859.jpg,data\raw\tomato\tomato_pakistan\Tomato Dataset\Dataset (raw)\Tomato_Healthy_leaf\IMG_20251102_161859.jpg,D:\ZaraiAI_Tomato_Cotton_Wheat\data\raw\tomato\tomato_pakistan\Tomato Dataset\Dataset (raw)\Tomato_Healthy_leaf\IMG_20251102_161859.jpg,3072,4080,3,JPEG,2923836,55a1c6c73d592038e729b477d238679a165d18a4823f25b93a5edaf7926e29d8,train
tomato,Tomato_Early_blight_leaf,IMG_20251102_155511.jpg,data\raw\tomato\tomato_pakistan\Tomato Dataset\Dataset (raw)\Tomato_Early_blight_leaf\IMG_20251102_155511.jpg,D:\ZaraiAI_Tomato_Cotton_Wheat\data\raw\tomato\tomato_pakistan\Tomato Dataset\Dataset (raw)\Tomato_Early_blight_leaf\IMG_20251102_155511.jpg,4080,3072,3,JPEG,1963798,caafd8a4f52547372020948179bd8bb2b6c0aa478c2d9a9e970b3e175bdb1d75,train
tomato,Tomato_mold_leaf,IMG-20240727-WA0156.jpg,data\raw\tomato\tomato_pakistan\Tomato Dataset\Dataset (raw)\Tomato_mold_leaf\IMG-20240727-WA0156.jpg,D:\ZaraiAI_Tomato_Cotton_Wheat\data\raw\tomato\tomato_pakistan\Tomato Dataset\Dataset (raw)\Tomato_mold_leaf\IMG-20240727-WA0156.jpg,780,1040,3,JPEG,88276,080e269e1a028d3dc533ff4f32551da7aec702a25b254d01542307c4b7314750,train
tomato,Tomato_Healthy_leaf,IMG_20251102_161931.jpg,data\raw\tomato\tomato_pakistan\Tomato Dataset\Dataset (raw)\Tomato_Healthy_leaf\IMG_20251102_161931.jpg,D:\ZaraiAI_Tomato_Cotton_Wheat\data\raw\tomato\tomato_pakistan\Tomato Dataset\Dataset (raw)\Tomato_Healthy_leaf\IMG_20251102_161931.jpg,3072,4080,3,JPEG,3763827,2efadf71ce8f26e2e3d115e814f56288bcbaf6581f726a4642d7e84be1c181a5,train
tomato,Tomato_mold_leaf,IMG_20251102_155427.jpg,data\raw\tomato\tomato_pakistan\Tomato Dataset\Dataset (raw)\Tomato_mold_leaf\IMG_20251102_155427.jpg,D:\ZaraiAI_Tomato_Cotton_Wheat\data\raw\tomato\tomato_pakistan\Tomato Dataset\Dataset (raw)\Tomato_mold_leaf\IMG_20251102_155427.jpg,3072,4080,3,JPEG,2326623,854a8dfa4775e0a58c118a639811be7a0d0d6b1e1b50ccbc77409d60de5ec384,train
tomato,Tomato_Early_blight_leaf,IMG-20240812-WA0153.jpg,data\raw\tomato\tomato_pakistan\Tomato Dataset\Dataset (raw)\Tomato_Early_blight_leaf\IMG-20240812-WA0153.jpg,D:\ZaraiAI_Tomato_Cotton_Wheat\data\raw\tomato\tomato_pakistan\Tomato Dataset\Dataset (raw)\Tomato_Early_blight_leaf\IMG-20240812-WA0153.jpg,3024,4032,3,JPEG,497008,c7b32484b0e30cff0cb3efc9bd556e6f0324cb23a6b11c77021b3f7a964dd756,train
tomato,Tomato_Septoria_leaf_spot,IMG-20240812-WA0141.jpg,data\raw\tomato\tomato_pakistan\Tomato Dataset\Dataset (raw)\Tomato_Septoria_leaf_spot\IMG-20240812-WA0141.jpg,D:\ZaraiAI_Tomato_Cotton_Wheat\data\raw\tomato\tomato_pakistan\Tomato Dataset\Dataset (raw)\Tomato_Septoria_leaf_spot\IMG-20240812-WA0141.jpg,3024,4032,3,JPEG,721550,ec4ad61b65960e1a19a1f92831ae7c6622262f182b2df6231a80ad25b4bd0f3c,train
tomato,Tomato_mold_leaf,IMG-20240728-WA0058.jpg,data\raw\tomato\tomato_pakistan\Tomato Dataset\Dataset (raw)\Tomato_mold_leaf\IMG-20240728-WA0058.jpg,D:\ZaraiAI_Tomato_Cotton_Wheat\data\raw\tomato\tomato_pakistan\Tomato Dataset\Dataset (raw)\Tomato_mold_leaf\IMG-20240728-WA0058.jpg,1040,780,3,JPEG,101041,3d3a70cbdff5d0bc83066b1d888e46e5487b5506f5d6b40df64632bdc94264dd,train
tomato,Tomato_Septoria_leaf_spot,Tomato+leaf+spot2.jpg,data\raw\tomato\tomato_pakistan\Tomato Dataset\Dataset (raw)\Tomato_Septoria_leaf_spot\Tomato+leaf+spot2.jpg,D:\ZaraiAI_Tomato_Cotton_Wheat\data\raw\tomato\tomato_pakistan\Tomato Dataset\Dataset (raw)\Tomato_Septoria_leaf_spot\Tomato+leaf+spot2.jpg,612,723,3,JPEG,234237,b74478400d645250748d20ab0e829d5bb9a94d90e8d8c342d6be21902cc27e74,train
tomato,Tomato_leaf_late_blight,lb7_l_jpg.rf.2d03090b83ffe2e7ff5bb09c3d4fa293.jpg,data\raw\tomato\tomato_pakistan\Tomato Dataset\Dataset (raw)\Tomato_leaf_late_blight\lb7_l_jpg.rf.2d03090b83ffe2e7ff5bb09c3d4fa293.jpg,D:\ZaraiAI_Tomato_Cotton_Wheat\data\raw\tomato\tomato_pakistan\Tomato Dataset\Dataset (raw)\Tomato_leaf_late_blight\lb7_l_jpg.rf.2d03090b83ffe2e7ff5bb09c3d4fa293.jpg,416,416,3,JPEG,28812,c891c2a7f36a5a0cdd5498ee973e1d694796e2a5358bbf42b0dc2e5a29d84bd6,train
tomato,Tomato_leaf_yellow_curl_virus,2.--Virused-tomato-leaves-versus.jpg,data\raw\tomato\tomato_pakistan\Tomato Dataset\Dataset (raw)\Tomato_leaf_yellow_curl_virus\2.--Virused-tomato-leaves-versus.jpg,D:\ZaraiAI_Tomato_Cotton_Wheat\data\raw\tomato\tomato_pakistan\Tomato Dataset\Dataset (raw)\Tomato_leaf_yellow_curl_virus\2.--Virused-tomato-leaves-versus.jpg,1800,903,3,JPEG,546658,7d74f2687d0bf3ca63e83dba705833a960a1f5ffccc669afaef72939cc1b3d1e,train
tomato,Tomato_leaf_late_blight,LB_ (369).jpg,data\raw\tomato\tomato_pakistan\Tomato Dataset\Dataset (raw)\Tomato_leaf_late_blight\LB_ (369).jpg,D:\ZaraiAI_Tomato_Cotton_Wheat\data\raw\tomato\tomato_pakistan\Tomato Dataset\Dataset (raw)\Tomato_leaf_late_blight\LB_ (369).jpg,1235,1051,3,JPEG,676892,be9b106043b7d340ffaa915fcda01d7b1966100e3df8337a281f48df9ee80bc0,train
tomato,Tomato_mold_leaf,IMG-20240728-WA0020.jpg,data\raw\tomato\tomato_pakistan\Tomato Dataset\Dataset (raw)\Tomato_mold_leaf\IMG-20240728-WA0020.jpg,D:\ZaraiAI_Tomato_Cotton_Wheat\data\raw\tomato\tomato_pakistan\Tomato Dataset\Dataset (raw)\Tomato_mold_leaf\IMG-20240728-WA0020.jpg,780,1040,3,JPEG,81680,b10c05f3444dcc1012a330f5386ebaa4154d668911cfe0eba6e7ac12ae9e251b,train
tomato,Tomato_mold_leaf,leaf_mold_tomato5x1200.jpg,data\raw\tomato\tomato_pakistan\Tomato Dataset\Dataset (raw)\Tomato_mold_leaf\leaf_mold_tomato5x1200.jpg,D:\ZaraiAI_Tomato_Cotton_Wheat\data\raw\tomato\tomato_pakistan\Tomato Dataset\Dataset (raw)\Tomato_mold_leaf\leaf_mold_tomato5x1200.jpg,1190,1989,3,JPEG,702459,4888387b4021c7b46985345f9a42bcf3c3fea8d3469b45efbda18a92cec15a4e,train
tomato,Tomato_Healthy_leaf,HL_(119).jpg,data\raw\tomato\tomato_pakistan\Tomato Dataset\Dataset (raw)\Tomato_Healthy_leaf\HL_(119).jpg,D:\ZaraiAI_Tomato_Cotton_Wheat\data\raw\tomato\tomato_pakistan\Tomato Dataset\Dataset (raw)\Tomato_Healthy_leaf\HL_(119).jpg,227,227,3,JPEG,12523,4d3eeadaf86bc214d763773673efb04331fe1189e4f918be5e91ecc5453b7dbc,train
tomato,Tomato_mold_leaf,IMG-20240724-WA0023.jpg,data\raw\tomato\tomato_pakistan\Tomato Dataset\Dataset (raw)\Tomato_mold_leaf\IMG-20240724-WA0023.jpg,D:\ZaraiAI_Tomato_Cotton_Wheat\data\raw\tomato\tomato_pakistan\Tomato Dataset\Dataset (raw)\Tomato_mold_leaf\IMG-20240724-WA0023.jpg,780,1040,3,JPEG,103310,a80295cfa5303d6e79b95e00741c5ddf0b5e8c80ce840bd1ed3bd68e6b2d74c4,train
tomato,Tomato_Septoria_leaf_spot,5454635393351680.jpeg.jpg,data\raw\tomato\tomato_pakistan\Tomato Dataset\Dataset (raw)\Tomato_Septoria_leaf_spot\5454635393351680.jpeg.jpg,D:\ZaraiAI_Tomato_Cotton_Wheat\data\raw\tomato\tomato_pakistan\Tomato Dataset\Dataset (raw)\Tomato_Septoria_leaf_spot\5454635393351680.jpeg.jpg,800,600,3,JPEG,137231,2d1dd4ee62ac32d32a27772ca50d261ad1d8484f7d2866fc378e4c82d2c9a183,train
tomato,Tomato_mold_leaf,tomato_leaf-mold_03_zoom.jpg,data\raw\tomato\tomato_pakistan\Tomato Dataset\Dataset (raw)\Tomato_mold_leaf\tomato_leaf-mold_03_zoom.jpg,D:\ZaraiAI_Tomato_Cotton_Wheat\data\raw\tomato\tomato_pakistan\Tomato Dataset\Dataset (raw)\Tomato_mold_leaf\tomato_leaf-mold_03_zoom.jpg,900,675,3,JPEG,126207,d62b398631f1a94c65861102977640110cf393c473975ffc25528ed81bc493b9,train
tomato,Tomato_Septoria_leaf_spot,SS_ (969).jpg,data\raw\tomato\tomato_pakistan\Tomato Dataset\Dataset (raw)\Tomato_Septoria_leaf_spot\SS_ (969).jpg,D:\ZaraiAI_Tomato_Cotton_Wheat\data\raw\tomato\tomato_pakistan\Tomato Dataset\Dataset (raw)\Tomato_Septoria_leaf_spot\SS_ (969).jpg,606,407,3,JPEG,136549,c49689283b00f4378717737cc4922d05ad1eb5d2643d53ea852221103a4dd405,train
tomato,Tomato_Early_blight_leaf,1723454507240.jpg,data\raw\tomato\tomato_pakistan\Tomato Dataset\Dataset (raw)\Tomato_Early_blight_leaf\1723454507240.jpg,D:\ZaraiAI_Tomato_Cotton_Wheat\data\raw\tomato\tomato_pakistan\Tomato Dataset\Dataset (raw)\Tomato_Early_blight_leaf\1723454507240.jpg,4000,2250,3,JPEG,3507173,e9b2ec69c792573bcc34e31129c82d1b98437564010bbf86ec38a63781d58687,train
tomato,Tomato_Healthy_leaf,HL_(161).jpg,data\raw\tomato\tomato_pakistan\Tomato Dataset\Dataset (raw)\Tomato_Healthy_leaf\HL_(161).jpg,D:\ZaraiAI_Tomato_Cotton_Wheat\data\raw\tomato\tomato_pakistan\Tomato Dataset\Dataset (raw)\Tomato_Healthy_leaf\HL_(161).jpg,227,227,3,JPEG,12008,2c6dddbf7686cff23ffaa95fc7fa6652fe7beea037782e2555e97836a73e7b8a,train
tomato,Tomato_mold_leaf,IMG-20240728-WA0077.jpg,data\raw\tomato\tomato_pakistan\Tomato Dataset\Dataset (raw)\Tomato_mold_leaf\IMG-20240728-WA0077.jpg,D:\ZaraiAI_Tomato_Cotton_Wheat\data\raw\tomato\tomato_pakistan\Tomato Dataset\Dataset (raw)\Tomato_mold_leaf\IMG-20240728-WA0077.jpg,780,1040,3,JPEG,101989,b1eb629c04ceac55d7c50cf7ab8e5ad7ad973d1d66edaa4237d5a5d2236f4df4,train
tomato,Tomato_Healthy_leaf,h104_change_270.jpg,data\raw\tomato\tomato_pakistan\Tomato Dataset\Dataset (raw)\Tomato_Healthy_leaf\h104_change_270.jpg,D:\ZaraiAI_Tomato_Cotton_Wheat\data\raw\tomato\tomato_pakistan\Tomato Dataset\Dataset (raw)\Tomato_Healthy_leaf\h104_change_270.jpg,227,227,3,JPEG,12061,ec7c8a8e5b2af7dc27a85d90c35a4dc7338b128ffaaf0b5bb3997d4f17aaa1d3,train
tomato,Tomato_Healthy_leaf,IMG_20251102_161940.jpg,data\raw\tomato\tomato_pakistan\Tomato Dataset\Dataset (raw)\Tomato_Healthy_leaf\IMG_20251102_161940.jpg,D:\ZaraiAI_Tomato_Cotton_Wheat\data\raw\tomato\tomato_pakistan\Tomato Dataset\Dataset (raw)\Tomato_Healthy_leaf\IMG_20251102_161940.jpg,3072,4080,3,JPEG,2492037,54979cef945b80b6790ea4e3244fc8a5474c3be70c5b18c6aa88236b10fe62d8,train
tomato,Tomato_leaf_late_blight,IMG_20251102_155822.jpg,data\raw\tomato\tomato_pakistan\Tomato Dataset\Dataset (raw)\Tomato_leaf_late_blight\IMG_20251102_155822.jpg,D:\ZaraiAI_Tomato_Cotton_Wheat\data\raw\tomato\tomato_pakistan\Tomato Dataset\Dataset (raw)\Tomato_leaf_late_blight\IMG_20251102_155822.jpg,3072,4080,3,JPEG,2608903,df744cd535c3398620a9ce8ad9b2a38a20ba037434d6848e079870070c0ddb87,train
tomato,Tomato_leaf_yellow_curl_virus,IMG_20251102_160553.jpg,data\raw\tomato\tomato_pakistan\Tomato Dataset\Dataset (raw)\Tomato_leaf_yellow_curl_virus\IMG_20251102_160553.jpg,D:\ZaraiAI_Tomato_Cotton_Wheat\data\raw\tomato\tomato_pakistan\Tomato Dataset\Dataset (raw)\Tomato_leaf_yellow_curl_virus\IMG_20251102_160553.jpg,4080,3072,3,JPEG,2837888,a508edc554a24937de47114143ad1c8d5a9f0d128ef548543267cb32374a16ec,train
tomato,Tomato_Early_blight_leaf,IMG_20251102_155205.jpg,data\raw\tomato\tomato_pakistan\Tomato Dataset\Dataset (raw)\Tomato_Early_blight_leaf\IMG_20251102_155205.jpg,D:\ZaraiAI_Tomato_Cotton_Wheat\data\raw\tomato\tomato_pakistan\Tomato Dataset\Dataset (raw)\Tomato_Early_blight_leaf\IMG_20251102_155205.jpg,3072,4080,3,JPEG,2604077,c57e8681c6a8fe65a3eef0d9614fa42345bc90f0c3d0172c4db42a66d3ef4c0a,train
tomato,Tomato_Septoria_leaf_spot,Bean-rust-on-leaves.jpg,data\raw\tomato\tomato_pakistan\Tomato Dataset\Dataset (raw)\Tomato_Septoria_leaf_spot\Bean-rust-on-leaves.jpg,D:\ZaraiAI_Tomato_Cotton_Wheat\data\raw\tomato\tomato_pakistan\Tomato Dataset\Dataset (raw)\Tomato_Septoria_leaf_spot\Bean-rust-on-leaves.jpg,257,196,3,JPEG,10339,85b702cb6875f9eb76b00332ac5205d46056302b38618912090b3952a82f8779,train
tomato,Tomato_leaf_late_blight,Gls35.jpg,data\raw\tomato\tomato_pakistan\Tomato Dataset\Dataset (raw)\Tomato_leaf_late_blight\Gls35.jpg,D:\ZaraiAI_Tomato_Cotton_Wheat\data\raw\tomato\tomato_pakistan\Tomato Dataset\Dataset (raw)\Tomato_leaf_late_blight\Gls35.jpg,227,227,3,JPEG,10900,8f1803b135a1a38e1aa17a27dc19664821d9be33384d5e08c0f31b166a74a2ef,train
tomato,Tomato_mold_leaf,IMG-20240727-WA0124.jpg,data\raw\tomato\tomato_pakistan\Tomato Dataset\Dataset (raw)\Tomato_mold_leaf\IMG-20240727-WA0124.jpg,D:\ZaraiAI_Tomato_Cotton_Wheat\data\raw\tomato\tomato_pakistan\Tomato Dataset\Dataset (raw)\Tomato_mold_leaf\IMG-20240727-WA0124.jpg,780,1040,3,JPEG,100288,50ff5feff948a12a65d566beaf991420f273e6b80d44112d259b4a235b0a405c,train
tomato,Tomato_Septoria_leaf_spot,early-blight-septoria-ls-fig-3.jpg,data\raw\tomato\tomato_pakistan\Tomato Dataset\Dataset (raw)\Tomato_Septoria_leaf_spot\early-blight-septoria-ls-fig-3.jpg,D:\ZaraiAI_Tomato_Cotton_Wheat\data\raw\tomato\tomato_pakistan\Tomato Dataset\Dataset (raw)\Tomato_Septoria_leaf_spot\early-blight-septoria-ls-fig-3.jpg,1500,1125,3,JPEG,1178259,93c989d8551209bf34d4002ee9fae48ddbf6ab66fc3c27466c0473bcc7c0a2b7,train
tomato,Tomato_Early_blight_leaf,Early_Blight_of_Tomato1687.jpg,data\raw\tomato\tomato_pakistan\Tomato Dataset\Dataset (raw)\Tomato_Early_blight_leaf\Early_Blight_of_Tomato1687.jpg,D:\ZaraiAI_Tomato_Cotton_Wheat\data\raw\tomato\tomato_pakistan\Tomato Dataset\Dataset (raw)\Tomato_Early_blight_leaf\Early_Blight_of_Tomato1687.jpg,800,600,3,JPEG,47801,12ce0c3a8c2a2004e28e6927eddfa5199c1e7b5e1bc3f2cf6f1d9eb43824f620,train
tomato,Tomato_mold_leaf,IMG-20240728-WA0015.jpg,data\raw\tomato\tomato_pakistan\Tomato Dataset\Dataset (raw)\Tomato_mold_leaf\IMG-20240728-WA0015.jpg,D:\ZaraiAI_Tomato_Cotton_Wheat\data\raw\tomato\tomato_pakistan\Tomato Dataset\Dataset (raw)\Tomato_mold_leaf\IMG-20240728-WA0015.jpg,1040,780,3,JPEG,69887,336ef7aef86b6c28fd4f05feb8cd0224806934711c9a7e4d0ac6f9ddd3761598,train
tomato,Tomato_Early_blight_leaf,Gls42.jpg,data\raw\tomato\tomato_pakistan\Tomato Dataset\Dataset (raw)\Tomato_Early_blight_leaf\Gls42.jpg,D:\ZaraiAI_Tomato_Cotton_Wheat\data\raw\tomato\tomato_pakistan\Tomato Dataset\Dataset (raw)\Tomato_Early_blight_leaf\Gls42.jpg,227,227,3,JPEG,10941,4f1fa2d46a69942125cacf34146f04a788b8ddcdb8e0f9dda32a426329e3e98d,train
tomato,Tomato_Early_blight_leaf,IMG_20251102_155250.jpg,data\raw\tomato\tomato_pakistan\Tomato Dataset\Dataset (raw)\Tomato_Early_blight_leaf\IMG_20251102_155250.jpg,D:\ZaraiAI_Tomato_Cotton_Wheat\data\raw\tomato\tomato_pakistan\Tomato Dataset\Dataset (raw)\Tomato_Early_blight_leaf\IMG_20251102_155250.jpg,3072,4080,3,JPEG,2617653,d346cb807f0b9e41dc3236ed153c4b4992178b4ea10748ae7c54634d5918cf66,train
tomato,Tomato_Septoria_leaf_spot,b54d0e40027ff5e90e8ba7e1e9abf9bd.jpg,data\raw\tomato\tomato_pakistan\Tomato Dataset\Dataset (raw)\Tomato_Septoria_leaf_spot\b54d0e40027ff5e90e8ba7e1e9abf9bd.jpg,D:\ZaraiAI_Tomato_Cotton_Wheat\data\raw\tomato\tomato_pakistan\Tomato Dataset\Dataset (raw)\Tomato_Septoria_leaf_spot\b54d0e40027ff5e90e8ba7e1e9abf9bd.jpg,200,150,3,JPEG,8092,d4ac24bc0922e6a642cfa1395b82d656190694bcda7e6d542ed44abac2c4f2e5,train
tomato,Tomato_leaf_yellow_curl_virus,IMG_20251102_160455.jpg,data\raw\tomato\tomato_pakistan\Tomato Dataset\Dataset (raw)\Tomato_leaf_yellow_curl_virus\IMG_20251102_160455.jpg,D:\ZaraiAI_Tomato_Cotton_Wheat\data\raw\tomato\tomato_pakistan\Tomato Dataset\Dataset (raw)\Tomato_leaf_yellow_curl_virus\IMG_20251102_160455.jpg,4080,3072,3,JPEG,1945976,18f87c733366c3200c66d7c13dfe8bf377d339d581a62c56f1e3d060360bdf4d,train
tomato,Tomato_Septoria_leaf_spot,blog_early_blight_628.jpg,data\raw\tomato\tomato_pakistan\Tomato Dataset\Dataset (raw)\Tomato_Septoria_leaf_spot\blog_early_blight_628.jpg,D:\ZaraiAI_Tomato_Cotton_Wheat\data\raw\tomato\tomato_pakistan\Tomato Dataset\Dataset (raw)\Tomato_Septoria_leaf_spot\blog_early_blight_628.jpg,432,652,3,JPEG,279599,ad58b81b4efb75dab014cfd52f1a36f5a6aa5cccb2459f4a08fed3478bf0017b,train
tomato,Tomato_Healthy_leaf,69_27_632_1200.jpg,data\raw\tomato\tomato_pakistan\Tomato Dataset\Dataset (raw)\Tomato_Healthy_leaf\69_27_632_1200.jpg,D:\ZaraiAI_Tomato_Cotton_Wheat\data\raw\tomato\tomato_pakistan\Tomato Dataset\Dataset (raw)\Tomato_Healthy_leaf\69_27_632_1200.jpg,1200,800,3,JPEG,112984,8b2d3f70c1ee0805e04956ff4949bf62312be22b49a5c3e3a7dc26299b6c0901,train
tomato,Tomato_leaf_late_blight,tomato_late-blight_01_zoom.jpg,data\raw\tomato\tomato_pakistan\Tomato Dataset\Dataset (raw)\Tomato_leaf_late_blight\tomato_late-blight_01_zoom.jpg,D:\ZaraiAI_Tomato_Cotton_Wheat\data\raw\tomato\tomato_pakistan\Tomato Dataset\Dataset (raw)\Tomato_leaf_late_blight\tomato_late-blight_01_zoom.jpg,900,598,3,JPEG,176818,f336ee6b656ac4d98edb97e713a323db08f66b086da4169751e9d685ea67906f,train
tomato,Tomato_Healthy_leaf,IMG_20251102_162033.jpg,data\raw\tomato\tomato_pakistan\Tomato Dataset\Dataset (raw)\Tomato_Healthy_leaf\IMG_20251102_162033.jpg,D:\ZaraiAI_Tomato_Cotton_Wheat\data\raw\tomato\tomato_pakistan\Tomato Dataset\Dataset (raw)\Tomato_Healthy_leaf\IMG_20251102_162033.jpg,3072,4080,3,JPEG,2366440,64be5b98c55ffd4bbdd2eb4195c652dd29016ff82e6e6a24171e3c2e52746442,train
tomato,Tomato_mold_leaf,IMG-20240727-WA0041.jpg,data\raw\tomato\tomato_pakistan\Tomato Dataset\Dataset (raw)\Tomato_mold_leaf\IMG-20240727-WA0041.jpg,D:\ZaraiAI_Tomato_Cotton_Wheat\data\raw\tomato\tomato_pakistan\Tomato Dataset\Dataset (raw)\Tomato_mold_leaf\IMG-20240727-WA0041.jpg,780,1040,3,JPEG,83934,8f4e7a5298077597cd27a3cc873573aa264399341c9c41a8f5687ba5105aad18,train
tomato,Tomato_leaf_yellow_curl_virus,s-prasanth-kumar-young-scientist-awarded-presentation-2-728.jpg,data\raw\tomato\tomato_pakistan\Tomato Dataset\Dataset (raw)\Tomato_leaf_yellow_curl_virus\s-prasanth-kumar-young-scientist-awarded-presentation-2-728.jpg,D:\ZaraiAI_Tomato_Cotton_Wheat\data\raw\tomato\tomato_pakistan\Tomato Dataset\Dataset (raw)\Tomato_leaf_yellow_curl_virus\s-prasanth-kumar-young-scientist-awarded-presentation-2-728.jpg,320,159,3,JPEG,31040,53c1b579e2a3440f39771ca845d7ae166c59670df9da37fb335e52b9317a89ec,train
tomato,Tomato_leaf_late_blight,Late-blight-symptoms-on-tomato-leaves-1r3uhy2.jpg,data\raw\tomato\tomato_pakistan\Tomato Dataset\Dataset (raw)\Tomato_leaf_late_blight\Late-blight-symptoms-on-tomato-leaves-1r3uhy2.jpg,D:\ZaraiAI_Tomato_Cotton_Wheat\data\raw\tomato\tomato_pakistan\Tomato Dataset\Dataset (raw)\Tomato_leaf_late_blight\Late-blight-symptoms-on-tomato-leaves-1r3uhy2.jpg,2608,3370,3,JPEG,1774865,23f1b3eb30a0a7a33c0bca7a94d448820bbecba9d52d9c23723cb921d3265675,train
tomato,Tomato_leaf_late_blight,Lb97.JPG,data\raw\tomato\tomato_pakistan\Tomato Dataset\Dataset (raw)\Tomato_leaf_late_blight\Lb97.JPG,D:\ZaraiAI_Tomato_Cotton_Wheat\data\raw\tomato\tomato_pakistan\Tomato Dataset\Dataset (raw)\Tomato_leaf_late_blight\Lb97.JPG,227,227,3,JPEG,10847,22aba8d52b1beb5c369ce868a9bb8f7ffa0cdd1c9d9927ba0280973524312b2e,train
tomato,Tomato_mold_leaf,Fig.%2015_opta.jpg,data\raw\tomato\tomato_pakistan\Tomato Dataset\Dataset (raw)\Tomato_mold_leaf\Fig.%2015_opta.jpg,D:\ZaraiAI_Tomato_Cotton_Wheat\data\raw\tomato\tomato_pakistan\Tomato Dataset\Dataset (raw)\Tomato_mold_leaf\Fig.%2015_opta.jpg,1055,1478,3,JPEG,550428,acd3930fc33f62d33af4fe268ede6066da861853092e9ba7da185c83bb52c181,train
tomato,Tomato_Early_blight_leaf,IMG_20251102_154008.jpg,data\raw\tomato\tomato_pakistan\Tomato Dataset\Dataset (raw)\Tomato_Early_blight_leaf\IMG_20251102_154008.jpg,D:\ZaraiAI_Tomato_Cotton_Wheat\data\raw\tomato\tomato_pakistan\Tomato Dataset\Dataset (raw)\Tomato_Early_blight_leaf\IMG_20251102_154008.jpg,3072,4080,3,JPEG,3804959,d209d57f147b3bad515c2c0570fbda9e297f43ea6c3f11a67f6c8de8d24ce3de,train
tomato,Tomato_Healthy_leaf,IMG_20251102_161827.jpg,data\raw\tomato\tomato_pakistan\Tomato Dataset\Dataset (raw)\Tomato_Healthy_leaf\IMG_20251102_161827.jpg,D:\ZaraiAI_Tomato_Cotton_Wheat\data\raw\tomato\tomato_pakistan\Tomato Dataset\Dataset (raw)\Tomato_Healthy_leaf\IMG_20251102_161827.jpg,3072,4080,3,JPEG,3276671,861ca1d5a8a9716729f4b0857b823d3ba242b360b68c9fa7bec6589b060841d4,train
tomato,Tomato_Early_blight_leaf,IMG_20251102_155133.jpg,data\raw\tomato\tomato_pakistan\Tomato Dataset\Dataset (raw)\Tomato_Early_blight_leaf\IMG_20251102_155133.jpg,D:\ZaraiAI_Tomato_Cotton_Wheat\data\raw\tomato\tomato_pakistan\Tomato Dataset\Dataset (raw)\Tomato_Early_blight_leaf\IMG_20251102_155133.jpg,3072,4080,3,JPEG,2458403,d7b7f6632f312802b10ca7a9defc71f04b12e53a82d91f9958911e0267e02d08,train
tomato,Tomato_Septoria_leaf_spot,IMG-20240812-WA0363.jpg,data\raw\tomato\tomato_pakistan\Tomato Dataset\Dataset (raw)\Tomato_Septoria_leaf_spot\IMG-20240812-WA0363.jpg,D:\ZaraiAI_Tomato_Cotton_Wheat\data\raw\tomato\tomato_pakistan\Tomato Dataset\Dataset (raw)\Tomato_Septoria_leaf_spot\IMG-20240812-WA0363.jpg,4000,3000,3,JPEG,959154,cd455a0773395f682f632c06384bdc16bbc8880320cd821f30d423a9e065d54f,train
tomato,Tomato_Septoria_leaf_spot,leafspot-5aba8283642dca003687f6fa.jpg,data\raw\tomato\tomato_pakistan\Tomato Dataset\Dataset (raw)\Tomato_Septoria_leaf_spot\leafspot-5aba8283642dca003687f6fa.jpg,D:\ZaraiAI_Tomato_Cotton_Wheat\data\raw\tomato\tomato_pakistan\Tomato Dataset\Dataset (raw)\Tomato_Septoria_leaf_spot\leafspot-5aba8283642dca003687f6fa.jpg,425,424,3,JPEG,35223,0a6432ca76944dc5fa8c7dd644914dd64b05a776131a27f5d9960c53ea97861a,train
tomato,Tomato_Healthy_leaf,h64.jpg,data\raw\tomato\tomato_pakistan\Tomato Dataset\Dataset (raw)\Tomato_Healthy_leaf\h64.jpg,D:\ZaraiAI_Tomato_Cotton_Wheat\data\raw\tomato\tomato_pakistan\Tomato Dataset\Dataset (raw)\Tomato_Healthy_leaf\h64.jpg,227,227,3,JPEG,11579,abd06346ecd67dc9611872fccf9534c3711638e250950477daaadc1758951c8b,train
tomato,Tomato_Septoria_leaf_spot,1723454507962.jpg,data\raw\tomato\tomato_pakistan\Tomato Dataset\Dataset (raw)\Tomato_Septoria_leaf_spot\1723454507962.jpg,D:\ZaraiAI_Tomato_Cotton_Wheat\data\raw\tomato\tomato_pakistan\Tomato Dataset\Dataset (raw)\Tomato_Septoria_leaf_spot\1723454507962.jpg,4000,2250,3,JPEG,3657773,2fac967a5d8e49caecb48fef662388fb314048704db2c0d5b91887c53cae02c2,train
tomato,Tomato_leaf_yellow_curl_virus,1422_0_jpeg_jpg.rf.141e71ae4e0fb1b8cf91de832e61eea5.jpg,data\raw\tomato\tomato_pakistan\Tomato Dataset\Dataset (raw)\Tomato_leaf_yellow_curl_virus\1422_0_jpeg_jpg.rf.141e71ae4e0fb1b8cf91de832e61eea5.jpg,D:\ZaraiAI_Tomato_Cotton_Wheat\data\raw\tomato\tomato_pakistan\Tomato Dataset\Dataset (raw)\Tomato_leaf_yellow_curl_virus\1422_0_jpeg_jpg.rf.141e71ae4e0fb1b8cf91de832e61eea5.jpg,416,416,3,JPEG,37197,73eea72a58ee918da49f9466c186a9821128422266ef4058134d3b0158a05923,train
tomato,Tomato_Septoria_leaf_spot,septoria-leaf-spot-on-tomato-1.jpg,data\raw\tomato\tomato_pakistan\Tomato Dataset\Dataset (raw)\Tomato_Septoria_leaf_spot\septoria-leaf-spot-on-tomato-1.jpg,D:\ZaraiAI_Tomato_Cotton_Wheat\data\raw\tomato\tomato_pakistan\Tomato Dataset\Dataset (raw)\Tomato_Septoria_leaf_spot\septoria-leaf-spot-on-tomato-1.jpg,2996,3070,3,JPEG,2309676,512395a4bf57a26d61d905ed8abac9f2b8abdcb77a91ada0369ced54db7b45f0,train
tomato,Tomato_mold_leaf,IMG-20240728-WA0047.jpg,data\raw\tomato\tomato_pakistan\Tomato Dataset\Dataset (raw)\Tomato_mold_leaf\IMG-20240728-WA0047.jpg,D:\ZaraiAI_Tomato_Cotton_Wheat\data\raw\tomato\tomato_pakistan\Tomato Dataset\Dataset (raw)\Tomato_mold_leaf\IMG-20240728-WA0047.jpg,1040,780,3,JPEG,98772,61756306b29dd60a582624d9a320308df71d0b2c433b86dabbd646592e5c67fb,train
tomato,Tomato_leaf_late_blight,Late_blight_on_tomato_leaf_%287871756748%29.jpg,data\raw\tomato\tomato_pakistan\Tomato Dataset\Dataset (raw)\Tomato_leaf_late_blight\Late_blight_on_tomato_leaf_%287871756748%29.jpg,D:\ZaraiAI_Tomato_Cotton_Wheat\data\raw\tomato\tomato_pakistan\Tomato Dataset\Dataset (raw)\Tomato_leaf_late_blight\Late_blight_on_tomato_leaf_%287871756748%29.jpg,3872,2592,3,JPEG,3743976,c307edf59875fa677c15ecdad3b10230d96886942fda2f743ebda8880ad2882e,train
tomato,Tomato_Septoria_leaf_spot,Early-blight-300x225.jpg,data\raw\tomato\tomato_pakistan\Tomato Dataset\Dataset (raw)\Tomato_Septoria_leaf_spot\Early-blight-300x225.jpg,D:\ZaraiAI_Tomato_Cotton_Wheat\data\raw\tomato\tomato_pakistan\Tomato Dataset\Dataset (raw)\Tomato_Septoria_leaf_spot\Early-blight-300x225.jpg,300,225,3,JPEG,20053,08ad2ce54fb5aaa869ba1143af41b937410f53ae40512e3356e29161608c807f,train
tomato,Tomato_leaf_late_blight,Lb87_change_90.jpg,data\raw\tomato\tomato_pakistan\Tomato Dataset\Dataset (raw)\Tomato_leaf_late_blight\Lb87_change_90.jpg,D:\ZaraiAI_Tomato_Cotton_Wheat\data\raw\tomato\tomato_pakistan\Tomato Dataset\Dataset (raw)\Tomato_leaf_late_blight\Lb87_change_90.jpg,227,227,3,JPEG,10519,298bcb1e6131037fc14580777dd5be7db51470e7bb7ee22dacd7efdcc7377dd7,train
tomato,Tomato_Septoria_leaf_spot,Gls37.jpg,data\raw\tomato\tomato_pakistan\Tomato Dataset\Dataset (raw)\Tomato_Septoria_leaf_spot\Gls37.jpg,D:\ZaraiAI_Tomato_Cotton_Wheat\data\raw\tomato\tomato_pakistan\Tomato Dataset\Dataset (raw)\Tomato_Septoria_leaf_spot\Gls37.jpg,227,227,3,JPEG,11983,9322d1fba880571369c1c09ed0dd31bfc8b3021e095ca1dd0039f245a8439ab4,train
tomato,Tomato_mold_leaf,IMG-20240727-WA0155.jpg,data\raw\tomato\tomato_pakistan\Tomato Dataset\Dataset (raw)\Tomato_mold_leaf\IMG-20240727-WA0155.jpg,D:\ZaraiAI_Tomato_Cotton_Wheat\data\raw\tomato\tomato_pakistan\Tomato Dataset\Dataset (raw)\Tomato_mold_leaf\IMG-20240727-WA0155.jpg,780,1040,3,JPEG,82891,9b4d4b9bad8292af7dd6cf90f576b73abd4e2492f3a086f5d89160f151997dfe,train
tomato,Tomato_Early_blight_leaf,Gls65_change_270.jpg,data\raw\tomato\tomato_pakistan\Tomato Dataset\Dataset (raw)\Tomato_Early_blight_leaf\Gls65_change_270.jpg,D:\ZaraiAI_Tomato_Cotton_Wheat\data\raw\tomato\tomato_pakistan\Tomato Dataset\Dataset (raw)\Tomato_Early_blight_leaf\Gls65_change_270.jpg,227,227,3,JPEG,11620,a5b9669805008d85e49d705bb5108b641715f4719b378ee45d090b183aac8a18,train
tomato,Tomato_Healthy_leaf,h44.jpg,data\raw\tomato\tomato_pakistan\Tomato Dataset\Dataset (raw)\Tomato_Healthy_leaf\h44.jpg,D:\ZaraiAI_Tomato_Cotton_Wheat\data\raw\tomato\tomato_pakistan\Tomato Dataset\Dataset (raw)\Tomato_Healthy_leaf\h44.jpg,227,227,3,JPEG,14897,f606bffe58577935ee8ac7c6bc40f91f64fe8e987ea37618719f87589bbccba2,train
tomato,Tomato_mold_leaf,IMG-20240727-WA0045.jpg,data\raw\tomato\tomato_pakistan\Tomato Dataset\Dataset (raw)\Tomato_mold_leaf\IMG-20240727-WA0045.jpg,D:\ZaraiAI_Tomato_Cotton_Wheat\data\raw\tomato\tomato_pakistan\Tomato Dataset\Dataset (raw)\Tomato_mold_leaf\IMG-20240727-WA0045.jpg,780,1040,3,JPEG,85433,55d5da373384f7e6ae84d1952e510a71eeb88fc84602c215c9fbc350d412ec7f,train
tomato,Tomato_Early_blight_leaf,IMG-20240812-WA0261.jpg,data\raw\tomato\tomato_pakistan\Tomato Dataset\Dataset (raw)\Tomato_Early_blight_leaf\IMG-20240812-WA0261.jpg,D:\ZaraiAI_Tomato_Cotton_Wheat\data\raw\tomato\tomato_pakistan\Tomato Dataset\Dataset (raw)\Tomato_Early_blight_leaf\IMG-20240812-WA0261.jpg,3024,4032,3,JPEG,544725,b48a8cea127aef199038dff8dd0f22c78cc9303215a4f2ea6af3ba7cdedb916f,train
tomato,Tomato_Healthy_leaf,IMG_20251102_161817.jpg,data\raw\tomato\tomato_pakistan\Tomato Dataset\Dataset (raw)\Tomato_Healthy_leaf\IMG_20251102_161817.jpg,D:\ZaraiAI_Tomato_Cotton_Wheat\data\raw\tomato\tomato_pakistan\Tomato Dataset\Dataset (raw)\Tomato_Healthy_leaf\IMG_20251102_161817.jpg,3072,4080,3,JPEG,3068684,caa87b0bab3980345ea98d67ffe3fcf207f725b6cd14c8924ae840d18f6cc6c0,train
tomato,Tomato_Septoria_leaf_spot,IMG-20240812-WA0143.jpg,data\raw\tomato\tomato_pakistan\Tomato Dataset\Dataset (raw)\Tomato_Septoria_leaf_spot\IMG-20240812-WA0143.jpg,D:\ZaraiAI_Tomato_Cotton_Wheat\data\raw\tomato\tomato_pakistan\Tomato Dataset\Dataset (raw)\Tomato_Septoria_leaf_spot\IMG-20240812-WA0143.jpg,3024,4032,3,JPEG,662967,ce734ae54512fa13f105a01e7f71297d33026823e605665db60d6f4d163af089,train
tomato,Tomato_leaf_yellow_curl_virus,IMG_20251102_155916.jpg,data\raw\tomato\tomato_pakistan\Tomato Dataset\Dataset (raw)\Tomato_leaf_yellow_curl_virus\IMG_20251102_155916.jpg,D:\ZaraiAI_Tomato_Cotton_Wheat\data\raw\tomato\tomato_pakistan\Tomato Dataset\Dataset (raw)\Tomato_leaf_yellow_curl_virus\IMG_20251102_155916.jpg,4080,3072,3,JPEG,4003892,d4525d06a161071349d89950b12135237908f7ae7a1c63061650f1c237712a25,train
tomato,Tomato_mold_leaf,IMG-20240724-WA0114.jpg,data\raw\tomato\tomato_pakistan\Tomato Dataset\Dataset (raw)\Tomato_mold_leaf\IMG-20240724-WA0114.jpg,D:\ZaraiAI_Tomato_Cotton_Wheat\data\raw\tomato\tomato_pakistan\Tomato Dataset\Dataset (raw)\Tomato_mold_leaf\IMG-20240724-WA0114.jpg,780,1040,3,JPEG,106093,efeba65a82ede4c68625f938e2dd6660e0506895171bc4a97f2f33fd2a8510a7,train
tomato,Tomato_Septoria_leaf_spot,septoria-leaf-spot-tomato-1.jpg,data\raw\tomato\tomato_pakistan\Tomato Dataset\Dataset (raw)\Tomato_Septoria_leaf_spot\septoria-leaf-spot-tomato-1.jpg,D:\ZaraiAI_Tomato_Cotton_Wheat\data\raw\tomato\tomato_pakistan\Tomato Dataset\Dataset (raw)\Tomato_Septoria_leaf_spot\septoria-leaf-spot-tomato-1.jpg,300,200,3,JPEG,15278,c2df9ef9cc05534ad4855678f62bfe9d5312aa9dc0e53c0c5e8f5b13f69ab713,train
tomato,Tomato_mold_leaf,tomato-leaf-2.jpg,data\raw\tomato\tomato_pakistan\Tomato Dataset\Dataset (raw)\Tomato_mold_leaf\tomato-leaf-2.jpg,D:\ZaraiAI_Tomato_Cotton_Wheat\data\raw\tomato\tomato_pakistan\Tomato Dataset\Dataset (raw)\Tomato_mold_leaf\tomato-leaf-2.jpg,2048,1536,3,JPEG,439853,eaf1614e496a4d6c7a7b1a5da9aa3320b01bcf4940acea3615e4267a8177de31,train
tomato,Tomato_Early_blight_leaf,IMG_20251102_155634.jpg,data\raw\tomato\tomato_pakistan\Tomato Dataset\Dataset (raw)\Tomato_Early_blight_leaf\IMG_20251102_155634.jpg,D:\ZaraiAI_Tomato_Cotton_Wheat\data\raw\tomato\tomato_pakistan\Tomato Dataset\Dataset (raw)\Tomato_Early_blight_leaf\IMG_20251102_155634.jpg,4080,3072,3,JPEG,3938608,3d178ddb33ab2e83d85062bc2283f3c2fd3f50a5ce8c3c12bec3dc626fcb9775,train
tomato,Tomato_mold_leaf,23601051_1572608349449262_2029169498_o.jpg,data\raw\tomato\tomato_pakistan\Tomato Dataset\Dataset (raw)\Tomato_mold_leaf\23601051_1572608349449262_2029169498_o.jpg,D:\ZaraiAI_Tomato_Cotton_Wheat\data\raw\tomato\tomato_pakistan\Tomato Dataset\Dataset (raw)\Tomato_mold_leaf\23601051_1572608349449262_2029169498_o.jpg,1440,1920,3,JPEG,184101,881683b24a9d1ccdf9ebcf4b1a5a2f5815975cc08cfef9ccc974b63981173d51,train
tomato,Tomato_Septoria_leaf_spot,b6ca3f80-cc10-4d4f-be0d-771deb9a4969.jpeg.jpg,data\raw\tomato\tomato_pakistan\Tomato Dataset\Dataset (raw)\Tomato_Septoria_leaf_spot\b6ca3f80-cc10-4d4f-be0d-771deb9a4969.jpeg.jpg,D:\ZaraiAI_Tomato_Cotton_Wheat\data\raw\tomato\tomato_pakistan\Tomato Dataset\Dataset (raw)\Tomato_Septoria_leaf_spot\b6ca3f80-cc10-4d4f-be0d-771deb9a4969.jpeg.jpg,198,143,3,JPEG,12478,25d74b6b33d681dde40ecc404b655510b1c2dc763006d90fa8996dd8be2c7afe,train
tomato,Tomato_mold_leaf,IMG-20240728-WA0075.jpg,data\raw\tomato\tomato_pakistan\Tomato Dataset\Dataset (raw)\Tomato_mold_leaf\IMG-20240728-WA0075.jpg,D:\ZaraiAI_Tomato_Cotton_Wheat\data\raw\tomato\tomato_pakistan\Tomato Dataset\Dataset (raw)\Tomato_mold_leaf\IMG-20240728-WA0075.jpg,1040,780,3,JPEG,83033,d0411953545c5d634808ebb0018346d45515698d656dbea35d8de87a6fc9f3b8,train
tomato,Tomato_Healthy_leaf,IMG_20251102_161844.jpg,data\raw\tomato\tomato_pakistan\Tomato Dataset\Dataset (raw)\Tomato_Healthy_leaf\IMG_20251102_161844.jpg,D:\ZaraiAI_Tomato_Cotton_Wheat\data\raw\tomato\tomato_pakistan\Tomato Dataset\Dataset (raw)\Tomato_Healthy_leaf\IMG_20251102_161844.jpg,3072,4080,3,JPEG,2352068,fc5e167e0a9ca4d6334c7f160320fe4a22918403e97ad1d2374cf3b31026dd01,train
tomato,Tomato_Healthy_leaf,IMG_20251102_161853.jpg,data\raw\tomato\tomato_pakistan\Tomato Dataset\Dataset (raw)\Tomato_Healthy_leaf\IMG_20251102_161853.jpg,D:\ZaraiAI_Tomato_Cotton_Wheat\data\raw\tomato\tomato_pakistan\Tomato Dataset\Dataset (raw)\Tomato_Healthy_leaf\IMG_20251102_161853.jpg,3072,4080,3,JPEG,2181569,bdd77e567a32fc42991747cad05d468c48a349a3ab76151b2cb87f6488abd789,train
tomato,Tomato_mold_leaf,IMG-20240728-WA0053.jpg,data\raw\tomato\tomato_pakistan\Tomato Dataset\Dataset (raw)\Tomato_mold_leaf\IMG-20240728-WA0053.jpg,D:\ZaraiAI_Tomato_Cotton_Wheat\data\raw\tomato\tomato_pakistan\Tomato Dataset\Dataset (raw)\Tomato_mold_leaf\IMG-20240728-WA0053.jpg,780,1040,3,JPEG,85684,d35359c3dc69c5bcde5bf6742467b511054992fed469b751de33a0d4d79ee738,train
tomato,Tomato_Early_blight_leaf,EB_(973).jpg,data\raw\tomato\tomato_pakistan\Tomato Dataset\Dataset (raw)\Tomato_Early_blight_leaf\EB_(973).jpg,D:\ZaraiAI_Tomato_Cotton_Wheat\data\raw\tomato\tomato_pakistan\Tomato Dataset\Dataset (raw)\Tomato_Early_blight_leaf\EB_(973).jpg,800,600,3,JPEG,265403,7a4acf69b4c2e40021ae5c225a9e82b7a4d0a19977401033cff9c57771d3b439,train
tomato,Tomato_leaf_yellow_curl_virus,IMG_20251102_154344.jpg,data\raw\tomato\tomato_pakistan\Tomato Dataset\Dataset (raw)\Tomato_leaf_yellow_curl_virus\IMG_20251102_154344.jpg,D:\ZaraiAI_Tomato_Cotton_Wheat\data\raw\tomato\tomato_pakistan\Tomato Dataset\Dataset (raw)\Tomato_leaf_yellow_curl_virus\IMG_20251102_154344.jpg,3072,4080,3,JPEG,2425649,0a5773a77f48764522f08e92e8f40f72a4b887dd6c043d3e4dbfee4728d1aef0,train
tomato,Tomato_Early_blight_leaf,IMG_20251102_160221.jpg,data\raw\tomato\tomato_pakistan\Tomato Dataset\Dataset (raw)\Tomato_Early_blight_leaf\IMG_20251102_160221.jpg,D:\ZaraiAI_Tomato_Cotton_Wheat\data\raw\tomato\tomato_pakistan\Tomato Dataset\Dataset (raw)\Tomato_Early_blight_leaf\IMG_20251102_160221.jpg,3072,4080,3,JPEG,2415997,30d49a82f36b14c05ed0eaa5bfa0704d295b124aad90bb43bca8ccbd1d71bf50,train
tomato,Tomato_mold_leaf,leaf_mold_tomato7x1200.jpg,data\raw\tomato\tomato_pakistan\Tomato Dataset\Dataset (raw)\Tomato_mold_leaf\leaf_mold_tomato7x1200.jpg,D:\ZaraiAI_Tomato_Cotton_Wheat\data\raw\tomato\tomato_pakistan\Tomato Dataset\Dataset (raw)\Tomato_mold_leaf\leaf_mold_tomato7x1200.jpg,1200,1126,3,JPEG,568132,f754e55bf878508c8b7a0cb15ef73fa25f70b5568f47f6d4ac0f4ca9b68c328e,train
tomato,Tomato_Septoria_leaf_spot,closeup-of-tomato-leaf-y4af51-1024x768.jpg,data\raw\tomato\tomato_pakistan\Tomato Dataset\Dataset (raw)\Tomato_Septoria_leaf_spot\closeup-of-tomato-leaf-y4af51-1024x768.jpg,D:\ZaraiAI_Tomato_Cotton_Wheat\data\raw\tomato\tomato_pakistan\Tomato Dataset\Dataset (raw)\Tomato_Septoria_leaf_spot\closeup-of-tomato-leaf-y4af51-1024x768.jpg,1024,768,3,JPEG,163958,06e8b9439cdd4e28381d8e489bbfc35683743155db055b668e5f91eb39333b1a,train
tomato,Tomato_Early_blight_leaf,IMG_20251102_155726.jpg,data\raw\tomato\tomato_pakistan\Tomato Dataset\Dataset (raw)\Tomato_Early_blight_leaf\IMG_20251102_155726.jpg,D:\ZaraiAI_Tomato_Cotton_Wheat\data\raw\tomato\tomato_pakistan\Tomato Dataset\Dataset (raw)\Tomato_Early_blight_leaf\IMG_20251102_155726.jpg,4080,3072,3,JPEG,2332211,e94fdfe4931b75d31f0ad1e6189265b7745429d4647249ea8f8306ebccfec6ad,train
tomato,Tomato_Healthy_leaf,IMG_20251102_153353.jpg,data\raw\tomato\tomato_pakistan\Tomato Dataset\Dataset (raw)\Tomato_Healthy_leaf\IMG_20251102_153353.jpg,D:\ZaraiAI_Tomato_Cotton_Wheat\data\raw\tomato\tomato_pakistan\Tomato Dataset\Dataset (raw)\Tomato_Healthy_leaf\IMG_20251102_153353.jpg,4080,3072,3,JPEG,2758855,d20b51f1b156b174dfde7443c83fc4ef4496b7671fb911c7f3fdba8d794d72e0,train
tomato,Tomato_Early_blight_leaf,IMG_20251102_153246.jpg,data\raw\tomato\tomato_pakistan\Tomato Dataset\Dataset (raw)\Tomato_Early_blight_leaf\IMG_20251102_153246.jpg,D:\ZaraiAI_Tomato_Cotton_Wheat\data\raw\tomato\tomato_pakistan\Tomato Dataset\Dataset (raw)\Tomato_Early_blight_leaf\IMG_20251102_153246.jpg,4080,3072,3,JPEG,2476116,4a23100c362b5416eccf8baeb59da7c3e21450eaeaa3ded32d7a4cbf33f17aec,train
tomato,Tomato_leaf_late_blight,Gls75.jpg,data\raw\tomato\tomato_pakistan\Tomato Dataset\Dataset (raw)\Tomato_leaf_late_blight\Gls75.jpg,D:\ZaraiAI_Tomato_Cotton_Wheat\data\raw\tomato\tomato_pakistan\Tomato Dataset\Dataset (raw)\Tomato_leaf_late_blight\Gls75.jpg,227,227,3,JPEG,9136,7ea3e9d751160dacb282ff525c2a042afca8e3ce97ab27f120e53cabf32c7745,train
tomato,Tomato_mold_leaf,leaf_mold_nightshade2x500.jpg,data\raw\tomato\tomato_pakistan\Tomato Dataset\Dataset (raw)\Tomato_mold_leaf\leaf_mold_nightshade2x500.jpg,D:\ZaraiAI_Tomato_Cotton_Wheat\data\raw\tomato\tomato_pakistan\Tomato Dataset\Dataset (raw)\Tomato_mold_leaf\leaf_mold_nightshade2x500.jpg,500,667,3,JPEG,205605,e029b8e06aa4de2d5b8587453303380815b5a297793173e813dd731150c07573,train
tomato,Tomato_Healthy_leaf,IMG_20251102_162040.jpg,data\raw\tomato\tomato_pakistan\Tomato Dataset\Dataset (raw)\Tomato_Healthy_leaf\IMG_20251102_162040.jpg,D:\ZaraiAI_Tomato_Cotton_Wheat\data\raw\tomato\tomato_pakistan\Tomato Dataset\Dataset (raw)\Tomato_Healthy_leaf\IMG_20251102_162040.jpg,3072,4080,3,JPEG,2627102,276ac527d0ea670458972f32329a96c8d926c5b4b026c9ab505ba581c76ccd9b,train
tomato,Tomato_Septoria_leaf_spot,SS_ (970)1.jpg,data\raw\tomato\tomato_pakistan\Tomato Dataset\Dataset (raw)\Tomato_Septoria_leaf_spot\SS_ (970)1.jpg,D:\ZaraiAI_Tomato_Cotton_Wheat\data\raw\tomato\tomato_pakistan\Tomato Dataset\Dataset (raw)\Tomato_Septoria_leaf_spot\SS_ (970)1.jpg,213,200,3,JPEG,53171,3d84d03024ad0127bfe2275f5efea4dcd97410fd7924556af1e6f1838806dc62,train
tomato,Tomato_Septoria_leaf_spot,BCH%20medium%20thumbnail%20for%20upload%20%2861%29.jpg,data\raw\tomato\tomato_pakistan\Tomato Dataset\Dataset (raw)\Tomato_Septoria_leaf_spot\BCH%20medium%20thumbnail%20for%20upload%20%2861%29.jpg,D:\ZaraiAI_Tomato_Cotton_Wheat\data\raw\tomato\tomato_pakistan\Tomato Dataset\Dataset (raw)\Tomato_Septoria_leaf_spot\BCH%20medium%20thumbnail%20for%20upload%20%2861%29.jpg,375,300,3,JPEG,52436,f645b9bf98b04eb4b3b9eb676f0522b16717429d0e4ebd5837febd681bfdbd4c,train
tomato,Tomato_mold_leaf,BlackLeafMold2.jpg,data\raw\tomato\tomato_pakistan\Tomato Dataset\Dataset (raw)\Tomato_mold_leaf\BlackLeafMold2.jpg,D:\ZaraiAI_Tomato_Cotton_Wheat\data\raw\tomato\tomato_pakistan\Tomato Dataset\Dataset (raw)\Tomato_mold_leaf\BlackLeafMold2.jpg,267,189,3,JPEG,15215,a768de0b84132ff21b604b589ef946f285e1eed7cf21d9268ddaaaa403e8407b,train
tomato,Tomato_Early_blight_leaf,early-blight1.jpg,data\raw\tomato\tomato_pakistan\Tomato Dataset\Dataset (raw)\Tomato_Early_blight_leaf\early-blight1.jpg,D:\ZaraiAI_Tomato_Cotton_Wheat\data\raw\tomato\tomato_pakistan\Tomato Dataset\Dataset (raw)\Tomato_Early_blight_leaf\early-blight1.jpg,300,343,3,JPEG,74131,782699cc0102a7968cb21108a8b7e53cb3de98aabfdc522c110ff9711d32a61b,train
tomato,Tomato_Septoria_leaf_spot,IMG_0312_original.jpg,data\raw\tomato\tomato_pakistan\Tomato Dataset\Dataset (raw)\Tomato_Septoria_leaf_spot\IMG_0312_original.jpg,D:\ZaraiAI_Tomato_Cotton_Wheat\data\raw\tomato\tomato_pakistan\Tomato Dataset\Dataset (raw)\Tomato_Septoria_leaf_spot\IMG_0312_original.jpg,1200,1600,3,JPEG,585385,8018221985aa039f9d899aed3bc3012618cc1721fe6032642afaa12b87110f5c,train
tomato,Tomato_mold_leaf,IMG_1261.jpg,data\raw\tomato\tomato_pakistan\Tomato Dataset\Dataset (raw)\Tomato_mold_leaf\IMG_1261.jpg,D:\ZaraiAI_Tomato_Cotton_Wheat\data\raw\tomato\tomato_pakistan\Tomato Dataset\Dataset (raw)\Tomato_mold_leaf\IMG_1261.jpg,1600,1200,3,JPEG,499756,9ab59ab2c679f342e3cce8e3a036ad1ccf015252264c5c4ecf66db652637ca49,train
tomato,Tomato_Healthy_leaf,HL_(148).jpg,data\raw\tomato\tomato_pakistan\Tomato Dataset\Dataset (raw)\Tomato_Healthy_leaf\HL_(148).jpg,D:\ZaraiAI_Tomato_Cotton_Wheat\data\raw\tomato\tomato_pakistan\Tomato Dataset\Dataset (raw)\Tomato_Healthy_leaf\HL_(148).jpg,227,227,3,JPEG,12174,1938db93fab0a1c16c6332142ffa459dab619dca2573ff08ad8da33bef18f545,train
tomato,Tomato_Septoria_leaf_spot,1c421500ddd390c90596ad2cf12d5429.jpg,data\raw\tomato\tomato_pakistan\Tomato Dataset\Dataset (raw)\Tomato_Septoria_leaf_spot\1c421500ddd390c90596ad2cf12d5429.jpg,D:\ZaraiAI_Tomato_Cotton_Wheat\data\raw\tomato\tomato_pakistan\Tomato Dataset\Dataset (raw)\Tomato_Septoria_leaf_spot\1c421500ddd390c90596ad2cf12d5429.jpg,240,208,3,JPEG,19490,31a8c886603b4e14ea3d20bb67ce59389da1b0f684b3284505621ecb7161e236,train
tomato,Tomato_Early_blight_leaf,bugs-and-blight-061.jpg,data\raw\tomato\tomato_pakistan\Tomato Dataset\Dataset (raw)\Tomato_Early_blight_leaf\bugs-and-blight-061.jpg,D:\ZaraiAI_Tomato_Cotton_Wheat\data\raw\tomato\tomato_pakistan\Tomato Dataset\Dataset (raw)\Tomato_Early_blight_leaf\bugs-and-blight-061.jpg,2576,1932,3,JPEG,1434983,55570c32bf51ea713ee2dc293078ce3008986ad281a8cce626fbb264e0b44679,train
tomato,Tomato_mold_leaf,IMG_20251102_155812.jpg,data\raw\tomato\tomato_pakistan\Tomato Dataset\Dataset (raw)\Tomato_mold_leaf\IMG_20251102_155812.jpg,D:\ZaraiAI_Tomato_Cotton_Wheat\data\raw\tomato\tomato_pakistan\Tomato Dataset\Dataset (raw)\Tomato_mold_leaf\IMG_20251102_155812.jpg,3072,4080,3,JPEG,2924838,5007265095d4f9e82b111cb5e29849394f9acdd77207f4aef232e27bf4fd8828,train
tomato,Tomato_Septoria_leaf_spot,IMG-20240812-WA0226.jpg,data\raw\tomato\tomato_pakistan\Tomato Dataset\Dataset (raw)\Tomato_Septoria_leaf_spot\IMG-20240812-WA0226.jpg,D:\ZaraiAI_Tomato_Cotton_Wheat\data\raw\tomato\tomato_pakistan\Tomato Dataset\Dataset (raw)\Tomato_Septoria_leaf_spot\IMG-20240812-WA0226.jpg,3024,4032,3,JPEG,598908,0a27964f2b9b08d354fc3bce2972230cc88280c056bff45e4e209b563891ba48,train
tomato,Tomato_leaf_late_blight,Gls80_change_90.jpg,data\raw\tomato\tomato_pakistan\Tomato Dataset\Dataset (raw)\Tomato_leaf_late_blight\Gls80_change_90.jpg,D:\ZaraiAI_Tomato_Cotton_Wheat\data\raw\tomato\tomato_pakistan\Tomato Dataset\Dataset (raw)\Tomato_leaf_late_blight\Gls80_change_90.jpg,227,227,3,JPEG,6903,84b19f6eb4e175695727d14f8028b38ce9732559de92cec899b17012d1ba1c09,train
tomato,Tomato_Septoria_leaf_spot,web1_copy_early-blight-6-_0.jpg,data\raw\tomato\tomato_pakistan\Tomato Dataset\Dataset (raw)\Tomato_Septoria_leaf_spot\web1_copy_early-blight-6-_0.jpg,D:\ZaraiAI_Tomato_Cotton_Wheat\data\raw\tomato\tomato_pakistan\Tomato Dataset\Dataset (raw)\Tomato_Septoria_leaf_spot\web1_copy_early-blight-6-_0.jpg,640,413,3,JPEG,200840,8bb6d80747eb3b6987239685bd3aa19f6607c684eeaab2ca571a37f91a6b5763,train
tomato,Tomato_mold_leaf,IMG-20240724-WA0053.jpg,data\raw\tomato\tomato_pakistan\Tomato Dataset\Dataset (raw)\Tomato_mold_leaf\IMG-20240724-WA0053.jpg,D:\ZaraiAI_Tomato_Cotton_Wheat\data\raw\tomato\tomato_pakistan\Tomato Dataset\Dataset (raw)\Tomato_mold_leaf\IMG-20240724-WA0053.jpg,780,1040,3,JPEG,129091,b57d6b6b4e6a2d37688ca0d1e20a714123e7e447d31cfd39ea8bdb3ec90167aa,train
tomato,Tomato_leaf_late_blight,late_blight_tomato_leaf1x1200.jpg,data\raw\tomato\tomato_pakistan\Tomato Dataset\Dataset (raw)\Tomato_leaf_late_blight\late_blight_tomato_leaf1x1200.jpg,D:\ZaraiAI_Tomato_Cotton_Wheat\data\raw\tomato\tomato_pakistan\Tomato Dataset\Dataset (raw)\Tomato_leaf_late_blight\late_blight_tomato_leaf1x1200.jpg,1200,900,3,JPEG,295573,cac2ef0738add23eedf74b476e5483911d19d8035a9c076a4f92c8a8ea511362,train
tomato,Tomato_Septoria_leaf_spot,IMG-20240812-WA0203.jpg,data\raw\tomato\tomato_pakistan\Tomato Dataset\Dataset (raw)\Tomato_Septoria_leaf_spot\IMG-20240812-WA0203.jpg,D:\ZaraiAI_Tomato_Cotton_Wheat\data\raw\tomato\tomato_pakistan\Tomato Dataset\Dataset (raw)\Tomato_Septoria_leaf_spot\IMG-20240812-WA0203.jpg,3024,4032,3,JPEG,768120,ccadaca6135c6e7d1040d6359aba9c3bf27fd31f634964780c31431142f487c2,train
tomato,Tomato_leaf_yellow_curl_virus,IMG_20251102_155358.jpg,data\raw\tomato\tomato_pakistan\Tomato Dataset\Dataset (raw)\Tomato_leaf_yellow_curl_virus\IMG_20251102_155358.jpg,D:\ZaraiAI_Tomato_Cotton_Wheat\data\raw\tomato\tomato_pakistan\Tomato Dataset\Dataset (raw)\Tomato_leaf_yellow_curl_virus\IMG_20251102_155358.jpg,3072,4080,3,JPEG,2426659,a04101202f1f0518b5035c3f86f491f823beb763a573ace77b5782d299133acd,train
tomato,Tomato_mold_leaf,IMG-20240728-WA0064.jpg,data\raw\tomato\tomato_pakistan\Tomato Dataset\Dataset (raw)\Tomato_mold_leaf\IMG-20240728-WA0064.jpg,D:\ZaraiAI_Tomato_Cotton_Wheat\data\raw\tomato\tomato_pakistan\Tomato Dataset\Dataset (raw)\Tomato_mold_leaf\IMG-20240728-WA0064.jpg,780,1040,3,JPEG,100605,c8a2f821a370296b6788bf621ff6b3f06585638dbd076542fe63b412706eddbe,train
tomato,Tomato_Early_blight_leaf,EB_(991).jpg,data\raw\tomato\tomato_pakistan\Tomato Dataset\Dataset (raw)\Tomato_Early_blight_leaf\EB_(991).jpg,D:\ZaraiAI_Tomato_Cotton_Wheat\data\raw\tomato\tomato_pakistan\Tomato Dataset\Dataset (raw)\Tomato_Early_blight_leaf\EB_(991).jpg,813,576,3,JPEG,70355,d9184e763d4bab679a6227ddbacc931f2b869df0c0c1d7a4fd57b54c33951004,train
tomato,Tomato_Early_blight_leaf,IMG_20251102_154702.jpg,data\raw\tomato\tomato_pakistan\Tomato Dataset\Dataset (raw)\Tomato_Early_blight_leaf\IMG_20251102_154702.jpg,D:\ZaraiAI_Tomato_Cotton_Wheat\data\raw\tomato\tomato_pakistan\Tomato Dataset\Dataset (raw)\Tomato_Early_blight_leaf\IMG_20251102_154702.jpg,3072,4080,3,JPEG,1926842,f8175f12b95fb96214a5f5ea5dd61305bd92df253e993e7a78c8dc83d3b97eb2,train
tomato,Tomato_leaf_yellow_curl_virus,3782849713_398f3a1086_b_jpg.rf.459a511773f9b32c153d53a41b5bd3d2.jpg,data\raw\tomato\tomato_pakistan\Tomato Dataset\Dataset (raw)\Tomato_leaf_yellow_curl_virus\3782849713_398f3a1086_b_jpg.rf.459a511773f9b32c153d53a41b5bd3d2.jpg,D:\ZaraiAI_Tomato_Cotton_Wheat\data\raw\tomato\tomato_pakistan\Tomato Dataset\Dataset (raw)\Tomato_leaf_yellow_curl_virus\3782849713_398f3a1086_b_jpg.rf.459a511773f9b32c153d53a41b5bd3d2.jpg,416,416,3,JPEG,46201,c700d7943ed502a9124beb5e3f6f4efef103cd448b6819cc17431ad75ae8f7ba,train
tomato,Tomato_leaf_late_blight,tomato_late-blight_05_zoom.jpg,data\raw\tomato\tomato_pakistan\Tomato Dataset\Dataset (raw)\Tomato_leaf_late_blight\tomato_late-blight_05_zoom.jpg,D:\ZaraiAI_Tomato_Cotton_Wheat\data\raw\tomato\tomato_pakistan\Tomato Dataset\Dataset (raw)\Tomato_leaf_late_blight\tomato_late-blight_05_zoom.jpg,900,1200,3,JPEG,175067,bc0b6524c8ba90d6852131511f257ba04acd04152169409e7ffe730ed69e3199,train
tomato,Tomato_Septoria_leaf_spot,Tom_Sept1.jpg,data\raw\tomato\tomato_pakistan\Tomato Dataset\Dataset (raw)\Tomato_Septoria_leaf_spot\Tom_Sept1.jpg,D:\ZaraiAI_Tomato_Cotton_Wheat\data\raw\tomato\tomato_pakistan\Tomato Dataset\Dataset (raw)\Tomato_Septoria_leaf_spot\Tom_Sept1.jpg,400,245,3,JPEG,33869,5f1624ce5de610ec51486fbeeeb480b27c89e9be7e7965c7a78ea1a24ef72460,train
tomato,Tomato_mold_leaf,IMG-20240728-WA0026.jpg,data\raw\tomato\tomato_pakistan\Tomato Dataset\Dataset (raw)\Tomato_mold_leaf\IMG-20240728-WA0026.jpg,D:\ZaraiAI_Tomato_Cotton_Wheat\data\raw\tomato\tomato_pakistan\Tomato Dataset\Dataset (raw)\Tomato_mold_leaf\IMG-20240728-WA0026.jpg,780,1040,3,JPEG,84499,cfec66ffdce3c0e9df4552b1de7aa2a5a4ea3e0bff49176d15b053dbc51248a1,train
tomato,Tomato_Healthy_leaf,20140818-tomato-sauce-vicky-wasik-1.jpg,data\raw\tomato\tomato_pakistan\Tomato Dataset\Dataset (raw)\Tomato_Healthy_leaf\20140818-tomato-sauce-vicky-wasik-1.jpg,D:\ZaraiAI_Tomato_Cotton_Wheat\data\raw\tomato\tomato_pakistan\Tomato Dataset\Dataset (raw)\Tomato_Healthy_leaf\20140818-tomato-sauce-vicky-wasik-1.jpg,1500,1125,3,JPEG,153154,b841720c688db5f8a1989394b8f5aaf59c1a9ce5a855d66ad843be928db7c41a,train
tomato,Tomato_leaf_late_blight,IMG_20251102_161026.jpg,data\raw\tomato\tomato_pakistan\Tomato Dataset\Dataset (raw)\Tomato_leaf_late_blight\IMG_20251102_161026.jpg,D:\ZaraiAI_Tomato_Cotton_Wheat\data\raw\tomato\tomato_pakistan\Tomato Dataset\Dataset (raw)\Tomato_leaf_late_blight\IMG_20251102_161026.jpg,3072,4080,3,JPEG,2955359,8e3ad7f450c9e85dd6d375a8c5069f4c48fc4003d475080764984e1ab5a2a1cc,train
tomato,Tomato_leaf_yellow_curl_virus,tylcv.jpg,data\raw\tomato\tomato_pakistan\Tomato Dataset\Dataset (raw)\Tomato_leaf_yellow_curl_virus\tylcv.jpg,D:\ZaraiAI_Tomato_Cotton_Wheat\data\raw\tomato\tomato_pakistan\Tomato Dataset\Dataset (raw)\Tomato_leaf_yellow_curl_virus\tylcv.jpg,497,369,3,JPEG,293387,b1d9a44da350fc13c0031a1a76017c017f4cd8f2242b29e9cd566230fdaf9599,train
tomato,Tomato_Septoria_leaf_spot,image (1).jpg,data\raw\tomato\tomato_pakistan\Tomato Dataset\Dataset (raw)\Tomato_Septoria_leaf_spot\image (1).jpg,D:\ZaraiAI_Tomato_Cotton_Wheat\data\raw\tomato\tomato_pakistan\Tomato Dataset\Dataset (raw)\Tomato_Septoria_leaf_spot\image (1).jpg,3264,2448,3,JPEG,2105373,9d3e04fa11c29cedbb5001f701d494e234ff031d4706b29dfee8df11fc16e4de,train
tomato,Tomato_mold_leaf,IMG-20240725-WA0019.jpg,data\raw\tomato\tomato_pakistan\Tomato Dataset\Dataset (raw)\Tomato_mold_leaf\IMG-20240725-WA0019.jpg,D:\ZaraiAI_Tomato_Cotton_Wheat\data\raw\tomato\tomato_pakistan\Tomato Dataset\Dataset (raw)\Tomato_mold_leaf\IMG-20240725-WA0019.jpg,780,1040,3,JPEG,79948,fa40b26336a4e5e0a8124c9df03102be79703f2f5928996439a78ce128b1326d,train
tomato,Tomato_mold_leaf,4118c92ffde66d327ee14e4023320bf7.jpg,data\raw\tomato\tomato_pakistan\Tomato Dataset\Dataset (raw)\Tomato_mold_leaf\4118c92ffde66d327ee14e4023320bf7.jpg,D:\ZaraiAI_Tomato_Cotton_Wheat\data\raw\tomato\tomato_pakistan\Tomato Dataset\Dataset (raw)\Tomato_mold_leaf\4118c92ffde66d327ee14e4023320bf7.jpg,736,552,3,JPEG,66717,75beb9ea5411dd447e5ac6d5f8341df82804d76f1d15111725141638680dcadb,train
tomato,Tomato_Early_blight_leaf,early-blight-2x.jpg,data\raw\tomato\tomato_pakistan\Tomato Dataset\Dataset (raw)\Tomato_Early_blight_leaf\early-blight-2x.jpg,D:\ZaraiAI_Tomato_Cotton_Wheat\data\raw\tomato\tomato_pakistan\Tomato Dataset\Dataset (raw)\Tomato_Early_blight_leaf\early-blight-2x.jpg,450,575,3,JPEG,60276,6c18b60079c57eaa5e1feddb4a11a1c7d9487ba083d81eaa66232f3b62c79d8c,train
tomato,Tomato_mold_leaf,IMG-20240725-WA0033.jpg,data\raw\tomato\tomato_pakistan\Tomato Dataset\Dataset (raw)\Tomato_mold_leaf\IMG-20240725-WA0033.jpg,D:\ZaraiAI_Tomato_Cotton_Wheat\data\raw\tomato\tomato_pakistan\Tomato Dataset\Dataset (raw)\Tomato_mold_leaf\IMG-20240725-WA0033.jpg,780,1040,3,JPEG,81803,77fd7f50c3af92408e195c955dca5fcbdc7ebdf0fe5a6557fe1859a8a91add72,train
tomato,Tomato_Early_blight_leaf,_storage_emulated_0_DCIM_Camera_IMG_20251102_161045.jpg,data\raw\tomato\tomato_pakistan\Tomato Dataset\Dataset (raw)\Tomato_Early_blight_leaf\_storage_emulated_0_DCIM_Camera_IMG_20251102_161045.jpg,D:\ZaraiAI_Tomato_Cotton_Wheat\data\raw\tomato\tomato_pakistan\Tomato Dataset\Dataset (raw)\Tomato_Early_blight_leaf\_storage_emulated_0_DCIM_Camera_IMG_20251102_161045.jpg,4080,3072,3,JPEG,2824496,7d2b7ed01cce4df766c4bdbe54a8cff157543e3f692a0a1dd543529e500d8f8a,train
tomato,Tomato_mold_leaf,IMG-20240727-WA0149.jpg,data\raw\tomato\tomato_pakistan\Tomato Dataset\Dataset (raw)\Tomato_mold_leaf\IMG-20240727-WA0149.jpg,D:\ZaraiAI_Tomato_Cotton_Wheat\data\raw\tomato\tomato_pakistan\Tomato Dataset\Dataset (raw)\Tomato_mold_leaf\IMG-20240727-WA0149.jpg,780,1040,3,JPEG,87570,972a658b28fcd315270e512d51bd0978d9c7b82970059c1ea3d64e5d9886245f,train
tomato,Tomato_mold_leaf,IMG-20240727-WA0062.jpg,data\raw\tomato\tomato_pakistan\Tomato Dataset\Dataset (raw)\Tomato_mold_leaf\IMG-20240727-WA0062.jpg,D:\ZaraiAI_Tomato_Cotton_Wheat\data\raw\tomato\tomato_pakistan\Tomato Dataset\Dataset (raw)\Tomato_mold_leaf\IMG-20240727-WA0062.jpg,780,1040,3,JPEG,61622,2739b87d9ab36f2435573fd01a059874d8bfcf69e80401bd40664a42544f3bfc,train
tomato,Tomato_Healthy_leaf,IMG_20251102_161643.jpg,data\raw\tomato\tomato_pakistan\Tomato Dataset\Dataset (raw)\Tomato_Healthy_leaf\IMG_20251102_161643.jpg,D:\ZaraiAI_Tomato_Cotton_Wheat\data\raw\tomato\tomato_pakistan\Tomato Dataset\Dataset (raw)\Tomato_Healthy_leaf\IMG_20251102_161643.jpg,4080,3072,3,JPEG,2263734,2073ead8f3c8e07a51453445f076359740952988a6f6327e87fb01a77ba884c0,train
tomato,Tomato_leaf_late_blight,late-blight-leaves_jpg.rf.65d0be6c33fdefb7b0846cf58b09cd6a.jpg,data\raw\tomato\tomato_pakistan\Tomato Dataset\Dataset (raw)\Tomato_leaf_late_blight\late-blight-leaves_jpg.rf.65d0be6c33fdefb7b0846cf58b09cd6a.jpg,D:\ZaraiAI_Tomato_Cotton_Wheat\data\raw\tomato\tomato_pakistan\Tomato Dataset\Dataset (raw)\Tomato_leaf_late_blight\late-blight-leaves_jpg.rf.65d0be6c33fdefb7b0846cf58b09cd6a.jpg,416,416,3,JPEG,36866,82c994793584c05faa768e77d8c8682a575d256ec2877c76df86fb6e204fc86f,train
tomato,Tomato_Septoria_leaf_spot,SS_ (981).jpg,data\raw\tomato\tomato_pakistan\Tomato Dataset\Dataset (raw)\Tomato_Septoria_leaf_spot\SS_ (981).jpg,D:\ZaraiAI_Tomato_Cotton_Wheat\data\raw\tomato\tomato_pakistan\Tomato Dataset\Dataset (raw)\Tomato_Septoria_leaf_spot\SS_ (981).jpg,421,287,3,JPEG,82794,fcfce558d0e0407f038ab85b362a1a417846c3e8e1459ec875396b245941b8d2,train
tomato,Tomato_Septoria_leaf_spot,IMG-20240812-WA0263.jpg,data\raw\tomato\tomato_pakistan\Tomato Dataset\Dataset (raw)\Tomato_Septoria_leaf_spot\IMG-20240812-WA0263.jpg,D:\ZaraiAI_Tomato_Cotton_Wheat\data\raw\tomato\tomato_pakistan\Tomato Dataset\Dataset (raw)\Tomato_Septoria_leaf_spot\IMG-20240812-WA0263.jpg,3024,4032,3,JPEG,768390,f2f41ed040e47c974b6888942f01de5d8cadf404ffabdd2a1d89c2cf21709b8a,train
tomato,Tomato_Septoria_leaf_spot,web1_copy_tomato-septoria-leaf-spot4.jpg,data\raw\tomato\tomato_pakistan\Tomato Dataset\Dataset (raw)\Tomato_Septoria_leaf_spot\web1_copy_tomato-septoria-leaf-spot4.jpg,D:\ZaraiAI_Tomato_Cotton_Wheat\data\raw\tomato\tomato_pakistan\Tomato Dataset\Dataset (raw)\Tomato_Septoria_leaf_spot\web1_copy_tomato-septoria-leaf-spot4.jpg,640,480,3,JPEG,197471,de7f200bceaa19c462e2e8ea63015eb2cc95ef37ff60192b4e02b4c5b261ec16,train
tomato,Tomato_leaf_late_blight,LB_ (360).JPG,data\raw\tomato\tomato_pakistan\Tomato Dataset\Dataset (raw)\Tomato_leaf_late_blight\LB_ (360).JPG,D:\ZaraiAI_Tomato_Cotton_Wheat\data\raw\tomato\tomato_pakistan\Tomato Dataset\Dataset (raw)\Tomato_leaf_late_blight\LB_ (360).JPG,227,227,3,JPEG,10761,a7211d1cfdb8b48eaf51bc5bb1c25d445093e47cd679b8c43c23bbdb14629497,train
tomato,Tomato_Healthy_leaf,IMG_20251102_161822.jpg,data\raw\tomato\tomato_pakistan\Tomato Dataset\Dataset (raw)\Tomato_Healthy_leaf\IMG_20251102_161822.jpg,D:\ZaraiAI_Tomato_Cotton_Wheat\data\raw\tomato\tomato_pakistan\Tomato Dataset\Dataset (raw)\Tomato_Healthy_leaf\IMG_20251102_161822.jpg,3072,4080,3,JPEG,2914404,518c45c9c5a49dae9b951f3572cd1dc10c3f8494e9d84fca55a74800012fcd38,train
tomato,Tomato_Early_blight_leaf,IMG_20251102_153239.jpg,data\raw\tomato\tomato_pakistan\Tomato Dataset\Dataset (raw)\Tomato_Early_blight_leaf\IMG_20251102_153239.jpg,D:\ZaraiAI_Tomato_Cotton_Wheat\data\raw\tomato\tomato_pakistan\Tomato Dataset\Dataset (raw)\Tomato_Early_blight_leaf\IMG_20251102_153239.jpg,4080,3072,3,JPEG,2920666,7b64b619fe895e30cdc551338a08b317582a6fa4dfcbba1a0f435fc9f4fc230a,train
tomato,Tomato_Septoria_leaf_spot,early-blight-tomatoes-1200x746-1.jpg,data\raw\tomato\tomato_pakistan\Tomato Dataset\Dataset (raw)\Tomato_Septoria_leaf_spot\early-blight-tomatoes-1200x746-1.jpg,D:\ZaraiAI_Tomato_Cotton_Wheat\data\raw\tomato\tomato_pakistan\Tomato Dataset\Dataset (raw)\Tomato_Septoria_leaf_spot\early-blight-tomatoes-1200x746-1.jpg,1200,746,3,JPEG,90190,e3753ea2f7df9b91ba78dd3a81b021b505ab3848c386974d84b2978933ce248e,train
tomato,Tomato_Septoria_leaf_spot,6242739939180544.jpeg.jpg,data\raw\tomato\tomato_pakistan\Tomato Dataset\Dataset (raw)\Tomato_Septoria_leaf_spot\6242739939180544.jpeg.jpg,D:\ZaraiAI_Tomato_Cotton_Wheat\data\raw\tomato\tomato_pakistan\Tomato Dataset\Dataset (raw)\Tomato_Septoria_leaf_spot\6242739939180544.jpeg.jpg,600,800,3,JPEG,119193,386c07ac0ead76fb91a38688798c9572dc4798693365a39f661e2618ac1476f7,train
tomato,Tomato_Early_blight_leaf,IMG_20251102_160940.jpg,data\raw\tomato\tomato_pakistan\Tomato Dataset\Dataset (raw)\Tomato_Early_blight_leaf\IMG_20251102_160940.jpg,D:\ZaraiAI_Tomato_Cotton_Wheat\data\raw\tomato\tomato_pakistan\Tomato Dataset\Dataset (raw)\Tomato_Early_blight_leaf\IMG_20251102_160940.jpg,4080,3072,3,JPEG,2287181,e4aa3a15cf293afac2c0c734608ca43593c05092a2bc5a068c31795506ca14b1,train
tomato,Tomato_leaf_late_blight,6-13lateblightleavesMARY_jpg.rf.1114a350a3d07eb0c4f5a4cdcbbe82ed.jpg,data\raw\tomato\tomato_pakistan\Tomato Dataset\Dataset (raw)\Tomato_leaf_late_blight\6-13lateblightleavesMARY_jpg.rf.1114a350a3d07eb0c4f5a4cdcbbe82ed.jpg,D:\ZaraiAI_Tomato_Cotton_Wheat\data\raw\tomato\tomato_pakistan\Tomato Dataset\Dataset (raw)\Tomato_leaf_late_blight\6-13lateblightleavesMARY_jpg.rf.1114a350a3d07eb0c4f5a4cdcbbe82ed.jpg,416,416,3,JPEG,30045,23ec2f549c46cac1bb5132d0605d405d29faf8a77ce7c8799861d0a0adfedb99,train
tomato,Tomato_mold_leaf,tomato_leaf-mold_02_zoom.jpg,data\raw\tomato\tomato_pakistan\Tomato Dataset\Dataset (raw)\Tomato_mold_leaf\tomato_leaf-mold_02_zoom.jpg,D:\ZaraiAI_Tomato_Cotton_Wheat\data\raw\tomato\tomato_pakistan\Tomato Dataset\Dataset (raw)\Tomato_mold_leaf\tomato_leaf-mold_02_zoom.jpg,900,675,3,JPEG,129766,fe2e6650a1422bedbc672c152b4671a51f009bc5b98896b804362e01dc2887fd,train
tomato,Tomato_Early_blight_leaf,Early_blight_on_tomato_leaves_(7871930010).jpg,data\raw\tomato\tomato_pakistan\Tomato Dataset\Dataset (raw)\Tomato_Early_blight_leaf\Early_blight_on_tomato_leaves_(7871930010).jpg,D:\ZaraiAI_Tomato_Cotton_Wheat\data\raw\tomato\tomato_pakistan\Tomato Dataset\Dataset (raw)\Tomato_Early_blight_leaf\Early_blight_on_tomato_leaves_(7871930010).jpg,3872,2592,3,JPEG,3591091,f356736fc8203ef031bf6ffea824e2c68b6d91edf6e385d92a99f5e7b3544db8,train
tomato,Tomato_leaf_late_blight,5816170621_e1cce08736_z.jpg,data\raw\tomato\tomato_pakistan\Tomato Dataset\Dataset (raw)\Tomato_leaf_late_blight\5816170621_e1cce08736_z.jpg,D:\ZaraiAI_Tomato_Cotton_Wheat\data\raw\tomato\tomato_pakistan\Tomato Dataset\Dataset (raw)\Tomato_leaf_late_blight\5816170621_e1cce08736_z.jpg,640,427,3,JPEG,136662,40650f5dce684890969418712fad8b7bfa646bc14b170e746b2ed7bfe2045648,train
tomato,Tomato_Healthy_leaf,HL_(110).jpg,data\raw\tomato\tomato_pakistan\Tomato Dataset\Dataset (raw)\Tomato_Healthy_leaf\HL_(110).jpg,D:\ZaraiAI_Tomato_Cotton_Wheat\data\raw\tomato\tomato_pakistan\Tomato Dataset\Dataset (raw)\Tomato_Healthy_leaf\HL_(110).jpg,227,227,3,JPEG,10699,09ea2163f2ce6235f00d1ff2f2397322a6796e97fbced3fb081037bed6d07487,train
tomato,Tomato_leaf_late_blight,tomato.early.blightH.jpg,data\raw\tomato\tomato_pakistan\Tomato Dataset\Dataset (raw)\Tomato_leaf_late_blight\tomato.early.blightH.jpg,D:\ZaraiAI_Tomato_Cotton_Wheat\data\raw\tomato\tomato_pakistan\Tomato Dataset\Dataset (raw)\Tomato_leaf_late_blight\tomato.early.blightH.jpg,582,424,3,JPEG,124786,380dd06e71b1aeccbc9255ebad6672a7bf51a333a233490ac099c546922c49dd,train
tomato,Tomato_Early_blight_leaf,IMG_20251102_160922.jpg,data\raw\tomato\tomato_pakistan\Tomato Dataset\Dataset (raw)\Tomato_Early_blight_leaf\IMG_20251102_160922.jpg,D:\ZaraiAI_Tomato_Cotton_Wheat\data\raw\tomato\tomato_pakistan\Tomato Dataset\Dataset (raw)\Tomato_Early_blight_leaf\IMG_20251102_160922.jpg,3072,4080,3,JPEG,2296098,c4d59764a7e080ede38180ba7bb724359469835b616981348b0120df17651e06,train
tomato,Tomato_Septoria_leaf_spot,IMG-20240812-WA0185.jpg,data\raw\tomato\tomato_pakistan\Tomato Dataset\Dataset (raw)\Tomato_Septoria_leaf_spot\IMG-20240812-WA0185.jpg,D:\ZaraiAI_Tomato_Cotton_Wheat\data\raw\tomato\tomato_pakistan\Tomato Dataset\Dataset (raw)\Tomato_Septoria_leaf_spot\IMG-20240812-WA0185.jpg,3024,4032,3,JPEG,592848,fd7e6d923d024901e4d53e6f2031d694bd5d22f7fbfdea2134dfaad2f6e28914,train
tomato,Tomato_Septoria_leaf_spot,49-Septoria-leaf-spot.jpg,data\raw\tomato\tomato_pakistan\Tomato Dataset\Dataset (raw)\Tomato_Septoria_leaf_spot\49-Septoria-leaf-spot.jpg,D:\ZaraiAI_Tomato_Cotton_Wheat\data\raw\tomato\tomato_pakistan\Tomato Dataset\Dataset (raw)\Tomato_Septoria_leaf_spot\49-Septoria-leaf-spot.jpg,350,406,3,JPEG,82656,fc1dd18fde4b5e52b40149547a94149c8248fe5d4735ad212ba5604a11953ac9,train
tomato,Tomato_Healthy_leaf,009-e1373768789869.jpg,data\raw\tomato\tomato_pakistan\Tomato Dataset\Dataset (raw)\Tomato_Healthy_leaf\009-e1373768789869.jpg,D:\ZaraiAI_Tomato_Cotton_Wheat\data\raw\tomato\tomato_pakistan\Tomato Dataset\Dataset (raw)\Tomato_Healthy_leaf\009-e1373768789869.jpg,997,977,3,JPEG,219260,81c48f1873998fb9ea1f5262bbecf6271dc142c5fe668fa4af7c5df4b5186710,train
tomato,Tomato_Early_blight_leaf,tomatoblight.jpg,data\raw\tomato\tomato_pakistan\Tomato Dataset\Dataset (raw)\Tomato_Early_blight_leaf\tomatoblight.jpg,D:\ZaraiAI_Tomato_Cotton_Wheat\data\raw\tomato\tomato_pakistan\Tomato Dataset\Dataset (raw)\Tomato_Early_blight_leaf\tomatoblight.jpg,300,450,3,JPEG,185177,0d2d54e20fec032f1a9da367df05eb364e42cf1f18f83c0be6e86ed09f9b9abf,train
tomato,Tomato_Septoria_leaf_spot,tomato-early-blight-e1437503226856.jpg,data\raw\tomato\tomato_pakistan\Tomato Dataset\Dataset (raw)\Tomato_Septoria_leaf_spot\tomato-early-blight-e1437503226856.jpg,D:\ZaraiAI_Tomato_Cotton_Wheat\data\raw\tomato\tomato_pakistan\Tomato Dataset\Dataset (raw)\Tomato_Septoria_leaf_spot\tomato-early-blight-e1437503226856.jpg,800,602,3,JPEG,123380,5e1c6b5b5efa1af962ba2d1b08afe1f1622b86d6a95208cd535356a93fe11e5f,train
tomato,Tomato_Early_blight_leaf,IMG-20240812-WA0163.jpg,data\raw\tomato\tomato_pakistan\Tomato Dataset\Dataset (raw)\Tomato_Early_blight_leaf\IMG-20240812-WA0163.jpg,D:\ZaraiAI_Tomato_Cotton_Wheat\data\raw\tomato\tomato_pakistan\Tomato Dataset\Dataset (raw)\Tomato_Early_blight_leaf\IMG-20240812-WA0163.jpg,3024,4032,3,JPEG,563167,be8df851c9f104f196a9e829e90aaa6b5431209acc7bae79352c0f19e38152f4,train
tomato,Tomato_Early_blight_leaf,IMG-20240812-WA0453.jpg,data\raw\tomato\tomato_pakistan\Tomato Dataset\Dataset (raw)\Tomato_Early_blight_leaf\IMG-20240812-WA0453.jpg,D:\ZaraiAI_Tomato_Cotton_Wheat\data\raw\tomato\tomato_pakistan\Tomato Dataset\Dataset (raw)\Tomato_Early_blight_leaf\IMG-20240812-WA0453.jpg,3000,4000,3,JPEG,1019776,77a71c8e13629084301e71c19fae5aa51be4c23e3a6ee6466e57376350271680,train
tomato,Tomato_Early_blight_leaf,20080526-_DSC4211.jpg,data\raw\tomato\tomato_pakistan\Tomato Dataset\Dataset (raw)\Tomato_Early_blight_leaf\20080526-_DSC4211.jpg,D:\ZaraiAI_Tomato_Cotton_Wheat\data\raw\tomato\tomato_pakistan\Tomato Dataset\Dataset (raw)\Tomato_Early_blight_leaf\20080526-_DSC4211.jpg,465,700,3,JPEG,110859,3152eb37a0a7f6e9b89d75f8bcef5d1dfe8306631fa4080a00fb0a0cd3ad05da,train
tomato,Tomato_leaf_late_blight,8140cs.jpg,data\raw\tomato\tomato_pakistan\Tomato Dataset\Dataset (raw)\Tomato_leaf_late_blight\8140cs.jpg,D:\ZaraiAI_Tomato_Cotton_Wheat\data\raw\tomato\tomato_pakistan\Tomato Dataset\Dataset (raw)\Tomato_leaf_late_blight\8140cs.jpg,1412,1132,3,JPEG,857123,3a120425434f28876d0cd77087454b02d97fa7c1653070998941d995b6bb7be4,train
tomato,Tomato_Septoria_leaf_spot,66e7583ebe11cf0bd06435e4167bd4fd.jpg,data\raw\tomato\tomato_pakistan\Tomato Dataset\Dataset (raw)\Tomato_Septoria_leaf_spot\66e7583ebe11cf0bd06435e4167bd4fd.jpg,D:\ZaraiAI_Tomato_Cotton_Wheat\data\raw\tomato\tomato_pakistan\Tomato Dataset\Dataset (raw)\Tomato_Septoria_leaf_spot\66e7583ebe11cf0bd06435e4167bd4fd.jpg,590,395,3,JPEG,53285,f375f980eed0aa524b8130d0449c8239620f302593a65befbe083cb1808353bc,train
tomato,Tomato_mold_leaf,IMG-20240728-WA0093.jpg,data\raw\tomato\tomato_pakistan\Tomato Dataset\Dataset (raw)\Tomato_mold_leaf\IMG-20240728-WA0093.jpg,D:\ZaraiAI_Tomato_Cotton_Wheat\data\raw\tomato\tomato_pakistan\Tomato Dataset\Dataset (raw)\Tomato_mold_leaf\IMG-20240728-WA0093.jpg,780,1040,3,JPEG,68187,66a27161d9514e09ff19b0be240b08789222be463a55ba2ddffa0356f65b5dad,train
tomato,Tomato_leaf_yellow_curl_virus,yellowing.JPG.jpg,data\raw\tomato\tomato_pakistan\Tomato Dataset\Dataset (raw)\Tomato_leaf_yellow_curl_virus\yellowing.JPG.jpg,D:\ZaraiAI_Tomato_Cotton_Wheat\data\raw\tomato\tomato_pakistan\Tomato Dataset\Dataset (raw)\Tomato_leaf_yellow_curl_virus\yellowing.JPG.jpg,295,320,3,JPEG,30667,f0a4a07ddc0a0b43e0a66ad62cd192d7f4e8f78cd4cb460078021645b98d464a,train
tomato,Tomato_mold_leaf,IMG-20240728-WA0054.jpg,data\raw\tomato\tomato_pakistan\Tomato Dataset\Dataset (raw)\Tomato_mold_leaf\IMG-20240728-WA0054.jpg,D:\ZaraiAI_Tomato_Cotton_Wheat\data\raw\tomato\tomato_pakistan\Tomato Dataset\Dataset (raw)\Tomato_mold_leaf\IMG-20240728-WA0054.jpg,780,1040,3,JPEG,79841,052e627e0ffd8034172b04ac209af8427c6af3d4a5ae16a0c67532c7f3cb913f,train
tomato,Tomato_Early_blight_leaf,1723454504369.jpg,data\raw\tomato\tomato_pakistan\Tomato Dataset\Dataset (raw)\Tomato_Early_blight_leaf\1723454504369.jpg,D:\ZaraiAI_Tomato_Cotton_Wheat\data\raw\tomato\tomato_pakistan\Tomato Dataset\Dataset (raw)\Tomato_Early_blight_leaf\1723454504369.jpg,960,1280,3,JPEG,221658,af6ede8aeecc85e555f822af0d536f1a0acee525c17e61878a884dfee0e7d37a,train
tomato,Tomato_leaf_yellow_curl_virus,art_15017325188173_a24a66.jpg,data\raw\tomato\tomato_pakistan\Tomato Dataset\Dataset (raw)\Tomato_leaf_yellow_curl_virus\art_15017325188173_a24a66.jpg,D:\ZaraiAI_Tomato_Cotton_Wheat\data\raw\tomato\tomato_pakistan\Tomato Dataset\Dataset (raw)\Tomato_leaf_yellow_curl_virus\art_15017325188173_a24a66.jpg,550,412,3,JPEG,222181,526b9ad2d2185d29e43c923c53dc91aa67ebbf7a71f80033a3393f6089e73d06,train
tomato,Tomato_Early_blight_leaf,Gls4_change_90.jpg,data\raw\tomato\tomato_pakistan\Tomato Dataset\Dataset (raw)\Tomato_Early_blight_leaf\Gls4_change_90.jpg,D:\ZaraiAI_Tomato_Cotton_Wheat\data\raw\tomato\tomato_pakistan\Tomato Dataset\Dataset (raw)\Tomato_Early_blight_leaf\Gls4_change_90.jpg,227,227,3,JPEG,9661,d2325a6accdb93095c7934cbc44b6ffb7b584d749a99c5fbb5bff3d8ef4b6c9c,train
tomato,Tomato_Early_blight_leaf,images.jpg,data\raw\tomato\tomato_pakistan\Tomato Dataset\Dataset (raw)\Tomato_Early_blight_leaf\images.jpg,D:\ZaraiAI_Tomato_Cotton_Wheat\data\raw\tomato\tomato_pakistan\Tomato Dataset\Dataset (raw)\Tomato_Early_blight_leaf\images.jpg,276,183,3,JPEG,10854,ea3e1360ea4d80f0998da71a1c276ee609e71f43bffed410095dd98b98be7c34,train
tomato,Tomato_Healthy_leaf,h45.jpg,data\raw\tomato\tomato_pakistan\Tomato Dataset\Dataset (raw)\Tomato_Healthy_leaf\h45.jpg,D:\ZaraiAI_Tomato_Cotton_Wheat\data\raw\tomato\tomato_pakistan\Tomato Dataset\Dataset (raw)\Tomato_Healthy_leaf\h45.jpg,227,227,3,JPEG,13104,096fac25e713994aeeeaadf917dad0b2aaf97657881961eeaaa4d47eec27f80d,train
tomato,Tomato_mold_leaf,IMG-20240724-WA0109.jpg,data\raw\tomato\tomato_pakistan\Tomato Dataset\Dataset (raw)\Tomato_mold_leaf\IMG-20240724-WA0109.jpg,D:\ZaraiAI_Tomato_Cotton_Wheat\data\raw\tomato\tomato_pakistan\Tomato Dataset\Dataset (raw)\Tomato_mold_leaf\IMG-20240724-WA0109.jpg,1040,780,3,JPEG,127219,207407ac85dfb5ea02554e3060c344e9d8cfc5c2096b65c6c5a4762f5a9d4b8e,train
tomato,Tomato_Septoria_leaf_spot,early-tomato-blight.jpg,data\raw\tomato\tomato_pakistan\Tomato Dataset\Dataset (raw)\Tomato_Septoria_leaf_spot\early-tomato-blight.jpg,D:\ZaraiAI_Tomato_Cotton_Wheat\data\raw\tomato\tomato_pakistan\Tomato Dataset\Dataset (raw)\Tomato_Septoria_leaf_spot\early-tomato-blight.jpg,150,150,3,JPEG,8017,4b602165b3be41fa2a30ed47b89ba746f1f56f11093128c615623247d7f60d81,train
tomato,Tomato_Septoria_leaf_spot,IMG-20240812-WA0247.jpg,data\raw\tomato\tomato_pakistan\Tomato Dataset\Dataset (raw)\Tomato_Septoria_leaf_spot\IMG-20240812-WA0247.jpg,D:\ZaraiAI_Tomato_Cotton_Wheat\data\raw\tomato\tomato_pakistan\Tomato Dataset\Dataset (raw)\Tomato_Septoria_leaf_spot\IMG-20240812-WA0247.jpg,3024,4032,3,JPEG,620138,9e0a0d6e1f58346fb7548fe141cf91b50f208ad23f741bca05221a77a608dcc0,train
tomato,Tomato_leaf_late_blight,lateblightTom_lesion3.jpg,data\raw\tomato\tomato_pakistan\Tomato Dataset\Dataset (raw)\Tomato_leaf_late_blight\lateblightTom_lesion3.jpg,D:\ZaraiAI_Tomato_Cotton_Wheat\data\raw\tomato\tomato_pakistan\Tomato Dataset\Dataset (raw)\Tomato_leaf_late_blight\lateblightTom_lesion3.jpg,1024,768,3,JPEG,297103,5c1914d9fb4714604f97b77a58c55154e6bc48a5f584187f2309b6d387e6094c,train
tomato,Tomato_mold_leaf,tomato-leaf-mold.jpg,data\raw\tomato\tomato_pakistan\Tomato Dataset\Dataset (raw)\Tomato_mold_leaf\tomato-leaf-mold.jpg,D:\ZaraiAI_Tomato_Cotton_Wheat\data\raw\tomato\tomato_pakistan\Tomato Dataset\Dataset (raw)\Tomato_mold_leaf\tomato-leaf-mold.jpg,150,150,3,JPEG,2885,18443210d12693afa5a4df7ec6676ff285a863ccac8f63eecc2602bc622ad598,train
tomato,Tomato_leaf_yellow_curl_virus,latest_cb=20100719124603.jpg,data\raw\tomato\tomato_pakistan\Tomato Dataset\Dataset (raw)\Tomato_leaf_yellow_curl_virus\latest_cb=20100719124603.jpg,D:\ZaraiAI_Tomato_Cotton_Wheat\data\raw\tomato\tomato_pakistan\Tomato Dataset\Dataset (raw)\Tomato_leaf_yellow_curl_virus\latest_cb=20100719124603.jpg,768,454,3,JPEG,81098,641012d0ac80abf35c8da550dc43e8662a3fb6d67a0afc7089224d1cc1b02691,train
tomato,Tomato_Healthy_leaf,IMG_20251102_155139.jpg,data\raw\tomato\tomato_pakistan\Tomato Dataset\Dataset (raw)\Tomato_Healthy_leaf\IMG_20251102_155139.jpg,D:\ZaraiAI_Tomato_Cotton_Wheat\data\raw\tomato\tomato_pakistan\Tomato Dataset\Dataset (raw)\Tomato_Healthy_leaf\IMG_20251102_155139.jpg,3072,4080,3,JPEG,2944426,15928bbf233d8c31d39fa34d5d4b92a11da6738586a830d8bd2e661a98f9b8cb,train
tomato,Tomato_Septoria_leaf_spot,sls1.jpg,data\raw\tomato\tomato_pakistan\Tomato Dataset\Dataset (raw)\Tomato_Septoria_leaf_spot\sls1.jpg,D:\ZaraiAI_Tomato_Cotton_Wheat\data\raw\tomato\tomato_pakistan\Tomato Dataset\Dataset (raw)\Tomato_Septoria_leaf_spot\sls1.jpg,160,200,3,JPEG,45075,094fcb904432cbf854ac6691409fee5591aade7d7434112ba823e09ff2c59759,train
tomato,Tomato_Healthy_leaf,h69.jpg,data\raw\tomato\tomato_pakistan\Tomato Dataset\Dataset (raw)\Tomato_Healthy_leaf\h69.jpg,D:\ZaraiAI_Tomato_Cotton_Wheat\data\raw\tomato\tomato_pakistan\Tomato Dataset\Dataset (raw)\Tomato_Healthy_leaf\h69.jpg,227,227,3,JPEG,12668,45bacbfbbfdbeabcf7e6f20168f586d9ca3780fd740ec27ca94080cc615e509c,train
tomato,Tomato_Early_blight_leaf,IMG20240812112050.jpg,data\raw\tomato\tomato_pakistan\Tomato Dataset\Dataset (raw)\Tomato_Early_blight_leaf\IMG20240812112050.jpg,D:\ZaraiAI_Tomato_Cotton_Wheat\data\raw\tomato\tomato_pakistan\Tomato Dataset\Dataset (raw)\Tomato_Early_blight_leaf\IMG20240812112050.jpg,3000,4000,3,JPEG,3166401,a462fb2d3f6449af9268e25ed36913491a9f326fcbb46186d46abb47adc3ac0f,train
tomato,Tomato_Healthy_leaf,h98_change_180.jpg,data\raw\tomato\tomato_pakistan\Tomato Dataset\Dataset (raw)\Tomato_Healthy_leaf\h98_change_180.jpg,D:\ZaraiAI_Tomato_Cotton_Wheat\data\raw\tomato\tomato_pakistan\Tomato Dataset\Dataset (raw)\Tomato_Healthy_leaf\h98_change_180.jpg,227,227,3,JPEG,12856,d05e358576ee4bec4f9eb93f9edc7d80f5b67c05ed2f917f2800036a9885da76,train
tomato,Tomato_Septoria_leaf_spot,Tomato-Early-Blight-Leaves-Cornell-University.jpg,data\raw\tomato\tomato_pakistan\Tomato Dataset\Dataset (raw)\Tomato_Septoria_leaf_spot\Tomato-Early-Blight-Leaves-Cornell-University.jpg,D:\ZaraiAI_Tomato_Cotton_Wheat\data\raw\tomato\tomato_pakistan\Tomato Dataset\Dataset (raw)\Tomato_Septoria_leaf_spot\Tomato-Early-Blight-Leaves-Cornell-University.jpg,1200,1600,3,JPEG,405270,a35b35f65bb3dbec1983a7be92c05ca51eec0ffa5e5bd46d542cb90565a4402d,train
tomato,Tomato_mold_leaf,IMG-20240724-WA0019.jpg,data\raw\tomato\tomato_pakistan\Tomato Dataset\Dataset (raw)\Tomato_mold_leaf\IMG-20240724-WA0019.jpg,D:\ZaraiAI_Tomato_Cotton_Wheat\data\raw\tomato\tomato_pakistan\Tomato Dataset\Dataset (raw)\Tomato_mold_leaf\IMG-20240724-WA0019.jpg,1040,780,3,JPEG,81905,e3434d720e0e9d66f37d0de841f2aebf862e3d8fc43650f5abd211a8e2552c91,train
tomato,Tomato_Early_blight_leaf,IMG_2436w.jpg,data\raw\tomato\tomato_pakistan\Tomato Dataset\Dataset (raw)\Tomato_Early_blight_leaf\IMG_2436w.jpg,D:\ZaraiAI_Tomato_Cotton_Wheat\data\raw\tomato\tomato_pakistan\Tomato Dataset\Dataset (raw)\Tomato_Early_blight_leaf\IMG_2436w.jpg,800,600,3,JPEG,123664,e6893f4af1ef2017d83bb63b027397b20d3d519592db2a46777b09d942786275,train
tomato,Tomato_Early_blight_leaf,1723454503045.jpg,data\raw\tomato\tomato_pakistan\Tomato Dataset\Dataset (raw)\Tomato_Early_blight_leaf\1723454503045.jpg,D:\ZaraiAI_Tomato_Cotton_Wheat\data\raw\tomato\tomato_pakistan\Tomato Dataset\Dataset (raw)\Tomato_Early_blight_leaf\1723454503045.jpg,960,1280,3,JPEG,230467,4923fea893ca951d48acbe4e20b3a9f3a52cd79efabff6e5dcde61fb15dbdc23,train
tomato,Tomato_mold_leaf,IMG-20240724-WA0071.jpg,data\raw\tomato\tomato_pakistan\Tomato Dataset\Dataset (raw)\Tomato_mold_leaf\IMG-20240724-WA0071.jpg,D:\ZaraiAI_Tomato_Cotton_Wheat\data\raw\tomato\tomato_pakistan\Tomato Dataset\Dataset (raw)\Tomato_mold_leaf\IMG-20240724-WA0071.jpg,1040,780,3,JPEG,107874,5ceb3b90090a0a7cdb8ffc8cda9376dff0b07fa9e3c5e4257f25e8fdb9b7874c,train
tomato,Tomato_leaf_late_blight,IMG_20251102_161536.jpg,data\raw\tomato\tomato_pakistan\Tomato Dataset\Dataset (raw)\Tomato_leaf_late_blight\IMG_20251102_161536.jpg,D:\ZaraiAI_Tomato_Cotton_Wheat\data\raw\tomato\tomato_pakistan\Tomato Dataset\Dataset (raw)\Tomato_leaf_late_blight\IMG_20251102_161536.jpg,4080,3072,3,JPEG,2025299,6ca52608920e8e5de6ed67598932c685eabe2c2085d4dcb69ec75509757f3916,train
tomato,Tomato_leaf_yellow_curl_virus,IMG_20251102_155156.jpg,data\raw\tomato\tomato_pakistan\Tomato Dataset\Dataset (raw)\Tomato_leaf_yellow_curl_virus\IMG_20251102_155156.jpg,D:\ZaraiAI_Tomato_Cotton_Wheat\data\raw\tomato\tomato_pakistan\Tomato Dataset\Dataset (raw)\Tomato_leaf_yellow_curl_virus\IMG_20251102_155156.jpg,3072,4080,3,JPEG,3106642,6dd1a4334a9b06e557ff1747a157f6e639557761e798c3f120b70797f1dc3bf5,train
tomato,Tomato_Septoria_leaf_spot,Septoria-Leaf-Spot (1).jpg,data\raw\tomato\tomato_pakistan\Tomato Dataset\Dataset (raw)\Tomato_Septoria_leaf_spot\Septoria-Leaf-Spot (1).jpg,D:\ZaraiAI_Tomato_Cotton_Wheat\data\raw\tomato\tomato_pakistan\Tomato Dataset\Dataset (raw)\Tomato_Septoria_leaf_spot\Septoria-Leaf-Spot (1).jpg,825,619,3,JPEG,131922,263de5dc9c984e6e933d2d8641e5aa1b18990e56eba3ae30b241d5e14bd7711b,train
tomato,Tomato_Healthy_leaf,IMG_20251102_162036.jpg,data\raw\tomato\tomato_pakistan\Tomato Dataset\Dataset (raw)\Tomato_Healthy_leaf\IMG_20251102_162036.jpg,D:\ZaraiAI_Tomato_Cotton_Wheat\data\raw\tomato\tomato_pakistan\Tomato Dataset\Dataset (raw)\Tomato_Healthy_leaf\IMG_20251102_162036.jpg,3072,4080,3,JPEG,3016043,e4b56288c72518921f28b38d6a957b1006be0bf82d8ddf6a104446f2f26cf28f,train
tomato,Tomato_Healthy_leaf,IMG_20251102_162020.jpg,data\raw\tomato\tomato_pakistan\Tomato Dataset\Dataset (raw)\Tomato_Healthy_leaf\IMG_20251102_162020.jpg,D:\ZaraiAI_Tomato_Cotton_Wheat\data\raw\tomato\tomato_pakistan\Tomato Dataset\Dataset (raw)\Tomato_Healthy_leaf\IMG_20251102_162020.jpg,3072,4080,3,JPEG,2105762,ac06540cecd86be6bdb039ab8272b09412a0f2595b6f634ae046848abb4c0a14,train
tomato,Tomato_Early_blight_leaf,IMG_20251102_160234.jpg,data\raw\tomato\tomato_pakistan\Tomato Dataset\Dataset (raw)\Tomato_Early_blight_leaf\IMG_20251102_160234.jpg,D:\ZaraiAI_Tomato_Cotton_Wheat\data\raw\tomato\tomato_pakistan\Tomato Dataset\Dataset (raw)\Tomato_Early_blight_leaf\IMG_20251102_160234.jpg,3072,4080,3,JPEG,3458539,52a5417d79a955543957a27577d8d8e5eec3cca3ae32a8cf2d85acee683d6dcb,train
tomato,Tomato_Early_blight_leaf,IMG_20251102_155138.jpg,data\raw\tomato\tomato_pakistan\Tomato Dataset\Dataset (raw)\Tomato_Early_blight_leaf\IMG_20251102_155138.jpg,D:\ZaraiAI_Tomato_Cotton_Wheat\data\raw\tomato\tomato_pakistan\Tomato Dataset\Dataset (raw)\Tomato_Early_blight_leaf\IMG_20251102_155138.jpg,4080,3072,3,JPEG,3178130,84b81400c0545e8b1484f88239385ac59eb5b293863cea1043c19c692d64e073,val
tomato,Tomato_mold_leaf,IMG-20240727-WA0014.jpg,data\raw\tomato\tomato_pakistan\Tomato Dataset\Dataset (raw)\Tomato_mold_leaf\IMG-20240727-WA0014.jpg,D:\ZaraiAI_Tomato_Cotton_Wheat\data\raw\tomato\tomato_pakistan\Tomato Dataset\Dataset (raw)\Tomato_mold_leaf\IMG-20240727-WA0014.jpg,780,1040,3,JPEG,69667,27d8ad568b37f7457bec756100d1e946fec72581af650968690407506423ce1e,val
tomato,Tomato_mold_leaf,leafmoldtomato1.jpg,data\raw\tomato\tomato_pakistan\Tomato Dataset\Dataset (raw)\Tomato_mold_leaf\leafmoldtomato1.jpg,D:\ZaraiAI_Tomato_Cotton_Wheat\data\raw\tomato\tomato_pakistan\Tomato Dataset\Dataset (raw)\Tomato_mold_leaf\leafmoldtomato1.jpg,320,240,3,JPEG,18922,63eb462cf83384f1ad1fd64765df0b59753e8ccedbc36cacb342a10c8d3df573,val
tomato,Tomato_Septoria_leaf_spot,SS_ (963).jpg,data\raw\tomato\tomato_pakistan\Tomato Dataset\Dataset (raw)\Tomato_Septoria_leaf_spot\SS_ (963).jpg,D:\ZaraiAI_Tomato_Cotton_Wheat\data\raw\tomato\tomato_pakistan\Tomato Dataset\Dataset (raw)\Tomato_Septoria_leaf_spot\SS_ (963).jpg,153,151,3,JPEG,35723,b9289f9d6567cf77b0a0bf8c7d17178bf89d4830dfc5481e04919a778a92fc3e,val
tomato,Tomato_mold_leaf,IMG_20251102_160906.jpg,data\raw\tomato\tomato_pakistan\Tomato Dataset\Dataset (raw)\Tomato_mold_leaf\IMG_20251102_160906.jpg,D:\ZaraiAI_Tomato_Cotton_Wheat\data\raw\tomato\tomato_pakistan\Tomato Dataset\Dataset (raw)\Tomato_mold_leaf\IMG_20251102_160906.jpg,3072,4080,3,JPEG,3451843,ec56bd7100e0d50219d1d022d6f5d4f8cb564c8c61a064a00dff8185319091b4,val
tomato,Tomato_mold_leaf,1723454500586.jpg,data\raw\tomato\tomato_pakistan\Tomato Dataset\Dataset (raw)\Tomato_mold_leaf\1723454500586.jpg,D:\ZaraiAI_Tomato_Cotton_Wheat\data\raw\tomato\tomato_pakistan\Tomato Dataset\Dataset (raw)\Tomato_mold_leaf\1723454500586.jpg,528,453,3,JPEG,55077,a9dc31b5d0e4b56336e7d92e433fa906cac8cfef6683525f987fbf7ddf58656e,val
tomato,Tomato_leaf_yellow_curl_virus,tomato_yellow_leaf_curl_virus.jpg,data\raw\tomato\tomato_pakistan\Tomato Dataset\Dataset (raw)\Tomato_leaf_yellow_curl_virus\tomato_yellow_leaf_curl_virus.jpg,D:\ZaraiAI_Tomato_Cotton_Wheat\data\raw\tomato\tomato_pakistan\Tomato Dataset\Dataset (raw)\Tomato_leaf_yellow_curl_virus\tomato_yellow_leaf_curl_virus.jpg,1500,750,3,JPEG,256643,04983f2d6712c63691750cadcc1fef54ad898ebff46f5f31e1b774689ff56ade,val
tomato,Tomato_Early_blight_leaf,IMG_20251102_161544.jpg,data\raw\tomato\tomato_pakistan\Tomato Dataset\Dataset (raw)\Tomato_Early_blight_leaf\IMG_20251102_161544.jpg,D:\ZaraiAI_Tomato_Cotton_Wheat\data\raw\tomato\tomato_pakistan\Tomato Dataset\Dataset (raw)\Tomato_Early_blight_leaf\IMG_20251102_161544.jpg,3072,4080,3,JPEG,2565930,a99f4b8a38b9d287f9469688122037f802b96fae22fe6dcebb1e3487719c91d0,val
tomato,Tomato_mold_leaf,IMG-20240724-WA0024.jpg,data\raw\tomato\tomato_pakistan\Tomato Dataset\Dataset (raw)\Tomato_mold_leaf\IMG-20240724-WA0024.jpg,D:\ZaraiAI_Tomato_Cotton_Wheat\data\raw\tomato\tomato_pakistan\Tomato Dataset\Dataset (raw)\Tomato_mold_leaf\IMG-20240724-WA0024.jpg,780,1040,3,JPEG,170862,da9a25007c87ca1da6f33bc92841833338d47e539697c5f19d4c18c2e7f2794d,val
tomato,Tomato_Early_blight_leaf,1723454507692.jpg,data\raw\tomato\tomato_pakistan\Tomato Dataset\Dataset (raw)\Tomato_Early_blight_leaf\1723454507692.jpg,D:\ZaraiAI_Tomato_Cotton_Wheat\data\raw\tomato\tomato_pakistan\Tomato Dataset\Dataset (raw)\Tomato_Early_blight_leaf\1723454507692.jpg,4000,2250,3,JPEG,3366261,44268eff421df537047fa1b9880e77c37080a0c1d6bb3230281446359b9abfd2,val
tomato,Tomato_leaf_yellow_curl_virus,TYLCV-tomate-DB-445-171.jpg,data\raw\tomato\tomato_pakistan\Tomato Dataset\Dataset (raw)\Tomato_leaf_yellow_curl_virus\TYLCV-tomate-DB-445-171.jpg,D:\ZaraiAI_Tomato_Cotton_Wheat\data\raw\tomato\tomato_pakistan\Tomato Dataset\Dataset (raw)\Tomato_leaf_yellow_curl_virus\TYLCV-tomate-DB-445-171.jpg,700,499,3,JPEG,76481,114eb6ceefcf8bd9c1d4dc2787d704545fdaaea04fc97461bfc5535ea1655201,val
tomato,Tomato_mold_leaf,IMG-20240727-WA0044.jpg,data\raw\tomato\tomato_pakistan\Tomato Dataset\Dataset (raw)\Tomato_mold_leaf\IMG-20240727-WA0044.jpg,D:\ZaraiAI_Tomato_Cotton_Wheat\data\raw\tomato\tomato_pakistan\Tomato Dataset\Dataset (raw)\Tomato_mold_leaf\IMG-20240727-WA0044.jpg,780,1040,3,JPEG,68653,b224226082d509d6207efd24d9479b24061d6e1a438f9a48cec03576371e6f1c,val
tomato,Tomato_leaf_late_blight,LB_ (372).jpg,data\raw\tomato\tomato_pakistan\Tomato Dataset\Dataset (raw)\Tomato_leaf_late_blight\LB_ (372).jpg,D:\ZaraiAI_Tomato_Cotton_Wheat\data\raw\tomato\tomato_pakistan\Tomato Dataset\Dataset (raw)\Tomato_leaf_late_blight\LB_ (372).jpg,1536,2048,3,JPEG,424635,7cea9a9ccb996089155d01fd649859ff3ab224501be089ce0ee11a29c8ab873f,val
tomato,Tomato_Septoria_leaf_spot,tomato-blight-treatment-blight.jpg,data\raw\tomato\tomato_pakistan\Tomato Dataset\Dataset (raw)\Tomato_Septoria_leaf_spot\tomato-blight-treatment-blight.jpg,D:\ZaraiAI_Tomato_Cotton_Wheat\data\raw\tomato\tomato_pakistan\Tomato Dataset\Dataset (raw)\Tomato_Septoria_leaf_spot\tomato-blight-treatment-blight.jpg,800,520,3,JPEG,91934,276b537d09c17e77bf1b0b90c39db255f8f231f218a2c35a926d3e7f50a3036e,val
tomato,Tomato_leaf_yellow_curl_virus,IMG_20251102_154355.jpg,data\raw\tomato\tomato_pakistan\Tomato Dataset\Dataset (raw)\Tomato_leaf_yellow_curl_virus\IMG_20251102_154355.jpg,D:\ZaraiAI_Tomato_Cotton_Wheat\data\raw\tomato\tomato_pakistan\Tomato Dataset\Dataset (raw)\Tomato_leaf_yellow_curl_virus\IMG_20251102_154355.jpg,4080,3072,3,JPEG,2373484,6b57be4ec3a2d5b89ef220268ed5a35434c1e6b80c2f99265250814f9428d648,val
tomato,Tomato_mold_leaf,IMG-20240728-WA0055.jpg,data\raw\tomato\tomato_pakistan\Tomato Dataset\Dataset (raw)\Tomato_mold_leaf\IMG-20240728-WA0055.jpg,D:\ZaraiAI_Tomato_Cotton_Wheat\data\raw\tomato\tomato_pakistan\Tomato Dataset\Dataset (raw)\Tomato_mold_leaf\IMG-20240728-WA0055.jpg,780,1040,3,JPEG,107458,4f78561e7c358dfb80cf2f7c6bac5f93ed0f9196e197b59af7fe41732777fc8f,val
tomato,Tomato_leaf_late_blight,Gls45.jpg,data\raw\tomato\tomato_pakistan\Tomato Dataset\Dataset (raw)\Tomato_leaf_late_blight\Gls45.jpg,D:\ZaraiAI_Tomato_Cotton_Wheat\data\raw\tomato\tomato_pakistan\Tomato Dataset\Dataset (raw)\Tomato_leaf_late_blight\Gls45.jpg,227,227,3,JPEG,9989,4f5bf1bb6036e6265883b3d438784754c3da998f044bfe207a495b616fe6a5bb,val
tomato,Tomato_mold_leaf,IMG-20240728-WA0045.jpg,data\raw\tomato\tomato_pakistan\Tomato Dataset\Dataset (raw)\Tomato_mold_leaf\IMG-20240728-WA0045.jpg,D:\ZaraiAI_Tomato_Cotton_Wheat\data\raw\tomato\tomato_pakistan\Tomato Dataset\Dataset (raw)\Tomato_mold_leaf\IMG-20240728-WA0045.jpg,780,1040,3,JPEG,86487,c0911a8629685368f33db14fb8f769554fce712bfe0e2e6d72ab62bbe81e4e86,val
tomato,Tomato_leaf_yellow_curl_virus,534ddf3a932e62dd929a3ac1b29bfa29.jpg,data\raw\tomato\tomato_pakistan\Tomato Dataset\Dataset (raw)\Tomato_leaf_yellow_curl_virus\534ddf3a932e62dd929a3ac1b29bfa29.jpg,D:\ZaraiAI_Tomato_Cotton_Wheat\data\raw\tomato\tomato_pakistan\Tomato Dataset\Dataset (raw)\Tomato_leaf_yellow_curl_virus\534ddf3a932e62dd929a3ac1b29bfa29.jpg,4320,3240,3,JPEG,1644589,44334af721ac01e60cf42e1e0c83a047d25b63ce22bb8596b2af39da54ed6a89,val
tomato,Tomato_mold_leaf,IMG-20240727-WA0117.jpg,data\raw\tomato\tomato_pakistan\Tomato Dataset\Dataset (raw)\Tomato_mold_leaf\IMG-20240727-WA0117.jpg,D:\ZaraiAI_Tomato_Cotton_Wheat\data\raw\tomato\tomato_pakistan\Tomato Dataset\Dataset (raw)\Tomato_mold_leaf\IMG-20240727-WA0117.jpg,780,1040,3,JPEG,88871,aa339e9af09c6039d38067e4cc9bb1ed9433b9c3a45555733c37ac854f33061a,val
tomato,Tomato_Early_blight_leaf,IMG_20251102_160925.jpg,data\raw\tomato\tomato_pakistan\Tomato Dataset\Dataset (raw)\Tomato_Early_blight_leaf\IMG_20251102_160925.jpg,D:\ZaraiAI_Tomato_Cotton_Wheat\data\raw\tomato\tomato_pakistan\Tomato Dataset\Dataset (raw)\Tomato_Early_blight_leaf\IMG_20251102_160925.jpg,3072,4080,3,JPEG,3139166,801bbf5467f59657b80977a23a05bd7228692ae2c8a19440147f07f662a6fbdb,val
tomato,Tomato_Septoria_leaf_spot,Tomato-Early-Blight-e1513806873934.jpg,data\raw\tomato\tomato_pakistan\Tomato Dataset\Dataset (raw)\Tomato_Septoria_leaf_spot\Tomato-Early-Blight-e1513806873934.jpg,D:\ZaraiAI_Tomato_Cotton_Wheat\data\raw\tomato\tomato_pakistan\Tomato Dataset\Dataset (raw)\Tomato_Septoria_leaf_spot\Tomato-Early-Blight-e1513806873934.jpg,500,667,3,JPEG,89151,d57335974304fa7882aecbab9e5383aa4f3ac3fbf2b04ad494d0eff8035f59ab,val
tomato,Tomato_Septoria_leaf_spot,128110613-56a6d3633df78cf7729070ad.jpg,data\raw\tomato\tomato_pakistan\Tomato Dataset\Dataset (raw)\Tomato_Septoria_leaf_spot\128110613-56a6d3633df78cf7729070ad.jpg,D:\ZaraiAI_Tomato_Cotton_Wheat\data\raw\tomato\tomato_pakistan\Tomato Dataset\Dataset (raw)\Tomato_Septoria_leaf_spot\128110613-56a6d3633df78cf7729070ad.jpg,960,643,3,JPEG,92239,9b6ce8f0e3b4cfd7bb9f4235ef5cff30f7a3d1da27be970612424a0ae1b3c5ef,val
tomato,Tomato_Septoria_leaf_spot,Gls1.jpg,data\raw\tomato\tomato_pakistan\Tomato Dataset\Dataset (raw)\Tomato_Septoria_leaf_spot\Gls1.jpg,D:\ZaraiAI_Tomato_Cotton_Wheat\data\raw\tomato\tomato_pakistan\Tomato Dataset\Dataset (raw)\Tomato_Septoria_leaf_spot\Gls1.jpg,227,227,3,JPEG,10788,0c752afd024419b61608f117220e7d906ecf9e86954463c1c9006b6b9ab9d8b2,val
tomato,Tomato_Healthy_leaf,h102_change_270.jpg,data\raw\tomato\tomato_pakistan\Tomato Dataset\Dataset (raw)\Tomato_Healthy_leaf\h102_change_270.jpg,D:\ZaraiAI_Tomato_Cotton_Wheat\data\raw\tomato\tomato_pakistan\Tomato Dataset\Dataset (raw)\Tomato_Healthy_leaf\h102_change_270.jpg,227,227,3,JPEG,12034,b865b62a43f69ff4695b1af6bb0f62262b62e20a167a7dbafaaba12fd0dae2f7,val
tomato,Tomato_mold_leaf,IMG-20240725-WA0038.jpg,data\raw\tomato\tomato_pakistan\Tomato Dataset\Dataset (raw)\Tomato_mold_leaf\IMG-20240725-WA0038.jpg,D:\ZaraiAI_Tomato_Cotton_Wheat\data\raw\tomato\tomato_pakistan\Tomato Dataset\Dataset (raw)\Tomato_mold_leaf\IMG-20240725-WA0038.jpg,780,1040,3,JPEG,87577,c963085de074114f016a0ebae0a977d8cf4c5d6bcba62931e3d6be6058f3c2f2,val
tomato,Tomato_Septoria_leaf_spot,Tomato%20bacterial%20spot%20closeup-050S.JPG.jpg,data\raw\tomato\tomato_pakistan\Tomato Dataset\Dataset (raw)\Tomato_Septoria_leaf_spot\Tomato%20bacterial%20spot%20closeup-050S.JPG.jpg,D:\ZaraiAI_Tomato_Cotton_Wheat\data\raw\tomato\tomato_pakistan\Tomato Dataset\Dataset (raw)\Tomato_Septoria_leaf_spot\Tomato%20bacterial%20spot%20closeup-050S.JPG.jpg,640,480,3,JPEG,58983,9a83f0507e08947cb4c6563ba4b080d32bfec11253d66292c0241cbed810f458,val
tomato,Tomato_leaf_late_blight,Fig.%2014_opta.jpg,data\raw\tomato\tomato_pakistan\Tomato Dataset\Dataset (raw)\Tomato_leaf_late_blight\Fig.%2014_opta.jpg,D:\ZaraiAI_Tomato_Cotton_Wheat\data\raw\tomato\tomato_pakistan\Tomato Dataset\Dataset (raw)\Tomato_leaf_late_blight\Fig.%2014_opta.jpg,1388,992,3,JPEG,256611,c0a56dc465599772ddc4a3fa3077b521e6e67b963888a28342b99a5fbf2261e9,val
tomato,Tomato_mold_leaf,IMG-20240727-WA0154.jpg,data\raw\tomato\tomato_pakistan\Tomato Dataset\Dataset (raw)\Tomato_mold_leaf\IMG-20240727-WA0154.jpg,D:\ZaraiAI_Tomato_Cotton_Wheat\data\raw\tomato\tomato_pakistan\Tomato Dataset\Dataset (raw)\Tomato_mold_leaf\IMG-20240727-WA0154.jpg,780,1040,3,JPEG,86548,ea3bdf9e2493fbd63e8e592a0a2c38791e9de834153e530e4bece9e569fb04fa,val
tomato,Tomato_mold_leaf,IMG-20240728-WA0049.jpg,data\raw\tomato\tomato_pakistan\Tomato Dataset\Dataset (raw)\Tomato_mold_leaf\IMG-20240728-WA0049.jpg,D:\ZaraiAI_Tomato_Cotton_Wheat\data\raw\tomato\tomato_pakistan\Tomato Dataset\Dataset (raw)\Tomato_mold_leaf\IMG-20240728-WA0049.jpg,780,1040,3,JPEG,77440,80a1033c91e510aa53fc3b05c1b9ec4e3623fcba9d7aed7408488e5c8b079426,val
tomato,Tomato_Healthy_leaf,IMG_20251102_161837.jpg,data\raw\tomato\tomato_pakistan\Tomato Dataset\Dataset (raw)\Tomato_Healthy_leaf\IMG_20251102_161837.jpg,D:\ZaraiAI_Tomato_Cotton_Wheat\data\raw\tomato\tomato_pakistan\Tomato Dataset\Dataset (raw)\Tomato_Healthy_leaf\IMG_20251102_161837.jpg,3072,4080,3,JPEG,2750328,3ad242e7941ca82910fa099b2ba4850cec96a29fa56bdd51580f88be4f109dbe,val
tomato,Tomato_leaf_late_blight,IMG_5808_jpg.rf.9de5af872dd2e7a58b115c4826fb18d4.jpg,data\raw\tomato\tomato_pakistan\Tomato Dataset\Dataset (raw)\Tomato_leaf_late_blight\IMG_5808_jpg.rf.9de5af872dd2e7a58b115c4826fb18d4.jpg,D:\ZaraiAI_Tomato_Cotton_Wheat\data\raw\tomato\tomato_pakistan\Tomato Dataset\Dataset (raw)\Tomato_leaf_late_blight\IMG_5808_jpg.rf.9de5af872dd2e7a58b115c4826fb18d4.jpg,640,640,3,JPEG,54356,9cbf4ffa580f657893d180410f3b6bd665acfd9307204d6dec68362ca2e68226,val
tomato,Tomato_Early_blight_leaf,IMG-20240812-WA0435.jpg,data\raw\tomato\tomato_pakistan\Tomato Dataset\Dataset (raw)\Tomato_Early_blight_leaf\IMG-20240812-WA0435.jpg,D:\ZaraiAI_Tomato_Cotton_Wheat\data\raw\tomato\tomato_pakistan\Tomato Dataset\Dataset (raw)\Tomato_Early_blight_leaf\IMG-20240812-WA0435.jpg,3000,4000,3,JPEG,960354,8689367804e3b8f8baf6b2d497a1c5a05384771f0c492762242d7a947665b754,val
tomato,Tomato_Septoria_leaf_spot,septoria-leaf-spot-treatment-leaf-spot-septoria-leaf-spot-soil-treatment-septoria-leaf-spot-tomato-organic-treatment.jpg,data\raw\tomato\tomato_pakistan\Tomato Dataset\Dataset (raw)\Tomato_Septoria_leaf_spot\septoria-leaf-spot-treatment-leaf-spot-septoria-leaf-spot-soil-treatment-septoria-leaf-spot-tomato-organic-treatment.jpg,D:\ZaraiAI_Tomato_Cotton_Wheat\data\raw\tomato\tomato_pakistan\Tomato Dataset\Dataset (raw)\Tomato_Septoria_leaf_spot\septoria-leaf-spot-treatment-leaf-spot-septoria-leaf-spot-soil-treatment-septoria-leaf-spot-tomato-organic-treatment.jpg,550,586,3,JPEG,46598,8a1376011a0a8f09b29b6146b41bffdd225500a9ec3defdfb017db64d4ca9dc3,val
tomato,Tomato_Healthy_leaf,h84.jpg,data\raw\tomato\tomato_pakistan\Tomato Dataset\Dataset (raw)\Tomato_Healthy_leaf\h84.jpg,D:\ZaraiAI_Tomato_Cotton_Wheat\data\raw\tomato\tomato_pakistan\Tomato Dataset\Dataset (raw)\Tomato_Healthy_leaf\h84.jpg,227,227,3,JPEG,14344,b4574f350b69c973297e35870119703b4d0fea1b7d71493b30b10874338c8b28,val
tomato,Tomato_Septoria_leaf_spot,Gls38.jpg,data\raw\tomato\tomato_pakistan\Tomato Dataset\Dataset (raw)\Tomato_Septoria_leaf_spot\Gls38.jpg,D:\ZaraiAI_Tomato_Cotton_Wheat\data\raw\tomato\tomato_pakistan\Tomato Dataset\Dataset (raw)\Tomato_Septoria_leaf_spot\Gls38.jpg,227,227,3,JPEG,9171,322dfc2eff2199859e23615cdd7fb339c3a31b84227feae710765e2a13734b64,val
tomato,Tomato_Septoria_leaf_spot,Gls82.JPG,data\raw\tomato\tomato_pakistan\Tomato Dataset\Dataset (raw)\Tomato_Septoria_leaf_spot\Gls82.JPG,D:\ZaraiAI_Tomato_Cotton_Wheat\data\raw\tomato\tomato_pakistan\Tomato Dataset\Dataset (raw)\Tomato_Septoria_leaf_spot\Gls82.JPG,227,227,3,JPEG,12845,f07b0aa9154391140cce8c1eb73749ab0976c43523e2b9ae83903fa1ac6560f7,val
tomato,Tomato_Septoria_leaf_spot,early-blight-closeup-sm.jpg,data\raw\tomato\tomato_pakistan\Tomato Dataset\Dataset (raw)\Tomato_Septoria_leaf_spot\early-blight-closeup-sm.jpg,D:\ZaraiAI_Tomato_Cotton_Wheat\data\raw\tomato\tomato_pakistan\Tomato Dataset\Dataset (raw)\Tomato_Septoria_leaf_spot\early-blight-closeup-sm.jpg,454,291,3,JPEG,123025,ab6642a5059e272e37d829d1e651b92d3b0af1322d4de601eb5a242267232d70,val
tomato,Tomato_Healthy_leaf,IMG_20251102_161633.jpg,data\raw\tomato\tomato_pakistan\Tomato Dataset\Dataset (raw)\Tomato_Healthy_leaf\IMG_20251102_161633.jpg,D:\ZaraiAI_Tomato_Cotton_Wheat\data\raw\tomato\tomato_pakistan\Tomato Dataset\Dataset (raw)\Tomato_Healthy_leaf\IMG_20251102_161633.jpg,3072,4080,3,JPEG,2901652,137846482cc63d799a10781ae072d47055fd4c5b754df9dc2e8cb91c8783f24b,val
tomato,Tomato_leaf_late_blight,IMG_20251102_155132.jpg,data\raw\tomato\tomato_pakistan\Tomato Dataset\Dataset (raw)\Tomato_leaf_late_blight\IMG_20251102_155132.jpg,D:\ZaraiAI_Tomato_Cotton_Wheat\data\raw\tomato\tomato_pakistan\Tomato Dataset\Dataset (raw)\Tomato_leaf_late_blight\IMG_20251102_155132.jpg,3072,4080,3,JPEG,2196251,a9dfb69d4eddc97e8d3ee3bf36f3eb051142851e3de396e6d44b446b1456930b,val
tomato,Tomato_Healthy_leaf,IMG_20251102_161733.jpg,data\raw\tomato\tomato_pakistan\Tomato Dataset\Dataset (raw)\Tomato_Healthy_leaf\IMG_20251102_161733.jpg,D:\ZaraiAI_Tomato_Cotton_Wheat\data\raw\tomato\tomato_pakistan\Tomato Dataset\Dataset (raw)\Tomato_Healthy_leaf\IMG_20251102_161733.jpg,4080,3072,3,JPEG,2471663,695dd0394c29a7b6d60603033f909ea046c2ba1a3135c64caca9803977ebe67d,val
tomato,Tomato_Septoria_leaf_spot,IMG_4452_1500x1500%253E.JPG_1407883119.jpg,data\raw\tomato\tomato_pakistan\Tomato Dataset\Dataset (raw)\Tomato_Septoria_leaf_spot\IMG_4452_1500x1500%253E.JPG_1407883119.jpg,D:\ZaraiAI_Tomato_Cotton_Wheat\data\raw\tomato\tomato_pakistan\Tomato Dataset\Dataset (raw)\Tomato_Septoria_leaf_spot\IMG_4452_1500x1500%253E.JPG_1407883119.jpg,1125,1500,3,JPEG,543446,0a96b9d5f955b40b19f23257bc6bf16ab4ac3fa09dc0726f715157a36c4134e9,val
tomato,Tomato_Septoria_leaf_spot,Gls37_change_90.jpg,data\raw\tomato\tomato_pakistan\Tomato Dataset\Dataset (raw)\Tomato_Septoria_leaf_spot\Gls37_change_90.jpg,D:\ZaraiAI_Tomato_Cotton_Wheat\data\raw\tomato\tomato_pakistan\Tomato Dataset\Dataset (raw)\Tomato_Septoria_leaf_spot\Gls37_change_90.jpg,227,227,3,JPEG,12019,1f67df995f83ffec538b6482b0615bc572f3228b6b927effb2fbaf5c01247de1,val
tomato,Tomato_mold_leaf,IMG-20240728-WA0102.jpg,data\raw\tomato\tomato_pakistan\Tomato Dataset\Dataset (raw)\Tomato_mold_leaf\IMG-20240728-WA0102.jpg,D:\ZaraiAI_Tomato_Cotton_Wheat\data\raw\tomato\tomato_pakistan\Tomato Dataset\Dataset (raw)\Tomato_mold_leaf\IMG-20240728-WA0102.jpg,780,1040,3,JPEG,82435,4be207659ed24231decd5853a45e700f993d05ad651d78f0c3f7987aab4ec450,val
tomato,Tomato_Healthy_leaf,IMG_20251102_161629.jpg,data\raw\tomato\tomato_pakistan\Tomato Dataset\Dataset (raw)\Tomato_Healthy_leaf\IMG_20251102_161629.jpg,D:\ZaraiAI_Tomato_Cotton_Wheat\data\raw\tomato\tomato_pakistan\Tomato Dataset\Dataset (raw)\Tomato_Healthy_leaf\IMG_20251102_161629.jpg,3072,4080,3,JPEG,3009064,d21fc19e0084e158e8bdb71bb9f2a771522fc63060ac16bb86034a480766aa0f,val
tomato,Tomato_Septoria_leaf_spot,SS_ (986).jpg,data\raw\tomato\tomato_pakistan\Tomato Dataset\Dataset (raw)\Tomato_Septoria_leaf_spot\SS_ (986).jpg,D:\ZaraiAI_Tomato_Cotton_Wheat\data\raw\tomato\tomato_pakistan\Tomato Dataset\Dataset (raw)\Tomato_Septoria_leaf_spot\SS_ (986).jpg,720,720,3,JPEG,106744,e409a55ef9717eeb960e447354dc3e90ceb6adfcf89193a8c984d254d8b4d4b0,val
tomato,Tomato_mold_leaf,IMG-20240728-WA0087.jpg,data\raw\tomato\tomato_pakistan\Tomato Dataset\Dataset (raw)\Tomato_mold_leaf\IMG-20240728-WA0087.jpg,D:\ZaraiAI_Tomato_Cotton_Wheat\data\raw\tomato\tomato_pakistan\Tomato Dataset\Dataset (raw)\Tomato_mold_leaf\IMG-20240728-WA0087.jpg,780,1040,3,JPEG,104749,5faba5c9c6ad59b93010bc8711022f27beb0186ada851f59462358190fea6969,val
tomato,Tomato_Healthy_leaf,IMG_20251102_161616.jpg,data\raw\tomato\tomato_pakistan\Tomato Dataset\Dataset (raw)\Tomato_Healthy_leaf\IMG_20251102_161616.jpg,D:\ZaraiAI_Tomato_Cotton_Wheat\data\raw\tomato\tomato_pakistan\Tomato Dataset\Dataset (raw)\Tomato_Healthy_leaf\IMG_20251102_161616.jpg,3072,4080,3,JPEG,3377519,0d277516093e0f117e62520aa0979f1d62193e9636ee620f1e2cfebd4a062417,val
tomato,Tomato_leaf_yellow_curl_virus,IMG_20251102_155103.jpg,data\raw\tomato\tomato_pakistan\Tomato Dataset\Dataset (raw)\Tomato_leaf_yellow_curl_virus\IMG_20251102_155103.jpg,D:\ZaraiAI_Tomato_Cotton_Wheat\data\raw\tomato\tomato_pakistan\Tomato Dataset\Dataset (raw)\Tomato_leaf_yellow_curl_virus\IMG_20251102_155103.jpg,3072,4080,3,JPEG,1930097,a2468e0d4dcdffcc3529f77e9af190f7b7e4ed9b51ca4791811131998c80d614,val
tomato,Tomato_mold_leaf,IMG-20240725-WA0021.jpg,data\raw\tomato\tomato_pakistan\Tomato Dataset\Dataset (raw)\Tomato_mold_leaf\IMG-20240725-WA0021.jpg,D:\ZaraiAI_Tomato_Cotton_Wheat\data\raw\tomato\tomato_pakistan\Tomato Dataset\Dataset (raw)\Tomato_mold_leaf\IMG-20240725-WA0021.jpg,780,1040,3,JPEG,79553,40adb7b0f1ea09da72e8f099b1e146e9598f126c45f44996c3547109a818a1ec,val
tomato,Tomato_mold_leaf,IMG-20240728-WA0061.jpg,data\raw\tomato\tomato_pakistan\Tomato Dataset\Dataset (raw)\Tomato_mold_leaf\IMG-20240728-WA0061.jpg,D:\ZaraiAI_Tomato_Cotton_Wheat\data\raw\tomato\tomato_pakistan\Tomato Dataset\Dataset (raw)\Tomato_mold_leaf\IMG-20240728-WA0061.jpg,780,1040,3,JPEG,71219,a6b37367236aac525fbf1de742de29f2f2b9c40fba0631ebbec44696a25cf085,val
tomato,Tomato_Early_blight_leaf,IMG_20251102_161202.jpg,data\raw\tomato\tomato_pakistan\Tomato Dataset\Dataset (raw)\Tomato_Early_blight_leaf\IMG_20251102_161202.jpg,D:\ZaraiAI_Tomato_Cotton_Wheat\data\raw\tomato\tomato_pakistan\Tomato Dataset\Dataset (raw)\Tomato_Early_blight_leaf\IMG_20251102_161202.jpg,3072,4080,3,JPEG,3214588,66e253dbaa31113906497069e3c5865bda32a1801d72918ae56d06b51f85ac87,val
tomato,Tomato_leaf_yellow_curl_virus,IMG_20251102_155036.jpg,data\raw\tomato\tomato_pakistan\Tomato Dataset\Dataset (raw)\Tomato_leaf_yellow_curl_virus\IMG_20251102_155036.jpg,D:\ZaraiAI_Tomato_Cotton_Wheat\data\raw\tomato\tomato_pakistan\Tomato Dataset\Dataset (raw)\Tomato_leaf_yellow_curl_virus\IMG_20251102_155036.jpg,3072,4080,3,JPEG,2669051,7f63801cebf67ba82afbc0e073311cb549ba404fed48103a3f9f9a6c82e372e6,val
tomato,Tomato_mold_leaf,IMG-20240728-WA0074.jpg,data\raw\tomato\tomato_pakistan\Tomato Dataset\Dataset (raw)\Tomato_mold_leaf\IMG-20240728-WA0074.jpg,D:\ZaraiAI_Tomato_Cotton_Wheat\data\raw\tomato\tomato_pakistan\Tomato Dataset\Dataset (raw)\Tomato_mold_leaf\IMG-20240728-WA0074.jpg,1040,780,3,JPEG,92112,145e5cf5db8823a219dc0a237d5b5fc8f388ffddd49e1731efe207a6f9f133df,val
tomato,Tomato_Early_blight_leaf,halleck_tomato_earlyblight__inline-half.jpg,data\raw\tomato\tomato_pakistan\Tomato Dataset\Dataset (raw)\Tomato_Early_blight_leaf\halleck_tomato_earlyblight__inline-half.jpg,D:\ZaraiAI_Tomato_Cotton_Wheat\data\raw\tomato\tomato_pakistan\Tomato Dataset\Dataset (raw)\Tomato_Early_blight_leaf\halleck_tomato_earlyblight__inline-half.jpg,303,296,3,JPEG,18137,dab4afc0ccde1fbb391f8c0e6f3da190ea3565eb66457ea7e2355f712c443e0e,val
tomato,Tomato_leaf_late_blight,Lb57_change_90.jpg,data\raw\tomato\tomato_pakistan\Tomato Dataset\Dataset (raw)\Tomato_leaf_late_blight\Lb57_change_90.jpg,D:\ZaraiAI_Tomato_Cotton_Wheat\data\raw\tomato\tomato_pakistan\Tomato Dataset\Dataset (raw)\Tomato_leaf_late_blight\Lb57_change_90.jpg,227,227,3,JPEG,7738,83dbd9501cd1ce69bed4128a549e009a7b23a1a4fbd3ba74b566d62efb9ae95b,val
tomato,Tomato_leaf_yellow_curl_virus,IMG_20251102_153921.jpg,data\raw\tomato\tomato_pakistan\Tomato Dataset\Dataset (raw)\Tomato_leaf_yellow_curl_virus\IMG_20251102_153921.jpg,D:\ZaraiAI_Tomato_Cotton_Wheat\data\raw\tomato\tomato_pakistan\Tomato Dataset\Dataset (raw)\Tomato_leaf_yellow_curl_virus\IMG_20251102_153921.jpg,3072,4080,3,JPEG,2870761,7f44d6fa89685dc48da1b1d686288c823eb25aa54d8e41746ac6023acbb9ad52,val
tomato,Tomato_Healthy_leaf,100_8283.jpg,data\raw\tomato\tomato_pakistan\Tomato Dataset\Dataset (raw)\Tomato_Healthy_leaf\100_8283.jpg,D:\ZaraiAI_Tomato_Cotton_Wheat\data\raw\tomato\tomato_pakistan\Tomato Dataset\Dataset (raw)\Tomato_Healthy_leaf\100_8283.jpg,1932,2576,3,JPEG,1816775,2e6dc8d894d71a2b75362f3edacf4f0caf9e27ce68bb85508f4e4f86511970d7,val
tomato,Tomato_Early_blight_leaf,earlyblight21_.jpg,data\raw\tomato\tomato_pakistan\Tomato Dataset\Dataset (raw)\Tomato_Early_blight_leaf\earlyblight21_.jpg,D:\ZaraiAI_Tomato_Cotton_Wheat\data\raw\tomato\tomato_pakistan\Tomato Dataset\Dataset (raw)\Tomato_Early_blight_leaf\earlyblight21_.jpg,1704,2272,3,JPEG,690712,33051105a7999fd6346911a9de67485f5678af4af738076308b1edafada1bfe7,val
tomato,Tomato_Septoria_leaf_spot,classic-septoria.jpg,data\raw\tomato\tomato_pakistan\Tomato Dataset\Dataset (raw)\Tomato_Septoria_leaf_spot\classic-septoria.jpg,D:\ZaraiAI_Tomato_Cotton_Wheat\data\raw\tomato\tomato_pakistan\Tomato Dataset\Dataset (raw)\Tomato_Septoria_leaf_spot\classic-septoria.jpg,2304,3072,3,JPEG,3218431,5a55c2e3d902ce5f9f89d1c1918e5bea818e5d8aaf3b8631c4174d8beff6fa4f,val
tomato,Tomato_Early_blight_leaf,Early-blight-660x440.jpg,data\raw\tomato\tomato_pakistan\Tomato Dataset\Dataset (raw)\Tomato_Early_blight_leaf\Early-blight-660x440.jpg,D:\ZaraiAI_Tomato_Cotton_Wheat\data\raw\tomato\tomato_pakistan\Tomato Dataset\Dataset (raw)\Tomato_Early_blight_leaf\Early-blight-660x440.jpg,660,440,3,JPEG,56206,6ae670ce5fcc26e159e08bca37c94426614d50c836b337e8bc645cd52579fde2,val
tomato,Tomato_leaf_late_blight,Leaf-2Bsymptoms-2BMDA_jpg.rf.39b220104d04636fad4f5aae043826cb.jpg,data\raw\tomato\tomato_pakistan\Tomato Dataset\Dataset (raw)\Tomato_leaf_late_blight\Leaf-2Bsymptoms-2BMDA_jpg.rf.39b220104d04636fad4f5aae043826cb.jpg,D:\ZaraiAI_Tomato_Cotton_Wheat\data\raw\tomato\tomato_pakistan\Tomato Dataset\Dataset (raw)\Tomato_leaf_late_blight\Leaf-2Bsymptoms-2BMDA_jpg.rf.39b220104d04636fad4f5aae043826cb.jpg,640,640,3,JPEG,61434,8f8395642afd1d3cfa95a92384f2f60948305f3dddd400b1466e5312d6a4cb03,val
tomato,Tomato_leaf_late_blight,Lb85.JPG,data\raw\tomato\tomato_pakistan\Tomato Dataset\Dataset (raw)\Tomato_leaf_late_blight\Lb85.JPG,D:\ZaraiAI_Tomato_Cotton_Wheat\data\raw\tomato\tomato_pakistan\Tomato Dataset\Dataset (raw)\Tomato_leaf_late_blight\Lb85.JPG,227,227,3,JPEG,11168,dc42ade375de357c8789ced8b2f8a32398e639b3cde1f0f373e93997250288c5,val
tomato,Tomato_Septoria_leaf_spot,confused-early-blight-septoria-zoom.jpg,data\raw\tomato\tomato_pakistan\Tomato Dataset\Dataset (raw)\Tomato_Septoria_leaf_spot\confused-early-blight-septoria-zoom.jpg,D:\ZaraiAI_Tomato_Cotton_Wheat\data\raw\tomato\tomato_pakistan\Tomato Dataset\Dataset (raw)\Tomato_Septoria_leaf_spot\confused-early-blight-septoria-zoom.jpg,453,388,3,JPEG,58406,896c5865e44a9c4f09f218e3feb80f3a2ede513692212ebcf9b08dbb0844091e,val
tomato,Tomato_Septoria_leaf_spot,Septoria_tomato_Margaret%20B_p8170755_0002_25004.jpg,data\raw\tomato\tomato_pakistan\Tomato Dataset\Dataset (raw)\Tomato_Septoria_leaf_spot\Septoria_tomato_Margaret%20B_p8170755_0002_25004.jpg,D:\ZaraiAI_Tomato_Cotton_Wheat\data\raw\tomato\tomato_pakistan\Tomato Dataset\Dataset (raw)\Tomato_Septoria_leaf_spot\Septoria_tomato_Margaret%20B_p8170755_0002_25004.jpg,600,400,3,JPEG,88777,16b0c318d4b26a84aa8d974f97cd5abe30aa5500b55ac38d6b9f8daa66624060,val
tomato,Tomato_Healthy_leaf,IMG_20251102_161709.jpg,data\raw\tomato\tomato_pakistan\Tomato Dataset\Dataset (raw)\Tomato_Healthy_leaf\IMG_20251102_161709.jpg,D:\ZaraiAI_Tomato_Cotton_Wheat\data\raw\tomato\tomato_pakistan\Tomato Dataset\Dataset (raw)\Tomato_Healthy_leaf\IMG_20251102_161709.jpg,4080,3072,3,JPEG,3276737,3969e8a238c7a79e63f506623ee797636ae4d19b34820e21562ef82091eaa618,val
tomato,Tomato_leaf_late_blight,Late-blight-foliar-leasion-on-tomato.jpg,data\raw\tomato\tomato_pakistan\Tomato Dataset\Dataset (raw)\Tomato_leaf_late_blight\Late-blight-foliar-leasion-on-tomato.jpg,D:\ZaraiAI_Tomato_Cotton_Wheat\data\raw\tomato\tomato_pakistan\Tomato Dataset\Dataset (raw)\Tomato_leaf_late_blight\Late-blight-foliar-leasion-on-tomato.jpg,480,640,3,JPEG,173928,9567fdeaa51c7770775c6a12d993ed54b8857bd7a7ce9a57d1d194d0e9acc3f4,val
tomato,Tomato_leaf_late_blight,Gls78.JPG,data\raw\tomato\tomato_pakistan\Tomato Dataset\Dataset (raw)\Tomato_leaf_late_blight\Gls78.JPG,D:\ZaraiAI_Tomato_Cotton_Wheat\data\raw\tomato\tomato_pakistan\Tomato Dataset\Dataset (raw)\Tomato_leaf_late_blight\Gls78.JPG,227,227,3,JPEG,9875,e90d05f9cc6b91f71bfaf41a5f7553b1d3c050e9b0e0653ed0b33605426a1c97,val
tomato,Tomato_Healthy_leaf,h101.jpg,data\raw\tomato\tomato_pakistan\Tomato Dataset\Dataset (raw)\Tomato_Healthy_leaf\h101.jpg,D:\ZaraiAI_Tomato_Cotton_Wheat\data\raw\tomato\tomato_pakistan\Tomato Dataset\Dataset (raw)\Tomato_Healthy_leaf\h101.jpg,227,227,3,JPEG,14124,f35ab2900ca19f1dafd06be7403e990dbaa0572b7f3010864c1b442b4aff3ea9,val
tomato,Tomato_Healthy_leaf,IMG_20251102_161819.jpg,data\raw\tomato\tomato_pakistan\Tomato Dataset\Dataset (raw)\Tomato_Healthy_leaf\IMG_20251102_161819.jpg,D:\ZaraiAI_Tomato_Cotton_Wheat\data\raw\tomato\tomato_pakistan\Tomato Dataset\Dataset (raw)\Tomato_Healthy_leaf\IMG_20251102_161819.jpg,3072,4080,3,JPEG,2914332,f273e23dc20f3f0daf7d8416b0aed33df7c0eb81dfa6a96b92d8e783ed9467a8,val
tomato,Tomato_Septoria_leaf_spot,tomato-badleaves.jpg,data\raw\tomato\tomato_pakistan\Tomato Dataset\Dataset (raw)\Tomato_Septoria_leaf_spot\tomato-badleaves.jpg,D:\ZaraiAI_Tomato_Cotton_Wheat\data\raw\tomato\tomato_pakistan\Tomato Dataset\Dataset (raw)\Tomato_Septoria_leaf_spot\tomato-badleaves.jpg,1280,960,3,JPEG,299176,be07cf2488183e3b3d9d65acaf25482f69ddcd5aa49201975902c043779c8883,val
tomato,Tomato_Healthy_leaf,unnamed.jpg,data\raw\tomato\tomato_pakistan\Tomato Dataset\Dataset (raw)\Tomato_Healthy_leaf\unnamed.jpg,D:\ZaraiAI_Tomato_Cotton_Wheat\data\raw\tomato\tomato_pakistan\Tomato Dataset\Dataset (raw)\Tomato_Healthy_leaf\unnamed.jpg,512,384,3,JPEG,55033,9324214125472c4ebd52e9c4c9f7c97d8a6408b50a92b984f13e2b3ce045feb4,val
tomato,Tomato_leaf_late_blight,LB-2-225x300.jpg,data\raw\tomato\tomato_pakistan\Tomato Dataset\Dataset (raw)\Tomato_leaf_late_blight\LB-2-225x300.jpg,D:\ZaraiAI_Tomato_Cotton_Wheat\data\raw\tomato\tomato_pakistan\Tomato Dataset\Dataset (raw)\Tomato_leaf_late_blight\LB-2-225x300.jpg,225,300,3,JPEG,24696,8934b2adf56dea95be7e3309de048d83f13f7e148c17b7f5ccfee667303d87be,val
tomato,Tomato_leaf_late_blight,Lb52.JPG,data\raw\tomato\tomato_pakistan\Tomato Dataset\Dataset (raw)\Tomato_leaf_late_blight\Lb52.JPG,D:\ZaraiAI_Tomato_Cotton_Wheat\data\raw\tomato\tomato_pakistan\Tomato Dataset\Dataset (raw)\Tomato_leaf_late_blight\Lb52.JPG,227,227,3,JPEG,8859,d845c26c6b5c1b5ec49efa9b3ba44b557c8da60477570fc4d61ef1717b4157b5,val
tomato,Tomato_mold_leaf,IMG-20240724-WA0068.jpg,data\raw\tomato\tomato_pakistan\Tomato Dataset\Dataset (raw)\Tomato_mold_leaf\IMG-20240724-WA0068.jpg,D:\ZaraiAI_Tomato_Cotton_Wheat\data\raw\tomato\tomato_pakistan\Tomato Dataset\Dataset (raw)\Tomato_mold_leaf\IMG-20240724-WA0068.jpg,1040,780,3,JPEG,99305,19975f26da3f24323a4dbbc5adb3dd5d427674d2e0309269c6fddaddc01ea328,val
tomato,Tomato_Septoria_leaf_spot,IMG_6433-300x225.jpg,data\raw\tomato\tomato_pakistan\Tomato Dataset\Dataset (raw)\Tomato_Septoria_leaf_spot\IMG_6433-300x225.jpg,D:\ZaraiAI_Tomato_Cotton_Wheat\data\raw\tomato\tomato_pakistan\Tomato Dataset\Dataset (raw)\Tomato_Septoria_leaf_spot\IMG_6433-300x225.jpg,300,225,3,JPEG,34083,60bb82de5a695300fcdbad3a6e52faa6a731dae5158ff330a47c4816a051f1e4,val
tomato,Tomato_Healthy_leaf,h75_mirror_vertical.jpg,data\raw\tomato\tomato_pakistan\Tomato Dataset\Dataset (raw)\Tomato_Healthy_leaf\h75_mirror_vertical.jpg,D:\ZaraiAI_Tomato_Cotton_Wheat\data\raw\tomato\tomato_pakistan\Tomato Dataset\Dataset (raw)\Tomato_Healthy_leaf\h75_mirror_vertical.jpg,227,227,3,JPEG,11687,14cd1530ee672062545912adecec420f11ad25d23631b8a5c20c5d346cf3a1a6,val
tomato,Tomato_mold_leaf,IMG-20240728-WA0096.jpg,data\raw\tomato\tomato_pakistan\Tomato Dataset\Dataset (raw)\Tomato_mold_leaf\IMG-20240728-WA0096.jpg,D:\ZaraiAI_Tomato_Cotton_Wheat\data\raw\tomato\tomato_pakistan\Tomato Dataset\Dataset (raw)\Tomato_mold_leaf\IMG-20240728-WA0096.jpg,780,1040,3,JPEG,66379,17cb8481e9e75bddcb554a70486818349bffd2626ba9c981903e2893d73cd564,val
tomato,Tomato_Early_blight_leaf,EB_(972).jpg,data\raw\tomato\tomato_pakistan\Tomato Dataset\Dataset (raw)\Tomato_Early_blight_leaf\EB_(972).jpg,D:\ZaraiAI_Tomato_Cotton_Wheat\data\raw\tomato\tomato_pakistan\Tomato Dataset\Dataset (raw)\Tomato_Early_blight_leaf\EB_(972).jpg,800,597,3,JPEG,232120,a218e87485e3460381942c140ec90e1015e08885f990d9271606b9a33b4c8d09,val
tomato,Tomato_leaf_yellow_curl_virus,8227475116_0d40e8f21c_b.jpg,data\raw\tomato\tomato_pakistan\Tomato Dataset\Dataset (raw)\Tomato_leaf_yellow_curl_virus\8227475116_0d40e8f21c_b.jpg,D:\ZaraiAI_Tomato_Cotton_Wheat\data\raw\tomato\tomato_pakistan\Tomato Dataset\Dataset (raw)\Tomato_leaf_yellow_curl_virus\8227475116_0d40e8f21c_b.jpg,683,1024,3,JPEG,329150,fdb84aa6b584ecf65151e1682a0c6c2cee2fefb257851b21d43bb5550011bde8,val
tomato,Tomato_leaf_yellow_curl_virus,tomato-yellow-closeup-4.jpg,data\raw\tomato\tomato_pakistan\Tomato Dataset\Dataset (raw)\Tomato_leaf_yellow_curl_virus\tomato-yellow-closeup-4.jpg,D:\ZaraiAI_Tomato_Cotton_Wheat\data\raw\tomato\tomato_pakistan\Tomato Dataset\Dataset (raw)\Tomato_leaf_yellow_curl_virus\tomato-yellow-closeup-4.jpg,500,339,3,JPEG,74319,e911e217356e8ff4cfc5a7102bdd784478d16696197d3631640c85e5378b3866,val
tomato,Tomato_mold_leaf,IMG-20240725-WA0018.jpg,data\raw\tomato\tomato_pakistan\Tomato Dataset\Dataset (raw)\Tomato_mold_leaf\IMG-20240725-WA0018.jpg,D:\ZaraiAI_Tomato_Cotton_Wheat\data\raw\tomato\tomato_pakistan\Tomato Dataset\Dataset (raw)\Tomato_mold_leaf\IMG-20240725-WA0018.jpg,1040,780,3,JPEG,71623,584c05d7c56611d458bfa3fc5d0e07f311117258e9c63b39289934b03385fd6b,val
tomato,Tomato_Early_blight_leaf,IMG_20251102_154710.jpg,data\raw\tomato\tomato_pakistan\Tomato Dataset\Dataset (raw)\Tomato_Early_blight_leaf\IMG_20251102_154710.jpg,D:\ZaraiAI_Tomato_Cotton_Wheat\data\raw\tomato\tomato_pakistan\Tomato Dataset\Dataset (raw)\Tomato_Early_blight_leaf\IMG_20251102_154710.jpg,3072,4080,3,JPEG,2088457,16744c8086d717428d85fcc2f8ada41897ab787a57610ce348f1a862c5132e85,val
tomato,Tomato_Healthy_leaf,HL_(93).jpg,data\raw\tomato\tomato_pakistan\Tomato Dataset\Dataset (raw)\Tomato_Healthy_leaf\HL_(93).jpg,D:\ZaraiAI_Tomato_Cotton_Wheat\data\raw\tomato\tomato_pakistan\Tomato Dataset\Dataset (raw)\Tomato_Healthy_leaf\HL_(93).jpg,227,227,3,JPEG,11352,4d71e04d8fe8e1b17b1ba87063d0701312fa78358fbb44fc301b476ce999ecc5,val
tomato,Tomato_Healthy_leaf,IMG_20251102_161720.jpg,data\raw\tomato\tomato_pakistan\Tomato Dataset\Dataset (raw)\Tomato_Healthy_leaf\IMG_20251102_161720.jpg,D:\ZaraiAI_Tomato_Cotton_Wheat\data\raw\tomato\tomato_pakistan\Tomato Dataset\Dataset (raw)\Tomato_Healthy_leaf\IMG_20251102_161720.jpg,3072,4080,3,JPEG,2521226,5ccc871b122b2e0d5e39b8549d724566bec1ca64524605911fd5b76509ef90c7,val
tomato,Tomato_leaf_late_blight,ToamtoLateBlight3-Version-3-oohvze.jpg,data\raw\tomato\tomato_pakistan\Tomato Dataset\Dataset (raw)\Tomato_leaf_late_blight\ToamtoLateBlight3-Version-3-oohvze.jpg,D:\ZaraiAI_Tomato_Cotton_Wheat\data\raw\tomato\tomato_pakistan\Tomato Dataset\Dataset (raw)\Tomato_leaf_late_blight\ToamtoLateBlight3-Version-3-oohvze.jpg,3235,2426,3,JPEG,1087402,8c70c4321a305ca3225768862b0ce55abbe3d2933016052d96c9d2752abb5815,val
tomato,Tomato_Early_blight_leaf,IMG_20251102_160035.jpg,data\raw\tomato\tomato_pakistan\Tomato Dataset\Dataset (raw)\Tomato_Early_blight_leaf\IMG_20251102_160035.jpg,D:\ZaraiAI_Tomato_Cotton_Wheat\data\raw\tomato\tomato_pakistan\Tomato Dataset\Dataset (raw)\Tomato_Early_blight_leaf\IMG_20251102_160035.jpg,4080,3072,3,JPEG,2567918,68e9894190e70f59763dec16a1c8361bd55c8c476cf53498b1944e5d07a84f8f,val
tomato,Tomato_Septoria_leaf_spot,early-blight-of-tomato-tomato-1.jpg,data\raw\tomato\tomato_pakistan\Tomato Dataset\Dataset (raw)\Tomato_Septoria_leaf_spot\early-blight-of-tomato-tomato-1.jpg,D:\ZaraiAI_Tomato_Cotton_Wheat\data\raw\tomato\tomato_pakistan\Tomato Dataset\Dataset (raw)\Tomato_Septoria_leaf_spot\early-blight-of-tomato-tomato-1.jpg,300,400,3,JPEG,30846,cfb56ff1c8a42b9444f41b4e5715387bbd669aed97af5bbd78732bf3640f68f2,val
tomato,Tomato_mold_leaf,IMG-20240728-WA0080.jpg,data\raw\tomato\tomato_pakistan\Tomato Dataset\Dataset (raw)\Tomato_mold_leaf\IMG-20240728-WA0080.jpg,D:\ZaraiAI_Tomato_Cotton_Wheat\data\raw\tomato\tomato_pakistan\Tomato Dataset\Dataset (raw)\Tomato_mold_leaf\IMG-20240728-WA0080.jpg,1040,780,3,JPEG,87785,5040d0138d28b63b458960f1b88ba565b52326692eed81b8e286fff4cb463b76,val
tomato,Tomato_Early_blight_leaf,126689-004-D622CD2F.jpg,data\raw\tomato\tomato_pakistan\Tomato Dataset\Dataset (raw)\Tomato_Early_blight_leaf\126689-004-D622CD2F.jpg,D:\ZaraiAI_Tomato_Cotton_Wheat\data\raw\tomato\tomato_pakistan\Tomato Dataset\Dataset (raw)\Tomato_Early_blight_leaf\126689-004-D622CD2F.jpg,550,384,3,JPEG,47728,451d83c709fcbab2f641e27b6cd6315d9bb869cf94210cfcd4e085f5ec399c88,val
tomato,Tomato_Septoria_leaf_spot,tomato_leaves_300x300%2523.jpg,data\raw\tomato\tomato_pakistan\Tomato Dataset\Dataset (raw)\Tomato_Septoria_leaf_spot\tomato_leaves_300x300%2523.jpg,D:\ZaraiAI_Tomato_Cotton_Wheat\data\raw\tomato\tomato_pakistan\Tomato Dataset\Dataset (raw)\Tomato_Septoria_leaf_spot\tomato_leaves_300x300%2523.jpg,300,300,3,JPEG,85803,9338c8b6dc6cc536e345651c17fb42edd947076b4373069cc83312335db8d02b,val
tomato,Tomato_mold_leaf,IMG_20251102_160910.jpg,data\raw\tomato\tomato_pakistan\Tomato Dataset\Dataset (raw)\Tomato_mold_leaf\IMG_20251102_160910.jpg,D:\ZaraiAI_Tomato_Cotton_Wheat\data\raw\tomato\tomato_pakistan\Tomato Dataset\Dataset (raw)\Tomato_mold_leaf\IMG_20251102_160910.jpg,3072,4080,3,JPEG,2400153,215a0905ac33c726fc03c0e458a5cf50732233ee29960bf5f84b1e8359bc6271,val
tomato,Tomato_Early_blight_leaf,IMG-20240812-WA0407.jpg,data\raw\tomato\tomato_pakistan\Tomato Dataset\Dataset (raw)\Tomato_Early_blight_leaf\IMG-20240812-WA0407.jpg,D:\ZaraiAI_Tomato_Cotton_Wheat\data\raw\tomato\tomato_pakistan\Tomato Dataset\Dataset (raw)\Tomato_Early_blight_leaf\IMG-20240812-WA0407.jpg,992,787,3,JPEG,138113,0fd69ef309c020cf6a35b455b8fb350b3c6f180b3a4101d14ee6e0a0664720cc,val
tomato,Tomato_Early_blight_leaf,IMG_20251102_161239.jpg,data\raw\tomato\tomato_pakistan\Tomato Dataset\Dataset (raw)\Tomato_Early_blight_leaf\IMG_20251102_161239.jpg,D:\ZaraiAI_Tomato_Cotton_Wheat\data\raw\tomato\tomato_pakistan\Tomato Dataset\Dataset (raw)\Tomato_Early_blight_leaf\IMG_20251102_161239.jpg,3072,4080,3,JPEG,3292772,dee132da88d4f9c6d995424829eccfbefd8f04ac7c3ed8910a51aab0e3ebc703,val
tomato,Tomato_Septoria_leaf_spot,SS_ (990).jpg,data\raw\tomato\tomato_pakistan\Tomato Dataset\Dataset (raw)\Tomato_Septoria_leaf_spot\SS_ (990).jpg,D:\ZaraiAI_Tomato_Cotton_Wheat\data\raw\tomato\tomato_pakistan\Tomato Dataset\Dataset (raw)\Tomato_Septoria_leaf_spot\SS_ (990).jpg,244,270,3,JPEG,54048,34ae899e2395314dab5fc37c5aa208af233eb826ef7fa87c7436d54d2e0bf80e,val
tomato,Tomato_mold_leaf,Tomato+leaf+mold.jpg,data\raw\tomato\tomato_pakistan\Tomato Dataset\Dataset (raw)\Tomato_mold_leaf\Tomato+leaf+mold.jpg,D:\ZaraiAI_Tomato_Cotton_Wheat\data\raw\tomato\tomato_pakistan\Tomato Dataset\Dataset (raw)\Tomato_mold_leaf\Tomato+leaf+mold.jpg,1600,1200,3,JPEG,250314,046e6b56037bf0dab9b6004db7401a42ef43e5c37982ee858c3d800bc4a04ef0,val
tomato,Tomato_Healthy_leaf,IMG_20251102_162022.jpg,data\raw\tomato\tomato_pakistan\Tomato Dataset\Dataset (raw)\Tomato_Healthy_leaf\IMG_20251102_162022.jpg,D:\ZaraiAI_Tomato_Cotton_Wheat\data\raw\tomato\tomato_pakistan\Tomato Dataset\Dataset (raw)\Tomato_Healthy_leaf\IMG_20251102_162022.jpg,3072,4080,3,JPEG,2467258,b10808f8053e2bc772e47260c626ff8d9a563d8ec155339433c5792be4a5aba1,val
tomato,Tomato_Healthy_leaf,h9_change_90.jpg,data\raw\tomato\tomato_pakistan\Tomato Dataset\Dataset (raw)\Tomato_Healthy_leaf\h9_change_90.jpg,D:\ZaraiAI_Tomato_Cotton_Wheat\data\raw\tomato\tomato_pakistan\Tomato Dataset\Dataset (raw)\Tomato_Healthy_leaf\h9_change_90.jpg,227,227,3,JPEG,12865,616ce9759b34c16d57c96af17d282efb10fe0f7038dd5c8349ff192b1cc82f54,val
tomato,Tomato_Septoria_leaf_spot,tomato-septoria-3.jpg,data\raw\tomato\tomato_pakistan\Tomato Dataset\Dataset (raw)\Tomato_Septoria_leaf_spot\tomato-septoria-3.jpg,D:\ZaraiAI_Tomato_Cotton_Wheat\data\raw\tomato\tomato_pakistan\Tomato Dataset\Dataset (raw)\Tomato_Septoria_leaf_spot\tomato-septoria-3.jpg,1497,1152,3,JPEG,408072,94dddabc3c29835b9e2be96cf6a12440606c98ffa45aeb890369cd2434f6c287,val
tomato,Tomato_leaf_yellow_curl_virus,36ca1410e232eec4a8003fe411246820.jpg,data\raw\tomato\tomato_pakistan\Tomato Dataset\Dataset (raw)\Tomato_leaf_yellow_curl_virus\36ca1410e232eec4a8003fe411246820.jpg,D:\ZaraiAI_Tomato_Cotton_Wheat\data\raw\tomato\tomato_pakistan\Tomato Dataset\Dataset (raw)\Tomato_leaf_yellow_curl_virus\36ca1410e232eec4a8003fe411246820.jpg,300,235,3,JPEG,25336,8801389d787f9ddd62006e6f4d874f085f0fe5cb6a1ece4ed5ebb159c4df5865,val
tomato,Tomato_Septoria_leaf_spot,1b.jpg,data\raw\tomato\tomato_pakistan\Tomato Dataset\Dataset (raw)\Tomato_Septoria_leaf_spot\1b.jpg,D:\ZaraiAI_Tomato_Cotton_Wheat\data\raw\tomato\tomato_pakistan\Tomato Dataset\Dataset (raw)\Tomato_Septoria_leaf_spot\1b.jpg,480,360,3,JPEG,96780,2ba273ad1fa959fd5705eb4274baecadf5c39a55d54f39a4344edaedc4f53f7d,val
tomato,Tomato_mold_leaf,IMG-20240724-WA0103.jpg,data\raw\tomato\tomato_pakistan\Tomato Dataset\Dataset (raw)\Tomato_mold_leaf\IMG-20240724-WA0103.jpg,D:\ZaraiAI_Tomato_Cotton_Wheat\data\raw\tomato\tomato_pakistan\Tomato Dataset\Dataset (raw)\Tomato_mold_leaf\IMG-20240724-WA0103.jpg,750,689,3,JPEG,138516,b576f01e8c117ce5bee7f329ac0f53959d85cca764bbf170f9bc8f48745e7d55,val
tomato,Tomato_Early_blight_leaf,EB_(992).jpg,data\raw\tomato\tomato_pakistan\Tomato Dataset\Dataset (raw)\Tomato_Early_blight_leaf\EB_(992).jpg,D:\ZaraiAI_Tomato_Cotton_Wheat\data\raw\tomato\tomato_pakistan\Tomato Dataset\Dataset (raw)\Tomato_Early_blight_leaf\EB_(992).jpg,2048,1360,3,JPEG,1656017,00267e1c492f34fbac534cd9994b7b1f039e8ef03d733ca4fcd429e5d4bfe105,val
tomato,Tomato_Early_blight_leaf,Tomato%20early%20blight%20target%20like%20leaf%20spot.jpg,data\raw\tomato\tomato_pakistan\Tomato Dataset\Dataset (raw)\Tomato_Early_blight_leaf\Tomato%20early%20blight%20target%20like%20leaf%20spot.jpg,D:\ZaraiAI_Tomato_Cotton_Wheat\data\raw\tomato\tomato_pakistan\Tomato Dataset\Dataset (raw)\Tomato_Early_blight_leaf\Tomato%20early%20blight%20target%20like%20leaf%20spot.jpg,286,209,3,JPEG,20239,2bbd412c3becf1c8b468630f6536855ee9e39705be3905a9d62db51f32595ed0,val
tomato,Tomato_mold_leaf,IMG-20240728-WA0060.jpg,data\raw\tomato\tomato_pakistan\Tomato Dataset\Dataset (raw)\Tomato_mold_leaf\IMG-20240728-WA0060.jpg,D:\ZaraiAI_Tomato_Cotton_Wheat\data\raw\tomato\tomato_pakistan\Tomato Dataset\Dataset (raw)\Tomato_mold_leaf\IMG-20240728-WA0060.jpg,780,1040,3,JPEG,83350,cc695b20f858da89aa4ca03514266589fbd6fd5979a6263b4146623e284be8a4,val
tomato,Tomato_leaf_yellow_curl_virus,TYLCVDFerrinlr.jpg,data\raw\tomato\tomato_pakistan\Tomato Dataset\Dataset (raw)\Tomato_leaf_yellow_curl_virus\TYLCVDFerrinlr.jpg,D:\ZaraiAI_Tomato_Cotton_Wheat\data\raw\tomato\tomato_pakistan\Tomato Dataset\Dataset (raw)\Tomato_leaf_yellow_curl_virus\TYLCVDFerrinlr.jpg,500,438,3,JPEG,125572,810149d0e1363f92d855bdd95054d9eb62be06f79bfa6aa07c65710139dcb55d,val
tomato,Tomato_Septoria_leaf_spot,SS_ (993).jpg,data\raw\tomato\tomato_pakistan\Tomato Dataset\Dataset (raw)\Tomato_Septoria_leaf_spot\SS_ (993).jpg,D:\ZaraiAI_Tomato_Cotton_Wheat\data\raw\tomato\tomato_pakistan\Tomato Dataset\Dataset (raw)\Tomato_Septoria_leaf_spot\SS_ (993).jpg,554,459,3,JPEG,123507,03fc23cabf1ba8daedd1284d51d1d67225b5738623b829a5c6b49ad398ba74cf,val
tomato,Tomato_Septoria_leaf_spot,early+blight+on+leaf+yel+halo+IMG_2313.JPG.jpg,data\raw\tomato\tomato_pakistan\Tomato Dataset\Dataset (raw)\Tomato_Septoria_leaf_spot\early+blight+on+leaf+yel+halo+IMG_2313.JPG.jpg,D:\ZaraiAI_Tomato_Cotton_Wheat\data\raw\tomato\tomato_pakistan\Tomato Dataset\Dataset (raw)\Tomato_Septoria_leaf_spot\early+blight+on+leaf+yel+halo+IMG_2313.JPG.jpg,898,1600,3,JPEG,237591,3503ea91ae5be3ef0c70f9cfb8b4cb0a585ffd8497fdba7be3a2334a3cbb2025,val
tomato,Tomato_Healthy_leaf,IMG_20251102_161625.jpg,data\raw\tomato\tomato_pakistan\Tomato Dataset\Dataset (raw)\Tomato_Healthy_leaf\IMG_20251102_161625.jpg,D:\ZaraiAI_Tomato_Cotton_Wheat\data\raw\tomato\tomato_pakistan\Tomato Dataset\Dataset (raw)\Tomato_Healthy_leaf\IMG_20251102_161625.jpg,3072,4080,3,JPEG,2580795,db89291ec5770edcbb9b882369d73da87d674c8739b1f2ec30cf46b991117615,val
tomato,Tomato_mold_leaf,IMG-20240725-WA0025.jpg,data\raw\tomato\tomato_pakistan\Tomato Dataset\Dataset (raw)\Tomato_mold_leaf\IMG-20240725-WA0025.jpg,D:\ZaraiAI_Tomato_Cotton_Wheat\data\raw\tomato\tomato_pakistan\Tomato Dataset\Dataset (raw)\Tomato_mold_leaf\IMG-20240725-WA0025.jpg,1040,780,3,JPEG,81075,262838797c4897f115e2a484994efe0fdd60dab29a4172f09d6944d552dc5081,val
tomato,Tomato_Septoria_leaf_spot,IMG-20240812-WA0297.jpg,data\raw\tomato\tomato_pakistan\Tomato Dataset\Dataset (raw)\Tomato_Septoria_leaf_spot\IMG-20240812-WA0297.jpg,D:\ZaraiAI_Tomato_Cotton_Wheat\data\raw\tomato\tomato_pakistan\Tomato Dataset\Dataset (raw)\Tomato_Septoria_leaf_spot\IMG-20240812-WA0297.jpg,3000,4000,3,JPEG,773339,c7b020e5c755750b585a7d0f3eeacccebafdec06f95c59bc7b4e00d646425f26,val
tomato,Tomato_leaf_late_blight,4621c.jpg,data\raw\tomato\tomato_pakistan\Tomato Dataset\Dataset (raw)\Tomato_leaf_late_blight\4621c.jpg,D:\ZaraiAI_Tomato_Cotton_Wheat\data\raw\tomato\tomato_pakistan\Tomato Dataset\Dataset (raw)\Tomato_leaf_late_blight\4621c.jpg,1470,1164,3,JPEG,553151,d074496a736f41783e0eb8b05f832102dcb07e9a4718d61374cbf2cf3884cc90,val
tomato,Tomato_mold_leaf,Leaf-mold-web.jpg,data\raw\tomato\tomato_pakistan\Tomato Dataset\Dataset (raw)\Tomato_mold_leaf\Leaf-mold-web.jpg,D:\ZaraiAI_Tomato_Cotton_Wheat\data\raw\tomato\tomato_pakistan\Tomato Dataset\Dataset (raw)\Tomato_mold_leaf\Leaf-mold-web.jpg,1500,1000,3,JPEG,289215,d7d560e510e815fceafb25424b100f46f53d04f0b8cab467ceb1eb6dbf41a8e5,val
tomato,Tomato_Healthy_leaf,h39.jpg,data\raw\tomato\tomato_pakistan\Tomato Dataset\Dataset (raw)\Tomato_Healthy_leaf\h39.jpg,D:\ZaraiAI_Tomato_Cotton_Wheat\data\raw\tomato\tomato_pakistan\Tomato Dataset\Dataset (raw)\Tomato_Healthy_leaf\h39.jpg,227,227,3,JPEG,13116,8f5c1ba64ce4686551686fdd7b44a0644818962204f3ff98d811d49008974e79,val
tomato,Tomato_mold_leaf,IMG-20240728-WA0085.jpg,data\raw\tomato\tomato_pakistan\Tomato Dataset\Dataset (raw)\Tomato_mold_leaf\IMG-20240728-WA0085.jpg,D:\ZaraiAI_Tomato_Cotton_Wheat\data\raw\tomato\tomato_pakistan\Tomato Dataset\Dataset (raw)\Tomato_mold_leaf\IMG-20240728-WA0085.jpg,780,1040,3,JPEG,89370,1d67a9526cdb1f4acffa66c85437ed706f4a0f26cf7dfdda5e0153ad4b1d13b2,val
tomato,Tomato_leaf_late_blight,Tomato_Blight_Leaves.JPG.jpg,data\raw\tomato\tomato_pakistan\Tomato Dataset\Dataset (raw)\Tomato_leaf_late_blight\Tomato_Blight_Leaves.JPG.jpg,D:\ZaraiAI_Tomato_Cotton_Wheat\data\raw\tomato\tomato_pakistan\Tomato Dataset\Dataset (raw)\Tomato_leaf_late_blight\Tomato_Blight_Leaves.JPG.jpg,1600,1200,3,JPEG,317910,832994798f766962c276db708f79bb66e019e6099356a9ef278f3d5f335a993b,val
tomato,Tomato_leaf_yellow_curl_virus,tj5itxzunn3k.jpg,data\raw\tomato\tomato_pakistan\Tomato Dataset\Dataset (raw)\Tomato_leaf_yellow_curl_virus\tj5itxzunn3k.jpg,D:\ZaraiAI_Tomato_Cotton_Wheat\data\raw\tomato\tomato_pakistan\Tomato Dataset\Dataset (raw)\Tomato_leaf_yellow_curl_virus\tj5itxzunn3k.jpg,1280,960,3,JPEG,218870,f626f9c37fd1c411df46e626df1427b0bffad1128a47fce285cda22cdb1d2183,val
tomato,Tomato_Healthy_leaf,IMG_20251102_161954.jpg,data\raw\tomato\tomato_pakistan\Tomato Dataset\Dataset (raw)\Tomato_Healthy_leaf\IMG_20251102_161954.jpg,D:\ZaraiAI_Tomato_Cotton_Wheat\data\raw\tomato\tomato_pakistan\Tomato Dataset\Dataset (raw)\Tomato_Healthy_leaf\IMG_20251102_161954.jpg,4080,3072,3,JPEG,2799744,9a05250a86c0f7f58a4fde79ec74b2bfde85f72a5836e3898d930db46a923c82,val
tomato,Tomato_Healthy_leaf,h81.jpg,data\raw\tomato\tomato_pakistan\Tomato Dataset\Dataset (raw)\Tomato_Healthy_leaf\h81.jpg,D:\ZaraiAI_Tomato_Cotton_Wheat\data\raw\tomato\tomato_pakistan\Tomato Dataset\Dataset (raw)\Tomato_Healthy_leaf\h81.jpg,227,227,3,JPEG,12876,81ccdf6150cd31c7445814c99e7d5d6be0450934ad8b1b973c83572e4ee93ea2,test
tomato,Tomato_mold_leaf,IMG-20240728-WA0014.jpg,data\raw\tomato\tomato_pakistan\Tomato Dataset\Dataset (raw)\Tomato_mold_leaf\IMG-20240728-WA0014.jpg,D:\ZaraiAI_Tomato_Cotton_Wheat\data\raw\tomato\tomato_pakistan\Tomato Dataset\Dataset (raw)\Tomato_mold_leaf\IMG-20240728-WA0014.jpg,1040,780,3,JPEG,98383,e6ecb495d068df355e6554a05e4b597cec1116c5f1f8429ba24483415f7f9929,test
tomato,Tomato_Early_blight_leaf,IMG-20240812-WA0429.jpg,data\raw\tomato\tomato_pakistan\Tomato Dataset\Dataset (raw)\Tomato_Early_blight_leaf\IMG-20240812-WA0429.jpg,D:\ZaraiAI_Tomato_Cotton_Wheat\data\raw\tomato\tomato_pakistan\Tomato Dataset\Dataset (raw)\Tomato_Early_blight_leaf\IMG-20240812-WA0429.jpg,3000,4000,3,JPEG,732330,acdad5e43fb91d8710dda2ea9d5e756406aa85db0555e8dd3911e3d9d29fbdb8,test
tomato,Tomato_leaf_yellow_curl_virus,IMG_20251102_161543.jpg,data\raw\tomato\tomato_pakistan\Tomato Dataset\Dataset (raw)\Tomato_leaf_yellow_curl_virus\IMG_20251102_161543.jpg,D:\ZaraiAI_Tomato_Cotton_Wheat\data\raw\tomato\tomato_pakistan\Tomato Dataset\Dataset (raw)\Tomato_leaf_yellow_curl_virus\IMG_20251102_161543.jpg,3072,4080,3,JPEG,3977375,d1fd79e4138b7e616a6e108834df6c315fad16ebe8b85fa3e5ae268d92b4baad,test
tomato,Tomato_leaf_late_blight,Lateblight_jpg.rf.8edd47a7a725047f37d3023b985615ec.jpg,data\raw\tomato\tomato_pakistan\Tomato Dataset\Dataset (raw)\Tomato_leaf_late_blight\Lateblight_jpg.rf.8edd47a7a725047f37d3023b985615ec.jpg,D:\ZaraiAI_Tomato_Cotton_Wheat\data\raw\tomato\tomato_pakistan\Tomato Dataset\Dataset (raw)\Tomato_leaf_late_blight\Lateblight_jpg.rf.8edd47a7a725047f37d3023b985615ec.jpg,416,416,3,JPEG,49734,2b48d5f2d98b8792309d38aeb13d2d9fb2fa678a25fe65dc76f613dfde367777,test
tomato,Tomato_Healthy_leaf,h77.jpg,data\raw\tomato\tomato_pakistan\Tomato Dataset\Dataset (raw)\Tomato_Healthy_leaf\h77.jpg,D:\ZaraiAI_Tomato_Cotton_Wheat\data\raw\tomato\tomato_pakistan\Tomato Dataset\Dataset (raw)\Tomato_Healthy_leaf\h77.jpg,227,227,3,JPEG,12949,0595cddb96346dc9ff1ced5c3c885e8ddbfd0f549a94e35b09866e8c29413f1d,test
tomato,Tomato_mold_leaf,IMG-20240724-WA0063.jpg,data\raw\tomato\tomato_pakistan\Tomato Dataset\Dataset (raw)\Tomato_mold_leaf\IMG-20240724-WA0063.jpg,D:\ZaraiAI_Tomato_Cotton_Wheat\data\raw\tomato\tomato_pakistan\Tomato Dataset\Dataset (raw)\Tomato_mold_leaf\IMG-20240724-WA0063.jpg,780,1040,3,JPEG,107720,d731a015f0d65d1b79356fea0971f61464a1cc97bc33ebd5825c3a1d523cf746,test
tomato,Tomato_leaf_late_blight,tomato_D33a-Late-blight-015-OMAFHRT_zoom.jpg,data\raw\tomato\tomato_pakistan\Tomato Dataset\Dataset (raw)\Tomato_leaf_late_blight\tomato_D33a-Late-blight-015-OMAFHRT_zoom.jpg,D:\ZaraiAI_Tomato_Cotton_Wheat\data\raw\tomato\tomato_pakistan\Tomato Dataset\Dataset (raw)\Tomato_leaf_late_blight\tomato_D33a-Late-blight-015-OMAFHRT_zoom.jpg,662,444,3,JPEG,73659,d2a1b4541f4c3b20eeb0e30499c75f4c9ebeb1e7a90c01b8c26472cbed2f7415,test
tomato,Tomato_mold_leaf,IMG-20240724-WA0107.jpg,data\raw\tomato\tomato_pakistan\Tomato Dataset\Dataset (raw)\Tomato_mold_leaf\IMG-20240724-WA0107.jpg,D:\ZaraiAI_Tomato_Cotton_Wheat\data\raw\tomato\tomato_pakistan\Tomato Dataset\Dataset (raw)\Tomato_mold_leaf\IMG-20240724-WA0107.jpg,780,1040,3,JPEG,120116,8bea04a4d3dc6cc7d69994002f6b38a0ca4d5fdc5005035962c928824def0e3a,test
tomato,Tomato_mold_leaf,IMG-20240812-WA0183.jpg,data\raw\tomato\tomato_pakistan\Tomato Dataset\Dataset (raw)\Tomato_mold_leaf\IMG-20240812-WA0183.jpg,D:\ZaraiAI_Tomato_Cotton_Wheat\data\raw\tomato\tomato_pakistan\Tomato Dataset\Dataset (raw)\Tomato_mold_leaf\IMG-20240812-WA0183.jpg,3024,4032,3,JPEG,747457,964b67c08d6b8ac1150784736eb6632e0b31008bb8bf772e16a72fb0fc6fa45a,test
tomato,Tomato_Early_blight_leaf,tomato-blight-early-leaf.jpg,data\raw\tomato\tomato_pakistan\Tomato Dataset\Dataset (raw)\Tomato_Early_blight_leaf\tomato-blight-early-leaf.jpg,D:\ZaraiAI_Tomato_Cotton_Wheat\data\raw\tomato\tomato_pakistan\Tomato Dataset\Dataset (raw)\Tomato_Early_blight_leaf\tomato-blight-early-leaf.jpg,900,1200,3,JPEG,61280,9a11748f3365c726b665897ff768aae1dde46c6e4e40cd79d47a52497a63668e,test
tomato,Tomato_leaf_late_blight,Gls5.JPG,data\raw\tomato\tomato_pakistan\Tomato Dataset\Dataset (raw)\Tomato_leaf_late_blight\Gls5.JPG,D:\ZaraiAI_Tomato_Cotton_Wheat\data\raw\tomato\tomato_pakistan\Tomato Dataset\Dataset (raw)\Tomato_leaf_late_blight\Gls5.JPG,227,227,3,JPEG,7622,d197e3900e7426560e13dfabd3d97676b3e796e790b026a56fc99e91488bec30,test
tomato,Tomato_Early_blight_leaf,IMG-20240812-WA0139.jpg,data\raw\tomato\tomato_pakistan\Tomato Dataset\Dataset (raw)\Tomato_Early_blight_leaf\IMG-20240812-WA0139.jpg,D:\ZaraiAI_Tomato_Cotton_Wheat\data\raw\tomato\tomato_pakistan\Tomato Dataset\Dataset (raw)\Tomato_Early_blight_leaf\IMG-20240812-WA0139.jpg,3024,4032,3,JPEG,588050,fe44a9b0e3059354f14b694c20112bd91dcc7739c4035f3cf60200e45bb52ee6,test
tomato,Tomato_Healthy_leaf,IMG_20251102_161657.jpg,data\raw\tomato\tomato_pakistan\Tomato Dataset\Dataset (raw)\Tomato_Healthy_leaf\IMG_20251102_161657.jpg,D:\ZaraiAI_Tomato_Cotton_Wheat\data\raw\tomato\tomato_pakistan\Tomato Dataset\Dataset (raw)\Tomato_Healthy_leaf\IMG_20251102_161657.jpg,3072,4080,3,JPEG,3452367,e6fb5eb607013146476cd18fab67588a1a655c780976677b96861a425110b54f,test
tomato,Tomato_leaf_late_blight,LB_ (366).JPG,data\raw\tomato\tomato_pakistan\Tomato Dataset\Dataset (raw)\Tomato_leaf_late_blight\LB_ (366).JPG,D:\ZaraiAI_Tomato_Cotton_Wheat\data\raw\tomato\tomato_pakistan\Tomato Dataset\Dataset (raw)\Tomato_leaf_late_blight\LB_ (366).JPG,227,227,3,JPEG,7685,5d0531db7c5427e0e21fc1ed30551893780d3196a52d82b33e2e2beea51e7cf9,test
tomato,Tomato_mold_leaf,IMG-20240727-WA0038.jpg,data\raw\tomato\tomato_pakistan\Tomato Dataset\Dataset (raw)\Tomato_mold_leaf\IMG-20240727-WA0038.jpg,D:\ZaraiAI_Tomato_Cotton_Wheat\data\raw\tomato\tomato_pakistan\Tomato Dataset\Dataset (raw)\Tomato_mold_leaf\IMG-20240727-WA0038.jpg,780,1040,3,JPEG,108497,f2447052f1cbace1b69a01fad3f127df476a68d80504e77346598b6691649792,test
tomato,Tomato_Septoria_leaf_spot,IMG-20240812-WA0205.jpg,data\raw\tomato\tomato_pakistan\Tomato Dataset\Dataset (raw)\Tomato_Septoria_leaf_spot\IMG-20240812-WA0205.jpg,D:\ZaraiAI_Tomato_Cotton_Wheat\data\raw\tomato\tomato_pakistan\Tomato Dataset\Dataset (raw)\Tomato_Septoria_leaf_spot\IMG-20240812-WA0205.jpg,3024,4032,3,JPEG,742603,76d189d7b5cb3d3a2f20bfd93b2e5c1590600b1d4d3f7bdb2555dae60aa2a758,test
tomato,Tomato_mold_leaf,IMG-20240728-WA0073.jpg,data\raw\tomato\tomato_pakistan\Tomato Dataset\Dataset (raw)\Tomato_mold_leaf\IMG-20240728-WA0073.jpg,D:\ZaraiAI_Tomato_Cotton_Wheat\data\raw\tomato\tomato_pakistan\Tomato Dataset\Dataset (raw)\Tomato_mold_leaf\IMG-20240728-WA0073.jpg,780,1040,3,JPEG,89950,33f8f7a7287fbb60f16306f349a0f508eb6a6b5c159cdaf1eb2d4fffb3737b2c,test
tomato,Tomato_mold_leaf,IMG-20240727-WA0061.jpg,data\raw\tomato\tomato_pakistan\Tomato Dataset\Dataset (raw)\Tomato_mold_leaf\IMG-20240727-WA0061.jpg,D:\ZaraiAI_Tomato_Cotton_Wheat\data\raw\tomato\tomato_pakistan\Tomato Dataset\Dataset (raw)\Tomato_mold_leaf\IMG-20240727-WA0061.jpg,780,1040,3,JPEG,95673,01fc7062b267928091b4b72275a6930089895fdfdd550a5512f481ef86d14e2f,test
tomato,Tomato_Septoria_leaf_spot,IMG-20240812-WA0215.jpg,data\raw\tomato\tomato_pakistan\Tomato Dataset\Dataset (raw)\Tomato_Septoria_leaf_spot\IMG-20240812-WA0215.jpg,D:\ZaraiAI_Tomato_Cotton_Wheat\data\raw\tomato\tomato_pakistan\Tomato Dataset\Dataset (raw)\Tomato_Septoria_leaf_spot\IMG-20240812-WA0215.jpg,3024,4032,3,JPEG,697364,418487223113f471bf4c82b4ad48c759af61d7ad366f3e8681506ba1f07c513c,test
tomato,Tomato_mold_leaf,tomato-gray-leaf-spot.jpg,data\raw\tomato\tomato_pakistan\Tomato Dataset\Dataset (raw)\Tomato_mold_leaf\tomato-gray-leaf-spot.jpg,D:\ZaraiAI_Tomato_Cotton_Wheat\data\raw\tomato\tomato_pakistan\Tomato Dataset\Dataset (raw)\Tomato_mold_leaf\tomato-gray-leaf-spot.jpg,150,150,3,JPEG,4549,e47ce4513a2f26b7ec55004f6f3c275e7795409351678165c08050bba5a7b00b,test
tomato,Tomato_Septoria_leaf_spot,file96924.jpg,data\raw\tomato\tomato_pakistan\Tomato Dataset\Dataset (raw)\Tomato_Septoria_leaf_spot\file96924.jpg,D:\ZaraiAI_Tomato_Cotton_Wheat\data\raw\tomato\tomato_pakistan\Tomato Dataset\Dataset (raw)\Tomato_Septoria_leaf_spot\file96924.jpg,500,667,3,JPEG,216166,b2ad93e2eda8db3a7db3ce73d0064874d47e3a9ac694d199e957fd5d16e779a8,test
tomato,Tomato_Septoria_leaf_spot,IMG_0634.jpeg,data\raw\tomato\tomato_pakistan\Tomato Dataset\Dataset (raw)\Tomato_Septoria_leaf_spot\IMG_0634.jpeg,D:\ZaraiAI_Tomato_Cotton_Wheat\data\raw\tomato\tomato_pakistan\Tomato Dataset\Dataset (raw)\Tomato_Septoria_leaf_spot\IMG_0634.jpeg,450,600,3,JPEG,50650,0c9433c206adcf4c8cd7055d1bea155261b39fa1e4f385e74390e01b2fdaae54,test
tomato,Tomato_leaf_yellow_curl_virus,TYLCV-tomate-DB-441-170.jpg,data\raw\tomato\tomato_pakistan\Tomato Dataset\Dataset (raw)\Tomato_leaf_yellow_curl_virus\TYLCV-tomate-DB-441-170.jpg,D:\ZaraiAI_Tomato_Cotton_Wheat\data\raw\tomato\tomato_pakistan\Tomato Dataset\Dataset (raw)\Tomato_leaf_yellow_curl_virus\TYLCV-tomate-DB-441-170.jpg,693,502,3,JPEG,85494,61e61cfb50b075b0f1bb7f01518aa1cefbc8c405de6f8f409b6be7e36888acac,test
tomato,Tomato_leaf_late_blight,Lb59_change_180.jpg,data\raw\tomato\tomato_pakistan\Tomato Dataset\Dataset (raw)\Tomato_leaf_late_blight\Lb59_change_180.jpg,D:\ZaraiAI_Tomato_Cotton_Wheat\data\raw\tomato\tomato_pakistan\Tomato Dataset\Dataset (raw)\Tomato_leaf_late_blight\Lb59_change_180.jpg,227,227,3,JPEG,10384,582026414ecd1f452804645b561b283d269cb0d2fb0bdcf24328010d5f46b31e,test
tomato,Tomato_mold_leaf,IMG-20240728-WA0079.jpg,data\raw\tomato\tomato_pakistan\Tomato Dataset\Dataset (raw)\Tomato_mold_leaf\IMG-20240728-WA0079.jpg,D:\ZaraiAI_Tomato_Cotton_Wheat\data\raw\tomato\tomato_pakistan\Tomato Dataset\Dataset (raw)\Tomato_mold_leaf\IMG-20240728-WA0079.jpg,1040,780,3,JPEG,89270,a85f1e8f8a38dd411f085554a8ffb09fe33419435fb839158d915594921f3379,test
tomato,Tomato_leaf_yellow_curl_virus,tylcv1-.jpg,data\raw\tomato\tomato_pakistan\Tomato Dataset\Dataset (raw)\Tomato_leaf_yellow_curl_virus\tylcv1-.jpg,D:\ZaraiAI_Tomato_Cotton_Wheat\data\raw\tomato\tomato_pakistan\Tomato Dataset\Dataset (raw)\Tomato_leaf_yellow_curl_virus\tylcv1-.jpg,3264,2448,3,JPEG,924552,b7105e6d1cbc110d122447c079e53804a329a468af94a69fb516aa31b2150a64,test
tomato,Tomato_Healthy_leaf,h6.jpg,data\raw\tomato\tomato_pakistan\Tomato Dataset\Dataset (raw)\Tomato_Healthy_leaf\h6.jpg,D:\ZaraiAI_Tomato_Cotton_Wheat\data\raw\tomato\tomato_pakistan\Tomato Dataset\Dataset (raw)\Tomato_Healthy_leaf\h6.jpg,227,227,3,JPEG,14253,816cc01a9d1f7bc46a74d0d35147b4dfc05338d86b59af78c8d6f978e3c670c8,test
tomato,Tomato_leaf_late_blight,IMG-20240812-WA0237.jpg,data\raw\tomato\tomato_pakistan\Tomato Dataset\Dataset (raw)\Tomato_leaf_late_blight\IMG-20240812-WA0237.jpg,D:\ZaraiAI_Tomato_Cotton_Wheat\data\raw\tomato\tomato_pakistan\Tomato Dataset\Dataset (raw)\Tomato_leaf_late_blight\IMG-20240812-WA0237.jpg,3024,4032,3,JPEG,447878,d14713f1dd84bffcb46646734f0afc10f1fcb09c27819fd93fccaf95d6ef0cd7,test
tomato,Tomato_leaf_yellow_curl_virus,ab40cce958c60d8b6e0ec2e4fdb8f526_jpg.rf.fc54d8302023bbae771a3d7a6aecbf89.jpg,data\raw\tomato\tomato_pakistan\Tomato Dataset\Dataset (raw)\Tomato_leaf_yellow_curl_virus\ab40cce958c60d8b6e0ec2e4fdb8f526_jpg.rf.fc54d8302023bbae771a3d7a6aecbf89.jpg,D:\ZaraiAI_Tomato_Cotton_Wheat\data\raw\tomato\tomato_pakistan\Tomato Dataset\Dataset (raw)\Tomato_leaf_yellow_curl_virus\ab40cce958c60d8b6e0ec2e4fdb8f526_jpg.rf.fc54d8302023bbae771a3d7a6aecbf89.jpg,416,416,3,JPEG,40065,f744e394ec79d85fac3ece3542994bdf5060316fabd1720804a01efcd68db56c,test
tomato,Tomato_Early_blight_leaf,IMG-20240812-WA0445.jpg,data\raw\tomato\tomato_pakistan\Tomato Dataset\Dataset (raw)\Tomato_Early_blight_leaf\IMG-20240812-WA0445.jpg,D:\ZaraiAI_Tomato_Cotton_Wheat\data\raw\tomato\tomato_pakistan\Tomato Dataset\Dataset (raw)\Tomato_Early_blight_leaf\IMG-20240812-WA0445.jpg,3000,4000,3,JPEG,1076865,9dbdb4d972636cb8e64e1ff21e001981f93d86f371a4b6a84ca8ba6367de4a0d,test
tomato,Tomato_Healthy_leaf,IMG_20251102_161935.jpg,data\raw\tomato\tomato_pakistan\Tomato Dataset\Dataset (raw)\Tomato_Healthy_leaf\IMG_20251102_161935.jpg,D:\ZaraiAI_Tomato_Cotton_Wheat\data\raw\tomato\tomato_pakistan\Tomato Dataset\Dataset (raw)\Tomato_Healthy_leaf\IMG_20251102_161935.jpg,3072,4080,3,JPEG,2606436,a6c78bc70dd511680f0f434a20cdbc5888933a9e0be6198d21b5a2b313e8b5c9,test
tomato,Tomato_Early_blight_leaf,early_blight_jpg.rf.2681831d98718a2ec71dd0e59e2cdab3.jpg,data\raw\tomato\tomato_pakistan\Tomato Dataset\Dataset (raw)\Tomato_Early_blight_leaf\early_blight_jpg.rf.2681831d98718a2ec71dd0e59e2cdab3.jpg,D:\ZaraiAI_Tomato_Cotton_Wheat\data\raw\tomato\tomato_pakistan\Tomato Dataset\Dataset (raw)\Tomato_Early_blight_leaf\early_blight_jpg.rf.2681831d98718a2ec71dd0e59e2cdab3.jpg,640,640,3,JPEG,59300,87f3b033c21ed417246bcf672dcbb5daf52cb9cbfeb5347fb386f2fd923333d8,test
tomato,Tomato_mold_leaf,IMG-20240727-WA0115.jpg,data\raw\tomato\tomato_pakistan\Tomato Dataset\Dataset (raw)\Tomato_mold_leaf\IMG-20240727-WA0115.jpg,D:\ZaraiAI_Tomato_Cotton_Wheat\data\raw\tomato\tomato_pakistan\Tomato Dataset\Dataset (raw)\Tomato_mold_leaf\IMG-20240727-WA0115.jpg,780,1040,3,JPEG,83050,e1a1e9722470a87c66a59f8e3d7f9e446895658b7838b0b9c1ad77953b3fa6dc,test
tomato,Tomato_mold_leaf,IMG-20240812-WA0209.jpg,data\raw\tomato\tomato_pakistan\Tomato Dataset\Dataset (raw)\Tomato_mold_leaf\IMG-20240812-WA0209.jpg,D:\ZaraiAI_Tomato_Cotton_Wheat\data\raw\tomato\tomato_pakistan\Tomato Dataset\Dataset (raw)\Tomato_mold_leaf\IMG-20240812-WA0209.jpg,3024,4032,3,JPEG,721136,925fb181dbe2bcc385387890179d16bce70101837763feeff820e9c2847640a3,test
tomato,Tomato_Septoria_leaf_spot,Septoria-leaf-spot-on-tomato-FOR-WEB.jpg,data\raw\tomato\tomato_pakistan\Tomato Dataset\Dataset (raw)\Tomato_Septoria_leaf_spot\Septoria-leaf-spot-on-tomato-FOR-WEB.jpg,D:\ZaraiAI_Tomato_Cotton_Wheat\data\raw\tomato\tomato_pakistan\Tomato Dataset\Dataset (raw)\Tomato_Septoria_leaf_spot\Septoria-leaf-spot-on-tomato-FOR-WEB.jpg,590,332,3,JPEG,43391,01acc19e714449444faa9159614e1a2e9af30ca52fa96060da06ac247de456bb,test
tomato,Tomato_mold_leaf,IMG-20240727-WA0169.jpg,data\raw\tomato\tomato_pakistan\Tomato Dataset\Dataset (raw)\Tomato_mold_leaf\IMG-20240727-WA0169.jpg,D:\ZaraiAI_Tomato_Cotton_Wheat\data\raw\tomato\tomato_pakistan\Tomato Dataset\Dataset (raw)\Tomato_mold_leaf\IMG-20240727-WA0169.jpg,780,1040,3,JPEG,78584,5cfbf97ad8f6bd2928df87cc783ef5eff672797b8c6fd6802c98b3b2a7573f14,test
tomato,Tomato_Healthy_leaf,IMG_20251102_161815.jpg,data\raw\tomato\tomato_pakistan\Tomato Dataset\Dataset (raw)\Tomato_Healthy_leaf\IMG_20251102_161815.jpg,D:\ZaraiAI_Tomato_Cotton_Wheat\data\raw\tomato\tomato_pakistan\Tomato Dataset\Dataset (raw)\Tomato_Healthy_leaf\IMG_20251102_161815.jpg,3072,4080,3,JPEG,2656606,ca7c0ace39865c397310d25a3fa0301073a646ce7f1dfd3736337a7833dfd30d,test
tomato,Tomato_Septoria_leaf_spot,SS_ (34).jpg,data\raw\tomato\tomato_pakistan\Tomato Dataset\Dataset (raw)\Tomato_Septoria_leaf_spot\SS_ (34).jpg,D:\ZaraiAI_Tomato_Cotton_Wheat\data\raw\tomato\tomato_pakistan\Tomato Dataset\Dataset (raw)\Tomato_Septoria_leaf_spot\SS_ (34).jpg,457,371,3,JPEG,96743,67ed244f7ca3fd86d17cb1b93a1e6722b6c620f481d2d6c28886b969f24847ef,test
tomato,Tomato_mold_leaf,IMG-20240727-WA0157.jpg,data\raw\tomato\tomato_pakistan\Tomato Dataset\Dataset (raw)\Tomato_mold_leaf\IMG-20240727-WA0157.jpg,D:\ZaraiAI_Tomato_Cotton_Wheat\data\raw\tomato\tomato_pakistan\Tomato Dataset\Dataset (raw)\Tomato_mold_leaf\IMG-20240727-WA0157.jpg,780,1040,3,JPEG,85231,57501a0be48379fe2324518b67b94da8b763ffde6dd369d6253571150d3aa8f2,test
tomato,Tomato_Healthy_leaf,Basil%2Binfected%2Bby%2BTomato%2BSpotted%2BWilt%2BVirus.jpg,data\raw\tomato\tomato_pakistan\Tomato Dataset\Dataset (raw)\Tomato_Healthy_leaf\Basil%2Binfected%2Bby%2BTomato%2BSpotted%2BWilt%2BVirus.jpg,D:\ZaraiAI_Tomato_Cotton_Wheat\data\raw\tomato\tomato_pakistan\Tomato Dataset\Dataset (raw)\Tomato_Healthy_leaf\Basil%2Binfected%2Bby%2BTomato%2BSpotted%2BWilt%2BVirus.jpg,1024,682,3,JPEG,136107,9b0207d6b0db32bf77b33ad7efdd5f9cbed2f4e085d8ad86f335e5485543e08f,test
tomato,Tomato_leaf_late_blight,tomato-late-blight-leaf-61-3x32.jpg,data\raw\tomato\tomato_pakistan\Tomato Dataset\Dataset (raw)\Tomato_leaf_late_blight\tomato-late-blight-leaf-61-3x32.jpg,D:\ZaraiAI_Tomato_Cotton_Wheat\data\raw\tomato\tomato_pakistan\Tomato Dataset\Dataset (raw)\Tomato_leaf_late_blight\tomato-late-blight-leaf-61-3x32.jpg,300,154,3,JPEG,46412,9f0339e9851df57480c749fa2b5e9879cae89cc96d8a6e1a846dfbc472b4fac9,test
tomato,Tomato_leaf_late_blight,symptoms_of_late_blight_0.jpg,data\raw\tomato\tomato_pakistan\Tomato Dataset\Dataset (raw)\Tomato_leaf_late_blight\symptoms_of_late_blight_0.jpg,D:\ZaraiAI_Tomato_Cotton_Wheat\data\raw\tomato\tomato_pakistan\Tomato Dataset\Dataset (raw)\Tomato_leaf_late_blight\symptoms_of_late_blight_0.jpg,814,1085,3,JPEG,245625,6c87b6a1b27d85267538a304e1359b82f00db3421d58ae79e77e98806dec3ccb,test
tomato,Tomato_mold_leaf,IMG-20240727-WA0199.jpg,data\raw\tomato\tomato_pakistan\Tomato Dataset\Dataset (raw)\Tomato_mold_leaf\IMG-20240727-WA0199.jpg,D:\ZaraiAI_Tomato_Cotton_Wheat\data\raw\tomato\tomato_pakistan\Tomato Dataset\Dataset (raw)\Tomato_mold_leaf\IMG-20240727-WA0199.jpg,780,1040,3,JPEG,89494,8cc09dedd3f7036df8de3ae1997ef26f529c7a5750fd2a13da2e2e2873beec2f,test
tomato,Tomato_leaf_yellow_curl_virus,psyllid-yellows.jpg,data\raw\tomato\tomato_pakistan\Tomato Dataset\Dataset (raw)\Tomato_leaf_yellow_curl_virus\psyllid-yellows.jpg,D:\ZaraiAI_Tomato_Cotton_Wheat\data\raw\tomato\tomato_pakistan\Tomato Dataset\Dataset (raw)\Tomato_leaf_yellow_curl_virus\psyllid-yellows.jpg,2780,1846,3,JPEG,364283,707631d95ce631b52399019c4c20dad88f602c860135eb85e393d8bef17c106a,test
tomato,Tomato_Septoria_leaf_spot,tomato_septoria_05_zoom.jpg,data\raw\tomato\tomato_pakistan\Tomato Dataset\Dataset (raw)\Tomato_Septoria_leaf_spot\tomato_septoria_05_zoom.jpg,D:\ZaraiAI_Tomato_Cotton_Wheat\data\raw\tomato\tomato_pakistan\Tomato Dataset\Dataset (raw)\Tomato_Septoria_leaf_spot\tomato_septoria_05_zoom.jpg,900,598,3,JPEG,191119,7f061bfb7c8595d299768535fe9823c732ff536fcab1408b30c04fdd42477f91,test
tomato,Tomato_Healthy_leaf,IMG_20251102_161618.jpg,data\raw\tomato\tomato_pakistan\Tomato Dataset\Dataset (raw)\Tomato_Healthy_leaf\IMG_20251102_161618.jpg,D:\ZaraiAI_Tomato_Cotton_Wheat\data\raw\tomato\tomato_pakistan\Tomato Dataset\Dataset (raw)\Tomato_Healthy_leaf\IMG_20251102_161618.jpg,3072,4080,3,JPEG,3017082,e5de68e7cc6edfa58907936bc9c56d68e80cefb3ae52be3ea5ec3c6c20d32426,test
tomato,Tomato_mold_leaf,IMG-20240725-WA0017.jpg,data\raw\tomato\tomato_pakistan\Tomato Dataset\Dataset (raw)\Tomato_mold_leaf\IMG-20240725-WA0017.jpg,D:\ZaraiAI_Tomato_Cotton_Wheat\data\raw\tomato\tomato_pakistan\Tomato Dataset\Dataset (raw)\Tomato_mold_leaf\IMG-20240725-WA0017.jpg,1040,780,3,JPEG,84133,a96a8f2ae8c56086f1ffd00033611646604ddab1c2f3f07c9ab417cd626607dc,test
tomato,Tomato_Healthy_leaf,Fig-2.jpg,data\raw\tomato\tomato_pakistan\Tomato Dataset\Dataset (raw)\Tomato_Healthy_leaf\Fig-2.jpg,D:\ZaraiAI_Tomato_Cotton_Wheat\data\raw\tomato\tomato_pakistan\Tomato Dataset\Dataset (raw)\Tomato_Healthy_leaf\Fig-2.jpg,2048,1536,3,JPEG,779321,75bcfcb736bcdabbf38a590620688985893c366548978ce1cee9e77d62e881a9,test
tomato,Tomato_leaf_late_blight,late_blight_tomato_leaf_sporex1200.jpg,data\raw\tomato\tomato_pakistan\Tomato Dataset\Dataset (raw)\Tomato_leaf_late_blight\late_blight_tomato_leaf_sporex1200.jpg,D:\ZaraiAI_Tomato_Cotton_Wheat\data\raw\tomato\tomato_pakistan\Tomato Dataset\Dataset (raw)\Tomato_leaf_late_blight\late_blight_tomato_leaf_sporex1200.jpg,1200,900,3,JPEG,229569,b06427f875a549080239281621541ecadb1e8d2c47860b4e7d0f5032d1dbdaa9,test
tomato,Tomato_leaf_yellow_curl_virus,IMG_20251102_154334.jpg,data\raw\tomato\tomato_pakistan\Tomato Dataset\Dataset (raw)\Tomato_leaf_yellow_curl_virus\IMG_20251102_154334.jpg,D:\ZaraiAI_Tomato_Cotton_Wheat\data\raw\tomato\tomato_pakistan\Tomato Dataset\Dataset (raw)\Tomato_leaf_yellow_curl_virus\IMG_20251102_154334.jpg,3072,4080,3,JPEG,2535380,15750173568ceb875d95bd8d9c325e0f9bf5deae70c36bb5033c74a3061b5093,test
tomato,Tomato_Early_blight_leaf,IMG20240812111749.jpg,data\raw\tomato\tomato_pakistan\Tomato Dataset\Dataset (raw)\Tomato_Early_blight_leaf\IMG20240812111749.jpg,D:\ZaraiAI_Tomato_Cotton_Wheat\data\raw\tomato\tomato_pakistan\Tomato Dataset\Dataset (raw)\Tomato_Early_blight_leaf\IMG20240812111749.jpg,3000,4000,3,JPEG,3129307,72cc625eb6f5ef88cf8fa4d7dd661f26893efd07339d7708437c347ab358c4a2,test
tomato,Tomato_Early_blight_leaf,dscn3168.jpg,data\raw\tomato\tomato_pakistan\Tomato Dataset\Dataset (raw)\Tomato_Early_blight_leaf\dscn3168.jpg,D:\ZaraiAI_Tomato_Cotton_Wheat\data\raw\tomato\tomato_pakistan\Tomato Dataset\Dataset (raw)\Tomato_Early_blight_leaf\dscn3168.jpg,2592,1944,3,JPEG,604433,9d4d6efbace12e51b26f7484aea0f59fbcb3efac75aa41a3fec6c24b040e85e4,test
tomato,Tomato_mold_leaf,6032331.JPG.jpg,data\raw\tomato\tomato_pakistan\Tomato Dataset\Dataset (raw)\Tomato_mold_leaf\6032331.JPG.jpg,D:\ZaraiAI_Tomato_Cotton_Wheat\data\raw\tomato\tomato_pakistan\Tomato Dataset\Dataset (raw)\Tomato_mold_leaf\6032331.JPG.jpg,600,392,3,JPEG,50437,cece53c23f454f16e4102880bfd9eab48fe62880193220c046efc1035e59a32f,test
tomato,Tomato_Early_blight_leaf,dscn3175.jpg,data\raw\tomato\tomato_pakistan\Tomato Dataset\Dataset (raw)\Tomato_Early_blight_leaf\dscn3175.jpg,D:\ZaraiAI_Tomato_Cotton_Wheat\data\raw\tomato\tomato_pakistan\Tomato Dataset\Dataset (raw)\Tomato_Early_blight_leaf\dscn3175.jpg,2592,1944,3,JPEG,614450,375244fd47978c73c1c7da2afb50df359e8b496cb20500f09ed02fa984e3ad62,test
tomato,Tomato_leaf_yellow_curl_virus,tomato-yellow-leaf-curl-virus-tomato-1.jpg,data\raw\tomato\tomato_pakistan\Tomato Dataset\Dataset (raw)\Tomato_leaf_yellow_curl_virus\tomato-yellow-leaf-curl-virus-tomato-1.jpg,D:\ZaraiAI_Tomato_Cotton_Wheat\data\raw\tomato\tomato_pakistan\Tomato Dataset\Dataset (raw)\Tomato_leaf_yellow_curl_virus\tomato-yellow-leaf-curl-virus-tomato-1.jpg,300,450,3,JPEG,39995,190c8596f5604d0eb313dab98ad8deff97e63ba3f443047ea36d0a3d0101d3e1,test
tomato,Tomato_Septoria_leaf_spot,IMG-20240812-WA0377.jpg,data\raw\tomato\tomato_pakistan\Tomato Dataset\Dataset (raw)\Tomato_Septoria_leaf_spot\IMG-20240812-WA0377.jpg,D:\ZaraiAI_Tomato_Cotton_Wheat\data\raw\tomato\tomato_pakistan\Tomato Dataset\Dataset (raw)\Tomato_Septoria_leaf_spot\IMG-20240812-WA0377.jpg,3000,4000,3,JPEG,841338,7d91714c62766a4690e0028e3653547af74442b0f2aa6a5ba4446bf55a0c7f4f,test
tomato,Tomato_Septoria_leaf_spot,potato-blight.jpg,data\raw\tomato\tomato_pakistan\Tomato Dataset\Dataset (raw)\Tomato_Septoria_leaf_spot\potato-blight.jpg,D:\ZaraiAI_Tomato_Cotton_Wheat\data\raw\tomato\tomato_pakistan\Tomato Dataset\Dataset (raw)\Tomato_Septoria_leaf_spot\potato-blight.jpg,600,600,3,JPEG,111279,fc6f026b8560e479c7684666147e4eb368e20e463fa682185a130d51b8d71ee0,test
tomato,Tomato_leaf_yellow_curl_virus,Tomato2.jpg,data\raw\tomato\tomato_pakistan\Tomato Dataset\Dataset (raw)\Tomato_leaf_yellow_curl_virus\Tomato2.jpg,D:\ZaraiAI_Tomato_Cotton_Wheat\data\raw\tomato\tomato_pakistan\Tomato Dataset\Dataset (raw)\Tomato_leaf_yellow_curl_virus\Tomato2.jpg,700,749,3,JPEG,196634,b84c3a3d7e85450f1a10d9c3c0b0124a1dff13649d472d3717b99616ef249152,test
tomato,Tomato_mold_leaf,IMG_20251102_154920.jpg,data\raw\tomato\tomato_pakistan\Tomato Dataset\Dataset (raw)\Tomato_mold_leaf\IMG_20251102_154920.jpg,D:\ZaraiAI_Tomato_Cotton_Wheat\data\raw\tomato\tomato_pakistan\Tomato Dataset\Dataset (raw)\Tomato_mold_leaf\IMG_20251102_154920.jpg,4080,3072,3,JPEG,2216418,32a221a0a4f87e1de31f109fa135e15e45cda8c36bc17601edc797a48985fe0e,test
tomato,Tomato_Healthy_leaf,IMG_20251102_162045.jpg,data\raw\tomato\tomato_pakistan\Tomato Dataset\Dataset (raw)\Tomato_Healthy_leaf\IMG_20251102_162045.jpg,D:\ZaraiAI_Tomato_Cotton_Wheat\data\raw\tomato\tomato_pakistan\Tomato Dataset\Dataset (raw)\Tomato_Healthy_leaf\IMG_20251102_162045.jpg,3072,4080,3,JPEG,2514204,3feab86bb3c0291f6d726ce70dff9cd7d7cde27abe6bbdfb3755dd02374113f3,test
tomato,Tomato_leaf_yellow_curl_virus,IMG_20251102_153430.jpg,data\raw\tomato\tomato_pakistan\Tomato Dataset\Dataset (raw)\Tomato_leaf_yellow_curl_virus\IMG_20251102_153430.jpg,D:\ZaraiAI_Tomato_Cotton_Wheat\data\raw\tomato\tomato_pakistan\Tomato Dataset\Dataset (raw)\Tomato_leaf_yellow_curl_virus\IMG_20251102_153430.jpg,4080,3072,3,JPEG,2825223,a9f9b211b14c10059dfc59125d48fa74f86b028543a0aa1c5411a393ab15b6e0,test
tomato,Tomato_mold_leaf,IMG_20251102_155801.jpg,data\raw\tomato\tomato_pakistan\Tomato Dataset\Dataset (raw)\Tomato_mold_leaf\IMG_20251102_155801.jpg,D:\ZaraiAI_Tomato_Cotton_Wheat\data\raw\tomato\tomato_pakistan\Tomato Dataset\Dataset (raw)\Tomato_mold_leaf\IMG_20251102_155801.jpg,3072,4080,3,JPEG,2370009,849045a36d4b6f801c2af877caf44dc2e14e9ddc9851db1a8ce0cbc7061bba21,test
tomato,Tomato_Septoria_leaf_spot,IMG-20240812-WA0211.jpg,data\raw\tomato\tomato_pakistan\Tomato Dataset\Dataset (raw)\Tomato_Septoria_leaf_spot\IMG-20240812-WA0211.jpg,D:\ZaraiAI_Tomato_Cotton_Wheat\data\raw\tomato\tomato_pakistan\Tomato Dataset\Dataset (raw)\Tomato_Septoria_leaf_spot\IMG-20240812-WA0211.jpg,3024,4032,3,JPEG,613854,534013622d0747d601ca240f17f8089f212ffe0da6fae451463db576463f3ef8,test
tomato,Tomato_leaf_yellow_curl_virus,fwa2013313115151_jpg.rf.f46c682f69e0115a10044a45345f437a.jpg,data\raw\tomato\tomato_pakistan\Tomato Dataset\Dataset (raw)\Tomato_leaf_yellow_curl_virus\fwa2013313115151_jpg.rf.f46c682f69e0115a10044a45345f437a.jpg,D:\ZaraiAI_Tomato_Cotton_Wheat\data\raw\tomato\tomato_pakistan\Tomato Dataset\Dataset (raw)\Tomato_leaf_yellow_curl_virus\fwa2013313115151_jpg.rf.f46c682f69e0115a10044a45345f437a.jpg,416,416,3,JPEG,37670,bd47bdfed600857fb804c49c0ae6341c0e6052cef878599c2251f60929cde6ba,test
tomato,Tomato_mold_leaf,IMG-20240728-WA0050.jpg,data\raw\tomato\tomato_pakistan\Tomato Dataset\Dataset (raw)\Tomato_mold_leaf\IMG-20240728-WA0050.jpg,D:\ZaraiAI_Tomato_Cotton_Wheat\data\raw\tomato\tomato_pakistan\Tomato Dataset\Dataset (raw)\Tomato_mold_leaf\IMG-20240728-WA0050.jpg,780,1040,3,JPEG,98789,80890f8abdd9c5d43ecad384715fed35ba1cca685f4359f086ac4e64c9337393,test
tomato,Tomato_Septoria_leaf_spot,Septoria_Leaf_Spot_of_Tomato186.jpg,data\raw\tomato\tomato_pakistan\Tomato Dataset\Dataset (raw)\Tomato_Septoria_leaf_spot\Septoria_Leaf_Spot_of_Tomato186.jpg,D:\ZaraiAI_Tomato_Cotton_Wheat\data\raw\tomato\tomato_pakistan\Tomato Dataset\Dataset (raw)\Tomato_Septoria_leaf_spot\Septoria_Leaf_Spot_of_Tomato186.jpg,800,533,3,JPEG,188291,4874eb88f8544a40f723bec845086b8c471c353eb13685966c394950804cffb7,test
tomato,Tomato_Septoria_leaf_spot,tomato_plants_1_original.JPG_1407178095.jpg,data\raw\tomato\tomato_pakistan\Tomato Dataset\Dataset (raw)\Tomato_Septoria_leaf_spot\tomato_plants_1_original.JPG_1407178095.jpg,D:\ZaraiAI_Tomato_Cotton_Wheat\data\raw\tomato\tomato_pakistan\Tomato Dataset\Dataset (raw)\Tomato_Septoria_leaf_spot\tomato_plants_1_original.JPG_1407178095.jpg,1632,1224,3,JPEG,865699,d78bd086224aaca5a9f1862d8496177888cae14ce27dd42b4aaf83a0cfae4794,test
tomato,Tomato_leaf_late_blight,tomato-late-blight-conn-2015-137c.jpg,data\raw\tomato\tomato_pakistan\Tomato Dataset\Dataset (raw)\Tomato_leaf_late_blight\tomato-late-blight-conn-2015-137c.jpg,D:\ZaraiAI_Tomato_Cotton_Wheat\data\raw\tomato\tomato_pakistan\Tomato Dataset\Dataset (raw)\Tomato_leaf_late_blight\tomato-late-blight-conn-2015-137c.jpg,1755,1192,3,JPEG,726558,6c402224e255ad2119dc600ac2714f207a4f59ab9192a588fe6c8f15bd2ce020,test
tomato,Tomato_leaf_late_blight,Lb67_change_90.jpg,data\raw\tomato\tomato_pakistan\Tomato Dataset\Dataset (raw)\Tomato_leaf_late_blight\Lb67_change_90.jpg,D:\ZaraiAI_Tomato_Cotton_Wheat\data\raw\tomato\tomato_pakistan\Tomato Dataset\Dataset (raw)\Tomato_leaf_late_blight\Lb67_change_90.jpg,227,227,3,JPEG,10908,b3dc17d427d7debc2e856b983a0329797b44f40af2d1b02f3d567c3834285af8,test
tomato,Tomato_Healthy_leaf,IMG_20251102_161826.jpg,data\raw\tomato\tomato_pakistan\Tomato Dataset\Dataset (raw)\Tomato_Healthy_leaf\IMG_20251102_161826.jpg,D:\ZaraiAI_Tomato_Cotton_Wheat\data\raw\tomato\tomato_pakistan\Tomato Dataset\Dataset (raw)\Tomato_Healthy_leaf\IMG_20251102_161826.jpg,3072,4080,3,JPEG,2789300,68431342a20d3ced29f2d97275d2f3ae552aefbdabae318ff2f029735ecb4362,test
tomato,Tomato_Septoria_leaf_spot,20809116-standard.jpg,data\raw\tomato\tomato_pakistan\Tomato Dataset\Dataset (raw)\Tomato_Septoria_leaf_spot\20809116-standard.jpg,D:\ZaraiAI_Tomato_Cotton_Wheat\data\raw\tomato\tomato_pakistan\Tomato Dataset\Dataset (raw)\Tomato_Septoria_leaf_spot\20809116-standard.jpg,199,340,3,JPEG,18533,68a214f97d997eb65dc191ff009ef9cfe6dab7b6f569c4beac2cd2be4f8950f8,test
tomato,Tomato_leaf_late_blight,Gls79.JPG,data\raw\tomato\tomato_pakistan\Tomato Dataset\Dataset (raw)\Tomato_leaf_late_blight\Gls79.JPG,D:\ZaraiAI_Tomato_Cotton_Wheat\data\raw\tomato\tomato_pakistan\Tomato Dataset\Dataset (raw)\Tomato_leaf_late_blight\Gls79.JPG,227,227,3,JPEG,8362,e7a7f711e750b73a12c10d07164d1d9f356424d78bc00273d156aaf7cbb59860,test
tomato,Tomato_mold_leaf,IMG-20240728-WA0101.jpg,data\raw\tomato\tomato_pakistan\Tomato Dataset\Dataset (raw)\Tomato_mold_leaf\IMG-20240728-WA0101.jpg,D:\ZaraiAI_Tomato_Cotton_Wheat\data\raw\tomato\tomato_pakistan\Tomato Dataset\Dataset (raw)\Tomato_mold_leaf\IMG-20240728-WA0101.jpg,780,1040,3,JPEG,99196,1403a1c90b55be453a9dac6c50ee3f93161a959aebe08799928bb30bdd39335a,test
tomato,Tomato_mold_leaf,GIVXB.jpg,data\raw\tomato\tomato_pakistan\Tomato Dataset\Dataset (raw)\Tomato_mold_leaf\GIVXB.jpg,D:\ZaraiAI_Tomato_Cotton_Wheat\data\raw\tomato\tomato_pakistan\Tomato Dataset\Dataset (raw)\Tomato_mold_leaf\GIVXB.jpg,800,600,3,JPEG,84598,152eb12191682697b63611c371ad13853cd442dd0d1f0a4362219526ca629d96,test
tomato,Tomato_Septoria_leaf_spot,septoria5.jpg,data\raw\tomato\tomato_pakistan\Tomato Dataset\Dataset (raw)\Tomato_Septoria_leaf_spot\septoria5.jpg,D:\ZaraiAI_Tomato_Cotton_Wheat\data\raw\tomato\tomato_pakistan\Tomato Dataset\Dataset (raw)\Tomato_Septoria_leaf_spot\septoria5.jpg,564,361,3,JPEG,35109,275bc95d6026b60dd7b72fef646369632cb810190c8726b2d171676700814452,test
tomato,Tomato_Septoria_leaf_spot,SS_ (977)3.jpg,data\raw\tomato\tomato_pakistan\Tomato Dataset\Dataset (raw)\Tomato_Septoria_leaf_spot\SS_ (977)3.jpg,D:\ZaraiAI_Tomato_Cotton_Wheat\data\raw\tomato\tomato_pakistan\Tomato Dataset\Dataset (raw)\Tomato_Septoria_leaf_spot\SS_ (977)3.jpg,1397,1201,3,JPEG,420780,d7eadbdaa4b0d89d655b530dc189e9b7350ec31add490177b805316fb7246c9a,test
tomato,Tomato_mold_leaf,IMG-20240724-WA0016.jpg,data\raw\tomato\tomato_pakistan\Tomato Dataset\Dataset (raw)\Tomato_mold_leaf\IMG-20240724-WA0016.jpg,D:\ZaraiAI_Tomato_Cotton_Wheat\data\raw\tomato\tomato_pakistan\Tomato Dataset\Dataset (raw)\Tomato_mold_leaf\IMG-20240724-WA0016.jpg,780,1040,3,JPEG,115690,0ff53119baecdfb130329eb982844dd801e553f8494bca9af3ed193e9bc4b5d9,test
tomato,Tomato_mold_leaf,IMG-20240728-WA0066.jpg,data\raw\tomato\tomato_pakistan\Tomato Dataset\Dataset (raw)\Tomato_mold_leaf\IMG-20240728-WA0066.jpg,D:\ZaraiAI_Tomato_Cotton_Wheat\data\raw\tomato\tomato_pakistan\Tomato Dataset\Dataset (raw)\Tomato_mold_leaf\IMG-20240728-WA0066.jpg,780,1040,3,JPEG,76845,c64b428388f0e3fbdc472176db11557a7de5b176f13d40396bf780684334120d,test
tomato,Tomato_Early_blight_leaf,IMG_20251102_155144.jpg,data\raw\tomato\tomato_pakistan\Tomato Dataset\Dataset (raw)\Tomato_Early_blight_leaf\IMG_20251102_155144.jpg,D:\ZaraiAI_Tomato_Cotton_Wheat\data\raw\tomato\tomato_pakistan\Tomato Dataset\Dataset (raw)\Tomato_Early_blight_leaf\IMG_20251102_155144.jpg,4080,3072,3,JPEG,2456014,5cd3e0ce69be97e5e79db901e7b51fb43f24426fe8a00ba9fe980b58ebb7bb7d,test
tomato,Tomato_leaf_late_blight,tomato_late-blight_04_zoom.jpg,data\raw\tomato\tomato_pakistan\Tomato Dataset\Dataset (raw)\Tomato_leaf_late_blight\tomato_late-blight_04_zoom.jpg,D:\ZaraiAI_Tomato_Cotton_Wheat\data\raw\tomato\tomato_pakistan\Tomato Dataset\Dataset (raw)\Tomato_leaf_late_blight\tomato_late-blight_04_zoom.jpg,900,675,3,JPEG,188483,114e5d0090cd63ad9e176375c2fde3a48f01d88af3bd1dd44909b2ecefa70a49,test
tomato,Tomato_Early_blight_leaf,IMG_20251102_155827.jpg,data\raw\tomato\tomato_pakistan\Tomato Dataset\Dataset (raw)\Tomato_Early_blight_leaf\IMG_20251102_155827.jpg,D:\ZaraiAI_Tomato_Cotton_Wheat\data\raw\tomato\tomato_pakistan\Tomato Dataset\Dataset (raw)\Tomato_Early_blight_leaf\IMG_20251102_155827.jpg,3072,4080,3,JPEG,2519089,09fd6decd697f546c32d017d47ee99660ac5a4294c3ac066abd70dee8d872221,test
tomato,Tomato_Early_blight_leaf,1576389-early%20blight%20symptoms.jpg,data\raw\tomato\tomato_pakistan\Tomato Dataset\Dataset (raw)\Tomato_Early_blight_leaf\1576389-early%20blight%20symptoms.jpg,D:\ZaraiAI_Tomato_Cotton_Wheat\data\raw\tomato\tomato_pakistan\Tomato Dataset\Dataset (raw)\Tomato_Early_blight_leaf\1576389-early%20blight%20symptoms.jpg,382,242,3,JPEG,23429,7ea3f709c470175f1f424575e3540089a38ed5a210d175c2bf3eb77c6ca26ea1,test
tomato,Tomato_Early_blight_leaf,IMG-20240812-WA0145.jpg,data\raw\tomato\tomato_pakistan\Tomato Dataset\Dataset (raw)\Tomato_Early_blight_leaf\IMG-20240812-WA0145.jpg,D:\ZaraiAI_Tomato_Cotton_Wheat\data\raw\tomato\tomato_pakistan\Tomato Dataset\Dataset (raw)\Tomato_Early_blight_leaf\IMG-20240812-WA0145.jpg,3024,4032,3,JPEG,612720,7a81d5073256bfbfe6a6c279585f3e8be277eaf02ad442ebe03f01f5853c36d2,test
tomato,Tomato_leaf_late_blight,IMG_20251102_155447.jpg,data\raw\tomato\tomato_pakistan\Tomato Dataset\Dataset (raw)\Tomato_leaf_late_blight\IMG_20251102_155447.jpg,D:\ZaraiAI_Tomato_Cotton_Wheat\data\raw\tomato\tomato_pakistan\Tomato Dataset\Dataset (raw)\Tomato_leaf_late_blight\IMG_20251102_155447.jpg,3072,4080,3,JPEG,3803216,42cad0dc836ea35dc62ed505a66865f842fed8c6fabe2482fba3cdb748b2823a,test
tomato,Tomato_Healthy_leaf,003.JPG.jpg,data\raw\tomato\tomato_pakistan\Tomato Dataset\Dataset (raw)\Tomato_Healthy_leaf\003.JPG.jpg,D:\ZaraiAI_Tomato_Cotton_Wheat\data\raw\tomato\tomato_pakistan\Tomato Dataset\Dataset (raw)\Tomato_Healthy_leaf\003.JPG.jpg,1600,1200,3,JPEG,317946,b070fe8ff66dc8071997ee06f13d31ff5bf7c5348eab09a9f5ef39b76861b50f,test
tomato,Tomato_Septoria_leaf_spot,tomatoes_002_full_width.jpg,data\raw\tomato\tomato_pakistan\Tomato Dataset\Dataset (raw)\Tomato_Septoria_leaf_spot\tomatoes_002_full_width.jpg,D:\ZaraiAI_Tomato_Cotton_Wheat\data\raw\tomato\tomato_pakistan\Tomato Dataset\Dataset (raw)\Tomato_Septoria_leaf_spot\tomatoes_002_full_width.jpg,720,540,3,JPEG,42352,87aa4ad414d0bdb476a489d2d9fa8dfffe795ed99a62fc05c6d24c8f69ba215b,test
tomato,Tomato_Healthy_leaf,h73_change_90.jpg,data\raw\tomato\tomato_pakistan\Tomato Dataset\Dataset (raw)\Tomato_Healthy_leaf\h73_change_90.jpg,D:\ZaraiAI_Tomato_Cotton_Wheat\data\raw\tomato\tomato_pakistan\Tomato Dataset\Dataset (raw)\Tomato_Healthy_leaf\h73_change_90.jpg,227,227,3,JPEG,11543,6f2abc0fcdc3685d765c28d23b916dd37633d64d9592371b97efa68630ea37c9,test
tomato,Tomato_Septoria_leaf_spot,tomato-septoria-5.jpg,data\raw\tomato\tomato_pakistan\Tomato Dataset\Dataset (raw)\Tomato_Septoria_leaf_spot\tomato-septoria-5.jpg,D:\ZaraiAI_Tomato_Cotton_Wheat\data\raw\tomato\tomato_pakistan\Tomato Dataset\Dataset (raw)\Tomato_Septoria_leaf_spot\tomato-septoria-5.jpg,1500,1154,3,JPEG,392709,6dbdb4f99a7533193d70ebf7fdcabbacfcd3693a0a39546cde879a46b7ce8db5,test
tomato,Tomato_Early_blight_leaf,IMG_20251102_161020.jpg,data\raw\tomato\tomato_pakistan\Tomato Dataset\Dataset (raw)\Tomato_Early_blight_leaf\IMG_20251102_161020.jpg,D:\ZaraiAI_Tomato_Cotton_Wheat\data\raw\tomato\tomato_pakistan\Tomato Dataset\Dataset (raw)\Tomato_Early_blight_leaf\IMG_20251102_161020.jpg,4080,3072,3,JPEG,2508002,9555dcba11e5f9181adae7fbc3213ff42d0c2a1748680baf77c4dd2b0aa60e2d,test
tomato,Tomato_Septoria_leaf_spot,SS_ (36).jpg,data\raw\tomato\tomato_pakistan\Tomato Dataset\Dataset (raw)\Tomato_Septoria_leaf_spot\SS_ (36).jpg,D:\ZaraiAI_Tomato_Cotton_Wheat\data\raw\tomato\tomato_pakistan\Tomato Dataset\Dataset (raw)\Tomato_Septoria_leaf_spot\SS_ (36).jpg,505,439,3,JPEG,99901,9757e78d0ebcd10592eac603ec7cf331762a8cce87f5f66a9e1bfc3107bd9b84,test
tomato,Tomato_Early_blight_leaf,_storage_emulated_0_DCIM_Camera_IMG_20251102_161217.jpg,data\raw\tomato\tomato_pakistan\Tomato Dataset\Dataset (raw)\Tomato_Early_blight_leaf\_storage_emulated_0_DCIM_Camera_IMG_20251102_161217.jpg,D:\ZaraiAI_Tomato_Cotton_Wheat\data\raw\tomato\tomato_pakistan\Tomato Dataset\Dataset (raw)\Tomato_Early_blight_leaf\_storage_emulated_0_DCIM_Camera_IMG_20251102_161217.jpg,3072,4080,3,JPEG,3946130,4b0ddd89f57425c95fd9f9cc88dc48fd7d475184b771e9b39c1ee7875533c4cc,test
tomato,Tomato_mold_leaf,IMG_20251102_155536.jpg,data\raw\tomato\tomato_pakistan\Tomato Dataset\Dataset (raw)\Tomato_mold_leaf\IMG_20251102_155536.jpg,D:\ZaraiAI_Tomato_Cotton_Wheat\data\raw\tomato\tomato_pakistan\Tomato Dataset\Dataset (raw)\Tomato_mold_leaf\IMG_20251102_155536.jpg,3072,4080,3,JPEG,2433764,b45144beb2ad64e801823133b8f47e352e25a01b85469de32b8cb732def6f8e4,test
tomato,Tomato_Healthy_leaf,h95_mirror.jpg,data\raw\tomato\tomato_pakistan\Tomato Dataset\Dataset (raw)\Tomato_Healthy_leaf\h95_mirror.jpg,D:\ZaraiAI_Tomato_Cotton_Wheat\data\raw\tomato\tomato_pakistan\Tomato Dataset\Dataset (raw)\Tomato_Healthy_leaf\h95_mirror.jpg,227,227,3,JPEG,13013,8fbef5999c6fd30ce96570114dbfeedf9c44b63c86e49f0d93a6bd60da51f74a,test
tomato,Tomato_Septoria_leaf_spot,Septoria-Leaf-Spot.jpg,data\raw\tomato\tomato_pakistan\Tomato Dataset\Dataset (raw)\Tomato_Septoria_leaf_spot\Septoria-Leaf-Spot.jpg,D:\ZaraiAI_Tomato_Cotton_Wheat\data\raw\tomato\tomato_pakistan\Tomato Dataset\Dataset (raw)\Tomato_Septoria_leaf_spot\Septoria-Leaf-Spot.jpg,640,482,3,JPEG,143346,be6cec4dece67fc67ad680fbb3c68e0d0384361d6ded5ff6025d050a621981a6,test
tomato,Tomato_Healthy_leaf,h99.jpg,data\raw\tomato\tomato_pakistan\Tomato Dataset\Dataset (raw)\Tomato_Healthy_leaf\h99.jpg,D:\ZaraiAI_Tomato_Cotton_Wheat\data\raw\tomato\tomato_pakistan\Tomato Dataset\Dataset (raw)\Tomato_Healthy_leaf\h99.jpg,227,227,3,JPEG,14353,0d3fc12f4efb281288d57f727078077bec419a98ca18a392ed378abd83a8e8ef,test
tomato,Tomato_Septoria_leaf_spot,bnX8Q.jpg,data\raw\tomato\tomato_pakistan\Tomato Dataset\Dataset (raw)\Tomato_Septoria_leaf_spot\bnX8Q.jpg,D:\ZaraiAI_Tomato_Cotton_Wheat\data\raw\tomato\tomato_pakistan\Tomato Dataset\Dataset (raw)\Tomato_Septoria_leaf_spot\bnX8Q.jpg,480,320,3,JPEG,51303,6f781eddf9d4c49bde14649f8aeda483fd084719a2db3e551427b3778024e592,test
tomato,Tomato_mold_leaf,IMG-20240728-WA0108.jpg,data\raw\tomato\tomato_pakistan\Tomato Dataset\Dataset (raw)\Tomato_mold_leaf\IMG-20240728-WA0108.jpg,D:\ZaraiAI_Tomato_Cotton_Wheat\data\raw\tomato\tomato_pakistan\Tomato Dataset\Dataset (raw)\Tomato_mold_leaf\IMG-20240728-WA0108.jpg,780,1040,3,JPEG,86286,3f83aba875de3cdd9db53a13b29bbccd447c59f3b8c6b15059145488a834255e,test
tomato,Tomato_Septoria_leaf_spot,EB_(971).jpg,data\raw\tomato\tomato_pakistan\Tomato Dataset\Dataset (raw)\Tomato_Septoria_leaf_spot\EB_(971).jpg,D:\ZaraiAI_Tomato_Cotton_Wheat\data\raw\tomato\tomato_pakistan\Tomato Dataset\Dataset (raw)\Tomato_Septoria_leaf_spot\EB_(971).jpg,966,725,3,JPEG,81380,6b1819bc9dee9e1436e94b6a431183cca88a28744a2bfa25aa1d986039c29fa1,test
tomato,Tomato_Septoria_leaf_spot,tomato-septoria-leaf-spot.jpg,data\raw\tomato\tomato_pakistan\Tomato Dataset\Dataset (raw)\Tomato_Septoria_leaf_spot\tomato-septoria-leaf-spot.jpg,D:\ZaraiAI_Tomato_Cotton_Wheat\data\raw\tomato\tomato_pakistan\Tomato Dataset\Dataset (raw)\Tomato_Septoria_leaf_spot\tomato-septoria-leaf-spot.jpg,150,150,3,JPEG,4481,de4287f7e68678a481d5f874f3fd05d89ac6360b108aff3f3da1b11242c7b37d,test
tomato,Tomato_Septoria_leaf_spot,1723454507465.jpg,data\raw\tomato\tomato_pakistan\Tomato Dataset\Dataset (raw)\Tomato_Septoria_leaf_spot\1723454507465.jpg,D:\ZaraiAI_Tomato_Cotton_Wheat\data\raw\tomato\tomato_pakistan\Tomato Dataset\Dataset (raw)\Tomato_Septoria_leaf_spot\1723454507465.jpg,2250,2843,3,JPEG,2450242,bace47f5ec82591395af5f9054c25251ece2407e9c575b394dcc319ad75d0342,test
tomato,Tomato_Early_blight_leaf,IMG_20251102_161134.jpg,data\raw\tomato\tomato_pakistan\Tomato Dataset\Dataset (raw)\Tomato_Early_blight_leaf\IMG_20251102_161134.jpg,D:\ZaraiAI_Tomato_Cotton_Wheat\data\raw\tomato\tomato_pakistan\Tomato Dataset\Dataset (raw)\Tomato_Early_blight_leaf\IMG_20251102_161134.jpg,4080,3072,3,JPEG,3774688,201525435a9d7892a199b5a5ae79f2771d821caf2389c6d4c114f1de9a2f1172,test
tomato,Tomato_Healthy_leaf,h49.jpg,data\raw\tomato\tomato_pakistan\Tomato Dataset\Dataset (raw)\Tomato_Healthy_leaf\h49.jpg,D:\ZaraiAI_Tomato_Cotton_Wheat\data\raw\tomato\tomato_pakistan\Tomato Dataset\Dataset (raw)\Tomato_Healthy_leaf\h49.jpg,227,227,3,JPEG,11152,abd21da50933bb9b7d29c93b86ff622f6bd75bd32daa307adca47583278145ed,test
tomato,Tomato_Early_blight_leaf,IMG_20251102_155609.jpg,data\raw\tomato\tomato_pakistan\Tomato Dataset\Dataset (raw)\Tomato_Early_blight_leaf\IMG_20251102_155609.jpg,D:\ZaraiAI_Tomato_Cotton_Wheat\data\raw\tomato\tomato_pakistan\Tomato Dataset\Dataset (raw)\Tomato_Early_blight_leaf\IMG_20251102_155609.jpg,3072,4080,3,JPEG,1856140,4052ab3965b69093f140d27d727ebad5e7f8566758a0a8685b38970b28ec0f57,test
tomato,Tomato_leaf_yellow_curl_virus,IMG_20251102_155054.jpg,data\raw\tomato\tomato_pakistan\Tomato Dataset\Dataset (raw)\Tomato_leaf_yellow_curl_virus\IMG_20251102_155054.jpg,D:\ZaraiAI_Tomato_Cotton_Wheat\data\raw\tomato\tomato_pakistan\Tomato Dataset\Dataset (raw)\Tomato_leaf_yellow_curl_virus\IMG_20251102_155054.jpg,3072,4080,3,JPEG,2481934,9310624cf5bfb21ae60d00f6f526173951bb7dfa2f0a104f5f96f1d760010112,test
tomato,Tomato_Early_blight_leaf,IMG_2254.JPG.jpg,data\raw\tomato\tomato_pakistan\Tomato Dataset\Dataset (raw)\Tomato_Early_blight_leaf\IMG_2254.JPG.jpg,D:\ZaraiAI_Tomato_Cotton_Wheat\data\raw\tomato\tomato_pakistan\Tomato Dataset\Dataset (raw)\Tomato_Early_blight_leaf\IMG_2254.JPG.jpg,1600,1067,3,JPEG,120908,6769df3101a893e3d17a987aa33b296e1264927efd485e81227d7ab0c4345b2b,test
tomato,Tomato_mold_leaf,IMG-20240727-WA0197.jpg,data\raw\tomato\tomato_pakistan\Tomato Dataset\Dataset (raw)\Tomato_mold_leaf\IMG-20240727-WA0197.jpg,D:\ZaraiAI_Tomato_Cotton_Wheat\data\raw\tomato\tomato_pakistan\Tomato Dataset\Dataset (raw)\Tomato_mold_leaf\IMG-20240727-WA0197.jpg,780,1040,3,JPEG,61380,1b7e8233382526fdcb918ac44a389123ad62108f28b0c7a453c72d58f15dfcf5,test
tomato,Tomato_Healthy_leaf,IMG_20251102_152940.jpg,data\raw\tomato\tomato_pakistan\Tomato Dataset\Dataset (raw)\Tomato_Healthy_leaf\IMG_20251102_152940.jpg,D:\ZaraiAI_Tomato_Cotton_Wheat\data\raw\tomato\tomato_pakistan\Tomato Dataset\Dataset (raw)\Tomato_Healthy_leaf\IMG_20251102_152940.jpg,3072,4080,3,JPEG,2163000,88bf10cb639f833e98f148555cf9d298958689374b746f0b94128ece0d9cfedd,test
tomato,Tomato_leaf_late_blight,late-blight-tomato.jpg,data\raw\tomato\tomato_pakistan\Tomato Dataset\Dataset (raw)\Tomato_leaf_late_blight\late-blight-tomato.jpg,D:\ZaraiAI_Tomato_Cotton_Wheat\data\raw\tomato\tomato_pakistan\Tomato Dataset\Dataset (raw)\Tomato_leaf_late_blight\late-blight-tomato.jpg,600,600,3,JPEG,64511,581d5ada2960ceb22f3e6620fda6e2bd5724b12c33f86b77b2a6b3b73feda445,test
tomato,Tomato_Healthy_leaf,2015-09-17-01.jpg,data\raw\tomato\tomato_pakistan\Tomato Dataset\Dataset (raw)\Tomato_Healthy_leaf\2015-09-17-01.jpg,D:\ZaraiAI_Tomato_Cotton_Wheat\data\raw\tomato\tomato_pakistan\Tomato Dataset\Dataset (raw)\Tomato_Healthy_leaf\2015-09-17-01.jpg,1200,900,3,JPEG,176737,1c73f9e07e567ca8d697f013806b9fdafad0520bc096967218fc6cecd417caf4,test
tomato,Tomato_leaf_yellow_curl_virus,TYLCV2.jpg,data\raw\tomato\tomato_pakistan\Tomato Dataset\Dataset (raw)\Tomato_leaf_yellow_curl_virus\TYLCV2.jpg,D:\ZaraiAI_Tomato_Cotton_Wheat\data\raw\tomato\tomato_pakistan\Tomato Dataset\Dataset (raw)\Tomato_leaf_yellow_curl_virus\TYLCV2.jpg,480,419,3,JPEG,168865,9f2147ccce07965ae1a994545740f8b728845bcf1a1c69fbd5bbbfebfde47e8e,test
tomato,Tomato_Septoria_leaf_spot,SS_ (995).jpg,data\raw\tomato\tomato_pakistan\Tomato Dataset\Dataset (raw)\Tomato_Septoria_leaf_spot\SS_ (995).jpg,D:\ZaraiAI_Tomato_Cotton_Wheat\data\raw\tomato\tomato_pakistan\Tomato Dataset\Dataset (raw)\Tomato_Septoria_leaf_spot\SS_ (995).jpg,2048,1406,3,JPEG,577563,0cc5e519d218ddfee4f39bd575b1780a2f863ee13eb9e9dcba33f92af2a6c0d6,test
tomato,Tomato_Healthy_leaf,20130609_151253_zpsc7d93f62.jpg,data\raw\tomato\tomato_pakistan\Tomato Dataset\Dataset (raw)\Tomato_Healthy_leaf\20130609_151253_zpsc7d93f62.jpg,D:\ZaraiAI_Tomato_Cotton_Wheat\data\raw\tomato\tomato_pakistan\Tomato Dataset\Dataset (raw)\Tomato_Healthy_leaf\20130609_151253_zpsc7d93f62.jpg,1024,768,3,JPEG,267742,887ceedf22efce49400c63d57e1512418f874ad3409548cc41a64508e4a5abef,test
tomato,Tomato_mold_leaf,23633262_1572609386115825_1396180255_o.jpg,data\raw\tomato\tomato_pakistan\Tomato Dataset\Dataset (raw)\Tomato_mold_leaf\23633262_1572609386115825_1396180255_o.jpg,D:\ZaraiAI_Tomato_Cotton_Wheat\data\raw\tomato\tomato_pakistan\Tomato Dataset\Dataset (raw)\Tomato_mold_leaf\23633262_1572609386115825_1396180255_o.jpg,1440,1920,3,JPEG,177297,3d1839351811b5cc8e6bbb53cc8c4b0c750e6c2bac8bff6c0d02c301a2b18b09,test
tomato,Tomato_Healthy_leaf,h71.jpg,data\raw\tomato\tomato_pakistan\Tomato Dataset\Dataset (raw)\Tomato_Healthy_leaf\h71.jpg,D:\ZaraiAI_Tomato_Cotton_Wheat\data\raw\tomato\tomato_pakistan\Tomato Dataset\Dataset (raw)\Tomato_Healthy_leaf\h71.jpg,227,227,3,JPEG,12406,72b3223bfc83934671621b6cb924dfdc5ed099affbe776035990169d4072a2c6,test
tomato,Tomato_Septoria_leaf_spot,SS_ (998).jpg,data\raw\tomato\tomato_pakistan\Tomato Dataset\Dataset (raw)\Tomato_Septoria_leaf_spot\SS_ (998).jpg,D:\ZaraiAI_Tomato_Cotton_Wheat\data\raw\tomato\tomato_pakistan\Tomato Dataset\Dataset (raw)\Tomato_Septoria_leaf_spot\SS_ (998).jpg,651,619,3,JPEG,80299,400c86fb37df6aac292264d32dfaa2fd033daeb9016bf45cdb9ad33458b8b753,test
tomato,Tomato_mold_leaf,IMG-20240724-WA0025.jpg,data\raw\tomato\tomato_pakistan\Tomato Dataset\Dataset (raw)\Tomato_mold_leaf\IMG-20240724-WA0025.jpg,D:\ZaraiAI_Tomato_Cotton_Wheat\data\raw\tomato\tomato_pakistan\Tomato Dataset\Dataset (raw)\Tomato_mold_leaf\IMG-20240724-WA0025.jpg,780,1040,3,JPEG,147038,f60a5a4051609b7af25d5188a796135850dda296ed5e2ad4e0561baab71cd3f7,test
tomato,Tomato_leaf_late_blight,late_blight_tomato_leaf4x1200_jpg.rf.28fa84b6e9cf0f64bf101d64024d631e.jpg,data\raw\tomato\tomato_pakistan\Tomato Dataset\Dataset (raw)\Tomato_leaf_late_blight\late_blight_tomato_leaf4x1200_jpg.rf.28fa84b6e9cf0f64bf101d64024d631e.jpg,D:\ZaraiAI_Tomato_Cotton_Wheat\data\raw\tomato\tomato_pakistan\Tomato Dataset\Dataset (raw)\Tomato_leaf_late_blight\late_blight_tomato_leaf4x1200_jpg.rf.28fa84b6e9cf0f64bf101d64024d631e.jpg,416,416,3,JPEG,48802,9c2701775562c9fc59c1bd5711fae43d964d421cc6997ab6dc4b6dd5abfd68e3,test
tomato,Tomato_Septoria_leaf_spot,IMG-20240812-WA0147.jpg,data\raw\tomato\tomato_pakistan\Tomato Dataset\Dataset (raw)\Tomato_Septoria_leaf_spot\IMG-20240812-WA0147.jpg,D:\ZaraiAI_Tomato_Cotton_Wheat\data\raw\tomato\tomato_pakistan\Tomato Dataset\Dataset (raw)\Tomato_Septoria_leaf_spot\IMG-20240812-WA0147.jpg,3024,4032,3,JPEG,698076,46f5cc9518ab4ae662227f0d8ad7d15bd4cfbfe6943a02dd851dcdaf9f232ff9,test
