crop,class_name,file_name,relative_path,absolute_path,width,height,channels,format,size_bytes,sha256,split
wheat,LeafBlight,LeafBlight_66.jpg,data\raw\wheat\wheat_disease_main\Wheat Disease\Original Dataset\LeafBlight\LeafBlight_66.jpg,D:\ZaraiAI_Tomato_Cotton_Wheat\data\raw\wheat\wheat_disease_main\Wheat Disease\Original Dataset\LeafBlight\LeafBlight_66.jpg,1440,1080,3,JPEG,312865,13da71907c54f41c70142d8e5455e570df0771f9211726ef5bc3317f0a721569,train
wheat,HealthyLeaf,HealthyLeaf_91.jpg,data\raw\wheat\wheat_disease_main\Wheat Disease\Original Dataset\HealthyLeaf\HealthyLeaf_91.jpg,D:\ZaraiAI_Tomato_Cotton_Wheat\data\raw\wheat\wheat_disease_main\Wheat Disease\Original Dataset\HealthyLeaf\HealthyLeaf_91.jpg,1080,1440,3,JPEG,385306,01fd9cf741a91f292a4421740404be51cf29c232348f0bbfeeb82232c53056eb,train
wheat,WheatBlast,WheatBlast_63.jpg,data\raw\wheat\wheat_disease_main\Wheat Disease\Original Dataset\WheatBlast\WheatBlast_63.jpg,D:\ZaraiAI_Tomato_Cotton_Wheat\data\raw\wheat\wheat_disease_main\Wheat Disease\Original Dataset\WheatBlast\WheatBlast_63.jpg,1440,1080,3,JPEG,401834,fa9aa250c7126913e56ba82ebdd35a1e793d37b3c97565f332845031dd35a169,train
wheat,HealthyLeaf,HealthyLeaf_227.jpg,data\raw\wheat\wheat_disease_main\Wheat Disease\Original Dataset\HealthyLeaf\HealthyLeaf_227.jpg,D:\ZaraiAI_Tomato_Cotton_Wheat\data\raw\wheat\wheat_disease_main\Wheat Disease\Original Dataset\HealthyLeaf\HealthyLeaf_227.jpg,1080,1440,3,JPEG,294249,bb82586e794643479c08c3e54ba2df050a8ad52b4b5f057b5157a75ce308dbf0,train
wheat,HealthyLeaf,HealthyLeaf_198.jpg,data\raw\wheat\wheat_disease_main\Wheat Disease\Original Dataset\HealthyLeaf\HealthyLeaf_198.jpg,D:\ZaraiAI_Tomato_Cotton_Wheat\data\raw\wheat\wheat_disease_main\Wheat Disease\Original Dataset\HealthyLeaf\HealthyLeaf_198.jpg,1080,1440,3,JPEG,415081,7101afcb1238a6f991ae78324aa160c87e9df4421c2d56b4ec59ab260d4817fe,train
wheat,BlackPoint,BlackPoint_112.jpg,data\raw\wheat\wheat_disease_main\Wheat Disease\Original Dataset\BlackPoint\BlackPoint_112.jpg,D:\ZaraiAI_Tomato_Cotton_Wheat\data\raw\wheat\wheat_disease_main\Wheat Disease\Original Dataset\BlackPoint\BlackPoint_112.jpg,1080,1440,3,JPEG,285501,af55c6b83189a6bad667b473a5abcf2a6734ad144ed1e2d08dc60d7eedde498e,train
wheat,WheatBlast,WheatBlast_217.jpg,data\raw\wheat\wheat_disease_main\Wheat Disease\Original Dataset\WheatBlast\WheatBlast_217.jpg,D:\ZaraiAI_Tomato_Cotton_Wheat\data\raw\wheat\wheat_disease_main\Wheat Disease\Original Dataset\WheatBlast\WheatBlast_217.jpg,1440,1080,3,JPEG,353211,c627c85839dd7b9243ec7d1a58b55b6aca52024e163a0673b522404c3ae6efd9,train
wheat,WheatBlast,WheatBlast_122.jpg,data\raw\wheat\wheat_disease_main\Wheat Disease\Original Dataset\WheatBlast\WheatBlast_122.jpg,D:\ZaraiAI_Tomato_Cotton_Wheat\data\raw\wheat\wheat_disease_main\Wheat Disease\Original Dataset\WheatBlast\WheatBlast_122.jpg,1440,1080,3,JPEG,375530,8687ae0adde4490e817a3f0da25504ca1aedf97d64ba6171c3228e3b45a86a27,train
wheat,LeafBlight,LeafBlight_354.jpg,data\raw\wheat\wheat_disease_main\Wheat Disease\Original Dataset\LeafBlight\LeafBlight_354.jpg,D:\ZaraiAI_Tomato_Cotton_Wheat\data\raw\wheat\wheat_disease_main\Wheat Disease\Original Dataset\LeafBlight\LeafBlight_354.jpg,1440,1080,3,JPEG,173861,0e606b6c691d697e724043b45cbd0701b44d152736b26ea5d4d72d7882a53271,train
wheat,BlackPoint,BlackPoint_275.jpg,data\raw\wheat\wheat_disease_main\Wheat Disease\Original Dataset\BlackPoint\BlackPoint_275.jpg,D:\ZaraiAI_Tomato_Cotton_Wheat\data\raw\wheat\wheat_disease_main\Wheat Disease\Original Dataset\BlackPoint\BlackPoint_275.jpg,1080,1440,3,JPEG,236303,e19760232140296433a3b3b2908b1494ac5b218f159b16c73069be99b5d17381,train
wheat,LeafBlight,LeafBlight_322.jpg,data\raw\wheat\wheat_disease_main\Wheat Disease\Original Dataset\LeafBlight\LeafBlight_322.jpg,D:\ZaraiAI_Tomato_Cotton_Wheat\data\raw\wheat\wheat_disease_main\Wheat Disease\Original Dataset\LeafBlight\LeafBlight_322.jpg,1440,1080,3,JPEG,220457,ac5ab95fe43406fb5cdea22786dcb9704881364bf915b72606135e12c117d867,train
wheat,LeafBlight,LeafBlight_282.jpg,data\raw\wheat\wheat_disease_main\Wheat Disease\Original Dataset\LeafBlight\LeafBlight_282.jpg,D:\ZaraiAI_Tomato_Cotton_Wheat\data\raw\wheat\wheat_disease_main\Wheat Disease\Original Dataset\LeafBlight\LeafBlight_282.jpg,1440,1080,3,JPEG,241768,28500d524efb151593025617070e774a2a0110b9bfd96123eceafc80cb6cbf1c,train
wheat,LeafBlight,LeafBlight_98.jpg,data\raw\wheat\wheat_disease_main\Wheat Disease\Original Dataset\LeafBlight\LeafBlight_98.jpg,D:\ZaraiAI_Tomato_Cotton_Wheat\data\raw\wheat\wheat_disease_main\Wheat Disease\Original Dataset\LeafBlight\LeafBlight_98.jpg,1440,1080,3,JPEG,327120,5936f10e2b5c69d57b7a0922c0e97f98606a67c50f442426dda7b0c4cc580a79,train
wheat,FusariumFootRot,FusariumFootRot_198.jpg,data\raw\wheat\wheat_disease_main\Wheat Disease\Original Dataset\FusariumFootRot\FusariumFootRot_198.jpg,D:\ZaraiAI_Tomato_Cotton_Wheat\data\raw\wheat\wheat_disease_main\Wheat Disease\Original Dataset\FusariumFootRot\FusariumFootRot_198.jpg,1080,1440,3,JPEG,383485,0a250f8cac952769f7cd7abff48e141cae5844c8ae51eceaa5c0d8c9b000f155,train
wheat,HealthyLeaf,HealthyLeaf_50.jpg,data\raw\wheat\wheat_disease_main\Wheat Disease\Original Dataset\HealthyLeaf\HealthyLeaf_50.jpg,D:\ZaraiAI_Tomato_Cotton_Wheat\data\raw\wheat\wheat_disease_main\Wheat Disease\Original Dataset\HealthyLeaf\HealthyLeaf_50.jpg,1080,1440,3,JPEG,309992,d734afa60aa1d94b248cfa8309380413a18f4abfe51ed561b67e408e35bae41b,train
wheat,LeafBlight,LeafBlight_386.jpg,data\raw\wheat\wheat_disease_main\Wheat Disease\Original Dataset\LeafBlight\LeafBlight_386.jpg,D:\ZaraiAI_Tomato_Cotton_Wheat\data\raw\wheat\wheat_disease_main\Wheat Disease\Original Dataset\LeafBlight\LeafBlight_386.jpg,1440,1080,3,JPEG,117753,d1b6a677eaa3f55f46abdfdabe0c3102d1640db9f8fa3ac842a4bd29aa760697,train
wheat,WheatBlast,WheatBlast_374.jpg,data\raw\wheat\wheat_disease_main\Wheat Disease\Original Dataset\WheatBlast\WheatBlast_374.jpg,D:\ZaraiAI_Tomato_Cotton_Wheat\data\raw\wheat\wheat_disease_main\Wheat Disease\Original Dataset\WheatBlast\WheatBlast_374.jpg,1440,1080,3,JPEG,452950,c6d399857efc10661ad4b1903c1527048460bb8c3ef4777a72fc544e72dec537,train
wheat,HealthyLeaf,HealthyLeaf_117.jpg,data\raw\wheat\wheat_disease_main\Wheat Disease\Original Dataset\HealthyLeaf\HealthyLeaf_117.jpg,D:\ZaraiAI_Tomato_Cotton_Wheat\data\raw\wheat\wheat_disease_main\Wheat Disease\Original Dataset\HealthyLeaf\HealthyLeaf_117.jpg,1080,1440,3,JPEG,399947,b627e486ee0ae2a97dedc0ca7467e5d5ca82772e86ee73d1eeef7f42c1c2ae93,train
wheat,BlackPoint,BlackPoint_175.jpg,data\raw\wheat\wheat_disease_main\Wheat Disease\Original Dataset\BlackPoint\BlackPoint_175.jpg,D:\ZaraiAI_Tomato_Cotton_Wheat\data\raw\wheat\wheat_disease_main\Wheat Disease\Original Dataset\BlackPoint\BlackPoint_175.jpg,1440,1080,3,JPEG,172763,879bd89420f612ad66279ee16a22da6957a5b896ba895272323704ac85df9b55,train
wheat,WheatBlast,WheatBlast_39.jpg,data\raw\wheat\wheat_disease_main\Wheat Disease\Original Dataset\WheatBlast\WheatBlast_39.jpg,D:\ZaraiAI_Tomato_Cotton_Wheat\data\raw\wheat\wheat_disease_main\Wheat Disease\Original Dataset\WheatBlast\WheatBlast_39.jpg,1440,1080,3,JPEG,367477,2c134870ef58acf9d8e5d00cb266509fa56b53ea050bd09323970f1214fd110b,train
wheat,HealthyLeaf,HealthyLeaf_141.jpg,data\raw\wheat\wheat_disease_main\Wheat Disease\Original Dataset\HealthyLeaf\HealthyLeaf_141.jpg,D:\ZaraiAI_Tomato_Cotton_Wheat\data\raw\wheat\wheat_disease_main\Wheat Disease\Original Dataset\HealthyLeaf\HealthyLeaf_141.jpg,1080,1440,3,JPEG,312113,810f402422b3f946094380b2014d8f37c5b5e89a8dbadd823c0068cee8e2e857,train
wheat,WheatBlast,WheatBlast_350.jpg,data\raw\wheat\wheat_disease_main\Wheat Disease\Original Dataset\WheatBlast\WheatBlast_350.jpg,D:\ZaraiAI_Tomato_Cotton_Wheat\data\raw\wheat\wheat_disease_main\Wheat Disease\Original Dataset\WheatBlast\WheatBlast_350.jpg,1440,1080,3,JPEG,561893,4990899773761fdb244abed76db0911af69935bb856dada2c3530c7fc9276575,train
wheat,HealthyLeaf,HealthyLeaf_215.jpg,data\raw\wheat\wheat_disease_main\Wheat Disease\Original Dataset\HealthyLeaf\HealthyLeaf_215.jpg,D:\ZaraiAI_Tomato_Cotton_Wheat\data\raw\wheat\wheat_disease_main\Wheat Disease\Original Dataset\HealthyLeaf\HealthyLeaf_215.jpg,1080,1440,3,JPEG,218980,bb91a93c295b94f6d90ad932aa44fc450384de673fdab83ca6dcf937d25a0c8f,train
wheat,WheatBlast,WheatBlast_361.jpg,data\raw\wheat\wheat_disease_main\Wheat Disease\Original Dataset\WheatBlast\WheatBlast_361.jpg,D:\ZaraiAI_Tomato_Cotton_Wheat\data\raw\wheat\wheat_disease_main\Wheat Disease\Original Dataset\WheatBlast\WheatBlast_361.jpg,1440,1080,3,JPEG,525522,2a29f37754d34bbff7e26fcd6b258e0dc62191cbfc7f5505d19f1f52c3f60110,train
wheat,FusariumFootRot,FusariumFootRot_130.jpg,data\raw\wheat\wheat_disease_main\Wheat Disease\Original Dataset\FusariumFootRot\FusariumFootRot_130.jpg,D:\ZaraiAI_Tomato_Cotton_Wheat\data\raw\wheat\wheat_disease_main\Wheat Disease\Original Dataset\FusariumFootRot\FusariumFootRot_130.jpg,1080,1440,3,JPEG,278851,c70d30546fedc9db6ccbc2a18ed1820daf1e4fd5b1bfb98526bd09d09499b2cd,train
wheat,WheatBlast,WheatBlast_103.jpg,data\raw\wheat\wheat_disease_main\Wheat Disease\Original Dataset\WheatBlast\WheatBlast_103.jpg,D:\ZaraiAI_Tomato_Cotton_Wheat\data\raw\wheat\wheat_disease_main\Wheat Disease\Original Dataset\WheatBlast\WheatBlast_103.jpg,1440,1080,3,JPEG,385339,338faf4790f42e675b4496b890419b15c49013a1efc43f3f01e06386c1ad119b,train
wheat,BlackPoint,BlackPoint_267.jpg,data\raw\wheat\wheat_disease_main\Wheat Disease\Original Dataset\BlackPoint\BlackPoint_267.jpg,D:\ZaraiAI_Tomato_Cotton_Wheat\data\raw\wheat\wheat_disease_main\Wheat Disease\Original Dataset\BlackPoint\BlackPoint_267.jpg,1080,1440,3,JPEG,250273,16948da240da4306913e0e7a548b6a3603adb1a3334a5b201e6609e553adb179,train
wheat,LeafBlight,LeafBlight_357.jpg,data\raw\wheat\wheat_disease_main\Wheat Disease\Original Dataset\LeafBlight\LeafBlight_357.jpg,D:\ZaraiAI_Tomato_Cotton_Wheat\data\raw\wheat\wheat_disease_main\Wheat Disease\Original Dataset\LeafBlight\LeafBlight_357.jpg,1440,1080,3,JPEG,180526,9e4933472423089adb4a3edf38ed838f781d87c83d41af6508fb086c8d55bd08,train
wheat,BlackPoint,BlackPoint_254.jpg,data\raw\wheat\wheat_disease_main\Wheat Disease\Original Dataset\BlackPoint\BlackPoint_254.jpg,D:\ZaraiAI_Tomato_Cotton_Wheat\data\raw\wheat\wheat_disease_main\Wheat Disease\Original Dataset\BlackPoint\BlackPoint_254.jpg,1440,1080,3,JPEG,121924,fddc11787659948b4ed398fb2d29722af9c70ef2920e92758121c281080d2053,train
wheat,BlackPoint,BlackPoint_247.jpg,data\raw\wheat\wheat_disease_main\Wheat Disease\Original Dataset\BlackPoint\BlackPoint_247.jpg,D:\ZaraiAI_Tomato_Cotton_Wheat\data\raw\wheat\wheat_disease_main\Wheat Disease\Original Dataset\BlackPoint\BlackPoint_247.jpg,1440,1080,3,JPEG,143340,c2ec9506852a3608532348236ab15f587101971bd10f126bf00fd6cae3859c52,train
wheat,HealthyLeaf,HealthyLeaf_128.jpg,data\raw\wheat\wheat_disease_main\Wheat Disease\Original Dataset\HealthyLeaf\HealthyLeaf_128.jpg,D:\ZaraiAI_Tomato_Cotton_Wheat\data\raw\wheat\wheat_disease_main\Wheat Disease\Original Dataset\HealthyLeaf\HealthyLeaf_128.jpg,1080,1440,3,JPEG,362661,d41f1a036a29b3b600495b8990fbe8100c0f7c0d047d2501d61be23b6a19b4a4,train
wheat,LeafBlight,LeafBlight_211.jpg,data\raw\wheat\wheat_disease_main\Wheat Disease\Original Dataset\LeafBlight\LeafBlight_211.jpg,D:\ZaraiAI_Tomato_Cotton_Wheat\data\raw\wheat\wheat_disease_main\Wheat Disease\Original Dataset\LeafBlight\LeafBlight_211.jpg,1440,1080,3,JPEG,322979,043907f370e028d61fd0715532cd0afc60ad46d5494df3f6a7725b04ce8eb68f,train
wheat,FusariumFootRot,FusariumFootRot_87.jpg,data\raw\wheat\wheat_disease_main\Wheat Disease\Original Dataset\FusariumFootRot\FusariumFootRot_87.jpg,D:\ZaraiAI_Tomato_Cotton_Wheat\data\raw\wheat\wheat_disease_main\Wheat Disease\Original Dataset\FusariumFootRot\FusariumFootRot_87.jpg,1080,1440,3,JPEG,328501,965774b248f2740b5b70bb23d17ae03d9d0e772242d2caf203072057ba944082,train
wheat,LeafBlight,LeafBlight_223.jpg,data\raw\wheat\wheat_disease_main\Wheat Disease\Original Dataset\LeafBlight\LeafBlight_223.jpg,D:\ZaraiAI_Tomato_Cotton_Wheat\data\raw\wheat\wheat_disease_main\Wheat Disease\Original Dataset\LeafBlight\LeafBlight_223.jpg,1440,1080,3,JPEG,318795,4d8fcb758747739f7b94dca2c1458eaee54084cfecaeb0a45782d1474cfb9e5c,train
wheat,HealthyLeaf,HealthyLeaf_92.jpg,data\raw\wheat\wheat_disease_main\Wheat Disease\Original Dataset\HealthyLeaf\HealthyLeaf_92.jpg,D:\ZaraiAI_Tomato_Cotton_Wheat\data\raw\wheat\wheat_disease_main\Wheat Disease\Original Dataset\HealthyLeaf\HealthyLeaf_92.jpg,1080,1440,3,JPEG,363525,0fb8e6f7f52cc02e5ee905eaffb5693e20bdfab0c92cafad7199ca0472c4e2e1,train
wheat,FusariumFootRot,FusariumFootRot_201.jpg,data\raw\wheat\wheat_disease_main\Wheat Disease\Original Dataset\FusariumFootRot\FusariumFootRot_201.jpg,D:\ZaraiAI_Tomato_Cotton_Wheat\data\raw\wheat\wheat_disease_main\Wheat Disease\Original Dataset\FusariumFootRot\FusariumFootRot_201.jpg,1080,1440,3,JPEG,433424,2cacc8eef92eeb66f92ad4791444ed71306cb37fc010a748f690cefd27a2af48,train
wheat,LeafBlight,LeafBlight_332.jpg,data\raw\wheat\wheat_disease_main\Wheat Disease\Original Dataset\LeafBlight\LeafBlight_332.jpg,D:\ZaraiAI_Tomato_Cotton_Wheat\data\raw\wheat\wheat_disease_main\Wheat Disease\Original Dataset\LeafBlight\LeafBlight_332.jpg,1440,1080,3,JPEG,186700,589194c3aeb1e97ea425a9d3f799a39f7c848f0d4ca5648af62c646574595481,train
wheat,WheatBlast,WheatBlast_55.jpg,data\raw\wheat\wheat_disease_main\Wheat Disease\Original Dataset\WheatBlast\WheatBlast_55.jpg,D:\ZaraiAI_Tomato_Cotton_Wheat\data\raw\wheat\wheat_disease_main\Wheat Disease\Original Dataset\WheatBlast\WheatBlast_55.jpg,1440,1080,3,JPEG,359052,7e0e4ecd89b7eb4c124cffb6c281d4f62ebe0ab5610781b258bff03ea07ad323,train
wheat,WheatBlast,WheatBlast_219.jpg,data\raw\wheat\wheat_disease_main\Wheat Disease\Original Dataset\WheatBlast\WheatBlast_219.jpg,D:\ZaraiAI_Tomato_Cotton_Wheat\data\raw\wheat\wheat_disease_main\Wheat Disease\Original Dataset\WheatBlast\WheatBlast_219.jpg,1440,1080,3,JPEG,425260,8def01e99fc74f2a56e7f882a0c8e888ef5a8b42922d6e66f30fbbb0843587c1,train
wheat,FusariumFootRot,FusariumFootRot_34.jpg,data\raw\wheat\wheat_disease_main\Wheat Disease\Original Dataset\FusariumFootRot\FusariumFootRot_34.jpg,D:\ZaraiAI_Tomato_Cotton_Wheat\data\raw\wheat\wheat_disease_main\Wheat Disease\Original Dataset\FusariumFootRot\FusariumFootRot_34.jpg,1440,1080,3,JPEG,473107,8526188f17d61266dbe299b2f632e8c193f197ce9557c6e917301e91bfa3adc2,train
wheat,LeafBlight,LeafBlight_131.jpg,data\raw\wheat\wheat_disease_main\Wheat Disease\Original Dataset\LeafBlight\LeafBlight_131.jpg,D:\ZaraiAI_Tomato_Cotton_Wheat\data\raw\wheat\wheat_disease_main\Wheat Disease\Original Dataset\LeafBlight\LeafBlight_131.jpg,1440,1080,3,JPEG,326541,62b96fe65508acf949c103a84896c74340f556996903865f202899d45bb3897e,train
wheat,LeafBlight,LeafBlight_127.jpg,data\raw\wheat\wheat_disease_main\Wheat Disease\Original Dataset\LeafBlight\LeafBlight_127.jpg,D:\ZaraiAI_Tomato_Cotton_Wheat\data\raw\wheat\wheat_disease_main\Wheat Disease\Original Dataset\LeafBlight\LeafBlight_127.jpg,1440,1080,3,JPEG,325519,d7e125092145d413b94820422975e2ac95161f76d271df3118c612f645e1ec6f,train
wheat,HealthyLeaf,HealthyLeaf_181.jpg,data\raw\wheat\wheat_disease_main\Wheat Disease\Original Dataset\HealthyLeaf\HealthyLeaf_181.jpg,D:\ZaraiAI_Tomato_Cotton_Wheat\data\raw\wheat\wheat_disease_main\Wheat Disease\Original Dataset\HealthyLeaf\HealthyLeaf_181.jpg,1080,1440,3,JPEG,318359,2456cc159b840b91702f4661359760535249feb647c1312af9847589b0dcfb77,train
wheat,BlackPoint,BlackPoint_17.jpg,data\raw\wheat\wheat_disease_main\Wheat Disease\Original Dataset\BlackPoint\BlackPoint_17.jpg,D:\ZaraiAI_Tomato_Cotton_Wheat\data\raw\wheat\wheat_disease_main\Wheat Disease\Original Dataset\BlackPoint\BlackPoint_17.jpg,400,533,3,JPEG,74223,7471e0aa206fa17e31100fecd55dc933d8edf23a65466bec6056d4a76cd958f6,train
wheat,FusariumFootRot,FusariumFootRot_7.jpg,data\raw\wheat\wheat_disease_main\Wheat Disease\Original Dataset\FusariumFootRot\FusariumFootRot_7.jpg,D:\ZaraiAI_Tomato_Cotton_Wheat\data\raw\wheat\wheat_disease_main\Wheat Disease\Original Dataset\FusariumFootRot\FusariumFootRot_7.jpg,1080,1440,3,JPEG,363306,a21e3f364fa0004f81570f25165acbfddf544cfa20ead6cae3da8823d4269b54,train
wheat,WheatBlast,WheatBlast_376.jpg,data\raw\wheat\wheat_disease_main\Wheat Disease\Original Dataset\WheatBlast\WheatBlast_376.jpg,D:\ZaraiAI_Tomato_Cotton_Wheat\data\raw\wheat\wheat_disease_main\Wheat Disease\Original Dataset\WheatBlast\WheatBlast_376.jpg,1440,1080,3,JPEG,690340,0eb46447fdfcb23de813dfe8249b9dd55bc7da5368ffeb1de226ac3d4bea81b9,train
wheat,LeafBlight,LeafBlight_232.jpg,data\raw\wheat\wheat_disease_main\Wheat Disease\Original Dataset\LeafBlight\LeafBlight_232.jpg,D:\ZaraiAI_Tomato_Cotton_Wheat\data\raw\wheat\wheat_disease_main\Wheat Disease\Original Dataset\LeafBlight\LeafBlight_232.jpg,1440,1080,3,JPEG,174034,8b6325c8c91eea94a408f8ca74b813a1e2319447298dd74e0d2c7d6762858736,train
wheat,HealthyLeaf,HealthyLeaf_210.jpg,data\raw\wheat\wheat_disease_main\Wheat Disease\Original Dataset\HealthyLeaf\HealthyLeaf_210.jpg,D:\ZaraiAI_Tomato_Cotton_Wheat\data\raw\wheat\wheat_disease_main\Wheat Disease\Original Dataset\HealthyLeaf\HealthyLeaf_210.jpg,1080,1440,3,JPEG,418710,a1423768e2883f09606414eb0853bf983f2243137ef777bf74562685c80c5b35,train
wheat,LeafBlight,LeafBlight_33.jpg,data\raw\wheat\wheat_disease_main\Wheat Disease\Original Dataset\LeafBlight\LeafBlight_33.jpg,D:\ZaraiAI_Tomato_Cotton_Wheat\data\raw\wheat\wheat_disease_main\Wheat Disease\Original Dataset\LeafBlight\LeafBlight_33.jpg,1440,1080,3,JPEG,218187,74058b267a72959db80ce4769c0383d8c135dcbe7e2d8052cd293e105bd61ecb,train
wheat,LeafBlight,LeafBlight_308.jpg,data\raw\wheat\wheat_disease_main\Wheat Disease\Original Dataset\LeafBlight\LeafBlight_308.jpg,D:\ZaraiAI_Tomato_Cotton_Wheat\data\raw\wheat\wheat_disease_main\Wheat Disease\Original Dataset\LeafBlight\LeafBlight_308.jpg,1440,1080,3,JPEG,235407,f95f57d55fb48b7fe18d076b5c6e5a6a0059c8515f1fe1c01af8796ca6156b35,train
wheat,WheatBlast,WheatBlast_205.jpg,data\raw\wheat\wheat_disease_main\Wheat Disease\Original Dataset\WheatBlast\WheatBlast_205.jpg,D:\ZaraiAI_Tomato_Cotton_Wheat\data\raw\wheat\wheat_disease_main\Wheat Disease\Original Dataset\WheatBlast\WheatBlast_205.jpg,1440,1080,3,JPEG,415004,1c635dd24a8e106977c399516b72e131f44ba1714fd58f81e73b6826d9bf8ca2,train
wheat,HealthyLeaf,HealthyLeaf_190.jpg,data\raw\wheat\wheat_disease_main\Wheat Disease\Original Dataset\HealthyLeaf\HealthyLeaf_190.jpg,D:\ZaraiAI_Tomato_Cotton_Wheat\data\raw\wheat\wheat_disease_main\Wheat Disease\Original Dataset\HealthyLeaf\HealthyLeaf_190.jpg,1080,1440,3,JPEG,415958,0f54fa790e932d73e3d54b774edeb4537959b8640899090877aa47475c50ff4e,train
wheat,HealthyLeaf,HealthyLeaf_94.jpg,data\raw\wheat\wheat_disease_main\Wheat Disease\Original Dataset\HealthyLeaf\HealthyLeaf_94.jpg,D:\ZaraiAI_Tomato_Cotton_Wheat\data\raw\wheat\wheat_disease_main\Wheat Disease\Original Dataset\HealthyLeaf\HealthyLeaf_94.jpg,1080,1440,3,JPEG,311795,31fc6a384f604b9fea19360670b75b7aa560e5a6c57d2bdddec23e1ff555f61d,train
wheat,BlackPoint,BlackPoint_48.jpg,data\raw\wheat\wheat_disease_main\Wheat Disease\Original Dataset\BlackPoint\BlackPoint_48.jpg,D:\ZaraiAI_Tomato_Cotton_Wheat\data\raw\wheat\wheat_disease_main\Wheat Disease\Original Dataset\BlackPoint\BlackPoint_48.jpg,1080,1440,3,JPEG,336343,ef8c3c4de56ac55da8538fd1a67fcd25c6471a10872848866ba7356214d39803,train
wheat,BlackPoint,BlackPoint_33.jpg,data\raw\wheat\wheat_disease_main\Wheat Disease\Original Dataset\BlackPoint\BlackPoint_33.jpg,D:\ZaraiAI_Tomato_Cotton_Wheat\data\raw\wheat\wheat_disease_main\Wheat Disease\Original Dataset\BlackPoint\BlackPoint_33.jpg,1080,1440,3,JPEG,248151,a022b940e57d1a475a2d4f0646db78860e648056551f927c6d6d9ac6cfe052bf,train
wheat,BlackPoint,BlackPoint_50.jpg,data\raw\wheat\wheat_disease_main\Wheat Disease\Original Dataset\BlackPoint\BlackPoint_50.jpg,D:\ZaraiAI_Tomato_Cotton_Wheat\data\raw\wheat\wheat_disease_main\Wheat Disease\Original Dataset\BlackPoint\BlackPoint_50.jpg,1080,1440,3,JPEG,338618,7e0c56c60e0005e514f56c884b58623ad0f93a5d9c76b64f94494f732ac158af,train
wheat,LeafBlight,LeafBlight_196.jpg,data\raw\wheat\wheat_disease_main\Wheat Disease\Original Dataset\LeafBlight\LeafBlight_196.jpg,D:\ZaraiAI_Tomato_Cotton_Wheat\data\raw\wheat\wheat_disease_main\Wheat Disease\Original Dataset\LeafBlight\LeafBlight_196.jpg,1440,1080,3,JPEG,320108,c14ee2457e4aa6da56af55e10b903f7a122fa32e6a3bfe99e19fca93526b3058,train
wheat,FusariumFootRot,FusariumFootRot_248.jpg,data\raw\wheat\wheat_disease_main\Wheat Disease\Original Dataset\FusariumFootRot\FusariumFootRot_248.jpg,D:\ZaraiAI_Tomato_Cotton_Wheat\data\raw\wheat\wheat_disease_main\Wheat Disease\Original Dataset\FusariumFootRot\FusariumFootRot_248.jpg,1440,1080,3,JPEG,374944,c90d353c3c300f70fc77c51ef0334ea1e281828406257f94d38d401c8ac982d6,train
wheat,FusariumFootRot,FusariumFootRot_237.jpg,data\raw\wheat\wheat_disease_main\Wheat Disease\Original Dataset\FusariumFootRot\FusariumFootRot_237.jpg,D:\ZaraiAI_Tomato_Cotton_Wheat\data\raw\wheat\wheat_disease_main\Wheat Disease\Original Dataset\FusariumFootRot\FusariumFootRot_237.jpg,1080,1440,3,JPEG,441974,7e208b8b0d6abbd5e78553a6e987e37ed5f940b01f3cc27ac66da9f4edce70e7,train
wheat,FusariumFootRot,FusariumFootRot_174.jpg,data\raw\wheat\wheat_disease_main\Wheat Disease\Original Dataset\FusariumFootRot\FusariumFootRot_174.jpg,D:\ZaraiAI_Tomato_Cotton_Wheat\data\raw\wheat\wheat_disease_main\Wheat Disease\Original Dataset\FusariumFootRot\FusariumFootRot_174.jpg,1080,1440,3,JPEG,508573,9151646c3b344763159574fb0a547ce1ec34b39f99879d1529394f81d878b1ef,train
wheat,WheatBlast,WheatBlast_51.jpg,data\raw\wheat\wheat_disease_main\Wheat Disease\Original Dataset\WheatBlast\WheatBlast_51.jpg,D:\ZaraiAI_Tomato_Cotton_Wheat\data\raw\wheat\wheat_disease_main\Wheat Disease\Original Dataset\WheatBlast\WheatBlast_51.jpg,1440,1080,3,JPEG,385773,e348441df5b9a3b1be90e43c34d494525bafa989e3930469ddd75898cd3ab00d,train
wheat,HealthyLeaf,HealthyLeaf_109.jpg,data\raw\wheat\wheat_disease_main\Wheat Disease\Original Dataset\HealthyLeaf\HealthyLeaf_109.jpg,D:\ZaraiAI_Tomato_Cotton_Wheat\data\raw\wheat\wheat_disease_main\Wheat Disease\Original Dataset\HealthyLeaf\HealthyLeaf_109.jpg,1080,1440,3,JPEG,267954,0447ac704ab1b2505b2e86018253ccd795e7f59fb3706624d02fc7954df06368,train
wheat,BlackPoint,BlackPoint_246.jpg,data\raw\wheat\wheat_disease_main\Wheat Disease\Original Dataset\BlackPoint\BlackPoint_246.jpg,D:\ZaraiAI_Tomato_Cotton_Wheat\data\raw\wheat\wheat_disease_main\Wheat Disease\Original Dataset\BlackPoint\BlackPoint_246.jpg,1440,1080,3,JPEG,129353,e4a3c70a54b41fb2b0602a3ff82ca7e119fc94f5d265b0fd6850515ba6892efa,train
wheat,LeafBlight,LeafBlight_52.jpg,data\raw\wheat\wheat_disease_main\Wheat Disease\Original Dataset\LeafBlight\LeafBlight_52.jpg,D:\ZaraiAI_Tomato_Cotton_Wheat\data\raw\wheat\wheat_disease_main\Wheat Disease\Original Dataset\LeafBlight\LeafBlight_52.jpg,1440,1080,3,JPEG,321093,44a4ec900c563b0cf921de898a325efc0e64f2700f6f0146ce75623231ccd8f3,train
wheat,LeafBlight,LeafBlight_394.jpg,data\raw\wheat\wheat_disease_main\Wheat Disease\Original Dataset\LeafBlight\LeafBlight_394.jpg,D:\ZaraiAI_Tomato_Cotton_Wheat\data\raw\wheat\wheat_disease_main\Wheat Disease\Original Dataset\LeafBlight\LeafBlight_394.jpg,1440,1080,3,JPEG,115435,82787b517fea70d33d6493efdbc5d73bacb02c5acf82ec9789550bcab0ccbfa1,train
wheat,BlackPoint,BlackPoint_283.jpg,data\raw\wheat\wheat_disease_main\Wheat Disease\Original Dataset\BlackPoint\BlackPoint_283.jpg,D:\ZaraiAI_Tomato_Cotton_Wheat\data\raw\wheat\wheat_disease_main\Wheat Disease\Original Dataset\BlackPoint\BlackPoint_283.jpg,1440,1080,3,JPEG,194606,232cbf73ed22635a24f703d38828f8fc635d32582790c0298ea1b8efee312bc0,train
wheat,HealthyLeaf,HealthyLeaf_62.jpg,data\raw\wheat\wheat_disease_main\Wheat Disease\Original Dataset\HealthyLeaf\HealthyLeaf_62.jpg,D:\ZaraiAI_Tomato_Cotton_Wheat\data\raw\wheat\wheat_disease_main\Wheat Disease\Original Dataset\HealthyLeaf\HealthyLeaf_62.jpg,1080,1440,3,JPEG,419401,72faca4c69cf61b8271ab9362e11009da39431ff82cdc8db193dc040c3b4c3b7,train
wheat,LeafBlight,LeafBlight_328.jpg,data\raw\wheat\wheat_disease_main\Wheat Disease\Original Dataset\LeafBlight\LeafBlight_328.jpg,D:\ZaraiAI_Tomato_Cotton_Wheat\data\raw\wheat\wheat_disease_main\Wheat Disease\Original Dataset\LeafBlight\LeafBlight_328.jpg,1440,1080,3,JPEG,236331,0d2eaa02219eb1e25f6c5b25a378940d83523002743bf32b829cc0882323e862,train
wheat,WheatBlast,WheatBlast_386.jpg,data\raw\wheat\wheat_disease_main\Wheat Disease\Original Dataset\WheatBlast\WheatBlast_386.jpg,D:\ZaraiAI_Tomato_Cotton_Wheat\data\raw\wheat\wheat_disease_main\Wheat Disease\Original Dataset\WheatBlast\WheatBlast_386.jpg,1440,1080,3,JPEG,496237,8614a7227038c0f845468cce537b0fd348030d2ddb850d5949cf280e302edf64,train
wheat,BlackPoint,BlackPoint_19.jpg,data\raw\wheat\wheat_disease_main\Wheat Disease\Original Dataset\BlackPoint\BlackPoint_19.jpg,D:\ZaraiAI_Tomato_Cotton_Wheat\data\raw\wheat\wheat_disease_main\Wheat Disease\Original Dataset\BlackPoint\BlackPoint_19.jpg,1080,1440,3,JPEG,229758,1682cc52c74cc2f755763c1c0661e12119724aab468f0330c597876337eacb2c,train
wheat,FusariumFootRot,FusariumFootRot_194.jpg,data\raw\wheat\wheat_disease_main\Wheat Disease\Original Dataset\FusariumFootRot\FusariumFootRot_194.jpg,D:\ZaraiAI_Tomato_Cotton_Wheat\data\raw\wheat\wheat_disease_main\Wheat Disease\Original Dataset\FusariumFootRot\FusariumFootRot_194.jpg,1080,1440,3,JPEG,389032,c1325e8801822d0748dfc23056c11b210fc9ccabf4ab7c525781d80409e3089b,train
wheat,BlackPoint,BlackPoint_137.jpg,data\raw\wheat\wheat_disease_main\Wheat Disease\Original Dataset\BlackPoint\BlackPoint_137.jpg,D:\ZaraiAI_Tomato_Cotton_Wheat\data\raw\wheat\wheat_disease_main\Wheat Disease\Original Dataset\BlackPoint\BlackPoint_137.jpg,1080,1440,3,JPEG,369383,e56a59f4a5ea4fdd9ffb8dc9d206fbacd0005e2e567be4c40544c0de9f459b6c,train
wheat,HealthyLeaf,HealthyLeaf_76.jpg,data\raw\wheat\wheat_disease_main\Wheat Disease\Original Dataset\HealthyLeaf\HealthyLeaf_76.jpg,D:\ZaraiAI_Tomato_Cotton_Wheat\data\raw\wheat\wheat_disease_main\Wheat Disease\Original Dataset\HealthyLeaf\HealthyLeaf_76.jpg,1080,1440,3,JPEG,376022,f98fbef320c029c0d1906292769d2f01333c989816295c3363dc8ea916b7ae7d,train
wheat,BlackPoint,BlackPoint_5.jpg,data\raw\wheat\wheat_disease_main\Wheat Disease\Original Dataset\BlackPoint\BlackPoint_5.jpg,D:\ZaraiAI_Tomato_Cotton_Wheat\data\raw\wheat\wheat_disease_main\Wheat Disease\Original Dataset\BlackPoint\BlackPoint_5.jpg,1080,1440,3,JPEG,259974,753cd6618bb222d9cc02e35ecfcb4530a7b46ecf186e683527d956e666219965,train
wheat,BlackPoint,BlackPoint_96.jpg,data\raw\wheat\wheat_disease_main\Wheat Disease\Original Dataset\BlackPoint\BlackPoint_96.jpg,D:\ZaraiAI_Tomato_Cotton_Wheat\data\raw\wheat\wheat_disease_main\Wheat Disease\Original Dataset\BlackPoint\BlackPoint_96.jpg,1080,1440,3,JPEG,176755,dfa8d894b1b00cd2df38cf71b321a8c1a337e415b398924e8b08ac74f2305dd4,train
wheat,WheatBlast,WheatBlast_59.jpg,data\raw\wheat\wheat_disease_main\Wheat Disease\Original Dataset\WheatBlast\WheatBlast_59.jpg,D:\ZaraiAI_Tomato_Cotton_Wheat\data\raw\wheat\wheat_disease_main\Wheat Disease\Original Dataset\WheatBlast\WheatBlast_59.jpg,1440,1080,3,JPEG,401153,d7ec0b07739a64db0418a2af46da5be7b38d23894938e7e54fa92d15ea4db71c,train
wheat,LeafBlight,LeafBlight_28.jpg,data\raw\wheat\wheat_disease_main\Wheat Disease\Original Dataset\LeafBlight\LeafBlight_28.jpg,D:\ZaraiAI_Tomato_Cotton_Wheat\data\raw\wheat\wheat_disease_main\Wheat Disease\Original Dataset\LeafBlight\LeafBlight_28.jpg,1440,1080,3,JPEG,363001,5e55ecb59164b5581e7bdf0116882516f6eb2da336a87f12a4901702e8128b0c,train
wheat,FusariumFootRot,FusariumFootRot_183.jpg,data\raw\wheat\wheat_disease_main\Wheat Disease\Original Dataset\FusariumFootRot\FusariumFootRot_183.jpg,D:\ZaraiAI_Tomato_Cotton_Wheat\data\raw\wheat\wheat_disease_main\Wheat Disease\Original Dataset\FusariumFootRot\FusariumFootRot_183.jpg,1080,1440,3,JPEG,466000,6eacd29809873ddf6b4b481d7526811a1513edfac8b98c2305b495f89a4d7c40,train
wheat,LeafBlight,LeafBlight_258.jpg,data\raw\wheat\wheat_disease_main\Wheat Disease\Original Dataset\LeafBlight\LeafBlight_258.jpg,D:\ZaraiAI_Tomato_Cotton_Wheat\data\raw\wheat\wheat_disease_main\Wheat Disease\Original Dataset\LeafBlight\LeafBlight_258.jpg,1440,1080,3,JPEG,222628,888696bdce559c41430dfc8787300a5e1021f3d61a36667c583a4d7a218fdf7c,train
wheat,BlackPoint,BlackPoint_301.jpg,data\raw\wheat\wheat_disease_main\Wheat Disease\Original Dataset\BlackPoint\BlackPoint_301.jpg,D:\ZaraiAI_Tomato_Cotton_Wheat\data\raw\wheat\wheat_disease_main\Wheat Disease\Original Dataset\BlackPoint\BlackPoint_301.jpg,1080,1440,3,JPEG,216011,95de6d95425881b7056c6c8beea9d974d2e66976bf39bd412b93c3ac56220890,train
wheat,LeafBlight,LeafBlight_201.jpg,data\raw\wheat\wheat_disease_main\Wheat Disease\Original Dataset\LeafBlight\LeafBlight_201.jpg,D:\ZaraiAI_Tomato_Cotton_Wheat\data\raw\wheat\wheat_disease_main\Wheat Disease\Original Dataset\LeafBlight\LeafBlight_201.jpg,1440,1080,3,JPEG,318231,7cdd81eed257b70e3c9fcaa0ff553a7f88db5990d88c1eff63036b352ea3eb2d,train
wheat,WheatBlast,WheatBlast_43.jpg,data\raw\wheat\wheat_disease_main\Wheat Disease\Original Dataset\WheatBlast\WheatBlast_43.jpg,D:\ZaraiAI_Tomato_Cotton_Wheat\data\raw\wheat\wheat_disease_main\Wheat Disease\Original Dataset\WheatBlast\WheatBlast_43.jpg,1440,1080,3,JPEG,414775,0369f6088994fb0530eb8abca18092106d5df8bd4a926ff8a8b98f5044a02ced,train
wheat,BlackPoint,BlackPoint_272.jpg,data\raw\wheat\wheat_disease_main\Wheat Disease\Original Dataset\BlackPoint\BlackPoint_272.jpg,D:\ZaraiAI_Tomato_Cotton_Wheat\data\raw\wheat\wheat_disease_main\Wheat Disease\Original Dataset\BlackPoint\BlackPoint_272.jpg,1080,1440,3,JPEG,228881,fa0be803b4ba50e8b953476bbd048080b7e05c5ae9b395ed56d5475fdba0ff5c,train
wheat,WheatBlast,WheatBlast_145.jpg,data\raw\wheat\wheat_disease_main\Wheat Disease\Original Dataset\WheatBlast\WheatBlast_145.jpg,D:\ZaraiAI_Tomato_Cotton_Wheat\data\raw\wheat\wheat_disease_main\Wheat Disease\Original Dataset\WheatBlast\WheatBlast_145.jpg,1440,1080,3,JPEG,414545,893ec90b0e9abe13fc6e11b0b7ef3d1b3cd6906cf0e3ef5331bbc6e01eb7bb90,train
wheat,HealthyLeaf,HealthyLeaf_112.jpg,data\raw\wheat\wheat_disease_main\Wheat Disease\Original Dataset\HealthyLeaf\HealthyLeaf_112.jpg,D:\ZaraiAI_Tomato_Cotton_Wheat\data\raw\wheat\wheat_disease_main\Wheat Disease\Original Dataset\HealthyLeaf\HealthyLeaf_112.jpg,1080,1440,3,JPEG,436653,0d0f2b77cda570ca891a2fff22aee8a88d9c12b96fe291b20af9ea6bef18f040,train
wheat,FusariumFootRot,FusariumFootRot_69.jpg,data\raw\wheat\wheat_disease_main\Wheat Disease\Original Dataset\FusariumFootRot\FusariumFootRot_69.jpg,D:\ZaraiAI_Tomato_Cotton_Wheat\data\raw\wheat\wheat_disease_main\Wheat Disease\Original Dataset\FusariumFootRot\FusariumFootRot_69.jpg,1080,1440,3,JPEG,381234,aff91060d58bc226c4234d4c925b2a1d297ffb94fc42da0dd80432d49caea14f,train
wheat,LeafBlight,LeafBlight_388.jpg,data\raw\wheat\wheat_disease_main\Wheat Disease\Original Dataset\LeafBlight\LeafBlight_388.jpg,D:\ZaraiAI_Tomato_Cotton_Wheat\data\raw\wheat\wheat_disease_main\Wheat Disease\Original Dataset\LeafBlight\LeafBlight_388.jpg,1440,1080,3,JPEG,116936,c9986e1c31f5f437f33d20f182b188b3d203afdb2632265e80df7f967d15fc03,train
wheat,WheatBlast,WheatBlast_271.jpg,data\raw\wheat\wheat_disease_main\Wheat Disease\Original Dataset\WheatBlast\WheatBlast_271.jpg,D:\ZaraiAI_Tomato_Cotton_Wheat\data\raw\wheat\wheat_disease_main\Wheat Disease\Original Dataset\WheatBlast\WheatBlast_271.jpg,1440,1080,3,JPEG,451777,d2ff665e02cfa9fe6c2720f72619668e0c4e311fe20f7850c7e9e0b793b1b4c6,train
wheat,BlackPoint,BlackPoint_79.jpg,data\raw\wheat\wheat_disease_main\Wheat Disease\Original Dataset\BlackPoint\BlackPoint_79.jpg,D:\ZaraiAI_Tomato_Cotton_Wheat\data\raw\wheat\wheat_disease_main\Wheat Disease\Original Dataset\BlackPoint\BlackPoint_79.jpg,1080,1440,3,JPEG,305401,30f0d84041d57943138352d1ec7c4a7c77724db0ae93dd8e1127c5c4f76201ed,train
wheat,WheatBlast,WheatBlast_54.jpg,data\raw\wheat\wheat_disease_main\Wheat Disease\Original Dataset\WheatBlast\WheatBlast_54.jpg,D:\ZaraiAI_Tomato_Cotton_Wheat\data\raw\wheat\wheat_disease_main\Wheat Disease\Original Dataset\WheatBlast\WheatBlast_54.jpg,1440,1080,3,JPEG,395813,73981a62ba64806e85b1366c723ed1cfe3275c7f51da2de47b412a91e560892b,train
wheat,BlackPoint,BlackPoint_105.jpg,data\raw\wheat\wheat_disease_main\Wheat Disease\Original Dataset\BlackPoint\BlackPoint_105.jpg,D:\ZaraiAI_Tomato_Cotton_Wheat\data\raw\wheat\wheat_disease_main\Wheat Disease\Original Dataset\BlackPoint\BlackPoint_105.jpg,1080,1440,3,JPEG,247268,82827f00db57c9758f48639bd43774e1a963ad852a2d5eb65b491efc354af5d2,train
wheat,HealthyLeaf,HealthyLeaf_236.jpg,data\raw\wheat\wheat_disease_main\Wheat Disease\Original Dataset\HealthyLeaf\HealthyLeaf_236.jpg,D:\ZaraiAI_Tomato_Cotton_Wheat\data\raw\wheat\wheat_disease_main\Wheat Disease\Original Dataset\HealthyLeaf\HealthyLeaf_236.jpg,1080,1440,3,JPEG,262585,6bae5734ed4b19fbe6ce453087c3fc0274d397a6375f7cfe97afb2988a649ae8,train
wheat,LeafBlight,LeafBlight_184.jpg,data\raw\wheat\wheat_disease_main\Wheat Disease\Original Dataset\LeafBlight\LeafBlight_184.jpg,D:\ZaraiAI_Tomato_Cotton_Wheat\data\raw\wheat\wheat_disease_main\Wheat Disease\Original Dataset\LeafBlight\LeafBlight_184.jpg,1440,1080,3,JPEG,262909,4fe71361a715113102f4b6eace843f452c40e0fad4df3ec21be5624769f9bb99,train
wheat,FusariumFootRot,FusariumFootRot_173.jpg,data\raw\wheat\wheat_disease_main\Wheat Disease\Original Dataset\FusariumFootRot\FusariumFootRot_173.jpg,D:\ZaraiAI_Tomato_Cotton_Wheat\data\raw\wheat\wheat_disease_main\Wheat Disease\Original Dataset\FusariumFootRot\FusariumFootRot_173.jpg,1080,1440,3,JPEG,492228,a7675a9cd10bbfc5c0bcb3ae95e2d1382fcbbccdf896ebc64d6f47ad5ffb43b0,train
wheat,LeafBlight,LeafBlight_270.jpg,data\raw\wheat\wheat_disease_main\Wheat Disease\Original Dataset\LeafBlight\LeafBlight_270.jpg,D:\ZaraiAI_Tomato_Cotton_Wheat\data\raw\wheat\wheat_disease_main\Wheat Disease\Original Dataset\LeafBlight\LeafBlight_270.jpg,1440,1080,3,JPEG,186610,0f2b3106a91c78fda56ef108216b306722dfa1ceff2fe1684e1de36ef9ac55b5,train
wheat,LeafBlight,LeafBlight_167.jpg,data\raw\wheat\wheat_disease_main\Wheat Disease\Original Dataset\LeafBlight\LeafBlight_167.jpg,D:\ZaraiAI_Tomato_Cotton_Wheat\data\raw\wheat\wheat_disease_main\Wheat Disease\Original Dataset\LeafBlight\LeafBlight_167.jpg,1440,1080,3,JPEG,241626,cdca3c037ee6ba9c381547b92817f3708f0fc4104372f256d93c9d1ccf446b7a,train
wheat,LeafBlight,LeafBlight_151.jpg,data\raw\wheat\wheat_disease_main\Wheat Disease\Original Dataset\LeafBlight\LeafBlight_151.jpg,D:\ZaraiAI_Tomato_Cotton_Wheat\data\raw\wheat\wheat_disease_main\Wheat Disease\Original Dataset\LeafBlight\LeafBlight_151.jpg,1440,1080,3,JPEG,369409,e2c334c5f5fcb448dc1d80f233d4f4be67731c2eca4655b86215f61fe3877128,train
wheat,BlackPoint,BlackPoint_65.jpg,data\raw\wheat\wheat_disease_main\Wheat Disease\Original Dataset\BlackPoint\BlackPoint_65.jpg,D:\ZaraiAI_Tomato_Cotton_Wheat\data\raw\wheat\wheat_disease_main\Wheat Disease\Original Dataset\BlackPoint\BlackPoint_65.jpg,1080,1440,3,JPEG,200723,c4614a19856cc2a7dc70cc3a3b4c2e8887fc125a36e089b6c61d0ba745d6d509,train
wheat,WheatBlast,WheatBlast_264.jpg,data\raw\wheat\wheat_disease_main\Wheat Disease\Original Dataset\WheatBlast\WheatBlast_264.jpg,D:\ZaraiAI_Tomato_Cotton_Wheat\data\raw\wheat\wheat_disease_main\Wheat Disease\Original Dataset\WheatBlast\WheatBlast_264.jpg,1440,1080,3,JPEG,429656,5d280752bdc0c987e533d77a522e7ca6fbba827bd8a4f16844d514a6ebc66931,train
wheat,LeafBlight,LeafBlight_400.jpg,data\raw\wheat\wheat_disease_main\Wheat Disease\Original Dataset\LeafBlight\LeafBlight_400.jpg,D:\ZaraiAI_Tomato_Cotton_Wheat\data\raw\wheat\wheat_disease_main\Wheat Disease\Original Dataset\LeafBlight\LeafBlight_400.jpg,1440,1080,3,JPEG,151082,7288e3156e25f14aa2a3db4e3c9786850600fe6a001572eaec30d291d6df906e,train
wheat,BlackPoint,BlackPoint_145.jpg,data\raw\wheat\wheat_disease_main\Wheat Disease\Original Dataset\BlackPoint\BlackPoint_145.jpg,D:\ZaraiAI_Tomato_Cotton_Wheat\data\raw\wheat\wheat_disease_main\Wheat Disease\Original Dataset\BlackPoint\BlackPoint_145.jpg,1080,1440,3,JPEG,298386,1caa33a78fc4b63bf16779a540832b6be96436f937ae65a3d8b429ce0df4e322,train
wheat,BlackPoint,BlackPoint_182.jpg,data\raw\wheat\wheat_disease_main\Wheat Disease\Original Dataset\BlackPoint\BlackPoint_182.jpg,D:\ZaraiAI_Tomato_Cotton_Wheat\data\raw\wheat\wheat_disease_main\Wheat Disease\Original Dataset\BlackPoint\BlackPoint_182.jpg,1440,1080,3,JPEG,166518,ed8be051bf694584f381f0febd86de05130e7e7ab10cc92689fe6222af105b90,train
wheat,LeafBlight,LeafBlight_171.jpg,data\raw\wheat\wheat_disease_main\Wheat Disease\Original Dataset\LeafBlight\LeafBlight_171.jpg,D:\ZaraiAI_Tomato_Cotton_Wheat\data\raw\wheat\wheat_disease_main\Wheat Disease\Original Dataset\LeafBlight\LeafBlight_171.jpg,1440,1080,3,JPEG,228397,ae066b0e321e485a8546da2ce2be1b1ca66438975dccf74006f592b01efa181a,train
wheat,WheatBlast,WheatBlast_338.jpg,data\raw\wheat\wheat_disease_main\Wheat Disease\Original Dataset\WheatBlast\WheatBlast_338.jpg,D:\ZaraiAI_Tomato_Cotton_Wheat\data\raw\wheat\wheat_disease_main\Wheat Disease\Original Dataset\WheatBlast\WheatBlast_338.jpg,1440,1080,3,JPEG,476598,80042b75747677c0b45cc7f7adfef769fd5d18db53d5e9c0a7ac3f4d0751c652,train
wheat,FusariumFootRot,FusariumFootRot_233.jpg,data\raw\wheat\wheat_disease_main\Wheat Disease\Original Dataset\FusariumFootRot\FusariumFootRot_233.jpg,D:\ZaraiAI_Tomato_Cotton_Wheat\data\raw\wheat\wheat_disease_main\Wheat Disease\Original Dataset\FusariumFootRot\FusariumFootRot_233.jpg,1440,1080,3,JPEG,419298,12b6350dda649f297a8e9f2a33f92be2f2bb656459f12b5559dde664b21982e7,train
wheat,LeafBlight,LeafBlight_242.jpg,data\raw\wheat\wheat_disease_main\Wheat Disease\Original Dataset\LeafBlight\LeafBlight_242.jpg,D:\ZaraiAI_Tomato_Cotton_Wheat\data\raw\wheat\wheat_disease_main\Wheat Disease\Original Dataset\LeafBlight\LeafBlight_242.jpg,1440,1080,3,JPEG,157200,694dbb4b1b39cff0ac6e94ec7e101e7d4c9e1d528cb6df25977d816b74b158db,train
wheat,LeafBlight,LeafBlight_194.jpg,data\raw\wheat\wheat_disease_main\Wheat Disease\Original Dataset\LeafBlight\LeafBlight_194.jpg,D:\ZaraiAI_Tomato_Cotton_Wheat\data\raw\wheat\wheat_disease_main\Wheat Disease\Original Dataset\LeafBlight\LeafBlight_194.jpg,1440,1080,3,JPEG,283122,398deb32ed353deed702d37e1e991308b8a73fe28375834c223ea1c5bdc4967e,train
wheat,FusariumFootRot,FusariumFootRot_139.jpg,data\raw\wheat\wheat_disease_main\Wheat Disease\Original Dataset\FusariumFootRot\FusariumFootRot_139.jpg,D:\ZaraiAI_Tomato_Cotton_Wheat\data\raw\wheat\wheat_disease_main\Wheat Disease\Original Dataset\FusariumFootRot\FusariumFootRot_139.jpg,1080,1440,3,JPEG,290446,7192a136fcdf12ac35b8b3c88071fc1e5c268186aefdba196aa43cc1a97ddb14,train
wheat,HealthyLeaf,HealthyLeaf_4.jpg,data\raw\wheat\wheat_disease_main\Wheat Disease\Original Dataset\HealthyLeaf\HealthyLeaf_4.jpg,D:\ZaraiAI_Tomato_Cotton_Wheat\data\raw\wheat\wheat_disease_main\Wheat Disease\Original Dataset\HealthyLeaf\HealthyLeaf_4.jpg,1080,1440,3,JPEG,279338,db477795ee3b4bbd5d0f621cdc1178c4ea5e1a8e3a299277a13a06457f40cb0a,train
wheat,BlackPoint,BlackPoint_108.jpg,data\raw\wheat\wheat_disease_main\Wheat Disease\Original Dataset\BlackPoint\BlackPoint_108.jpg,D:\ZaraiAI_Tomato_Cotton_Wheat\data\raw\wheat\wheat_disease_main\Wheat Disease\Original Dataset\BlackPoint\BlackPoint_108.jpg,1080,1440,3,JPEG,338475,c2b1cd7f4fd6ea484cb4077956c135df78250ba2f8de2d7ad79b8d3ebf444f05,train
wheat,HealthyLeaf,HealthyLeaf_80.jpg,data\raw\wheat\wheat_disease_main\Wheat Disease\Original Dataset\HealthyLeaf\HealthyLeaf_80.jpg,D:\ZaraiAI_Tomato_Cotton_Wheat\data\raw\wheat\wheat_disease_main\Wheat Disease\Original Dataset\HealthyLeaf\HealthyLeaf_80.jpg,1080,1440,3,JPEG,402451,bd3502b0503e8007e23ae0bdd96e52a96506b595b809df9e6950e11efe0b869d,train
wheat,LeafBlight,LeafBlight_392.jpg,data\raw\wheat\wheat_disease_main\Wheat Disease\Original Dataset\LeafBlight\LeafBlight_392.jpg,D:\ZaraiAI_Tomato_Cotton_Wheat\data\raw\wheat\wheat_disease_main\Wheat Disease\Original Dataset\LeafBlight\LeafBlight_392.jpg,1440,1080,3,JPEG,138065,da8d96122c729505801fed265c53bb41e6762e8c7f6051e07d7b966faf43ece7,train
wheat,WheatBlast,WheatBlast_246.jpg,data\raw\wheat\wheat_disease_main\Wheat Disease\Original Dataset\WheatBlast\WheatBlast_246.jpg,D:\ZaraiAI_Tomato_Cotton_Wheat\data\raw\wheat\wheat_disease_main\Wheat Disease\Original Dataset\WheatBlast\WheatBlast_246.jpg,1440,1080,3,JPEG,436162,f1d87033e9b3d70682176f9c61b7da648a02e31523bf86c1072ee08d86c8c242,train
wheat,WheatBlast,WheatBlast_397.jpg,data\raw\wheat\wheat_disease_main\Wheat Disease\Original Dataset\WheatBlast\WheatBlast_397.jpg,D:\ZaraiAI_Tomato_Cotton_Wheat\data\raw\wheat\wheat_disease_main\Wheat Disease\Original Dataset\WheatBlast\WheatBlast_397.jpg,1440,1080,3,JPEG,384336,3314771cc8959a5e2278a19bc8306cafba294d03c3284585a835e0ba475fc861,train
wheat,WheatBlast,WheatBlast_370.jpg,data\raw\wheat\wheat_disease_main\Wheat Disease\Original Dataset\WheatBlast\WheatBlast_370.jpg,D:\ZaraiAI_Tomato_Cotton_Wheat\data\raw\wheat\wheat_disease_main\Wheat Disease\Original Dataset\WheatBlast\WheatBlast_370.jpg,1440,1080,3,JPEG,416775,c85f41c19650dc56b7bafa8c850936ec21f397bb87a22e3976997a04a65821c1,train
wheat,BlackPoint,BlackPoint_230.jpg,data\raw\wheat\wheat_disease_main\Wheat Disease\Original Dataset\BlackPoint\BlackPoint_230.jpg,D:\ZaraiAI_Tomato_Cotton_Wheat\data\raw\wheat\wheat_disease_main\Wheat Disease\Original Dataset\BlackPoint\BlackPoint_230.jpg,1440,1080,3,JPEG,154753,22786fb79f185e004108b4f8bad1900ce5e3032a78c6a5e35d4ca2b6c9667c2d,train
wheat,FusariumFootRot,FusariumFootRot_191.jpg,data\raw\wheat\wheat_disease_main\Wheat Disease\Original Dataset\FusariumFootRot\FusariumFootRot_191.jpg,D:\ZaraiAI_Tomato_Cotton_Wheat\data\raw\wheat\wheat_disease_main\Wheat Disease\Original Dataset\FusariumFootRot\FusariumFootRot_191.jpg,1080,1440,3,JPEG,534482,024626708dc4f11dc8ce1f53b2a28c9bcb48ef94d43804634add6da5e908064b,train
wheat,LeafBlight,LeafBlight_393.jpg,data\raw\wheat\wheat_disease_main\Wheat Disease\Original Dataset\LeafBlight\LeafBlight_393.jpg,D:\ZaraiAI_Tomato_Cotton_Wheat\data\raw\wheat\wheat_disease_main\Wheat Disease\Original Dataset\LeafBlight\LeafBlight_393.jpg,1440,1080,3,JPEG,157335,b9e62945f0ad3ee65bd4f81f88c4934d73e76ed40fe777011a9413ab61afcee8,train
wheat,LeafBlight,LeafBlight_360.jpg,data\raw\wheat\wheat_disease_main\Wheat Disease\Original Dataset\LeafBlight\LeafBlight_360.jpg,D:\ZaraiAI_Tomato_Cotton_Wheat\data\raw\wheat\wheat_disease_main\Wheat Disease\Original Dataset\LeafBlight\LeafBlight_360.jpg,1440,1080,3,JPEG,140252,02a127098345ba9cc554bc3428fdb957648e4f23767d9c54355b2a4fecad0675,train
wheat,FusariumFootRot,FusariumFootRot_165.jpg,data\raw\wheat\wheat_disease_main\Wheat Disease\Original Dataset\FusariumFootRot\FusariumFootRot_165.jpg,D:\ZaraiAI_Tomato_Cotton_Wheat\data\raw\wheat\wheat_disease_main\Wheat Disease\Original Dataset\FusariumFootRot\FusariumFootRot_165.jpg,1080,1440,3,JPEG,518384,cf7d1c3f5894e4e31b8154e17015236618b0bff1fdf1c0b53e92110422db6152,train
wheat,HealthyLeaf,HealthyLeaf_64.jpg,data\raw\wheat\wheat_disease_main\Wheat Disease\Original Dataset\HealthyLeaf\HealthyLeaf_64.jpg,D:\ZaraiAI_Tomato_Cotton_Wheat\data\raw\wheat\wheat_disease_main\Wheat Disease\Original Dataset\HealthyLeaf\HealthyLeaf_64.jpg,1080,1440,3,JPEG,477567,f4ee95a60cec08b31b93b554eec7df8471143495b7249387b5852434b9251117,train
wheat,HealthyLeaf,HealthyLeaf_84.jpg,data\raw\wheat\wheat_disease_main\Wheat Disease\Original Dataset\HealthyLeaf\HealthyLeaf_84.jpg,D:\ZaraiAI_Tomato_Cotton_Wheat\data\raw\wheat\wheat_disease_main\Wheat Disease\Original Dataset\HealthyLeaf\HealthyLeaf_84.jpg,1080,1440,3,JPEG,352809,6cc088c7a78b7daddb6e520fb96c92ed49fc0deef702488d1c5dde2beb335925,train
wheat,BlackPoint,BlackPoint_207.jpg,data\raw\wheat\wheat_disease_main\Wheat Disease\Original Dataset\BlackPoint\BlackPoint_207.jpg,D:\ZaraiAI_Tomato_Cotton_Wheat\data\raw\wheat\wheat_disease_main\Wheat Disease\Original Dataset\BlackPoint\BlackPoint_207.jpg,1080,1440,3,JPEG,298643,bf9dc0710b7a98508855eef0a318238479bfb8f9fe4d3f9682b9406d2f854604,train
wheat,BlackPoint,BlackPoint_229.jpg,data\raw\wheat\wheat_disease_main\Wheat Disease\Original Dataset\BlackPoint\BlackPoint_229.jpg,D:\ZaraiAI_Tomato_Cotton_Wheat\data\raw\wheat\wheat_disease_main\Wheat Disease\Original Dataset\BlackPoint\BlackPoint_229.jpg,1440,1080,3,JPEG,161822,3bf8ab3a317d4901ce8d6cc358bf862f92b4b3651e8be14a6a6c88faa00b4710,train
wheat,HealthyLeaf,HealthyLeaf_243.jpg,data\raw\wheat\wheat_disease_main\Wheat Disease\Original Dataset\HealthyLeaf\HealthyLeaf_243.jpg,D:\ZaraiAI_Tomato_Cotton_Wheat\data\raw\wheat\wheat_disease_main\Wheat Disease\Original Dataset\HealthyLeaf\HealthyLeaf_243.jpg,1080,1440,3,JPEG,337104,d2c597149b392c8ee1ebc9aef069864acd91adcf05f1addf1225dbf7eeb30865,train
wheat,BlackPoint,BlackPoint_225.jpg,data\raw\wheat\wheat_disease_main\Wheat Disease\Original Dataset\BlackPoint\BlackPoint_225.jpg,D:\ZaraiAI_Tomato_Cotton_Wheat\data\raw\wheat\wheat_disease_main\Wheat Disease\Original Dataset\BlackPoint\BlackPoint_225.jpg,1080,1440,3,JPEG,245868,1b2dea5f0fcdf321412a7e2ac7f0e074ea89a5b791edbe8bc90f5e90369e9243,train
wheat,FusariumFootRot,FusariumFootRot_145.jpg,data\raw\wheat\wheat_disease_main\Wheat Disease\Original Dataset\FusariumFootRot\FusariumFootRot_145.jpg,D:\ZaraiAI_Tomato_Cotton_Wheat\data\raw\wheat\wheat_disease_main\Wheat Disease\Original Dataset\FusariumFootRot\FusariumFootRot_145.jpg,1440,1080,3,JPEG,348157,068c2dc64e8f479b5cc8bb46884c95da4fa70ac568373f34cfbca7566e74326b,train
wheat,BlackPoint,BlackPoint_205.jpg,data\raw\wheat\wheat_disease_main\Wheat Disease\Original Dataset\BlackPoint\BlackPoint_205.jpg,D:\ZaraiAI_Tomato_Cotton_Wheat\data\raw\wheat\wheat_disease_main\Wheat Disease\Original Dataset\BlackPoint\BlackPoint_205.jpg,1080,1440,3,JPEG,325992,100c3f3231b60caa88335e56e9b858a13b970b1f8503c80829ac6dd83ba1f1bd,train
wheat,LeafBlight,LeafBlight_23.jpg,data\raw\wheat\wheat_disease_main\Wheat Disease\Original Dataset\LeafBlight\LeafBlight_23.jpg,D:\ZaraiAI_Tomato_Cotton_Wheat\data\raw\wheat\wheat_disease_main\Wheat Disease\Original Dataset\LeafBlight\LeafBlight_23.jpg,1440,1080,3,JPEG,347282,77b91efceecb56caea6b35727836a35520bccc9fb7ad5b7abb475bc8e5e242be,train
wheat,WheatBlast,WheatBlast_356.jpg,data\raw\wheat\wheat_disease_main\Wheat Disease\Original Dataset\WheatBlast\WheatBlast_356.jpg,D:\ZaraiAI_Tomato_Cotton_Wheat\data\raw\wheat\wheat_disease_main\Wheat Disease\Original Dataset\WheatBlast\WheatBlast_356.jpg,1440,1080,3,JPEG,534648,f1795282223b34f9c74f523c2601be97267c728a5c558dad6a8e8742eedcd2f2,train
wheat,LeafBlight,LeafBlight_10.jpg,data\raw\wheat\wheat_disease_main\Wheat Disease\Original Dataset\LeafBlight\LeafBlight_10.jpg,D:\ZaraiAI_Tomato_Cotton_Wheat\data\raw\wheat\wheat_disease_main\Wheat Disease\Original Dataset\LeafBlight\LeafBlight_10.jpg,1440,1080,3,JPEG,309637,37967609c85dadebe6d18ac087645362adbf04fce57a8ab49bc8339f34e9f637,train
wheat,BlackPoint,BlackPoint_241.jpg,data\raw\wheat\wheat_disease_main\Wheat Disease\Original Dataset\BlackPoint\BlackPoint_241.jpg,D:\ZaraiAI_Tomato_Cotton_Wheat\data\raw\wheat\wheat_disease_main\Wheat Disease\Original Dataset\BlackPoint\BlackPoint_241.jpg,1440,1080,3,JPEG,128465,6cbff0ef58c6a246bfde11c1308309aca8c83c42521e9432998131bff43a3b62,train
wheat,FusariumFootRot,FusariumFootRot_218.jpg,data\raw\wheat\wheat_disease_main\Wheat Disease\Original Dataset\FusariumFootRot\FusariumFootRot_218.jpg,D:\ZaraiAI_Tomato_Cotton_Wheat\data\raw\wheat\wheat_disease_main\Wheat Disease\Original Dataset\FusariumFootRot\FusariumFootRot_218.jpg,1080,1440,3,JPEG,382213,f95d088b97a916d3e1159c7deccae93337dcefee4ac540cd8a5ab643bc9f437a,train
wheat,BlackPoint,BlackPoint_255.jpg,data\raw\wheat\wheat_disease_main\Wheat Disease\Original Dataset\BlackPoint\BlackPoint_255.jpg,D:\ZaraiAI_Tomato_Cotton_Wheat\data\raw\wheat\wheat_disease_main\Wheat Disease\Original Dataset\BlackPoint\BlackPoint_255.jpg,1440,1080,3,JPEG,135260,ca6538531c08e09e7ced095e18f6879934b110ff2be06ddb82807a97c84370d8,train
wheat,LeafBlight,LeafBlight_212.jpg,data\raw\wheat\wheat_disease_main\Wheat Disease\Original Dataset\LeafBlight\LeafBlight_212.jpg,D:\ZaraiAI_Tomato_Cotton_Wheat\data\raw\wheat\wheat_disease_main\Wheat Disease\Original Dataset\LeafBlight\LeafBlight_212.jpg,1440,1080,3,JPEG,224785,d0d7ff6dbfd84833c789399fcb47ce0d675893a07036da1375309b8fedcd7934,train
wheat,LeafBlight,LeafBlight_203.jpg,data\raw\wheat\wheat_disease_main\Wheat Disease\Original Dataset\LeafBlight\LeafBlight_203.jpg,D:\ZaraiAI_Tomato_Cotton_Wheat\data\raw\wheat\wheat_disease_main\Wheat Disease\Original Dataset\LeafBlight\LeafBlight_203.jpg,1440,1080,3,JPEG,341432,3ba2535d345d6efbe07de7c16764d2378e5492354fc50ff7df471df7cd18b5dc,train
wheat,FusariumFootRot,FusariumFootRot_1.jpg,data\raw\wheat\wheat_disease_main\Wheat Disease\Original Dataset\FusariumFootRot\FusariumFootRot_1.jpg,D:\ZaraiAI_Tomato_Cotton_Wheat\data\raw\wheat\wheat_disease_main\Wheat Disease\Original Dataset\FusariumFootRot\FusariumFootRot_1.jpg,1080,1440,3,JPEG,356713,6ee70148dac0477563cf0ce99a6aa58b29faf7e562e246271ee56cd479d11d61,train
wheat,LeafBlight,LeafBlight_164.jpg,data\raw\wheat\wheat_disease_main\Wheat Disease\Original Dataset\LeafBlight\LeafBlight_164.jpg,D:\ZaraiAI_Tomato_Cotton_Wheat\data\raw\wheat\wheat_disease_main\Wheat Disease\Original Dataset\LeafBlight\LeafBlight_164.jpg,1440,1080,3,JPEG,248990,4a4c52217f71adbb4c6bc5d18c7a15ed4035bd0133d41a61ac2054c923722e0d,train
wheat,BlackPoint,BlackPoint_3.jpg,data\raw\wheat\wheat_disease_main\Wheat Disease\Original Dataset\BlackPoint\BlackPoint_3.jpg,D:\ZaraiAI_Tomato_Cotton_Wheat\data\raw\wheat\wheat_disease_main\Wheat Disease\Original Dataset\BlackPoint\BlackPoint_3.jpg,1080,1440,3,JPEG,274816,7d98a0bbf6e0356d6f293cd14e581708d2674a6e007f2373fc57b0c5335b1a13,train
wheat,BlackPoint,BlackPoint_132.jpg,data\raw\wheat\wheat_disease_main\Wheat Disease\Original Dataset\BlackPoint\BlackPoint_132.jpg,D:\ZaraiAI_Tomato_Cotton_Wheat\data\raw\wheat\wheat_disease_main\Wheat Disease\Original Dataset\BlackPoint\BlackPoint_132.jpg,1080,1440,3,JPEG,398036,026395f6f1862bf8ebe8d39e34b7278983b42e7de631762827e938e1b524c674,train
wheat,FusariumFootRot,FusariumFootRot_178.jpg,data\raw\wheat\wheat_disease_main\Wheat Disease\Original Dataset\FusariumFootRot\FusariumFootRot_178.jpg,D:\ZaraiAI_Tomato_Cotton_Wheat\data\raw\wheat\wheat_disease_main\Wheat Disease\Original Dataset\FusariumFootRot\FusariumFootRot_178.jpg,1080,1440,3,JPEG,485735,8cb242b7d0b12dc256abc964c7fa34b8c96207a3c39fadcde6174a3af1b4d20e,train
wheat,LeafBlight,LeafBlight_191.jpg,data\raw\wheat\wheat_disease_main\Wheat Disease\Original Dataset\LeafBlight\LeafBlight_191.jpg,D:\ZaraiAI_Tomato_Cotton_Wheat\data\raw\wheat\wheat_disease_main\Wheat Disease\Original Dataset\LeafBlight\LeafBlight_191.jpg,1440,1080,3,JPEG,311034,b2702740f33221e50f5be4523a826b8ce4fd4fba4da31431361729eda9aaf0f4,train
wheat,HealthyLeaf,HealthyLeaf_194.jpg,data\raw\wheat\wheat_disease_main\Wheat Disease\Original Dataset\HealthyLeaf\HealthyLeaf_194.jpg,D:\ZaraiAI_Tomato_Cotton_Wheat\data\raw\wheat\wheat_disease_main\Wheat Disease\Original Dataset\HealthyLeaf\HealthyLeaf_194.jpg,1080,1440,3,JPEG,360996,4d0970312b41da18d84c3a2c444fd63f9c0a90d9dc5f40764920dfb64e90c3a9,train
wheat,BlackPoint,BlackPoint_107.jpg,data\raw\wheat\wheat_disease_main\Wheat Disease\Original Dataset\BlackPoint\BlackPoint_107.jpg,D:\ZaraiAI_Tomato_Cotton_Wheat\data\raw\wheat\wheat_disease_main\Wheat Disease\Original Dataset\BlackPoint\BlackPoint_107.jpg,1080,1440,3,JPEG,368047,76191a5d9aa1baffde6b6a7572f1297d2932dde7d50d2f4b2bacdc0a865e166f,train
wheat,BlackPoint,BlackPoint_122.jpg,data\raw\wheat\wheat_disease_main\Wheat Disease\Original Dataset\BlackPoint\BlackPoint_122.jpg,D:\ZaraiAI_Tomato_Cotton_Wheat\data\raw\wheat\wheat_disease_main\Wheat Disease\Original Dataset\BlackPoint\BlackPoint_122.jpg,1080,1440,3,JPEG,227156,fbb47abeebb9d270a3a1c4e386ece0cbd964df901685881d44d5283ebbb70209,train
wheat,BlackPoint,BlackPoint_288.jpg,data\raw\wheat\wheat_disease_main\Wheat Disease\Original Dataset\BlackPoint\BlackPoint_288.jpg,D:\ZaraiAI_Tomato_Cotton_Wheat\data\raw\wheat\wheat_disease_main\Wheat Disease\Original Dataset\BlackPoint\BlackPoint_288.jpg,1440,1080,3,JPEG,214158,50eb8f583e2773a3987281adf37ad8c393becc15526eb997d0bb2ca20dfcdd17,train
wheat,WheatBlast,WheatBlast_343.jpg,data\raw\wheat\wheat_disease_main\Wheat Disease\Original Dataset\WheatBlast\WheatBlast_343.jpg,D:\ZaraiAI_Tomato_Cotton_Wheat\data\raw\wheat\wheat_disease_main\Wheat Disease\Original Dataset\WheatBlast\WheatBlast_343.jpg,1440,1080,3,JPEG,485373,32f55f4d4090b1106ebc915a1c41bb884969dcc39557eb84df02ff63216a0978,train
wheat,BlackPoint,BlackPoint_4.jpg,data\raw\wheat\wheat_disease_main\Wheat Disease\Original Dataset\BlackPoint\BlackPoint_4.jpg,D:\ZaraiAI_Tomato_Cotton_Wheat\data\raw\wheat\wheat_disease_main\Wheat Disease\Original Dataset\BlackPoint\BlackPoint_4.jpg,1080,1440,3,JPEG,280719,7833a3ae8b9825799da94925ca68f23e9b3e99cce99470e24bf90368f0914af5,train
wheat,HealthyLeaf,HealthyLeaf_116.jpg,data\raw\wheat\wheat_disease_main\Wheat Disease\Original Dataset\HealthyLeaf\HealthyLeaf_116.jpg,D:\ZaraiAI_Tomato_Cotton_Wheat\data\raw\wheat\wheat_disease_main\Wheat Disease\Original Dataset\HealthyLeaf\HealthyLeaf_116.jpg,1080,1440,3,JPEG,390258,2c11b6906e120574492bd56d4502df9490573183205978553c296ef535449980,train
wheat,BlackPoint,BlackPoint_72.jpg,data\raw\wheat\wheat_disease_main\Wheat Disease\Original Dataset\BlackPoint\BlackPoint_72.jpg,D:\ZaraiAI_Tomato_Cotton_Wheat\data\raw\wheat\wheat_disease_main\Wheat Disease\Original Dataset\BlackPoint\BlackPoint_72.jpg,1080,1440,3,JPEG,247510,6f214fea88d0a7d15548b729b10fa87726a42c5c301f11f195d28d9b4026ce09,train
wheat,LeafBlight,LeafBlight_241.jpg,data\raw\wheat\wheat_disease_main\Wheat Disease\Original Dataset\LeafBlight\LeafBlight_241.jpg,D:\ZaraiAI_Tomato_Cotton_Wheat\data\raw\wheat\wheat_disease_main\Wheat Disease\Original Dataset\LeafBlight\LeafBlight_241.jpg,1440,1080,3,JPEG,177403,bad15d9a217b89b9dcba9c792456edea296a1927ffd70cb50adcebcdaacf9804,train
wheat,HealthyLeaf,HealthyLeaf_68.jpg,data\raw\wheat\wheat_disease_main\Wheat Disease\Original Dataset\HealthyLeaf\HealthyLeaf_68.jpg,D:\ZaraiAI_Tomato_Cotton_Wheat\data\raw\wheat\wheat_disease_main\Wheat Disease\Original Dataset\HealthyLeaf\HealthyLeaf_68.jpg,1080,1440,3,JPEG,450830,7835dd1e9bb01680354994b3de35b0a1dc42af30f8f59af741d2d786152a4eb3,train
wheat,HealthyLeaf,HealthyLeaf_7.jpg,data\raw\wheat\wheat_disease_main\Wheat Disease\Original Dataset\HealthyLeaf\HealthyLeaf_7.jpg,D:\ZaraiAI_Tomato_Cotton_Wheat\data\raw\wheat\wheat_disease_main\Wheat Disease\Original Dataset\HealthyLeaf\HealthyLeaf_7.jpg,1080,1440,3,JPEG,232420,02b042e40e692d0695376c9229b28f2f7d5caf8a732dd5ac0bff5432d43c8f52,train
wheat,BlackPoint,BlackPoint_61.jpg,data\raw\wheat\wheat_disease_main\Wheat Disease\Original Dataset\BlackPoint\BlackPoint_61.jpg,D:\ZaraiAI_Tomato_Cotton_Wheat\data\raw\wheat\wheat_disease_main\Wheat Disease\Original Dataset\BlackPoint\BlackPoint_61.jpg,1080,1440,3,JPEG,302564,5f96289dcbdf25a0c2fd7b7ad582c6efab034063c695a5344f129009b7107c3c,train
wheat,LeafBlight,LeafBlight_205.jpg,data\raw\wheat\wheat_disease_main\Wheat Disease\Original Dataset\LeafBlight\LeafBlight_205.jpg,D:\ZaraiAI_Tomato_Cotton_Wheat\data\raw\wheat\wheat_disease_main\Wheat Disease\Original Dataset\LeafBlight\LeafBlight_205.jpg,1440,1080,3,JPEG,397327,c08cf2b55fb39715a20b225ffeb4d7b3eeeda9228fc4f613541b861eab9f046d,train
wheat,WheatBlast,WheatBlast_321.jpg,data\raw\wheat\wheat_disease_main\Wheat Disease\Original Dataset\WheatBlast\WheatBlast_321.jpg,D:\ZaraiAI_Tomato_Cotton_Wheat\data\raw\wheat\wheat_disease_main\Wheat Disease\Original Dataset\WheatBlast\WheatBlast_321.jpg,1440,1080,3,JPEG,559353,837381ca8036aa001466e383995cda06c7a7dfe8a8d6e6cda28f77a92a590fed,train
wheat,WheatBlast,WheatBlast_316.jpg,data\raw\wheat\wheat_disease_main\Wheat Disease\Original Dataset\WheatBlast\WheatBlast_316.jpg,D:\ZaraiAI_Tomato_Cotton_Wheat\data\raw\wheat\wheat_disease_main\Wheat Disease\Original Dataset\WheatBlast\WheatBlast_316.jpg,1440,1080,3,JPEG,532954,bab6383a353a3853ff421ed9aa0b7c76408ae9c38de3b79a26845f54c6ada7a8,train
wheat,FusariumFootRot,FusariumFootRot_5.jpg,data\raw\wheat\wheat_disease_main\Wheat Disease\Original Dataset\FusariumFootRot\FusariumFootRot_5.jpg,D:\ZaraiAI_Tomato_Cotton_Wheat\data\raw\wheat\wheat_disease_main\Wheat Disease\Original Dataset\FusariumFootRot\FusariumFootRot_5.jpg,1080,1440,3,JPEG,534901,c4c0a5de9ff10bdbc9a40c67cf5cefb1c8f95701420aff5ef296abcb0c1b71f5,train
wheat,HealthyLeaf,HealthyLeaf_184.jpg,data\raw\wheat\wheat_disease_main\Wheat Disease\Original Dataset\HealthyLeaf\HealthyLeaf_184.jpg,D:\ZaraiAI_Tomato_Cotton_Wheat\data\raw\wheat\wheat_disease_main\Wheat Disease\Original Dataset\HealthyLeaf\HealthyLeaf_184.jpg,1080,1440,3,JPEG,231635,1632d0cba44f269407e85c6d0c2687a430bb796ff113dbb43431cd2c40516a99,train
wheat,HealthyLeaf,HealthyLeaf_107.jpg,data\raw\wheat\wheat_disease_main\Wheat Disease\Original Dataset\HealthyLeaf\HealthyLeaf_107.jpg,D:\ZaraiAI_Tomato_Cotton_Wheat\data\raw\wheat\wheat_disease_main\Wheat Disease\Original Dataset\HealthyLeaf\HealthyLeaf_107.jpg,1080,1440,3,JPEG,303011,2e3f89224b56d13a38f6f4f96480a39f9f3d963c026771ad92a7f50162fbe3e0,train
wheat,LeafBlight,LeafBlight_14.jpg,data\raw\wheat\wheat_disease_main\Wheat Disease\Original Dataset\LeafBlight\LeafBlight_14.jpg,D:\ZaraiAI_Tomato_Cotton_Wheat\data\raw\wheat\wheat_disease_main\Wheat Disease\Original Dataset\LeafBlight\LeafBlight_14.jpg,1440,1080,3,JPEG,391182,06ee3678e17030ecf5bfe616b31fae22edb454482a3ab69b5fd2698ea08be966,train
wheat,WheatBlast,WheatBlast_281.jpg,data\raw\wheat\wheat_disease_main\Wheat Disease\Original Dataset\WheatBlast\WheatBlast_281.jpg,D:\ZaraiAI_Tomato_Cotton_Wheat\data\raw\wheat\wheat_disease_main\Wheat Disease\Original Dataset\WheatBlast\WheatBlast_281.jpg,1440,1080,3,JPEG,415662,a6976866603f765754142146cebbc96bb00514cf9489d0c1f4cb7277a8d7d30d,train
wheat,WheatBlast,WheatBlast_377.jpg,data\raw\wheat\wheat_disease_main\Wheat Disease\Original Dataset\WheatBlast\WheatBlast_377.jpg,D:\ZaraiAI_Tomato_Cotton_Wheat\data\raw\wheat\wheat_disease_main\Wheat Disease\Original Dataset\WheatBlast\WheatBlast_377.jpg,1440,1080,3,JPEG,482666,e5d223ad02a7c3956c8395f8e62d72d234cbddf9b6c8079539021c145bea2a31,train
wheat,LeafBlight,LeafBlight_366.jpg,data\raw\wheat\wheat_disease_main\Wheat Disease\Original Dataset\LeafBlight\LeafBlight_366.jpg,D:\ZaraiAI_Tomato_Cotton_Wheat\data\raw\wheat\wheat_disease_main\Wheat Disease\Original Dataset\LeafBlight\LeafBlight_366.jpg,1440,1080,3,JPEG,109905,dc24e62469b7277fb721dcc2e87ca02876276fec20fc7531e2e6c240efd2e801,train
wheat,LeafBlight,LeafBlight_391.jpg,data\raw\wheat\wheat_disease_main\Wheat Disease\Original Dataset\LeafBlight\LeafBlight_391.jpg,D:\ZaraiAI_Tomato_Cotton_Wheat\data\raw\wheat\wheat_disease_main\Wheat Disease\Original Dataset\LeafBlight\LeafBlight_391.jpg,1440,1080,3,JPEG,126556,047368c37619deb8841a2ed119b6273028bec1c432f6a94331b812bcf47dae1a,train
wheat,FusariumFootRot,FusariumFootRot_9.jpg,data\raw\wheat\wheat_disease_main\Wheat Disease\Original Dataset\FusariumFootRot\FusariumFootRot_9.jpg,D:\ZaraiAI_Tomato_Cotton_Wheat\data\raw\wheat\wheat_disease_main\Wheat Disease\Original Dataset\FusariumFootRot\FusariumFootRot_9.jpg,1440,1080,3,JPEG,455236,ddcaf2976d55a098da671645ed20eed869c5887f0a3d8ca52c4d15b5aa1db0de,train
wheat,HealthyLeaf,HealthyLeaf_158.jpg,data\raw\wheat\wheat_disease_main\Wheat Disease\Original Dataset\HealthyLeaf\HealthyLeaf_158.jpg,D:\ZaraiAI_Tomato_Cotton_Wheat\data\raw\wheat\wheat_disease_main\Wheat Disease\Original Dataset\HealthyLeaf\HealthyLeaf_158.jpg,1080,1440,3,JPEG,348253,8f20ffb303510be9bd9a4f050b4d64c911329bfc48efd48bf07bc1c5bb28fb73,train
wheat,FusariumFootRot,FusariumFootRot_245.jpg,data\raw\wheat\wheat_disease_main\Wheat Disease\Original Dataset\FusariumFootRot\FusariumFootRot_245.jpg,D:\ZaraiAI_Tomato_Cotton_Wheat\data\raw\wheat\wheat_disease_main\Wheat Disease\Original Dataset\FusariumFootRot\FusariumFootRot_245.jpg,1080,1440,3,JPEG,376919,4abf45d010c585ef5eb6a5fa2fc421bf825e58ee430546edb890dc58eff0cc18,train
wheat,BlackPoint,BlackPoint_89.jpg,data\raw\wheat\wheat_disease_main\Wheat Disease\Original Dataset\BlackPoint\BlackPoint_89.jpg,D:\ZaraiAI_Tomato_Cotton_Wheat\data\raw\wheat\wheat_disease_main\Wheat Disease\Original Dataset\BlackPoint\BlackPoint_89.jpg,1080,1440,3,JPEG,217269,ce37a4eb97fe9d6b99c55b4fdafac51ade45fa289b030f40495b641f9638baa0,train
wheat,WheatBlast,WheatBlast_349.jpg,data\raw\wheat\wheat_disease_main\Wheat Disease\Original Dataset\WheatBlast\WheatBlast_349.jpg,D:\ZaraiAI_Tomato_Cotton_Wheat\data\raw\wheat\wheat_disease_main\Wheat Disease\Original Dataset\WheatBlast\WheatBlast_349.jpg,1440,1080,3,JPEG,564033,f7ee121fa4fde89485d29dff01d917ab882ea783ef47787bda3411a7ce35cdb6,train
wheat,LeafBlight,LeafBlight_198.jpg,data\raw\wheat\wheat_disease_main\Wheat Disease\Original Dataset\LeafBlight\LeafBlight_198.jpg,D:\ZaraiAI_Tomato_Cotton_Wheat\data\raw\wheat\wheat_disease_main\Wheat Disease\Original Dataset\LeafBlight\LeafBlight_198.jpg,1440,1080,3,JPEG,324100,d2c7a522f4baffbed28be1647a79c12f17c5d1af29d9f827eccb9075bdfece76,train
wheat,BlackPoint,BlackPoint_71.jpg,data\raw\wheat\wheat_disease_main\Wheat Disease\Original Dataset\BlackPoint\BlackPoint_71.jpg,D:\ZaraiAI_Tomato_Cotton_Wheat\data\raw\wheat\wheat_disease_main\Wheat Disease\Original Dataset\BlackPoint\BlackPoint_71.jpg,1080,1440,3,JPEG,316504,79ead6cd64b33ec67aa1c457c31161be84b539d792970ce2cf032303af5a37cf,train
wheat,HealthyLeaf,HealthyLeaf_30.jpg,data\raw\wheat\wheat_disease_main\Wheat Disease\Original Dataset\HealthyLeaf\HealthyLeaf_30.jpg,D:\ZaraiAI_Tomato_Cotton_Wheat\data\raw\wheat\wheat_disease_main\Wheat Disease\Original Dataset\HealthyLeaf\HealthyLeaf_30.jpg,1080,1440,3,JPEG,251361,3b6c1ed458dcea7eb39b2486f7a4cec96b0d379c2de9728179d67b748da9c7b5,train
wheat,HealthyLeaf,HealthyLeaf_31.jpg,data\raw\wheat\wheat_disease_main\Wheat Disease\Original Dataset\HealthyLeaf\HealthyLeaf_31.jpg,D:\ZaraiAI_Tomato_Cotton_Wheat\data\raw\wheat\wheat_disease_main\Wheat Disease\Original Dataset\HealthyLeaf\HealthyLeaf_31.jpg,1080,1440,3,JPEG,285636,6d19bbd75415dca19a1bfec9d596cf4ed28e01aeecea16e6cb9fd8f073adaaae,train
wheat,BlackPoint,BlackPoint_300.jpg,data\raw\wheat\wheat_disease_main\Wheat Disease\Original Dataset\BlackPoint\BlackPoint_300.jpg,D:\ZaraiAI_Tomato_Cotton_Wheat\data\raw\wheat\wheat_disease_main\Wheat Disease\Original Dataset\BlackPoint\BlackPoint_300.jpg,1080,1440,3,JPEG,265557,b1323b77b0b684304d8acf540ae24306b2ec92d49880b8e2af169ee763e5cd80,train
wheat,WheatBlast,WheatBlast_250.jpg,data\raw\wheat\wheat_disease_main\Wheat Disease\Original Dataset\WheatBlast\WheatBlast_250.jpg,D:\ZaraiAI_Tomato_Cotton_Wheat\data\raw\wheat\wheat_disease_main\Wheat Disease\Original Dataset\WheatBlast\WheatBlast_250.jpg,1440,1080,3,JPEG,398351,02cf14ec6985ab46d278fb07ee9ce43191fcf3f21791aa8d5cde59d6fd96bf8d,train
wheat,WheatBlast,WheatBlast_176.jpg,data\raw\wheat\wheat_disease_main\Wheat Disease\Original Dataset\WheatBlast\WheatBlast_176.jpg,D:\ZaraiAI_Tomato_Cotton_Wheat\data\raw\wheat\wheat_disease_main\Wheat Disease\Original Dataset\WheatBlast\WheatBlast_176.jpg,1440,1080,3,JPEG,503026,fbf8f79e70a50ba16670af897ca3366b61865ae6522dca83a0679f9566b6c534,train
wheat,HealthyLeaf,HealthyLeaf_13.jpg,data\raw\wheat\wheat_disease_main\Wheat Disease\Original Dataset\HealthyLeaf\HealthyLeaf_13.jpg,D:\ZaraiAI_Tomato_Cotton_Wheat\data\raw\wheat\wheat_disease_main\Wheat Disease\Original Dataset\HealthyLeaf\HealthyLeaf_13.jpg,1080,1440,3,JPEG,261347,6829c04aaacd5b757132db5583e6566b58143f52ff41a0284d16bb55d24eff40,train
wheat,WheatBlast,WheatBlast_291.jpg,data\raw\wheat\wheat_disease_main\Wheat Disease\Original Dataset\WheatBlast\WheatBlast_291.jpg,D:\ZaraiAI_Tomato_Cotton_Wheat\data\raw\wheat\wheat_disease_main\Wheat Disease\Original Dataset\WheatBlast\WheatBlast_291.jpg,1440,1080,3,JPEG,489229,1e404ef73e95f447dbc54bac6ba5a55fefc9266dd1f2ff780383b6aeb022c5fe,train
wheat,WheatBlast,WheatBlast_100.jpg,data\raw\wheat\wheat_disease_main\Wheat Disease\Original Dataset\WheatBlast\WheatBlast_100.jpg,D:\ZaraiAI_Tomato_Cotton_Wheat\data\raw\wheat\wheat_disease_main\Wheat Disease\Original Dataset\WheatBlast\WheatBlast_100.jpg,1440,1080,3,JPEG,423277,d47dc716063e843fdc40dc360116c9d6f3cab32cecf997a0deb2428f48d44188,train
wheat,WheatBlast,WheatBlast_330.jpg,data\raw\wheat\wheat_disease_main\Wheat Disease\Original Dataset\WheatBlast\WheatBlast_330.jpg,D:\ZaraiAI_Tomato_Cotton_Wheat\data\raw\wheat\wheat_disease_main\Wheat Disease\Original Dataset\WheatBlast\WheatBlast_330.jpg,1440,1080,3,JPEG,515258,9c0eca945b1506d772aad6d87ab1068531374a4760d8ee63086628208c9e725e,train
wheat,WheatBlast,WheatBlast_272.jpg,data\raw\wheat\wheat_disease_main\Wheat Disease\Original Dataset\WheatBlast\WheatBlast_272.jpg,D:\ZaraiAI_Tomato_Cotton_Wheat\data\raw\wheat\wheat_disease_main\Wheat Disease\Original Dataset\WheatBlast\WheatBlast_272.jpg,1440,1080,3,JPEG,444287,005ac15b7c224d103944cb5e42473fea0b104dd0a6630292926d7fcc6585fd03,train
wheat,HealthyLeaf,HealthyLeaf_78.jpg,data\raw\wheat\wheat_disease_main\Wheat Disease\Original Dataset\HealthyLeaf\HealthyLeaf_78.jpg,D:\ZaraiAI_Tomato_Cotton_Wheat\data\raw\wheat\wheat_disease_main\Wheat Disease\Original Dataset\HealthyLeaf\HealthyLeaf_78.jpg,1080,1440,3,JPEG,404692,587ced9ee42d7079c35cfbf149671a66f9ac6c71d8a49274109694ad93da586c,train
wheat,FusariumFootRot,FusariumFootRot_88.jpg,data\raw\wheat\wheat_disease_main\Wheat Disease\Original Dataset\FusariumFootRot\FusariumFootRot_88.jpg,D:\ZaraiAI_Tomato_Cotton_Wheat\data\raw\wheat\wheat_disease_main\Wheat Disease\Original Dataset\FusariumFootRot\FusariumFootRot_88.jpg,1080,1440,3,JPEG,396660,c4f5e9071f1b149295d1b13e842653ef2e9855f5c89a50a4d6b48129da9b66b2,train
wheat,FusariumFootRot,FusariumFootRot_185.jpg,data\raw\wheat\wheat_disease_main\Wheat Disease\Original Dataset\FusariumFootRot\FusariumFootRot_185.jpg,D:\ZaraiAI_Tomato_Cotton_Wheat\data\raw\wheat\wheat_disease_main\Wheat Disease\Original Dataset\FusariumFootRot\FusariumFootRot_185.jpg,1080,1440,3,JPEG,390453,83838a9095717fce11b08493377ca581b23cd1762da908f0d5b72358bbabb902,train
wheat,BlackPoint,BlackPoint_39.jpg,data\raw\wheat\wheat_disease_main\Wheat Disease\Original Dataset\BlackPoint\BlackPoint_39.jpg,D:\ZaraiAI_Tomato_Cotton_Wheat\data\raw\wheat\wheat_disease_main\Wheat Disease\Original Dataset\BlackPoint\BlackPoint_39.jpg,1080,1440,3,JPEG,264104,af90c4b834994997d61b9ac87315874ff8c951ab7371c502198d2a448a4b9e09,train
wheat,FusariumFootRot,FusariumFootRot_148.jpg,data\raw\wheat\wheat_disease_main\Wheat Disease\Original Dataset\FusariumFootRot\FusariumFootRot_148.jpg,D:\ZaraiAI_Tomato_Cotton_Wheat\data\raw\wheat\wheat_disease_main\Wheat Disease\Original Dataset\FusariumFootRot\FusariumFootRot_148.jpg,1080,1440,3,JPEG,408030,aa6458f49e618f6393a31401d12dce5e25ba8c98a8d3dfc1f76409e66973a824,train
wheat,LeafBlight,LeafBlight_381.jpg,data\raw\wheat\wheat_disease_main\Wheat Disease\Original Dataset\LeafBlight\LeafBlight_381.jpg,D:\ZaraiAI_Tomato_Cotton_Wheat\data\raw\wheat\wheat_disease_main\Wheat Disease\Original Dataset\LeafBlight\LeafBlight_381.jpg,1440,1080,3,JPEG,118765,8d94ecb727e4a611a58f1e8a2f6851c5940172a1d632569ed6d5e0618aa41e13,train
wheat,WheatBlast,WheatBlast_251.jpg,data\raw\wheat\wheat_disease_main\Wheat Disease\Original Dataset\WheatBlast\WheatBlast_251.jpg,D:\ZaraiAI_Tomato_Cotton_Wheat\data\raw\wheat\wheat_disease_main\Wheat Disease\Original Dataset\WheatBlast\WheatBlast_251.jpg,1440,1080,3,JPEG,403891,dc2fabf784a61e5cf59a8dc59ed2a9e360382cf9a04014cf1609cd199890c5ca,train
wheat,FusariumFootRot,FusariumFootRot_70.jpg,data\raw\wheat\wheat_disease_main\Wheat Disease\Original Dataset\FusariumFootRot\FusariumFootRot_70.jpg,D:\ZaraiAI_Tomato_Cotton_Wheat\data\raw\wheat\wheat_disease_main\Wheat Disease\Original Dataset\FusariumFootRot\FusariumFootRot_70.jpg,1080,1440,3,JPEG,375372,e82e992ab73385ac626a2c425309084cc66c6b8d538a229416c5304dcc31052f,train
wheat,LeafBlight,LeafBlight_210.jpg,data\raw\wheat\wheat_disease_main\Wheat Disease\Original Dataset\LeafBlight\LeafBlight_210.jpg,D:\ZaraiAI_Tomato_Cotton_Wheat\data\raw\wheat\wheat_disease_main\Wheat Disease\Original Dataset\LeafBlight\LeafBlight_210.jpg,1440,1080,3,JPEG,389039,1ad7d4ef49e0db38ec0b9e1094af8d2f90bfb316d54e9083777ef120f518a292,train
wheat,WheatBlast,WheatBlast_173.jpg,data\raw\wheat\wheat_disease_main\Wheat Disease\Original Dataset\WheatBlast\WheatBlast_173.jpg,D:\ZaraiAI_Tomato_Cotton_Wheat\data\raw\wheat\wheat_disease_main\Wheat Disease\Original Dataset\WheatBlast\WheatBlast_173.jpg,1440,1080,3,JPEG,481115,e39f7afc75927498508c0fe8de227a616c11ce195f2336e3b486d47ced9e0a07,train
wheat,WheatBlast,WheatBlast_392.jpg,data\raw\wheat\wheat_disease_main\Wheat Disease\Original Dataset\WheatBlast\WheatBlast_392.jpg,D:\ZaraiAI_Tomato_Cotton_Wheat\data\raw\wheat\wheat_disease_main\Wheat Disease\Original Dataset\WheatBlast\WheatBlast_392.jpg,1440,1080,3,JPEG,536694,7ba283ee8a281af74beab4d71f2e89133217848fe805fb36b731d30eb2f5cbf5,train
wheat,BlackPoint,BlackPoint_6.jpg,data\raw\wheat\wheat_disease_main\Wheat Disease\Original Dataset\BlackPoint\BlackPoint_6.jpg,D:\ZaraiAI_Tomato_Cotton_Wheat\data\raw\wheat\wheat_disease_main\Wheat Disease\Original Dataset\BlackPoint\BlackPoint_6.jpg,1080,1440,3,JPEG,448785,1ad218a4c558358960e0d35034912557f0c870a26f6112d41aa82b9a6e8defbe,train
wheat,LeafBlight,LeafBlight_219.jpg,data\raw\wheat\wheat_disease_main\Wheat Disease\Original Dataset\LeafBlight\LeafBlight_219.jpg,D:\ZaraiAI_Tomato_Cotton_Wheat\data\raw\wheat\wheat_disease_main\Wheat Disease\Original Dataset\LeafBlight\LeafBlight_219.jpg,1440,1080,3,JPEG,307770,d4c6ecd89cb696b38a7a40a37de9eb84482204a190f5879a8631e7db37c632f8,train
wheat,BlackPoint,BlackPoint_198.jpg,data\raw\wheat\wheat_disease_main\Wheat Disease\Original Dataset\BlackPoint\BlackPoint_198.jpg,D:\ZaraiAI_Tomato_Cotton_Wheat\data\raw\wheat\wheat_disease_main\Wheat Disease\Original Dataset\BlackPoint\BlackPoint_198.jpg,1080,1440,3,JPEG,337191,5a4bf4eb099c4eff79f73da04d55c177b769cd2ae9a5f73f7c4ffb6c3b6be81e,train
wheat,HealthyLeaf,HealthyLeaf_250.jpg,data\raw\wheat\wheat_disease_main\Wheat Disease\Original Dataset\HealthyLeaf\HealthyLeaf_250.jpg,D:\ZaraiAI_Tomato_Cotton_Wheat\data\raw\wheat\wheat_disease_main\Wheat Disease\Original Dataset\HealthyLeaf\HealthyLeaf_250.jpg,1080,1440,3,JPEG,456153,9128069d6d7a50f105c5743f4537fe1cb6b13532b1d1a4b506af6f2b08ed4ea2,train
wheat,WheatBlast,WheatBlast_394.jpg,data\raw\wheat\wheat_disease_main\Wheat Disease\Original Dataset\WheatBlast\WheatBlast_394.jpg,D:\ZaraiAI_Tomato_Cotton_Wheat\data\raw\wheat\wheat_disease_main\Wheat Disease\Original Dataset\WheatBlast\WheatBlast_394.jpg,1440,1080,3,JPEG,321573,9db9701580a32768221f31e1098c59e3758d41163e1a1e77b6717548899e6fdb,train
wheat,FusariumFootRot,FusariumFootRot_214.jpg,data\raw\wheat\wheat_disease_main\Wheat Disease\Original Dataset\FusariumFootRot\FusariumFootRot_214.jpg,D:\ZaraiAI_Tomato_Cotton_Wheat\data\raw\wheat\wheat_disease_main\Wheat Disease\Original Dataset\FusariumFootRot\FusariumFootRot_214.jpg,1080,1440,3,JPEG,439851,7a4cce2b7a61353190f9504d10f66f04bf85a5dcfb89d4f8da029ec5274343d3,train
wheat,WheatBlast,WheatBlast_20.jpg,data\raw\wheat\wheat_disease_main\Wheat Disease\Original Dataset\WheatBlast\WheatBlast_20.jpg,D:\ZaraiAI_Tomato_Cotton_Wheat\data\raw\wheat\wheat_disease_main\Wheat Disease\Original Dataset\WheatBlast\WheatBlast_20.jpg,1440,1080,3,JPEG,411584,742161761d6878e45a1b28a199dff81112d744ec28ce307cc24209471dc8c4f1,train
wheat,WheatBlast,WheatBlast_136.jpg,data\raw\wheat\wheat_disease_main\Wheat Disease\Original Dataset\WheatBlast\WheatBlast_136.jpg,D:\ZaraiAI_Tomato_Cotton_Wheat\data\raw\wheat\wheat_disease_main\Wheat Disease\Original Dataset\WheatBlast\WheatBlast_136.jpg,1440,1080,3,JPEG,460871,cd5100f0aa89d2281da991dc586f1eec65d1c3c0d477cf8c9159a3d8cfe9c887,train
wheat,FusariumFootRot,FusariumFootRot_132.jpg,data\raw\wheat\wheat_disease_main\Wheat Disease\Original Dataset\FusariumFootRot\FusariumFootRot_132.jpg,D:\ZaraiAI_Tomato_Cotton_Wheat\data\raw\wheat\wheat_disease_main\Wheat Disease\Original Dataset\FusariumFootRot\FusariumFootRot_132.jpg,1080,1440,3,JPEG,283431,098bed4d39720c91ea178e1df8a401afcc71c6e616e374a42762aeb8f0cddce1,train
wheat,LeafBlight,LeafBlight_122.jpg,data\raw\wheat\wheat_disease_main\Wheat Disease\Original Dataset\LeafBlight\LeafBlight_122.jpg,D:\ZaraiAI_Tomato_Cotton_Wheat\data\raw\wheat\wheat_disease_main\Wheat Disease\Original Dataset\LeafBlight\LeafBlight_122.jpg,1440,1080,3,JPEG,330461,9c7231fdae34210ed81dfa5682db77dc91e6503eedb735524dc3fdf4ff86e26a,train
wheat,HealthyLeaf,HealthyLeaf_27.jpg,data\raw\wheat\wheat_disease_main\Wheat Disease\Original Dataset\HealthyLeaf\HealthyLeaf_27.jpg,D:\ZaraiAI_Tomato_Cotton_Wheat\data\raw\wheat\wheat_disease_main\Wheat Disease\Original Dataset\HealthyLeaf\HealthyLeaf_27.jpg,1080,1440,3,JPEG,326325,d335fb38e7d96f06951b6e91527d8d5346c3fc4f0fb05b3332ecb5103485f1fa,train
wheat,LeafBlight,LeafBlight_64.jpg,data\raw\wheat\wheat_disease_main\Wheat Disease\Original Dataset\LeafBlight\LeafBlight_64.jpg,D:\ZaraiAI_Tomato_Cotton_Wheat\data\raw\wheat\wheat_disease_main\Wheat Disease\Original Dataset\LeafBlight\LeafBlight_64.jpg,1440,1080,3,JPEG,311630,e5dd32b4cefbc7beeeb2264d8205bb89be91b58bf8446d30b774233472098e4a,train
wheat,BlackPoint,BlackPoint_193.jpg,data\raw\wheat\wheat_disease_main\Wheat Disease\Original Dataset\BlackPoint\BlackPoint_193.jpg,D:\ZaraiAI_Tomato_Cotton_Wheat\data\raw\wheat\wheat_disease_main\Wheat Disease\Original Dataset\BlackPoint\BlackPoint_193.jpg,1080,1440,3,JPEG,248824,60da9672fa6120c3ad0487a7b61ad7b7a2d90dbcb51b8771b8dcb34b23334aa2,train
wheat,FusariumFootRot,FusariumFootRot_151.jpg,data\raw\wheat\wheat_disease_main\Wheat Disease\Original Dataset\FusariumFootRot\FusariumFootRot_151.jpg,D:\ZaraiAI_Tomato_Cotton_Wheat\data\raw\wheat\wheat_disease_main\Wheat Disease\Original Dataset\FusariumFootRot\FusariumFootRot_151.jpg,1080,1440,3,JPEG,454088,6537ef3e8669a4037c8aa542e8b8454acf65da66da65099d7685cee587836b8a,train
wheat,HealthyLeaf,HealthyLeaf_163.jpg,data\raw\wheat\wheat_disease_main\Wheat Disease\Original Dataset\HealthyLeaf\HealthyLeaf_163.jpg,D:\ZaraiAI_Tomato_Cotton_Wheat\data\raw\wheat\wheat_disease_main\Wheat Disease\Original Dataset\HealthyLeaf\HealthyLeaf_163.jpg,1443,1080,3,JPEG,654398,45836f49b8f2f8759cc54515f8c09f8e7f9368c884a0d3a0a8a0d124a306547b,train
wheat,FusariumFootRot,FusariumFootRot_23.jpg,data\raw\wheat\wheat_disease_main\Wheat Disease\Original Dataset\FusariumFootRot\FusariumFootRot_23.jpg,D:\ZaraiAI_Tomato_Cotton_Wheat\data\raw\wheat\wheat_disease_main\Wheat Disease\Original Dataset\FusariumFootRot\FusariumFootRot_23.jpg,1080,1440,3,JPEG,343327,40d5d6eeb8589ffa2cf1a108bfb5cd7f1c4c72f427035194d4d22bd32ad86c8f,train
wheat,FusariumFootRot,FusariumFootRot_65.jpg,data\raw\wheat\wheat_disease_main\Wheat Disease\Original Dataset\FusariumFootRot\FusariumFootRot_65.jpg,D:\ZaraiAI_Tomato_Cotton_Wheat\data\raw\wheat\wheat_disease_main\Wheat Disease\Original Dataset\FusariumFootRot\FusariumFootRot_65.jpg,1440,1080,3,JPEG,378466,ac119720a4371c7ba8dcdd8b1416808bf1c87d95781259373cdc7ae4517aa752,train
wheat,BlackPoint,BlackPoint_109.jpg,data\raw\wheat\wheat_disease_main\Wheat Disease\Original Dataset\BlackPoint\BlackPoint_109.jpg,D:\ZaraiAI_Tomato_Cotton_Wheat\data\raw\wheat\wheat_disease_main\Wheat Disease\Original Dataset\BlackPoint\BlackPoint_109.jpg,1080,1440,3,JPEG,319421,b82d3993e4dc4b8d3aeb015f995f49e0207d834b7086e52a5fc7e1d42dcb5760,train
wheat,WheatBlast,WheatBlast_28.jpg,data\raw\wheat\wheat_disease_main\Wheat Disease\Original Dataset\WheatBlast\WheatBlast_28.jpg,D:\ZaraiAI_Tomato_Cotton_Wheat\data\raw\wheat\wheat_disease_main\Wheat Disease\Original Dataset\WheatBlast\WheatBlast_28.jpg,1440,1080,3,JPEG,350541,1f03f23898ff41a1c1e968be6a625be017b865315d4f659af41791652a14fb33,train
wheat,WheatBlast,WheatBlast_347.jpg,data\raw\wheat\wheat_disease_main\Wheat Disease\Original Dataset\WheatBlast\WheatBlast_347.jpg,D:\ZaraiAI_Tomato_Cotton_Wheat\data\raw\wheat\wheat_disease_main\Wheat Disease\Original Dataset\WheatBlast\WheatBlast_347.jpg,1440,1080,3,JPEG,542265,3c32f177bf5e0acdd002dfeac6634755b9a42ea81356cb06deeaf4c046f11b51,train
wheat,HealthyLeaf,HealthyLeaf_63.jpg,data\raw\wheat\wheat_disease_main\Wheat Disease\Original Dataset\HealthyLeaf\HealthyLeaf_63.jpg,D:\ZaraiAI_Tomato_Cotton_Wheat\data\raw\wheat\wheat_disease_main\Wheat Disease\Original Dataset\HealthyLeaf\HealthyLeaf_63.jpg,1080,1440,3,JPEG,448511,12c25a74b0a9da9438b033b4fe7a6f180d53c8cd18fa22070ba92869bd48bbd4,train
wheat,WheatBlast,WheatBlast_342.jpg,data\raw\wheat\wheat_disease_main\Wheat Disease\Original Dataset\WheatBlast\WheatBlast_342.jpg,D:\ZaraiAI_Tomato_Cotton_Wheat\data\raw\wheat\wheat_disease_main\Wheat Disease\Original Dataset\WheatBlast\WheatBlast_342.jpg,1440,1080,3,JPEG,449300,f392ab6da01d9a700da2e40c34287827eb89347fb45458f9ec030cd6989b7940,train
wheat,HealthyLeaf,HealthyLeaf_205.jpg,data\raw\wheat\wheat_disease_main\Wheat Disease\Original Dataset\HealthyLeaf\HealthyLeaf_205.jpg,D:\ZaraiAI_Tomato_Cotton_Wheat\data\raw\wheat\wheat_disease_main\Wheat Disease\Original Dataset\HealthyLeaf\HealthyLeaf_205.jpg,1080,1440,3,JPEG,345413,83a87b62bcf978c34e50786c273cb22f2c7895601ac8d69ba43a94d733e3e5da,train
wheat,HealthyLeaf,HealthyLeaf_191.jpg,data\raw\wheat\wheat_disease_main\Wheat Disease\Original Dataset\HealthyLeaf\HealthyLeaf_191.jpg,D:\ZaraiAI_Tomato_Cotton_Wheat\data\raw\wheat\wheat_disease_main\Wheat Disease\Original Dataset\HealthyLeaf\HealthyLeaf_191.jpg,1080,1440,3,JPEG,429482,71bf77387707a2df996822d65879d5525c35a2d94187f221887b05d5c59c2950,train
wheat,HealthyLeaf,HealthyLeaf_118.jpg,data\raw\wheat\wheat_disease_main\Wheat Disease\Original Dataset\HealthyLeaf\HealthyLeaf_118.jpg,D:\ZaraiAI_Tomato_Cotton_Wheat\data\raw\wheat\wheat_disease_main\Wheat Disease\Original Dataset\HealthyLeaf\HealthyLeaf_118.jpg,1080,1440,3,JPEG,383399,0137ce022b556e489db3ddba712ff83d0ae599c97cc0457dae8130e5301d2544,train
wheat,HealthyLeaf,HealthyLeaf_152.jpg,data\raw\wheat\wheat_disease_main\Wheat Disease\Original Dataset\HealthyLeaf\HealthyLeaf_152.jpg,D:\ZaraiAI_Tomato_Cotton_Wheat\data\raw\wheat\wheat_disease_main\Wheat Disease\Original Dataset\HealthyLeaf\HealthyLeaf_152.jpg,1080,1440,3,JPEG,365890,47fb45ef5387d4effb0752ec2c73028939f6eb96863390b038c5f582ffda4fcb,train
wheat,HealthyLeaf,HealthyLeaf_57.jpg,data\raw\wheat\wheat_disease_main\Wheat Disease\Original Dataset\HealthyLeaf\HealthyLeaf_57.jpg,D:\ZaraiAI_Tomato_Cotton_Wheat\data\raw\wheat\wheat_disease_main\Wheat Disease\Original Dataset\HealthyLeaf\HealthyLeaf_57.jpg,1080,1440,3,JPEG,302874,c4b7eb730da8f98be8f8a854eb702c808a2dfeb5a8a499eeae613073757a83ee,train
wheat,HealthyLeaf,HealthyLeaf_192.jpg,data\raw\wheat\wheat_disease_main\Wheat Disease\Original Dataset\HealthyLeaf\HealthyLeaf_192.jpg,D:\ZaraiAI_Tomato_Cotton_Wheat\data\raw\wheat\wheat_disease_main\Wheat Disease\Original Dataset\HealthyLeaf\HealthyLeaf_192.jpg,1080,1440,3,JPEG,403612,eab87ac4d1e0c3c9bdc6f01f7704eae9d4af76c158390cf8247bc2e7f08aa2de,train
wheat,BlackPoint,BlackPoint_14.jpg,data\raw\wheat\wheat_disease_main\Wheat Disease\Original Dataset\BlackPoint\BlackPoint_14.jpg,D:\ZaraiAI_Tomato_Cotton_Wheat\data\raw\wheat\wheat_disease_main\Wheat Disease\Original Dataset\BlackPoint\BlackPoint_14.jpg,1080,1440,3,JPEG,247197,5bc965607379f267b596c044dccaee5acd8fe6f93259f0f7bdd57cb13136014c,train
wheat,LeafBlight,LeafBlight_310.jpg,data\raw\wheat\wheat_disease_main\Wheat Disease\Original Dataset\LeafBlight\LeafBlight_310.jpg,D:\ZaraiAI_Tomato_Cotton_Wheat\data\raw\wheat\wheat_disease_main\Wheat Disease\Original Dataset\LeafBlight\LeafBlight_310.jpg,1440,1080,3,JPEG,201953,591b2d313e2bd5d8a20ea51bae53a0e1e1364b20f19301af34077a0dd150292f,train
wheat,LeafBlight,LeafBlight_29.jpg,data\raw\wheat\wheat_disease_main\Wheat Disease\Original Dataset\LeafBlight\LeafBlight_29.jpg,D:\ZaraiAI_Tomato_Cotton_Wheat\data\raw\wheat\wheat_disease_main\Wheat Disease\Original Dataset\LeafBlight\LeafBlight_29.jpg,1440,1080,3,JPEG,407386,1cebfda6d96d2c52ecd6327db6b7dee5a82216aeb5fdce58fb4d5fa2756c4953,train
wheat,BlackPoint,BlackPoint_259.jpg,data\raw\wheat\wheat_disease_main\Wheat Disease\Original Dataset\BlackPoint\BlackPoint_259.jpg,D:\ZaraiAI_Tomato_Cotton_Wheat\data\raw\wheat\wheat_disease_main\Wheat Disease\Original Dataset\BlackPoint\BlackPoint_259.jpg,1080,1440,3,JPEG,212624,3f3c77a7956d228743c680deacdf808b00e3aa989a40a9922c31772fb203c99a,train
wheat,BlackPoint,BlackPoint_86.jpg,data\raw\wheat\wheat_disease_main\Wheat Disease\Original Dataset\BlackPoint\BlackPoint_86.jpg,D:\ZaraiAI_Tomato_Cotton_Wheat\data\raw\wheat\wheat_disease_main\Wheat Disease\Original Dataset\BlackPoint\BlackPoint_86.jpg,1080,1440,3,JPEG,277965,27e6556ff8b93a7e2b4398f2d8d733673f4da4847a14c24ff854fec5c26effae,train
wheat,LeafBlight,LeafBlight_291.jpg,data\raw\wheat\wheat_disease_main\Wheat Disease\Original Dataset\LeafBlight\LeafBlight_291.jpg,D:\ZaraiAI_Tomato_Cotton_Wheat\data\raw\wheat\wheat_disease_main\Wheat Disease\Original Dataset\LeafBlight\LeafBlight_291.jpg,1440,1080,3,JPEG,210530,e8b7e0427cda2496de878e421e783583f9dbe320c5560651f1422c835e9c3563,train
wheat,LeafBlight,LeafBlight_221.jpg,data\raw\wheat\wheat_disease_main\Wheat Disease\Original Dataset\LeafBlight\LeafBlight_221.jpg,D:\ZaraiAI_Tomato_Cotton_Wheat\data\raw\wheat\wheat_disease_main\Wheat Disease\Original Dataset\LeafBlight\LeafBlight_221.jpg,1440,1080,3,JPEG,323025,f41fdc695789d097cdb648fd0093cba1dfc46f1088c0cc52626c1cfa7dc08269,train
wheat,HealthyLeaf,HealthyLeaf_51.jpg,data\raw\wheat\wheat_disease_main\Wheat Disease\Original Dataset\HealthyLeaf\HealthyLeaf_51.jpg,D:\ZaraiAI_Tomato_Cotton_Wheat\data\raw\wheat\wheat_disease_main\Wheat Disease\Original Dataset\HealthyLeaf\HealthyLeaf_51.jpg,1080,1440,3,JPEG,363569,01569d5d5008e7f0135d7ad50a1c6c9b5d7a4404fc62595388abef00c4683d74,train
wheat,WheatBlast,WheatBlast_151.jpg,data\raw\wheat\wheat_disease_main\Wheat Disease\Original Dataset\WheatBlast\WheatBlast_151.jpg,D:\ZaraiAI_Tomato_Cotton_Wheat\data\raw\wheat\wheat_disease_main\Wheat Disease\Original Dataset\WheatBlast\WheatBlast_151.jpg,1440,1080,3,JPEG,414202,2a1b06b0ffd2a3e2cd77369d0e7f7cfe9c750e99406e3065585a3307b48bfd38,train
wheat,LeafBlight,LeafBlight_112.jpg,data\raw\wheat\wheat_disease_main\Wheat Disease\Original Dataset\LeafBlight\LeafBlight_112.jpg,D:\ZaraiAI_Tomato_Cotton_Wheat\data\raw\wheat\wheat_disease_main\Wheat Disease\Original Dataset\LeafBlight\LeafBlight_112.jpg,1440,1080,3,JPEG,367520,64cfe9d07605b8c407c84096553e9c4baacdd955e674b4b0408d9f118a885e77,train
wheat,BlackPoint,BlackPoint_239.jpg,data\raw\wheat\wheat_disease_main\Wheat Disease\Original Dataset\BlackPoint\BlackPoint_239.jpg,D:\ZaraiAI_Tomato_Cotton_Wheat\data\raw\wheat\wheat_disease_main\Wheat Disease\Original Dataset\BlackPoint\BlackPoint_239.jpg,1440,1080,3,JPEG,148169,f3645f65090e5b0c400089b78f1633edef0f6af267dbd2974c65016c49d0e3d7,train
wheat,LeafBlight,LeafBlight_321.jpg,data\raw\wheat\wheat_disease_main\Wheat Disease\Original Dataset\LeafBlight\LeafBlight_321.jpg,D:\ZaraiAI_Tomato_Cotton_Wheat\data\raw\wheat\wheat_disease_main\Wheat Disease\Original Dataset\LeafBlight\LeafBlight_321.jpg,1440,1080,3,JPEG,252329,324a9e4d06d80e8db7e0b43873a656857b1eecd24f5faac8242c5635947a8271,train
wheat,LeafBlight,LeafBlight_286.jpg,data\raw\wheat\wheat_disease_main\Wheat Disease\Original Dataset\LeafBlight\LeafBlight_286.jpg,D:\ZaraiAI_Tomato_Cotton_Wheat\data\raw\wheat\wheat_disease_main\Wheat Disease\Original Dataset\LeafBlight\LeafBlight_286.jpg,1440,1080,3,JPEG,248968,059110c51158f98a7ad7564903b5f93e7ef6c107f46436cc083d401cf20b5fbf,train
wheat,LeafBlight,LeafBlight_369.jpg,data\raw\wheat\wheat_disease_main\Wheat Disease\Original Dataset\LeafBlight\LeafBlight_369.jpg,D:\ZaraiAI_Tomato_Cotton_Wheat\data\raw\wheat\wheat_disease_main\Wheat Disease\Original Dataset\LeafBlight\LeafBlight_369.jpg,1440,1080,3,JPEG,121817,21969de3f9e69beaf4f725cbc5f40cf7e900c995a35b48f7ef3c4f5b0e632b85,train
wheat,BlackPoint,BlackPoint_127.jpg,data\raw\wheat\wheat_disease_main\Wheat Disease\Original Dataset\BlackPoint\BlackPoint_127.jpg,D:\ZaraiAI_Tomato_Cotton_Wheat\data\raw\wheat\wheat_disease_main\Wheat Disease\Original Dataset\BlackPoint\BlackPoint_127.jpg,1080,1440,3,JPEG,279642,eb8128c864822bc7a131e90540c604f1ee95c9c5d689bb3bb60232aa1e99decf,train
wheat,HealthyLeaf,HealthyLeaf_89.jpg,data\raw\wheat\wheat_disease_main\Wheat Disease\Original Dataset\HealthyLeaf\HealthyLeaf_89.jpg,D:\ZaraiAI_Tomato_Cotton_Wheat\data\raw\wheat\wheat_disease_main\Wheat Disease\Original Dataset\HealthyLeaf\HealthyLeaf_89.jpg,1080,1440,3,JPEG,338155,921fdea20efb0de62c9825950543834463113ee026984ba82c395942515ea961,train
wheat,BlackPoint,BlackPoint_82.jpg,data\raw\wheat\wheat_disease_main\Wheat Disease\Original Dataset\BlackPoint\BlackPoint_82.jpg,D:\ZaraiAI_Tomato_Cotton_Wheat\data\raw\wheat\wheat_disease_main\Wheat Disease\Original Dataset\BlackPoint\BlackPoint_82.jpg,1080,1440,3,JPEG,306000,51c8791317936b2c9a12715812316c65b8832bb3e3bf3bf86528938fd75b26db,train
wheat,LeafBlight,LeafBlight_368.jpg,data\raw\wheat\wheat_disease_main\Wheat Disease\Original Dataset\LeafBlight\LeafBlight_368.jpg,D:\ZaraiAI_Tomato_Cotton_Wheat\data\raw\wheat\wheat_disease_main\Wheat Disease\Original Dataset\LeafBlight\LeafBlight_368.jpg,1440,1080,3,JPEG,116481,53ed0b1971c89eb84ef78af6fabd23b01da4901ea530131d138facd40ae0e0ec,train
wheat,FusariumFootRot,FusariumFootRot_144.jpg,data\raw\wheat\wheat_disease_main\Wheat Disease\Original Dataset\FusariumFootRot\FusariumFootRot_144.jpg,D:\ZaraiAI_Tomato_Cotton_Wheat\data\raw\wheat\wheat_disease_main\Wheat Disease\Original Dataset\FusariumFootRot\FusariumFootRot_144.jpg,1440,1080,3,JPEG,319581,e085c2fae2327be20d94b632b250740783e7a9a78b30735e47d17fea85f91713,train
wheat,HealthyLeaf,HealthyLeaf_46.jpg,data\raw\wheat\wheat_disease_main\Wheat Disease\Original Dataset\HealthyLeaf\HealthyLeaf_46.jpg,D:\ZaraiAI_Tomato_Cotton_Wheat\data\raw\wheat\wheat_disease_main\Wheat Disease\Original Dataset\HealthyLeaf\HealthyLeaf_46.jpg,1080,1440,3,JPEG,260511,df8fbad0f5020faddea8c19e90f9e30edfbc3c244ebfa0ff02a29afb7fe6d3fc,train
wheat,HealthyLeaf,HealthyLeaf_5.jpg,data\raw\wheat\wheat_disease_main\Wheat Disease\Original Dataset\HealthyLeaf\HealthyLeaf_5.jpg,D:\ZaraiAI_Tomato_Cotton_Wheat\data\raw\wheat\wheat_disease_main\Wheat Disease\Original Dataset\HealthyLeaf\HealthyLeaf_5.jpg,1080,1440,3,JPEG,253269,0f56e00b29d2f8a82c7d9b01f178f9c6753e4add7eb1b3055a044d0c2ad21930,train
wheat,HealthyLeaf,HealthyLeaf_151.jpg,data\raw\wheat\wheat_disease_main\Wheat Disease\Original Dataset\HealthyLeaf\HealthyLeaf_151.jpg,D:\ZaraiAI_Tomato_Cotton_Wheat\data\raw\wheat\wheat_disease_main\Wheat Disease\Original Dataset\HealthyLeaf\HealthyLeaf_151.jpg,1080,1440,3,JPEG,283473,e63b876dc06a28032757fbf37c691d3d1140c4f2984669a4a2c9d63fe4218e94,train
wheat,WheatBlast,WheatBlast_352.jpg,data\raw\wheat\wheat_disease_main\Wheat Disease\Original Dataset\WheatBlast\WheatBlast_352.jpg,D:\ZaraiAI_Tomato_Cotton_Wheat\data\raw\wheat\wheat_disease_main\Wheat Disease\Original Dataset\WheatBlast\WheatBlast_352.jpg,1440,1080,3,JPEG,609737,da17b960bb884bdf8832ca3e79d5e0c136bca61e1612acd9cbcb80aafe7c2f23,train
wheat,WheatBlast,WheatBlast_364.jpg,data\raw\wheat\wheat_disease_main\Wheat Disease\Original Dataset\WheatBlast\WheatBlast_364.jpg,D:\ZaraiAI_Tomato_Cotton_Wheat\data\raw\wheat\wheat_disease_main\Wheat Disease\Original Dataset\WheatBlast\WheatBlast_364.jpg,1440,1080,3,JPEG,542535,5b8a2c774bc06289c196acc8da14755c561c9f482c55feb20ed0585be1c30f55,train
wheat,LeafBlight,LeafBlight_297.jpg,data\raw\wheat\wheat_disease_main\Wheat Disease\Original Dataset\LeafBlight\LeafBlight_297.jpg,D:\ZaraiAI_Tomato_Cotton_Wheat\data\raw\wheat\wheat_disease_main\Wheat Disease\Original Dataset\LeafBlight\LeafBlight_297.jpg,1440,1080,3,JPEG,214583,294353b9cda8447fd3f21e31e70e59e02862cbd4412dd359ded6076afb1f0802,train
wheat,HealthyLeaf,HealthyLeaf_39.jpg,data\raw\wheat\wheat_disease_main\Wheat Disease\Original Dataset\HealthyLeaf\HealthyLeaf_39.jpg,D:\ZaraiAI_Tomato_Cotton_Wheat\data\raw\wheat\wheat_disease_main\Wheat Disease\Original Dataset\HealthyLeaf\HealthyLeaf_39.jpg,1080,1440,3,JPEG,410499,07439f140680c87094130ae5fa4f503ed3f4dc18a861e64e743969591b43a78f,train
wheat,WheatBlast,WheatBlast_170.jpg,data\raw\wheat\wheat_disease_main\Wheat Disease\Original Dataset\WheatBlast\WheatBlast_170.jpg,D:\ZaraiAI_Tomato_Cotton_Wheat\data\raw\wheat\wheat_disease_main\Wheat Disease\Original Dataset\WheatBlast\WheatBlast_170.jpg,1440,1080,3,JPEG,457269,1d125cad6c986b2d075144263bf0dc943f5f2499fbc814cb637df0ba8a40e23b,train
wheat,WheatBlast,WheatBlast_177.jpg,data\raw\wheat\wheat_disease_main\Wheat Disease\Original Dataset\WheatBlast\WheatBlast_177.jpg,D:\ZaraiAI_Tomato_Cotton_Wheat\data\raw\wheat\wheat_disease_main\Wheat Disease\Original Dataset\WheatBlast\WheatBlast_177.jpg,1440,1080,3,JPEG,500463,e11e7af80034533a3986eb4754132b14532ecb4ebe351c3a88365b26248f98f5,train
wheat,HealthyLeaf,HealthyLeaf_108.jpg,data\raw\wheat\wheat_disease_main\Wheat Disease\Original Dataset\HealthyLeaf\HealthyLeaf_108.jpg,D:\ZaraiAI_Tomato_Cotton_Wheat\data\raw\wheat\wheat_disease_main\Wheat Disease\Original Dataset\HealthyLeaf\HealthyLeaf_108.jpg,1080,1440,3,JPEG,246413,f281a8ebeee43361aeddcc6eaab20544ebe6caf51c7123fda4fad78b53ecd43d,train
wheat,LeafBlight,LeafBlight_16.jpg,data\raw\wheat\wheat_disease_main\Wheat Disease\Original Dataset\LeafBlight\LeafBlight_16.jpg,D:\ZaraiAI_Tomato_Cotton_Wheat\data\raw\wheat\wheat_disease_main\Wheat Disease\Original Dataset\LeafBlight\LeafBlight_16.jpg,1440,1080,3,JPEG,342954,97aef892a9df411e1f3018a8caad399fdf79fe6f582b825d58cf62530d05fa7e,train
wheat,HealthyLeaf,HealthyLeaf_93.jpg,data\raw\wheat\wheat_disease_main\Wheat Disease\Original Dataset\HealthyLeaf\HealthyLeaf_93.jpg,D:\ZaraiAI_Tomato_Cotton_Wheat\data\raw\wheat\wheat_disease_main\Wheat Disease\Original Dataset\HealthyLeaf\HealthyLeaf_93.jpg,1080,1440,3,JPEG,354840,f45cbbcd13b484046f09f17b352d4bf66f5ae7388be7a2a5ccd208c40874dab5,train
wheat,LeafBlight,LeafBlight_288.jpg,data\raw\wheat\wheat_disease_main\Wheat Disease\Original Dataset\LeafBlight\LeafBlight_288.jpg,D:\ZaraiAI_Tomato_Cotton_Wheat\data\raw\wheat\wheat_disease_main\Wheat Disease\Original Dataset\LeafBlight\LeafBlight_288.jpg,1440,1080,3,JPEG,304674,39e12175ef831de8b6d3e1a7a28b78055144c72d108b495546de6b1247944378,train
wheat,BlackPoint,BlackPoint_169.jpg,data\raw\wheat\wheat_disease_main\Wheat Disease\Original Dataset\BlackPoint\BlackPoint_169.jpg,D:\ZaraiAI_Tomato_Cotton_Wheat\data\raw\wheat\wheat_disease_main\Wheat Disease\Original Dataset\BlackPoint\BlackPoint_169.jpg,1080,1440,3,JPEG,182611,7b8df564eda5ae385f01b65f9e12a3abcb11d28c7cff7f5b279df697e688607a,train
wheat,BlackPoint,BlackPoint_152.jpg,data\raw\wheat\wheat_disease_main\Wheat Disease\Original Dataset\BlackPoint\BlackPoint_152.jpg,D:\ZaraiAI_Tomato_Cotton_Wheat\data\raw\wheat\wheat_disease_main\Wheat Disease\Original Dataset\BlackPoint\BlackPoint_152.jpg,1080,1440,3,JPEG,321619,13379f89ec5eca40d831a5d189e77cd8393615475ee8747b0d5f429ac392f3a2,train
wheat,HealthyLeaf,HealthyLeaf_14.jpg,data\raw\wheat\wheat_disease_main\Wheat Disease\Original Dataset\HealthyLeaf\HealthyLeaf_14.jpg,D:\ZaraiAI_Tomato_Cotton_Wheat\data\raw\wheat\wheat_disease_main\Wheat Disease\Original Dataset\HealthyLeaf\HealthyLeaf_14.jpg,1080,1440,3,JPEG,289751,cd20f2246818491c5d00a08531931ff17709cfb7414a7503e38ef01bfa417a3d,train
wheat,WheatBlast,WheatBlast_113.jpg,data\raw\wheat\wheat_disease_main\Wheat Disease\Original Dataset\WheatBlast\WheatBlast_113.jpg,D:\ZaraiAI_Tomato_Cotton_Wheat\data\raw\wheat\wheat_disease_main\Wheat Disease\Original Dataset\WheatBlast\WheatBlast_113.jpg,1440,1080,3,JPEG,396330,dd5a2866d9ed7ae9ae064f18e84fbd3e903da0c5b7e374c5f2c53ca0b080a041,train
wheat,FusariumFootRot,FusariumFootRot_126.jpg,data\raw\wheat\wheat_disease_main\Wheat Disease\Original Dataset\FusariumFootRot\FusariumFootRot_126.jpg,D:\ZaraiAI_Tomato_Cotton_Wheat\data\raw\wheat\wheat_disease_main\Wheat Disease\Original Dataset\FusariumFootRot\FusariumFootRot_126.jpg,1080,1440,3,JPEG,337334,c4ea3540b57a9b5bcd7383d6d9c1c88c84017828b30cf826908a53c75dcfae9f,train
wheat,HealthyLeaf,HealthyLeaf_18.jpg,data\raw\wheat\wheat_disease_main\Wheat Disease\Original Dataset\HealthyLeaf\HealthyLeaf_18.jpg,D:\ZaraiAI_Tomato_Cotton_Wheat\data\raw\wheat\wheat_disease_main\Wheat Disease\Original Dataset\HealthyLeaf\HealthyLeaf_18.jpg,1080,1440,3,JPEG,355912,91f87d52095225fb7586fc99a5d94a25cb0f383498e4fbc7cc5f4f2d8445912d,train
wheat,BlackPoint,BlackPoint_80.jpg,data\raw\wheat\wheat_disease_main\Wheat Disease\Original Dataset\BlackPoint\BlackPoint_80.jpg,D:\ZaraiAI_Tomato_Cotton_Wheat\data\raw\wheat\wheat_disease_main\Wheat Disease\Original Dataset\BlackPoint\BlackPoint_80.jpg,1080,1440,3,JPEG,271955,c27432841a06419e5c10aaa84212c041172af916a1a589b052f66f3b683e4fd4,train
wheat,BlackPoint,BlackPoint_204.jpg,data\raw\wheat\wheat_disease_main\Wheat Disease\Original Dataset\BlackPoint\BlackPoint_204.jpg,D:\ZaraiAI_Tomato_Cotton_Wheat\data\raw\wheat\wheat_disease_main\Wheat Disease\Original Dataset\BlackPoint\BlackPoint_204.jpg,1080,1440,3,JPEG,248460,3fc50b306d2e28a216568bbd3ff30427f1fb634fcb99ea4d861d2edd3b2820bd,train
wheat,LeafBlight,LeafBlight_268.jpg,data\raw\wheat\wheat_disease_main\Wheat Disease\Original Dataset\LeafBlight\LeafBlight_268.jpg,D:\ZaraiAI_Tomato_Cotton_Wheat\data\raw\wheat\wheat_disease_main\Wheat Disease\Original Dataset\LeafBlight\LeafBlight_268.jpg,1440,1080,3,JPEG,195127,d46b2a4194d288905a6b95fc5f63ad86f5df19bd9ddad71ac3ad872a38947451,train
wheat,WheatBlast,WheatBlast_357.jpg,data\raw\wheat\wheat_disease_main\Wheat Disease\Original Dataset\WheatBlast\WheatBlast_357.jpg,D:\ZaraiAI_Tomato_Cotton_Wheat\data\raw\wheat\wheat_disease_main\Wheat Disease\Original Dataset\WheatBlast\WheatBlast_357.jpg,1440,1080,3,JPEG,490100,1e7cdca42cbc9e364c5d287be41fe4e45cffb6a2632b6efd036108be257eece7,train
wheat,LeafBlight,LeafBlight_217.jpg,data\raw\wheat\wheat_disease_main\Wheat Disease\Original Dataset\LeafBlight\LeafBlight_217.jpg,D:\ZaraiAI_Tomato_Cotton_Wheat\data\raw\wheat\wheat_disease_main\Wheat Disease\Original Dataset\LeafBlight\LeafBlight_217.jpg,1440,1080,3,JPEG,339196,42c3f1c2b90673a9cdcd842abfbaeee3933f2a8fbe9d61785d078a47eb025f9a,train
wheat,BlackPoint,BlackPoint_62.jpg,data\raw\wheat\wheat_disease_main\Wheat Disease\Original Dataset\BlackPoint\BlackPoint_62.jpg,D:\ZaraiAI_Tomato_Cotton_Wheat\data\raw\wheat\wheat_disease_main\Wheat Disease\Original Dataset\BlackPoint\BlackPoint_62.jpg,1080,1440,3,JPEG,305184,73e5e2048c6b0ed22d382cdca81beece4c2ed4f0c010e88cd40b7ea469a90ac0,train
wheat,BlackPoint,BlackPoint_293.jpg,data\raw\wheat\wheat_disease_main\Wheat Disease\Original Dataset\BlackPoint\BlackPoint_293.jpg,D:\ZaraiAI_Tomato_Cotton_Wheat\data\raw\wheat\wheat_disease_main\Wheat Disease\Original Dataset\BlackPoint\BlackPoint_293.jpg,1080,1440,3,JPEG,299745,1430bd2ee5d21b0b29f8aa2c61717e08e701395bb502d2004217d99b7c714493,train
wheat,WheatBlast,WheatBlast_142.jpg,data\raw\wheat\wheat_disease_main\Wheat Disease\Original Dataset\WheatBlast\WheatBlast_142.jpg,D:\ZaraiAI_Tomato_Cotton_Wheat\data\raw\wheat\wheat_disease_main\Wheat Disease\Original Dataset\WheatBlast\WheatBlast_142.jpg,1440,1080,3,JPEG,455922,008d12829f7532555fb856f57655705b762762c7c20663b9b3e893f4a76aff66,train
wheat,HealthyLeaf,HealthyLeaf_29.jpg,data\raw\wheat\wheat_disease_main\Wheat Disease\Original Dataset\HealthyLeaf\HealthyLeaf_29.jpg,D:\ZaraiAI_Tomato_Cotton_Wheat\data\raw\wheat\wheat_disease_main\Wheat Disease\Original Dataset\HealthyLeaf\HealthyLeaf_29.jpg,1080,1440,3,JPEG,253833,799bdf9490950a9d4d7bb063d8c2f45d4d871915e9283191c67fcc70efc47909,train
wheat,WheatBlast,WheatBlast_226.jpg,data\raw\wheat\wheat_disease_main\Wheat Disease\Original Dataset\WheatBlast\WheatBlast_226.jpg,D:\ZaraiAI_Tomato_Cotton_Wheat\data\raw\wheat\wheat_disease_main\Wheat Disease\Original Dataset\WheatBlast\WheatBlast_226.jpg,1440,1080,3,JPEG,428752,a2215a6cb186bce9cc45f8d342eba927cfdae7b1a95b88452932d3c5a625867b,train
wheat,LeafBlight,LeafBlight_144.jpg,data\raw\wheat\wheat_disease_main\Wheat Disease\Original Dataset\LeafBlight\LeafBlight_144.jpg,D:\ZaraiAI_Tomato_Cotton_Wheat\data\raw\wheat\wheat_disease_main\Wheat Disease\Original Dataset\LeafBlight\LeafBlight_144.jpg,1440,1080,3,JPEG,338942,014b58ac17b19947498a0ae298d38d08ce24daa0e2c3a3626678ef4d8994dce0,train
wheat,FusariumFootRot,FusariumFootRot_250.jpg,data\raw\wheat\wheat_disease_main\Wheat Disease\Original Dataset\FusariumFootRot\FusariumFootRot_250.jpg,D:\ZaraiAI_Tomato_Cotton_Wheat\data\raw\wheat\wheat_disease_main\Wheat Disease\Original Dataset\FusariumFootRot\FusariumFootRot_250.jpg,1440,1080,3,JPEG,403198,1220ffb513c27d56baba9210d1054514c84998a951120188041dd1b344a2e8e9,train
wheat,HealthyLeaf,HealthyLeaf_22.jpg,data\raw\wheat\wheat_disease_main\Wheat Disease\Original Dataset\HealthyLeaf\HealthyLeaf_22.jpg,D:\ZaraiAI_Tomato_Cotton_Wheat\data\raw\wheat\wheat_disease_main\Wheat Disease\Original Dataset\HealthyLeaf\HealthyLeaf_22.jpg,1080,1440,3,JPEG,277016,c11f66893d92a5d32cfe82680613958c39b3672676c205b64f1333c1fdf58649,train
wheat,HealthyLeaf,HealthyLeaf_200.jpg,data\raw\wheat\wheat_disease_main\Wheat Disease\Original Dataset\HealthyLeaf\HealthyLeaf_200.jpg,D:\ZaraiAI_Tomato_Cotton_Wheat\data\raw\wheat\wheat_disease_main\Wheat Disease\Original Dataset\HealthyLeaf\HealthyLeaf_200.jpg,1080,1440,3,JPEG,287176,59d3950ba8968ab73293f9ee5e938ca68c9100f2e7512389f70973a06d174e43,train
wheat,HealthyLeaf,HealthyLeaf_217.jpg,data\raw\wheat\wheat_disease_main\Wheat Disease\Original Dataset\HealthyLeaf\HealthyLeaf_217.jpg,D:\ZaraiAI_Tomato_Cotton_Wheat\data\raw\wheat\wheat_disease_main\Wheat Disease\Original Dataset\HealthyLeaf\HealthyLeaf_217.jpg,1080,1440,3,JPEG,263034,c69806e7e76cc7cbbf072167c9a9de6157b620ceb9e2166851846114c650de21,train
wheat,BlackPoint,BlackPoint_176.jpg,data\raw\wheat\wheat_disease_main\Wheat Disease\Original Dataset\BlackPoint\BlackPoint_176.jpg,D:\ZaraiAI_Tomato_Cotton_Wheat\data\raw\wheat\wheat_disease_main\Wheat Disease\Original Dataset\BlackPoint\BlackPoint_176.jpg,1440,1080,3,JPEG,212058,3c197a7834f54b5034d7ee815c99ecc5214b0e3bca76f81ffd94261c903503eb,train
wheat,LeafBlight,LeafBlight_192.jpg,data\raw\wheat\wheat_disease_main\Wheat Disease\Original Dataset\LeafBlight\LeafBlight_192.jpg,D:\ZaraiAI_Tomato_Cotton_Wheat\data\raw\wheat\wheat_disease_main\Wheat Disease\Original Dataset\LeafBlight\LeafBlight_192.jpg,1440,1080,3,JPEG,293760,8f86ce94d1c31e120c5141b0d1f8751f43d5d964e2e125a4c05a97c33a229446,train
wheat,BlackPoint,BlackPoint_28.jpg,data\raw\wheat\wheat_disease_main\Wheat Disease\Original Dataset\BlackPoint\BlackPoint_28.jpg,D:\ZaraiAI_Tomato_Cotton_Wheat\data\raw\wheat\wheat_disease_main\Wheat Disease\Original Dataset\BlackPoint\BlackPoint_28.jpg,1080,1440,3,JPEG,271590,20c696dd8779ae2920655506f8a22249b711785c357d31d9a3621830a263020a,train
wheat,BlackPoint,BlackPoint_11.jpg,data\raw\wheat\wheat_disease_main\Wheat Disease\Original Dataset\BlackPoint\BlackPoint_11.jpg,D:\ZaraiAI_Tomato_Cotton_Wheat\data\raw\wheat\wheat_disease_main\Wheat Disease\Original Dataset\BlackPoint\BlackPoint_11.jpg,1080,1440,3,JPEG,353049,21d45706c11b9ddb85fe9d22f3e198895dc25a469b710070a3fb5a80240fd14a,train
wheat,WheatBlast,WheatBlast_241.jpg,data\raw\wheat\wheat_disease_main\Wheat Disease\Original Dataset\WheatBlast\WheatBlast_241.jpg,D:\ZaraiAI_Tomato_Cotton_Wheat\data\raw\wheat\wheat_disease_main\Wheat Disease\Original Dataset\WheatBlast\WheatBlast_241.jpg,1440,1080,3,JPEG,460188,991edfd2eb6b2aed8992ec4bbcabd0a7f16775d1a8dea4d106fb4f6dd01ccf1b,train
wheat,HealthyLeaf,HealthyLeaf_139.jpg,data\raw\wheat\wheat_disease_main\Wheat Disease\Original Dataset\HealthyLeaf\HealthyLeaf_139.jpg,D:\ZaraiAI_Tomato_Cotton_Wheat\data\raw\wheat\wheat_disease_main\Wheat Disease\Original Dataset\HealthyLeaf\HealthyLeaf_139.jpg,1080,1440,3,JPEG,245896,ffe4492e88f9973bf019aeb760085a3f93b5f4529c803df0a2a222148a42ec90,train
wheat,HealthyLeaf,HealthyLeaf_206.jpg,data\raw\wheat\wheat_disease_main\Wheat Disease\Original Dataset\HealthyLeaf\HealthyLeaf_206.jpg,D:\ZaraiAI_Tomato_Cotton_Wheat\data\raw\wheat\wheat_disease_main\Wheat Disease\Original Dataset\HealthyLeaf\HealthyLeaf_206.jpg,1080,1440,3,JPEG,324119,899767184d5e81712f2844302825fdb0d2c386954cfaad1d4d3c30cbb99f6139,train
wheat,LeafBlight,LeafBlight_289.jpg,data\raw\wheat\wheat_disease_main\Wheat Disease\Original Dataset\LeafBlight\LeafBlight_289.jpg,D:\ZaraiAI_Tomato_Cotton_Wheat\data\raw\wheat\wheat_disease_main\Wheat Disease\Original Dataset\LeafBlight\LeafBlight_289.jpg,1440,1080,3,JPEG,309155,40eef428092a02ae01808e46c81f0d29950b57822654c1dbe3b6f9d7745d3fb1,train
wheat,BlackPoint,BlackPoint_35.jpg,data\raw\wheat\wheat_disease_main\Wheat Disease\Original Dataset\BlackPoint\BlackPoint_35.jpg,D:\ZaraiAI_Tomato_Cotton_Wheat\data\raw\wheat\wheat_disease_main\Wheat Disease\Original Dataset\BlackPoint\BlackPoint_35.jpg,1080,1440,3,JPEG,229769,ec3b42840179eefd71174ab1e49d8255be8fea29edd5bab99119883f538f0253,train
wheat,BlackPoint,BlackPoint_183.jpg,data\raw\wheat\wheat_disease_main\Wheat Disease\Original Dataset\BlackPoint\BlackPoint_183.jpg,D:\ZaraiAI_Tomato_Cotton_Wheat\data\raw\wheat\wheat_disease_main\Wheat Disease\Original Dataset\BlackPoint\BlackPoint_183.jpg,1440,1080,3,JPEG,253410,8a339ce630473bb3a07f2df744679599655fe31660033b63446010f45e67b477,train
wheat,LeafBlight,LeafBlight_74.jpg,data\raw\wheat\wheat_disease_main\Wheat Disease\Original Dataset\LeafBlight\LeafBlight_74.jpg,D:\ZaraiAI_Tomato_Cotton_Wheat\data\raw\wheat\wheat_disease_main\Wheat Disease\Original Dataset\LeafBlight\LeafBlight_74.jpg,1440,1080,3,JPEG,351458,dca392a6b45dc2dadf56ba3f1ff7c8eac8329b76402735c1132cb6cb9669a9de,train
wheat,BlackPoint,BlackPoint_9.jpg,data\raw\wheat\wheat_disease_main\Wheat Disease\Original Dataset\BlackPoint\BlackPoint_9.jpg,D:\ZaraiAI_Tomato_Cotton_Wheat\data\raw\wheat\wheat_disease_main\Wheat Disease\Original Dataset\BlackPoint\BlackPoint_9.jpg,1080,1440,3,JPEG,265099,c3369f63e818bb4eccf9efc02e1664ab59fdce499aa88b4bce79bfc8fc71912a,train
wheat,LeafBlight,LeafBlight_182.jpg,data\raw\wheat\wheat_disease_main\Wheat Disease\Original Dataset\LeafBlight\LeafBlight_182.jpg,D:\ZaraiAI_Tomato_Cotton_Wheat\data\raw\wheat\wheat_disease_main\Wheat Disease\Original Dataset\LeafBlight\LeafBlight_182.jpg,1440,1080,3,JPEG,261806,2d4d2a1a2a63fef2025c9fbf0f27afc3df7aad23284dc38f5689aa91f0ca03c3,train
wheat,WheatBlast,WheatBlast_185.jpg,data\raw\wheat\wheat_disease_main\Wheat Disease\Original Dataset\WheatBlast\WheatBlast_185.jpg,D:\ZaraiAI_Tomato_Cotton_Wheat\data\raw\wheat\wheat_disease_main\Wheat Disease\Original Dataset\WheatBlast\WheatBlast_185.jpg,1440,1080,3,JPEG,479086,c6ef3ab75a780655466bc9c152fbe572ab7e95c59e9f39fd5a6f0a90e53a68a6,train
wheat,LeafBlight,LeafBlight_93.jpg,data\raw\wheat\wheat_disease_main\Wheat Disease\Original Dataset\LeafBlight\LeafBlight_93.jpg,D:\ZaraiAI_Tomato_Cotton_Wheat\data\raw\wheat\wheat_disease_main\Wheat Disease\Original Dataset\LeafBlight\LeafBlight_93.jpg,1440,1080,3,JPEG,356604,b715f2964af5549d53f5b50025f65322ee6f0ecad382564d695fef092b815018,train
wheat,WheatBlast,WheatBlast_150.jpg,data\raw\wheat\wheat_disease_main\Wheat Disease\Original Dataset\WheatBlast\WheatBlast_150.jpg,D:\ZaraiAI_Tomato_Cotton_Wheat\data\raw\wheat\wheat_disease_main\Wheat Disease\Original Dataset\WheatBlast\WheatBlast_150.jpg,1440,1080,3,JPEG,443006,84160faf0e21cb0026009abf537b70a3417324c932e8ace59ef2f1c52a2ba46c,train
wheat,BlackPoint,BlackPoint_37.jpg,data\raw\wheat\wheat_disease_main\Wheat Disease\Original Dataset\BlackPoint\BlackPoint_37.jpg,D:\ZaraiAI_Tomato_Cotton_Wheat\data\raw\wheat\wheat_disease_main\Wheat Disease\Original Dataset\BlackPoint\BlackPoint_37.jpg,1080,1440,3,JPEG,262963,35d49deb83cc0fe3dc4dcbfcfeac88afabd8132774f06191111682c39ee925d9,train
wheat,WheatBlast,WheatBlast_334.jpg,data\raw\wheat\wheat_disease_main\Wheat Disease\Original Dataset\WheatBlast\WheatBlast_334.jpg,D:\ZaraiAI_Tomato_Cotton_Wheat\data\raw\wheat\wheat_disease_main\Wheat Disease\Original Dataset\WheatBlast\WheatBlast_334.jpg,1440,1080,3,JPEG,535618,49b09513b3f1f7b7be627a5b6e3b9307ef17b542c7d52c2db65a04cf47843d49,train
wheat,LeafBlight,LeafBlight_24.jpg,data\raw\wheat\wheat_disease_main\Wheat Disease\Original Dataset\LeafBlight\LeafBlight_24.jpg,D:\ZaraiAI_Tomato_Cotton_Wheat\data\raw\wheat\wheat_disease_main\Wheat Disease\Original Dataset\LeafBlight\LeafBlight_24.jpg,1440,1080,3,JPEG,371653,0fd47757c2a4ce85d45342a26c3fbb1fadfee2881a007adca8052c3cbfc7fd7a,train
wheat,LeafBlight,LeafBlight_228.jpg,data\raw\wheat\wheat_disease_main\Wheat Disease\Original Dataset\LeafBlight\LeafBlight_228.jpg,D:\ZaraiAI_Tomato_Cotton_Wheat\data\raw\wheat\wheat_disease_main\Wheat Disease\Original Dataset\LeafBlight\LeafBlight_228.jpg,1440,1080,3,JPEG,316736,30752b2483d9ec8573c8ab453c0f8464f69170ced94a16c0daa8e6dd6e72b311,train
wheat,LeafBlight,LeafBlight_255.jpg,data\raw\wheat\wheat_disease_main\Wheat Disease\Original Dataset\LeafBlight\LeafBlight_255.jpg,D:\ZaraiAI_Tomato_Cotton_Wheat\data\raw\wheat\wheat_disease_main\Wheat Disease\Original Dataset\LeafBlight\LeafBlight_255.jpg,1440,1080,3,JPEG,181539,a0757f582e9c0a44df9bee5edae23453f20ffe4f95ecaf8019dc8f130b07027e,train
wheat,HealthyLeaf,HealthyLeaf_127.jpg,data\raw\wheat\wheat_disease_main\Wheat Disease\Original Dataset\HealthyLeaf\HealthyLeaf_127.jpg,D:\ZaraiAI_Tomato_Cotton_Wheat\data\raw\wheat\wheat_disease_main\Wheat Disease\Original Dataset\HealthyLeaf\HealthyLeaf_127.jpg,1080,1440,3,JPEG,361883,6ea70ab26cf7f8993e1603d3b899ee380aeafcbe0127de4ff4da17b83216fa48,train
wheat,LeafBlight,LeafBlight_126.jpg,data\raw\wheat\wheat_disease_main\Wheat Disease\Original Dataset\LeafBlight\LeafBlight_126.jpg,D:\ZaraiAI_Tomato_Cotton_Wheat\data\raw\wheat\wheat_disease_main\Wheat Disease\Original Dataset\LeafBlight\LeafBlight_126.jpg,1440,1080,3,JPEG,330921,a5cb843f5490a6072fbb4fd2b344d115da8fb0f57a7d6a1c33289802ba447f2b,train
wheat,LeafBlight,LeafBlight_361.jpg,data\raw\wheat\wheat_disease_main\Wheat Disease\Original Dataset\LeafBlight\LeafBlight_361.jpg,D:\ZaraiAI_Tomato_Cotton_Wheat\data\raw\wheat\wheat_disease_main\Wheat Disease\Original Dataset\LeafBlight\LeafBlight_361.jpg,1440,1080,3,JPEG,154838,ef0d3d5c811f8b1b90ee2f6f0f9f180b5024a3d8ec410e7a5f1e5923573da5e4,train
wheat,HealthyLeaf,HealthyLeaf_61.jpg,data\raw\wheat\wheat_disease_main\Wheat Disease\Original Dataset\HealthyLeaf\HealthyLeaf_61.jpg,D:\ZaraiAI_Tomato_Cotton_Wheat\data\raw\wheat\wheat_disease_main\Wheat Disease\Original Dataset\HealthyLeaf\HealthyLeaf_61.jpg,1080,1440,3,JPEG,409423,ec8c614434b19045ea34f0e7cb9adf7521b60e8f8cb1cda67a40fa6821b072cc,train
wheat,BlackPoint,BlackPoint_232.jpg,data\raw\wheat\wheat_disease_main\Wheat Disease\Original Dataset\BlackPoint\BlackPoint_232.jpg,D:\ZaraiAI_Tomato_Cotton_Wheat\data\raw\wheat\wheat_disease_main\Wheat Disease\Original Dataset\BlackPoint\BlackPoint_232.jpg,1440,1080,3,JPEG,129147,299e376947c1480d7d3db91ec379cf0ae148d02f7c3c4ca85937fc215f67f6fd,train
wheat,FusariumFootRot,FusariumFootRot_209.jpg,data\raw\wheat\wheat_disease_main\Wheat Disease\Original Dataset\FusariumFootRot\FusariumFootRot_209.jpg,D:\ZaraiAI_Tomato_Cotton_Wheat\data\raw\wheat\wheat_disease_main\Wheat Disease\Original Dataset\FusariumFootRot\FusariumFootRot_209.jpg,1080,1440,3,JPEG,424904,4d0c1400dc7f048acbf869d6e2bc14e499e743225949cd63345c04a65a21fe01,train
wheat,WheatBlast,WheatBlast_339.jpg,data\raw\wheat\wheat_disease_main\Wheat Disease\Original Dataset\WheatBlast\WheatBlast_339.jpg,D:\ZaraiAI_Tomato_Cotton_Wheat\data\raw\wheat\wheat_disease_main\Wheat Disease\Original Dataset\WheatBlast\WheatBlast_339.jpg,1440,1080,3,JPEG,380520,77a5ab9e33208dec5e4fe3ad2d67ce15c9ba0248369ce94a14a499aa0d22a3f3,train
wheat,BlackPoint,BlackPoint_302.jpg,data\raw\wheat\wheat_disease_main\Wheat Disease\Original Dataset\BlackPoint\BlackPoint_302.jpg,D:\ZaraiAI_Tomato_Cotton_Wheat\data\raw\wheat\wheat_disease_main\Wheat Disease\Original Dataset\BlackPoint\BlackPoint_302.jpg,1080,1440,3,JPEG,223881,aff29969920df95d61eef25391c3e039e879b87441269466dbd45655732a8fcc,train
wheat,BlackPoint,BlackPoint_217.jpg,data\raw\wheat\wheat_disease_main\Wheat Disease\Original Dataset\BlackPoint\BlackPoint_217.jpg,D:\ZaraiAI_Tomato_Cotton_Wheat\data\raw\wheat\wheat_disease_main\Wheat Disease\Original Dataset\BlackPoint\BlackPoint_217.jpg,1080,1440,3,JPEG,229990,f233dd7bd1e342eb4b565b1d5b165e31ac621112e1b59fbf08c9601f1b336475,train
wheat,FusariumFootRot,FusariumFootRot_25.jpg,data\raw\wheat\wheat_disease_main\Wheat Disease\Original Dataset\FusariumFootRot\FusariumFootRot_25.jpg,D:\ZaraiAI_Tomato_Cotton_Wheat\data\raw\wheat\wheat_disease_main\Wheat Disease\Original Dataset\FusariumFootRot\FusariumFootRot_25.jpg,1080,1440,3,JPEG,329237,433d6c0ec3c3566cadc9862aad7f6a4673e96269bb7a4a041fb8c6ff82378e82,train
wheat,WheatBlast,WheatBlast_362.jpg,data\raw\wheat\wheat_disease_main\Wheat Disease\Original Dataset\WheatBlast\WheatBlast_362.jpg,D:\ZaraiAI_Tomato_Cotton_Wheat\data\raw\wheat\wheat_disease_main\Wheat Disease\Original Dataset\WheatBlast\WheatBlast_362.jpg,1440,1080,3,JPEG,489542,dc88d54e2a2b233bb555d7fd3dccdb53e10e4d564684ae66e55c939e66cde837,train
wheat,BlackPoint,BlackPoint_250.jpg,data\raw\wheat\wheat_disease_main\Wheat Disease\Original Dataset\BlackPoint\BlackPoint_250.jpg,D:\ZaraiAI_Tomato_Cotton_Wheat\data\raw\wheat\wheat_disease_main\Wheat Disease\Original Dataset\BlackPoint\BlackPoint_250.jpg,1440,1080,3,JPEG,140014,20dca60a53b09c598ea5fc05a2e8d2ced413130ec01b7b897c888f00a27539a8,train
wheat,LeafBlight,LeafBlight_253.jpg,data\raw\wheat\wheat_disease_main\Wheat Disease\Original Dataset\LeafBlight\LeafBlight_253.jpg,D:\ZaraiAI_Tomato_Cotton_Wheat\data\raw\wheat\wheat_disease_main\Wheat Disease\Original Dataset\LeafBlight\LeafBlight_253.jpg,1080,1440,3,JPEG,153487,9495ae08df8f6895e857086fe2ced07539b16bfce1711db89c8a4b2aade4df03,train
wheat,FusariumFootRot,FusariumFootRot_164.jpg,data\raw\wheat\wheat_disease_main\Wheat Disease\Original Dataset\FusariumFootRot\FusariumFootRot_164.jpg,D:\ZaraiAI_Tomato_Cotton_Wheat\data\raw\wheat\wheat_disease_main\Wheat Disease\Original Dataset\FusariumFootRot\FusariumFootRot_164.jpg,1080,1440,3,JPEG,373700,43ca94e56272db3cbcf040a709a91b3739e4d8eea39c47d49c8a5bd44dcd98a0,train
wheat,BlackPoint,BlackPoint_126.jpg,data\raw\wheat\wheat_disease_main\Wheat Disease\Original Dataset\BlackPoint\BlackPoint_126.jpg,D:\ZaraiAI_Tomato_Cotton_Wheat\data\raw\wheat\wheat_disease_main\Wheat Disease\Original Dataset\BlackPoint\BlackPoint_126.jpg,1080,1440,3,JPEG,270029,dcc8ebc8070904c0f5830f69868d1c1e79b7e4d8a9731bafe4ce1ef34134e62e,train
wheat,HealthyLeaf,HealthyLeaf_21.jpg,data\raw\wheat\wheat_disease_main\Wheat Disease\Original Dataset\HealthyLeaf\HealthyLeaf_21.jpg,D:\ZaraiAI_Tomato_Cotton_Wheat\data\raw\wheat\wheat_disease_main\Wheat Disease\Original Dataset\HealthyLeaf\HealthyLeaf_21.jpg,1080,1440,3,JPEG,275127,26eb867ab471283aa11db6a25723a838a87701a2c96f6dc38d54db79bd6cc9da,train
wheat,HealthyLeaf,HealthyLeaf_58.jpg,data\raw\wheat\wheat_disease_main\Wheat Disease\Original Dataset\HealthyLeaf\HealthyLeaf_58.jpg,D:\ZaraiAI_Tomato_Cotton_Wheat\data\raw\wheat\wheat_disease_main\Wheat Disease\Original Dataset\HealthyLeaf\HealthyLeaf_58.jpg,1080,1440,3,JPEG,365892,7c85babe6be32f3eddecf91f85c8c9157d33ef6ada8edf852a6a31084e56d029,train
wheat,BlackPoint,BlackPoint_15.jpg,data\raw\wheat\wheat_disease_main\Wheat Disease\Original Dataset\BlackPoint\BlackPoint_15.jpg,D:\ZaraiAI_Tomato_Cotton_Wheat\data\raw\wheat\wheat_disease_main\Wheat Disease\Original Dataset\BlackPoint\BlackPoint_15.jpg,1080,1440,3,JPEG,261193,c077af40fe90cdcb2251c93cf1da593b80539e9c98d0f8c55c1d28b695da233a,train
wheat,HealthyLeaf,HealthyLeaf_42.jpg,data\raw\wheat\wheat_disease_main\Wheat Disease\Original Dataset\HealthyLeaf\HealthyLeaf_42.jpg,D:\ZaraiAI_Tomato_Cotton_Wheat\data\raw\wheat\wheat_disease_main\Wheat Disease\Original Dataset\HealthyLeaf\HealthyLeaf_42.jpg,1080,1440,3,JPEG,274874,b42dd8d9ee679f864a703ac951b8cb31f192d6cdea5e3a419b528fe0bed17079,train
wheat,FusariumFootRot,FusariumFootRot_162.jpg,data\raw\wheat\wheat_disease_main\Wheat Disease\Original Dataset\FusariumFootRot\FusariumFootRot_162.jpg,D:\ZaraiAI_Tomato_Cotton_Wheat\data\raw\wheat\wheat_disease_main\Wheat Disease\Original Dataset\FusariumFootRot\FusariumFootRot_162.jpg,1080,1440,3,JPEG,359581,fcea3e47c32aff5fbbf3fb142fca207c717b45c41d9e3e1ca14df3b61c12fd45,train
wheat,HealthyLeaf,HealthyLeaf_111.jpg,data\raw\wheat\wheat_disease_main\Wheat Disease\Original Dataset\HealthyLeaf\HealthyLeaf_111.jpg,D:\ZaraiAI_Tomato_Cotton_Wheat\data\raw\wheat\wheat_disease_main\Wheat Disease\Original Dataset\HealthyLeaf\HealthyLeaf_111.jpg,1080,1440,3,JPEG,375062,6daec5fba43034849b760ac971ee90cb9ef92bfd75bb1b8c8b8bf80ac1583072,train
wheat,LeafBlight,LeafBlight_285.jpg,data\raw\wheat\wheat_disease_main\Wheat Disease\Original Dataset\LeafBlight\LeafBlight_285.jpg,D:\ZaraiAI_Tomato_Cotton_Wheat\data\raw\wheat\wheat_disease_main\Wheat Disease\Original Dataset\LeafBlight\LeafBlight_285.jpg,1440,1080,3,JPEG,250628,1e70eb25e90643e7477b06131da931c8fb0766957eda493f24e0d942979cfcfb,train
wheat,LeafBlight,LeafBlight_299.jpg,data\raw\wheat\wheat_disease_main\Wheat Disease\Original Dataset\LeafBlight\LeafBlight_299.jpg,D:\ZaraiAI_Tomato_Cotton_Wheat\data\raw\wheat\wheat_disease_main\Wheat Disease\Original Dataset\LeafBlight\LeafBlight_299.jpg,1440,1080,3,JPEG,215821,c6a8f6899b041933956d169f807ce1376e780e7d26a2530ee71eb97300d17324,train
wheat,HealthyLeaf,HealthyLeaf_85.jpg,data\raw\wheat\wheat_disease_main\Wheat Disease\Original Dataset\HealthyLeaf\HealthyLeaf_85.jpg,D:\ZaraiAI_Tomato_Cotton_Wheat\data\raw\wheat\wheat_disease_main\Wheat Disease\Original Dataset\HealthyLeaf\HealthyLeaf_85.jpg,1080,1440,3,JPEG,295822,5a68e035e3ec14d4388f01d4c3789c9f4c886dd370e1e3219941756707a7272e,train
wheat,WheatBlast,WheatBlast_211.jpg,data\raw\wheat\wheat_disease_main\Wheat Disease\Original Dataset\WheatBlast\WheatBlast_211.jpg,D:\ZaraiAI_Tomato_Cotton_Wheat\data\raw\wheat\wheat_disease_main\Wheat Disease\Original Dataset\WheatBlast\WheatBlast_211.jpg,1440,1080,3,JPEG,347052,08452194c97f33b33a844637a401fb5be7ebf52017e2bfac9ab4f940a00eae5e,train
wheat,BlackPoint,BlackPoint_287.jpg,data\raw\wheat\wheat_disease_main\Wheat Disease\Original Dataset\BlackPoint\BlackPoint_287.jpg,D:\ZaraiAI_Tomato_Cotton_Wheat\data\raw\wheat\wheat_disease_main\Wheat Disease\Original Dataset\BlackPoint\BlackPoint_287.jpg,1080,1440,3,JPEG,239402,3a8b5133c17516089d27f74bcf29bc03cef886b5ab054a95d8ff92e29a98c7d3,train
wheat,LeafBlight,LeafBlight_193.jpg,data\raw\wheat\wheat_disease_main\Wheat Disease\Original Dataset\LeafBlight\LeafBlight_193.jpg,D:\ZaraiAI_Tomato_Cotton_Wheat\data\raw\wheat\wheat_disease_main\Wheat Disease\Original Dataset\LeafBlight\LeafBlight_193.jpg,1440,1080,3,JPEG,299440,bede8953e8d7c0e0f39b85c72e3ebbfdac3cd2be7ec666965a61eb07587fd906,train
wheat,BlackPoint,BlackPoint_100.jpg,data\raw\wheat\wheat_disease_main\Wheat Disease\Original Dataset\BlackPoint\BlackPoint_100.jpg,D:\ZaraiAI_Tomato_Cotton_Wheat\data\raw\wheat\wheat_disease_main\Wheat Disease\Original Dataset\BlackPoint\BlackPoint_100.jpg,1080,1440,3,JPEG,345573,7d54d24f173e5af5fda1471eaefba5902fe25df4c24418d483eebbb506ce2b0d,train
wheat,WheatBlast,WheatBlast_134.jpg,data\raw\wheat\wheat_disease_main\Wheat Disease\Original Dataset\WheatBlast\WheatBlast_134.jpg,D:\ZaraiAI_Tomato_Cotton_Wheat\data\raw\wheat\wheat_disease_main\Wheat Disease\Original Dataset\WheatBlast\WheatBlast_134.jpg,1440,1080,3,JPEG,406852,4a4376a3138e061e00b5b7951278e125c0a6595e8f70142624b6589fec0087e7,train
wheat,FusariumFootRot,FusariumFootRot_50.jpg,data\raw\wheat\wheat_disease_main\Wheat Disease\Original Dataset\FusariumFootRot\FusariumFootRot_50.jpg,D:\ZaraiAI_Tomato_Cotton_Wheat\data\raw\wheat\wheat_disease_main\Wheat Disease\Original Dataset\FusariumFootRot\FusariumFootRot_50.jpg,1080,1440,3,JPEG,548866,09ee9dc273f8b3063ccdf68cd33c2a73a61df395afbc6dde880e633aa83be288,train
wheat,HealthyLeaf,HealthyLeaf_49.jpg,data\raw\wheat\wheat_disease_main\Wheat Disease\Original Dataset\HealthyLeaf\HealthyLeaf_49.jpg,D:\ZaraiAI_Tomato_Cotton_Wheat\data\raw\wheat\wheat_disease_main\Wheat Disease\Original Dataset\HealthyLeaf\HealthyLeaf_49.jpg,1080,1440,3,JPEG,376370,39dc85f05a8badb7524294afc36841ff1e5753fb1ca6d76dd8c5a1cbcbef36cb,train
wheat,WheatBlast,WheatBlast_183.jpg,data\raw\wheat\wheat_disease_main\Wheat Disease\Original Dataset\WheatBlast\WheatBlast_183.jpg,D:\ZaraiAI_Tomato_Cotton_Wheat\data\raw\wheat\wheat_disease_main\Wheat Disease\Original Dataset\WheatBlast\WheatBlast_183.jpg,1440,1080,3,JPEG,424834,d96c48610a9d6cc940ca597538b5dcf83b7c85e9f912c87bf53889a12fe55a84,train
wheat,HealthyLeaf,HealthyLeaf_177.jpg,data\raw\wheat\wheat_disease_main\Wheat Disease\Original Dataset\HealthyLeaf\HealthyLeaf_177.jpg,D:\ZaraiAI_Tomato_Cotton_Wheat\data\raw\wheat\wheat_disease_main\Wheat Disease\Original Dataset\HealthyLeaf\HealthyLeaf_177.jpg,1080,1440,3,JPEG,397296,892c0630a0c899162b671670f6fb7887dfdcb9e9b1c78558c495abe98c3b7f82,train
wheat,LeafBlight,LeafBlight_257.jpg,data\raw\wheat\wheat_disease_main\Wheat Disease\Original Dataset\LeafBlight\LeafBlight_257.jpg,D:\ZaraiAI_Tomato_Cotton_Wheat\data\raw\wheat\wheat_disease_main\Wheat Disease\Original Dataset\LeafBlight\LeafBlight_257.jpg,1440,1080,3,JPEG,205613,c55213fda59cb8160cd9ac5c04f6700d60606ad5b613146dcfa5a593f239d675,train
wheat,BlackPoint,BlackPoint_56.jpg,data\raw\wheat\wheat_disease_main\Wheat Disease\Original Dataset\BlackPoint\BlackPoint_56.jpg,D:\ZaraiAI_Tomato_Cotton_Wheat\data\raw\wheat\wheat_disease_main\Wheat Disease\Original Dataset\BlackPoint\BlackPoint_56.jpg,1080,1440,3,JPEG,404778,fa3f6678cecdc7df49656052dc8a93054802f125a59a1a9e64ac792776de3537,train
wheat,LeafBlight,LeafBlight_70.jpg,data\raw\wheat\wheat_disease_main\Wheat Disease\Original Dataset\LeafBlight\LeafBlight_70.jpg,D:\ZaraiAI_Tomato_Cotton_Wheat\data\raw\wheat\wheat_disease_main\Wheat Disease\Original Dataset\LeafBlight\LeafBlight_70.jpg,1440,1080,3,JPEG,289711,f0f9ef9d01c2a4bf0ccc9c099cebb1d16f56ea2a59c0f744b8204c2222a66555,train
wheat,FusariumFootRot,FusariumFootRot_81.jpg,data\raw\wheat\wheat_disease_main\Wheat Disease\Original Dataset\FusariumFootRot\FusariumFootRot_81.jpg,D:\ZaraiAI_Tomato_Cotton_Wheat\data\raw\wheat\wheat_disease_main\Wheat Disease\Original Dataset\FusariumFootRot\FusariumFootRot_81.jpg,1080,1440,3,JPEG,449937,a66cbc0a757baab6e0157e800ec27fc926d7af33d9025aac399fac9c5e36c7b3,train
wheat,WheatBlast,WheatBlast_10.jpg,data\raw\wheat\wheat_disease_main\Wheat Disease\Original Dataset\WheatBlast\WheatBlast_10.jpg,D:\ZaraiAI_Tomato_Cotton_Wheat\data\raw\wheat\wheat_disease_main\Wheat Disease\Original Dataset\WheatBlast\WheatBlast_10.jpg,1440,1080,3,JPEG,420808,f13dd26275963fa7d1d9dbd28491f472d55ddf584a8657f1acd6e2024894145e,train
wheat,FusariumFootRot,FusariumFootRot_244.jpg,data\raw\wheat\wheat_disease_main\Wheat Disease\Original Dataset\FusariumFootRot\FusariumFootRot_244.jpg,D:\ZaraiAI_Tomato_Cotton_Wheat\data\raw\wheat\wheat_disease_main\Wheat Disease\Original Dataset\FusariumFootRot\FusariumFootRot_244.jpg,1080,1440,3,JPEG,402527,5a1a8df1a57520f115383dd3504cdce794a8d0126095e58d256f077331f96671,train
wheat,WheatBlast,WheatBlast_141.jpg,data\raw\wheat\wheat_disease_main\Wheat Disease\Original Dataset\WheatBlast\WheatBlast_141.jpg,D:\ZaraiAI_Tomato_Cotton_Wheat\data\raw\wheat\wheat_disease_main\Wheat Disease\Original Dataset\WheatBlast\WheatBlast_141.jpg,1440,1080,3,JPEG,415314,65d48d0423010f04e9456ae2e20525a0ad2eaa6059f52ca7f5353b7162d2ed2f,train
wheat,FusariumFootRot,FusariumFootRot_66.jpg,data\raw\wheat\wheat_disease_main\Wheat Disease\Original Dataset\FusariumFootRot\FusariumFootRot_66.jpg,D:\ZaraiAI_Tomato_Cotton_Wheat\data\raw\wheat\wheat_disease_main\Wheat Disease\Original Dataset\FusariumFootRot\FusariumFootRot_66.jpg,1080,1440,3,JPEG,421746,0174eff376376638c765cdd5b1e2d23b47e37e2e85cc4283a78cdc90cef9945a,train
wheat,BlackPoint,BlackPoint_297.jpg,data\raw\wheat\wheat_disease_main\Wheat Disease\Original Dataset\BlackPoint\BlackPoint_297.jpg,D:\ZaraiAI_Tomato_Cotton_Wheat\data\raw\wheat\wheat_disease_main\Wheat Disease\Original Dataset\BlackPoint\BlackPoint_297.jpg,1080,1440,3,JPEG,239017,f6915142b93890c735cf9fdf24030ceecb1a60ec4575e4d47c68554ce55a3c25,train
wheat,BlackPoint,BlackPoint_76.jpg,data\raw\wheat\wheat_disease_main\Wheat Disease\Original Dataset\BlackPoint\BlackPoint_76.jpg,D:\ZaraiAI_Tomato_Cotton_Wheat\data\raw\wheat\wheat_disease_main\Wheat Disease\Original Dataset\BlackPoint\BlackPoint_76.jpg,1080,1440,3,JPEG,276779,2e2fae104d00c01665dc596eef233a68bc77320144d1a090873c87549b976914,train
wheat,FusariumFootRot,FusariumFootRot_128.jpg,data\raw\wheat\wheat_disease_main\Wheat Disease\Original Dataset\FusariumFootRot\FusariumFootRot_128.jpg,D:\ZaraiAI_Tomato_Cotton_Wheat\data\raw\wheat\wheat_disease_main\Wheat Disease\Original Dataset\FusariumFootRot\FusariumFootRot_128.jpg,1080,1440,3,JPEG,402516,7576260d48bf989067a9447de39e18c2dc2f615927bc179dbb6bd97f26db8076,train
wheat,FusariumFootRot,FusariumFootRot_86.jpg,data\raw\wheat\wheat_disease_main\Wheat Disease\Original Dataset\FusariumFootRot\FusariumFootRot_86.jpg,D:\ZaraiAI_Tomato_Cotton_Wheat\data\raw\wheat\wheat_disease_main\Wheat Disease\Original Dataset\FusariumFootRot\FusariumFootRot_86.jpg,1080,1440,3,JPEG,343201,dc8cad57e8f27c3e58a1bbebd1af26f119193533b20e217c10b92c5734d8b3da,train
wheat,WheatBlast,WheatBlast_379.jpg,data\raw\wheat\wheat_disease_main\Wheat Disease\Original Dataset\WheatBlast\WheatBlast_379.jpg,D:\ZaraiAI_Tomato_Cotton_Wheat\data\raw\wheat\wheat_disease_main\Wheat Disease\Original Dataset\WheatBlast\WheatBlast_379.jpg,1440,1080,3,JPEG,454084,f66a811529cfc2b968dc8a2b3bdd56ca545ca3afa6d703bfd94717bde075038b,train
wheat,WheatBlast,WheatBlast_152.jpg,data\raw\wheat\wheat_disease_main\Wheat Disease\Original Dataset\WheatBlast\WheatBlast_152.jpg,D:\ZaraiAI_Tomato_Cotton_Wheat\data\raw\wheat\wheat_disease_main\Wheat Disease\Original Dataset\WheatBlast\WheatBlast_152.jpg,1440,1080,3,JPEG,453855,e7f65a09a82f9b08a60c7e4e036a000a73dbc04529bb14cbf0c600127e515282,train
wheat,WheatBlast,WheatBlast_384.jpg,data\raw\wheat\wheat_disease_main\Wheat Disease\Original Dataset\WheatBlast\WheatBlast_384.jpg,D:\ZaraiAI_Tomato_Cotton_Wheat\data\raw\wheat\wheat_disease_main\Wheat Disease\Original Dataset\WheatBlast\WheatBlast_384.jpg,1440,1080,3,JPEG,453871,4653ba09845ed7bfbf39e24de222c129e66e1ff9b7495ec0af41014b833ed36f,train
wheat,LeafBlight,LeafBlight_183.jpg,data\raw\wheat\wheat_disease_main\Wheat Disease\Original Dataset\LeafBlight\LeafBlight_183.jpg,D:\ZaraiAI_Tomato_Cotton_Wheat\data\raw\wheat\wheat_disease_main\Wheat Disease\Original Dataset\LeafBlight\LeafBlight_183.jpg,1440,1080,3,JPEG,262201,8506240997c53ab3307d4e2f01d7c4c2a7b763887b40384a42aad1689f18b397,train
wheat,WheatBlast,WheatBlast_108.jpg,data\raw\wheat\wheat_disease_main\Wheat Disease\Original Dataset\WheatBlast\WheatBlast_108.jpg,D:\ZaraiAI_Tomato_Cotton_Wheat\data\raw\wheat\wheat_disease_main\Wheat Disease\Original Dataset\WheatBlast\WheatBlast_108.jpg,1440,1080,3,JPEG,425451,065836e9b874a6422c86923f14dfa4612c0963ef1fc21eedc0fcb108ac74d126,train
wheat,LeafBlight,LeafBlight_382.jpg,data\raw\wheat\wheat_disease_main\Wheat Disease\Original Dataset\LeafBlight\LeafBlight_382.jpg,D:\ZaraiAI_Tomato_Cotton_Wheat\data\raw\wheat\wheat_disease_main\Wheat Disease\Original Dataset\LeafBlight\LeafBlight_382.jpg,1440,1080,3,JPEG,206715,e505bb504cd3481742d94fe44bce8a005e7272146f8cb8f9e35bb2b154a203b7,train
wheat,HealthyLeaf,HealthyLeaf_159.jpg,data\raw\wheat\wheat_disease_main\Wheat Disease\Original Dataset\HealthyLeaf\HealthyLeaf_159.jpg,D:\ZaraiAI_Tomato_Cotton_Wheat\data\raw\wheat\wheat_disease_main\Wheat Disease\Original Dataset\HealthyLeaf\HealthyLeaf_159.jpg,1080,1440,3,JPEG,373847,1ec3d085f30baa227d72bb21e0809b10555f0c75a3c23d0d5263513b161c67cb,train
wheat,LeafBlight,LeafBlight_156.jpg,data\raw\wheat\wheat_disease_main\Wheat Disease\Original Dataset\LeafBlight\LeafBlight_156.jpg,D:\ZaraiAI_Tomato_Cotton_Wheat\data\raw\wheat\wheat_disease_main\Wheat Disease\Original Dataset\LeafBlight\LeafBlight_156.jpg,1440,1080,3,JPEG,412587,19c8a51398026f03e847c3ae4c2a5a350afd3b3d4aa92e3bd8c32c95eaf1ca23,train
wheat,FusariumFootRot,FusariumFootRot_97.jpg,data\raw\wheat\wheat_disease_main\Wheat Disease\Original Dataset\FusariumFootRot\FusariumFootRot_97.jpg,D:\ZaraiAI_Tomato_Cotton_Wheat\data\raw\wheat\wheat_disease_main\Wheat Disease\Original Dataset\FusariumFootRot\FusariumFootRot_97.jpg,1080,1440,3,JPEG,378130,440ec10ca4be300138c7b4356b794fed1406f39ea546b77e06a754c27b1489c7,train
wheat,BlackPoint,BlackPoint_222.jpg,data\raw\wheat\wheat_disease_main\Wheat Disease\Original Dataset\BlackPoint\BlackPoint_222.jpg,D:\ZaraiAI_Tomato_Cotton_Wheat\data\raw\wheat\wheat_disease_main\Wheat Disease\Original Dataset\BlackPoint\BlackPoint_222.jpg,1440,1080,3,JPEG,166149,bffad90ac9f9420609048a5a6c9d7fbefa42fd2a0c4e44947a940966cabb6268,train
wheat,LeafBlight,LeafBlight_170.jpg,data\raw\wheat\wheat_disease_main\Wheat Disease\Original Dataset\LeafBlight\LeafBlight_170.jpg,D:\ZaraiAI_Tomato_Cotton_Wheat\data\raw\wheat\wheat_disease_main\Wheat Disease\Original Dataset\LeafBlight\LeafBlight_170.jpg,1440,1080,3,JPEG,238520,1c0976627632bbda9044154b5dad6eff4a3f290fdee76ecaef36cf1cd693d4b7,train
wheat,FusariumFootRot,FusariumFootRot_3.jpg,data\raw\wheat\wheat_disease_main\Wheat Disease\Original Dataset\FusariumFootRot\FusariumFootRot_3.jpg,D:\ZaraiAI_Tomato_Cotton_Wheat\data\raw\wheat\wheat_disease_main\Wheat Disease\Original Dataset\FusariumFootRot\FusariumFootRot_3.jpg,1080,1440,3,JPEG,440527,dd25f0063928c5b5eb620c3d10f6e0b82b65643862f02f548849973654dd9b4c,train
wheat,FusariumFootRot,FusariumFootRot_189.jpg,data\raw\wheat\wheat_disease_main\Wheat Disease\Original Dataset\FusariumFootRot\FusariumFootRot_189.jpg,D:\ZaraiAI_Tomato_Cotton_Wheat\data\raw\wheat\wheat_disease_main\Wheat Disease\Original Dataset\FusariumFootRot\FusariumFootRot_189.jpg,1080,1440,3,JPEG,456298,36adcb3afb4245b0276cbf32418cac98a890457ad5ba97bb934386229c68a175,train
wheat,HealthyLeaf,HealthyLeaf_207.jpg,data\raw\wheat\wheat_disease_main\Wheat Disease\Original Dataset\HealthyLeaf\HealthyLeaf_207.jpg,D:\ZaraiAI_Tomato_Cotton_Wheat\data\raw\wheat\wheat_disease_main\Wheat Disease\Original Dataset\HealthyLeaf\HealthyLeaf_207.jpg,1080,1440,3,JPEG,306942,d2dcaa0b8d0d9bcc09725b29039da933a47f623f7c8130e3d0cfcf15099affe4,train
wheat,FusariumFootRot,FusariumFootRot_111.jpg,data\raw\wheat\wheat_disease_main\Wheat Disease\Original Dataset\FusariumFootRot\FusariumFootRot_111.jpg,D:\ZaraiAI_Tomato_Cotton_Wheat\data\raw\wheat\wheat_disease_main\Wheat Disease\Original Dataset\FusariumFootRot\FusariumFootRot_111.jpg,1080,1440,3,JPEG,317913,26744ad096ea879bea5111af202979a24defbeea164de23b6e0c934d60e40d71,train
wheat,HealthyLeaf,HealthyLeaf_240.jpg,data\raw\wheat\wheat_disease_main\Wheat Disease\Original Dataset\HealthyLeaf\HealthyLeaf_240.jpg,D:\ZaraiAI_Tomato_Cotton_Wheat\data\raw\wheat\wheat_disease_main\Wheat Disease\Original Dataset\HealthyLeaf\HealthyLeaf_240.jpg,1080,1440,3,JPEG,370182,9156b428f667854ca9d07afe552778c950c73a428058d1c95e0b5be12ec1304d,train
wheat,HealthyLeaf,HealthyLeaf_99.jpg,data\raw\wheat\wheat_disease_main\Wheat Disease\Original Dataset\HealthyLeaf\HealthyLeaf_99.jpg,D:\ZaraiAI_Tomato_Cotton_Wheat\data\raw\wheat\wheat_disease_main\Wheat Disease\Original Dataset\HealthyLeaf\HealthyLeaf_99.jpg,1080,1440,3,JPEG,406793,817cd034d18d95e25187a48bb988acc7c8518c742755790ba95bdcdd57dd2635,train
wheat,WheatBlast,WheatBlast_111.jpg,data\raw\wheat\wheat_disease_main\Wheat Disease\Original Dataset\WheatBlast\WheatBlast_111.jpg,D:\ZaraiAI_Tomato_Cotton_Wheat\data\raw\wheat\wheat_disease_main\Wheat Disease\Original Dataset\WheatBlast\WheatBlast_111.jpg,1440,1080,3,JPEG,395860,070000637209123004db0aabc2aecac0a8625d734e68feb0d63dabc1e4c6bad6,train
wheat,BlackPoint,BlackPoint_174.jpg,data\raw\wheat\wheat_disease_main\Wheat Disease\Original Dataset\BlackPoint\BlackPoint_174.jpg,D:\ZaraiAI_Tomato_Cotton_Wheat\data\raw\wheat\wheat_disease_main\Wheat Disease\Original Dataset\BlackPoint\BlackPoint_174.jpg,1440,1080,3,JPEG,200035,fb713dcbfe1dd1807e69b6ca039849cf2d73cbd3906f2f59da12fd663396c07e,train
wheat,FusariumFootRot,FusariumFootRot_190.jpg,data\raw\wheat\wheat_disease_main\Wheat Disease\Original Dataset\FusariumFootRot\FusariumFootRot_190.jpg,D:\ZaraiAI_Tomato_Cotton_Wheat\data\raw\wheat\wheat_disease_main\Wheat Disease\Original Dataset\FusariumFootRot\FusariumFootRot_190.jpg,1080,1440,3,JPEG,460085,f641e3814f3af965c5cc733fc952b0bd7bbc0f30f97495c04bb3ba346a8254a8,train
wheat,LeafBlight,LeafBlight_262.jpg,data\raw\wheat\wheat_disease_main\Wheat Disease\Original Dataset\LeafBlight\LeafBlight_262.jpg,D:\ZaraiAI_Tomato_Cotton_Wheat\data\raw\wheat\wheat_disease_main\Wheat Disease\Original Dataset\LeafBlight\LeafBlight_262.jpg,1440,1080,3,JPEG,239646,3dd3d1bebba55162cc28a8728362ffad09a4db4305b348b57dbc4d0b0cbc7486,train
wheat,LeafBlight,LeafBlight_376.jpg,data\raw\wheat\wheat_disease_main\Wheat Disease\Original Dataset\LeafBlight\LeafBlight_376.jpg,D:\ZaraiAI_Tomato_Cotton_Wheat\data\raw\wheat\wheat_disease_main\Wheat Disease\Original Dataset\LeafBlight\LeafBlight_376.jpg,1440,1080,3,JPEG,171027,e4473ec5c34f5cffb121e2026a6737df12eb025d149b4e064f420c8d53c566aa,train
wheat,LeafBlight,LeafBlight_87.jpg,data\raw\wheat\wheat_disease_main\Wheat Disease\Original Dataset\LeafBlight\LeafBlight_87.jpg,D:\ZaraiAI_Tomato_Cotton_Wheat\data\raw\wheat\wheat_disease_main\Wheat Disease\Original Dataset\LeafBlight\LeafBlight_87.jpg,1440,1080,3,JPEG,338226,efa0c15d0cf15cb68b24d99a03c9a056e24d94c335cb733cef9a3e34beb4f358,train
wheat,HealthyLeaf,HealthyLeaf_19.jpg,data\raw\wheat\wheat_disease_main\Wheat Disease\Original Dataset\HealthyLeaf\HealthyLeaf_19.jpg,D:\ZaraiAI_Tomato_Cotton_Wheat\data\raw\wheat\wheat_disease_main\Wheat Disease\Original Dataset\HealthyLeaf\HealthyLeaf_19.jpg,1080,1440,3,JPEG,278707,fb7045c67e886f0ffa68388c1d9c9f5e1907e6bc167700bf2aa51a5288877945,train
wheat,BlackPoint,BlackPoint_200.jpg,data\raw\wheat\wheat_disease_main\Wheat Disease\Original Dataset\BlackPoint\BlackPoint_200.jpg,D:\ZaraiAI_Tomato_Cotton_Wheat\data\raw\wheat\wheat_disease_main\Wheat Disease\Original Dataset\BlackPoint\BlackPoint_200.jpg,1080,1440,3,JPEG,367003,81a4aa53ee90962c9251db2c67b49c4313373e8899d6d1644a92d12a18a7fe7a,train
wheat,WheatBlast,WheatBlast_30.jpg,data\raw\wheat\wheat_disease_main\Wheat Disease\Original Dataset\WheatBlast\WheatBlast_30.jpg,D:\ZaraiAI_Tomato_Cotton_Wheat\data\raw\wheat\wheat_disease_main\Wheat Disease\Original Dataset\WheatBlast\WheatBlast_30.jpg,1440,1080,3,JPEG,353628,8ecc48d2f5e0c4ea49df8ddd40e5a55537e46c9a8eb123ed5ce3125ab6fbc158,train
wheat,FusariumFootRot,FusariumFootRot_195.jpg,data\raw\wheat\wheat_disease_main\Wheat Disease\Original Dataset\FusariumFootRot\FusariumFootRot_195.jpg,D:\ZaraiAI_Tomato_Cotton_Wheat\data\raw\wheat\wheat_disease_main\Wheat Disease\Original Dataset\FusariumFootRot\FusariumFootRot_195.jpg,1080,1440,3,JPEG,416687,9a412eaf739eeb4a814ed48f7b8a6f970cd3c2b264839d6d212019f2bed3003c,train
wheat,WheatBlast,WheatBlast_84.jpg,data\raw\wheat\wheat_disease_main\Wheat Disease\Original Dataset\WheatBlast\WheatBlast_84.jpg,D:\ZaraiAI_Tomato_Cotton_Wheat\data\raw\wheat\wheat_disease_main\Wheat Disease\Original Dataset\WheatBlast\WheatBlast_84.jpg,1440,1080,3,JPEG,462355,923d5e1aa4204c2a19167507ca4fb06d00547ae22343da5da7ac53944c4737cc,train
wheat,BlackPoint,BlackPoint_26.jpg,data\raw\wheat\wheat_disease_main\Wheat Disease\Original Dataset\BlackPoint\BlackPoint_26.jpg,D:\ZaraiAI_Tomato_Cotton_Wheat\data\raw\wheat\wheat_disease_main\Wheat Disease\Original Dataset\BlackPoint\BlackPoint_26.jpg,1080,1440,3,JPEG,222423,84f9180fed1f6dd4c5daea2baa88cac4f45708866e4a8b1d16c485a086167549,train
wheat,FusariumFootRot,FusariumFootRot_102.jpg,data\raw\wheat\wheat_disease_main\Wheat Disease\Original Dataset\FusariumFootRot\FusariumFootRot_102.jpg,D:\ZaraiAI_Tomato_Cotton_Wheat\data\raw\wheat\wheat_disease_main\Wheat Disease\Original Dataset\FusariumFootRot\FusariumFootRot_102.jpg,1080,1440,3,JPEG,312409,09f3e663135cb77878ba35e2b26767d31a36e8d20b069fb4488c7e81178d4043,train
wheat,WheatBlast,WheatBlast_259.jpg,data\raw\wheat\wheat_disease_main\Wheat Disease\Original Dataset\WheatBlast\WheatBlast_259.jpg,D:\ZaraiAI_Tomato_Cotton_Wheat\data\raw\wheat\wheat_disease_main\Wheat Disease\Original Dataset\WheatBlast\WheatBlast_259.jpg,1440,1080,3,JPEG,440816,10845ad2b2e42eec05fde41ced2c981791cc7b17765f588cc9bde1e8f1ce5a2f,train
wheat,LeafBlight,LeafBlight_137.jpg,data\raw\wheat\wheat_disease_main\Wheat Disease\Original Dataset\LeafBlight\LeafBlight_137.jpg,D:\ZaraiAI_Tomato_Cotton_Wheat\data\raw\wheat\wheat_disease_main\Wheat Disease\Original Dataset\LeafBlight\LeafBlight_137.jpg,1440,1080,3,JPEG,341517,a53f7f20f38368fe31c98298fde10367e6eedd64f04550f30e99192093953fac,train
wheat,FusariumFootRot,FusariumFootRot_204.jpg,data\raw\wheat\wheat_disease_main\Wheat Disease\Original Dataset\FusariumFootRot\FusariumFootRot_204.jpg,D:\ZaraiAI_Tomato_Cotton_Wheat\data\raw\wheat\wheat_disease_main\Wheat Disease\Original Dataset\FusariumFootRot\FusariumFootRot_204.jpg,1080,1440,3,JPEG,354280,43a4f9169a0e68915c3282d3ac64e75bc21987bd12753208c07aaf5665435f7a,train
wheat,LeafBlight,LeafBlight_224.jpg,data\raw\wheat\wheat_disease_main\Wheat Disease\Original Dataset\LeafBlight\LeafBlight_224.jpg,D:\ZaraiAI_Tomato_Cotton_Wheat\data\raw\wheat\wheat_disease_main\Wheat Disease\Original Dataset\LeafBlight\LeafBlight_224.jpg,1440,1080,3,JPEG,341769,c912e33999290092f52e209ad5d127b0e99df07d005eb1452295379656b17b05,train
wheat,HealthyLeaf,HealthyLeaf_162.jpg,data\raw\wheat\wheat_disease_main\Wheat Disease\Original Dataset\HealthyLeaf\HealthyLeaf_162.jpg,D:\ZaraiAI_Tomato_Cotton_Wheat\data\raw\wheat\wheat_disease_main\Wheat Disease\Original Dataset\HealthyLeaf\HealthyLeaf_162.jpg,1443,1080,3,JPEG,629574,e53310726a5956f7bf533f9484c3d335861e23b0181bf638aa294d3d75e7db9f,train
wheat,LeafBlight,LeafBlight_199.jpg,data\raw\wheat\wheat_disease_main\Wheat Disease\Original Dataset\LeafBlight\LeafBlight_199.jpg,D:\ZaraiAI_Tomato_Cotton_Wheat\data\raw\wheat\wheat_disease_main\Wheat Disease\Original Dataset\LeafBlight\LeafBlight_199.jpg,1440,1080,3,JPEG,413151,3257b637180f288f20332e344c70116e5cad68d0af46d0301b56e44597282e85,train
wheat,WheatBlast,WheatBlast_197.jpg,data\raw\wheat\wheat_disease_main\Wheat Disease\Original Dataset\WheatBlast\WheatBlast_197.jpg,D:\ZaraiAI_Tomato_Cotton_Wheat\data\raw\wheat\wheat_disease_main\Wheat Disease\Original Dataset\WheatBlast\WheatBlast_197.jpg,1440,1080,3,JPEG,435104,cc7bedeb546a62f14e8e611dab829b5c40d12df97cc0c1c345d0fea111732ba2,train
wheat,WheatBlast,WheatBlast_346.jpg,data\raw\wheat\wheat_disease_main\Wheat Disease\Original Dataset\WheatBlast\WheatBlast_346.jpg,D:\ZaraiAI_Tomato_Cotton_Wheat\data\raw\wheat\wheat_disease_main\Wheat Disease\Original Dataset\WheatBlast\WheatBlast_346.jpg,1440,1080,3,JPEG,540524,dc4d30c9d407b0cbccfe576cc05824f7685ac97a7b57fa11184b9451ad2c8108,train
wheat,WheatBlast,WheatBlast_72.jpg,data\raw\wheat\wheat_disease_main\Wheat Disease\Original Dataset\WheatBlast\WheatBlast_72.jpg,D:\ZaraiAI_Tomato_Cotton_Wheat\data\raw\wheat\wheat_disease_main\Wheat Disease\Original Dataset\WheatBlast\WheatBlast_72.jpg,1440,1080,3,JPEG,502777,d0a1b0b27ee63f024fcdf975fb1c9936162e0f68820a0003ddfeaee0e1641f68,train
wheat,LeafBlight,LeafBlight_178.jpg,data\raw\wheat\wheat_disease_main\Wheat Disease\Original Dataset\LeafBlight\LeafBlight_178.jpg,D:\ZaraiAI_Tomato_Cotton_Wheat\data\raw\wheat\wheat_disease_main\Wheat Disease\Original Dataset\LeafBlight\LeafBlight_178.jpg,1440,1080,3,JPEG,279312,cd06b0a590785b0c13eaf404eb2fbcfd847e1fa66b3163905ee1f34113d6a6e0,train
wheat,BlackPoint,BlackPoint_167.jpg,data\raw\wheat\wheat_disease_main\Wheat Disease\Original Dataset\BlackPoint\BlackPoint_167.jpg,D:\ZaraiAI_Tomato_Cotton_Wheat\data\raw\wheat\wheat_disease_main\Wheat Disease\Original Dataset\BlackPoint\BlackPoint_167.jpg,1080,1440,3,JPEG,287872,4161c7dbd53c6145fe298b4f0912f6d88820b87655c5f79ef43d72d187849ab7,train
wheat,LeafBlight,LeafBlight_278.jpg,data\raw\wheat\wheat_disease_main\Wheat Disease\Original Dataset\LeafBlight\LeafBlight_278.jpg,D:\ZaraiAI_Tomato_Cotton_Wheat\data\raw\wheat\wheat_disease_main\Wheat Disease\Original Dataset\LeafBlight\LeafBlight_278.jpg,1440,1080,3,JPEG,275561,2359e4b9cdc649a6d4012d4ab8187f961613d8e42f61ded204cd134409c638d8,train
wheat,FusariumFootRot,FusariumFootRot_220.jpg,data\raw\wheat\wheat_disease_main\Wheat Disease\Original Dataset\FusariumFootRot\FusariumFootRot_220.jpg,D:\ZaraiAI_Tomato_Cotton_Wheat\data\raw\wheat\wheat_disease_main\Wheat Disease\Original Dataset\FusariumFootRot\FusariumFootRot_220.jpg,1080,1440,3,JPEG,365409,6071b476328a13a89d9b266affa863de74894f2c8cc981f822341f5a226e312b,train
wheat,HealthyLeaf,HealthyLeaf_17.jpg,data\raw\wheat\wheat_disease_main\Wheat Disease\Original Dataset\HealthyLeaf\HealthyLeaf_17.jpg,D:\ZaraiAI_Tomato_Cotton_Wheat\data\raw\wheat\wheat_disease_main\Wheat Disease\Original Dataset\HealthyLeaf\HealthyLeaf_17.jpg,1080,1440,3,JPEG,244878,0c689ae8fc3604f83665f5a064d5c5459bbc2736322ad5d9c35ab51a581cedd5,train
wheat,LeafBlight,LeafBlight_46.jpg,data\raw\wheat\wheat_disease_main\Wheat Disease\Original Dataset\LeafBlight\LeafBlight_46.jpg,D:\ZaraiAI_Tomato_Cotton_Wheat\data\raw\wheat\wheat_disease_main\Wheat Disease\Original Dataset\LeafBlight\LeafBlight_46.jpg,1440,1080,3,JPEG,209637,1fd02c2bed37cbf8b098fd3b3375fa09ebbc6ff49f5fd07f6bf8c3dfa26cecc6,train
wheat,WheatBlast,WheatBlast_13.jpg,data\raw\wheat\wheat_disease_main\Wheat Disease\Original Dataset\WheatBlast\WheatBlast_13.jpg,D:\ZaraiAI_Tomato_Cotton_Wheat\data\raw\wheat\wheat_disease_main\Wheat Disease\Original Dataset\WheatBlast\WheatBlast_13.jpg,1440,1080,3,JPEG,387853,85bfc8e33752a8e0afd9ec5d4aef4f4316076de86cd76c623c13a011ff0e1347,train
wheat,LeafBlight,LeafBlight_19.jpg,data\raw\wheat\wheat_disease_main\Wheat Disease\Original Dataset\LeafBlight\LeafBlight_19.jpg,D:\ZaraiAI_Tomato_Cotton_Wheat\data\raw\wheat\wheat_disease_main\Wheat Disease\Original Dataset\LeafBlight\LeafBlight_19.jpg,1440,1080,3,JPEG,367972,e95d22f0d69592e2d42f21f789fb940ca521830411d43a4bc271df0836a09b52,train
wheat,FusariumFootRot,FusariumFootRot_154.jpg,data\raw\wheat\wheat_disease_main\Wheat Disease\Original Dataset\FusariumFootRot\FusariumFootRot_154.jpg,D:\ZaraiAI_Tomato_Cotton_Wheat\data\raw\wheat\wheat_disease_main\Wheat Disease\Original Dataset\FusariumFootRot\FusariumFootRot_154.jpg,1080,1440,3,JPEG,328123,3ad3f5282f7152743320cf6dbf5cd13797dce906ceb95bb294b148170f3036bd,train
wheat,LeafBlight,LeafBlight_17.jpg,data\raw\wheat\wheat_disease_main\Wheat Disease\Original Dataset\LeafBlight\LeafBlight_17.jpg,D:\ZaraiAI_Tomato_Cotton_Wheat\data\raw\wheat\wheat_disease_main\Wheat Disease\Original Dataset\LeafBlight\LeafBlight_17.jpg,1440,1080,3,JPEG,372618,61f109de249456dd356dadc5530ae665eafbe39ae8be8eb51dbc5ff8276130ba,train
wheat,FusariumFootRot,FusariumFootRot_115.jpg,data\raw\wheat\wheat_disease_main\Wheat Disease\Original Dataset\FusariumFootRot\FusariumFootRot_115.jpg,D:\ZaraiAI_Tomato_Cotton_Wheat\data\raw\wheat\wheat_disease_main\Wheat Disease\Original Dataset\FusariumFootRot\FusariumFootRot_115.jpg,1080,1440,3,JPEG,318860,4fa2c901d53a2a630bfec30438412e19f34df30a78331adb4ed91cf516113bb1,train
wheat,FusariumFootRot,FusariumFootRot_54.jpg,data\raw\wheat\wheat_disease_main\Wheat Disease\Original Dataset\FusariumFootRot\FusariumFootRot_54.jpg,D:\ZaraiAI_Tomato_Cotton_Wheat\data\raw\wheat\wheat_disease_main\Wheat Disease\Original Dataset\FusariumFootRot\FusariumFootRot_54.jpg,1080,1440,3,JPEG,494312,c71c9802988800fd13ea8c46c13234c2988481292226057c97d8e1d9ce906929,train
wheat,LeafBlight,LeafBlight_158.jpg,data\raw\wheat\wheat_disease_main\Wheat Disease\Original Dataset\LeafBlight\LeafBlight_158.jpg,D:\ZaraiAI_Tomato_Cotton_Wheat\data\raw\wheat\wheat_disease_main\Wheat Disease\Original Dataset\LeafBlight\LeafBlight_158.jpg,1440,1080,3,JPEG,320899,a68705d5b1aa3654327be2a0be315a5754b3aa6e3ec07a3e0523770a088bfc88,train
wheat,BlackPoint,BlackPoint_83.jpg,data\raw\wheat\wheat_disease_main\Wheat Disease\Original Dataset\BlackPoint\BlackPoint_83.jpg,D:\ZaraiAI_Tomato_Cotton_Wheat\data\raw\wheat\wheat_disease_main\Wheat Disease\Original Dataset\BlackPoint\BlackPoint_83.jpg,1080,1440,3,JPEG,312086,55eb2a604f16711272cbd916ab9bebca40cd4039a9a0f8705558c59a827604ae,train
wheat,HealthyLeaf,HealthyLeaf_132.jpg,data\raw\wheat\wheat_disease_main\Wheat Disease\Original Dataset\HealthyLeaf\HealthyLeaf_132.jpg,D:\ZaraiAI_Tomato_Cotton_Wheat\data\raw\wheat\wheat_disease_main\Wheat Disease\Original Dataset\HealthyLeaf\HealthyLeaf_132.jpg,1080,1440,3,JPEG,326448,137d8943d1068e05027fb133a226680ef8a8cd551ed39349ef8e1e7d31ea468d,train
wheat,BlackPoint,BlackPoint_133.jpg,data\raw\wheat\wheat_disease_main\Wheat Disease\Original Dataset\BlackPoint\BlackPoint_133.jpg,D:\ZaraiAI_Tomato_Cotton_Wheat\data\raw\wheat\wheat_disease_main\Wheat Disease\Original Dataset\BlackPoint\BlackPoint_133.jpg,1080,1440,3,JPEG,423751,98586f96e96dec7c652a6cfe68e0d4895cc8473815a754d63d8579df1815d3f9,train
wheat,LeafBlight,LeafBlight_65.jpg,data\raw\wheat\wheat_disease_main\Wheat Disease\Original Dataset\LeafBlight\LeafBlight_65.jpg,D:\ZaraiAI_Tomato_Cotton_Wheat\data\raw\wheat\wheat_disease_main\Wheat Disease\Original Dataset\LeafBlight\LeafBlight_65.jpg,1440,1080,3,JPEG,310254,6d119a5916389ca7a8d147bb5ee798af92194c98ccb1e3f3924cc0e8d748d4e4,train
wheat,HealthyLeaf,HealthyLeaf_6.jpg,data\raw\wheat\wheat_disease_main\Wheat Disease\Original Dataset\HealthyLeaf\HealthyLeaf_6.jpg,D:\ZaraiAI_Tomato_Cotton_Wheat\data\raw\wheat\wheat_disease_main\Wheat Disease\Original Dataset\HealthyLeaf\HealthyLeaf_6.jpg,1080,1440,3,JPEG,303377,99e433d8be4d497f9c545463f148a87c71c98d9d93e8aa97b74197a9d74e1d81,train
wheat,BlackPoint,BlackPoint_187.jpg,data\raw\wheat\wheat_disease_main\Wheat Disease\Original Dataset\BlackPoint\BlackPoint_187.jpg,D:\ZaraiAI_Tomato_Cotton_Wheat\data\raw\wheat\wheat_disease_main\Wheat Disease\Original Dataset\BlackPoint\BlackPoint_187.jpg,1440,1080,3,JPEG,224949,60570237a597173433ecbf145bd4db1c08ae6628edfb1f3912a2a6e8c9c19a99,train
wheat,LeafBlight,LeafBlight_227.jpg,data\raw\wheat\wheat_disease_main\Wheat Disease\Original Dataset\LeafBlight\LeafBlight_227.jpg,D:\ZaraiAI_Tomato_Cotton_Wheat\data\raw\wheat\wheat_disease_main\Wheat Disease\Original Dataset\LeafBlight\LeafBlight_227.jpg,1440,1080,3,JPEG,291082,010b7f0cf59daf86916c39612b9ebfca906ff25ef63006fd6db7105eea556b35,train
wheat,WheatBlast,WheatBlast_353.jpg,data\raw\wheat\wheat_disease_main\Wheat Disease\Original Dataset\WheatBlast\WheatBlast_353.jpg,D:\ZaraiAI_Tomato_Cotton_Wheat\data\raw\wheat\wheat_disease_main\Wheat Disease\Original Dataset\WheatBlast\WheatBlast_353.jpg,1440,1080,3,JPEG,573223,9b2cb96428fc2780d0d7f18e2f2e9334397f92e9eca0b9365a80369c80d8a28d,train
wheat,BlackPoint,BlackPoint_85.jpg,data\raw\wheat\wheat_disease_main\Wheat Disease\Original Dataset\BlackPoint\BlackPoint_85.jpg,D:\ZaraiAI_Tomato_Cotton_Wheat\data\raw\wheat\wheat_disease_main\Wheat Disease\Original Dataset\BlackPoint\BlackPoint_85.jpg,1080,1440,3,JPEG,330550,30b42a072110bb05e4ec23adfb468a2abdb6b595119fa16267f9ec8ca2dd5f0b,train
wheat,HealthyLeaf,HealthyLeaf_164.jpg,data\raw\wheat\wheat_disease_main\Wheat Disease\Original Dataset\HealthyLeaf\HealthyLeaf_164.jpg,D:\ZaraiAI_Tomato_Cotton_Wheat\data\raw\wheat\wheat_disease_main\Wheat Disease\Original Dataset\HealthyLeaf\HealthyLeaf_164.jpg,1443,1080,3,JPEG,678886,aec4dd44d5bd6c7ff797c7b2c6f1143751f30ce49e9dbb9f9aa285b88dbe3645,train
wheat,HealthyLeaf,HealthyLeaf_60.jpg,data\raw\wheat\wheat_disease_main\Wheat Disease\Original Dataset\HealthyLeaf\HealthyLeaf_60.jpg,D:\ZaraiAI_Tomato_Cotton_Wheat\data\raw\wheat\wheat_disease_main\Wheat Disease\Original Dataset\HealthyLeaf\HealthyLeaf_60.jpg,1080,1440,3,JPEG,339147,6335b976be77683af5e66a8a2891a53d42408564487879a3dc0cb9236040f4a6,train
wheat,FusariumFootRot,FusariumFootRot_163.jpg,data\raw\wheat\wheat_disease_main\Wheat Disease\Original Dataset\FusariumFootRot\FusariumFootRot_163.jpg,D:\ZaraiAI_Tomato_Cotton_Wheat\data\raw\wheat\wheat_disease_main\Wheat Disease\Original Dataset\FusariumFootRot\FusariumFootRot_163.jpg,1080,1440,3,JPEG,386668,870a32b291fe0a65d0a46687925bd195073a090ea807991bcb8ed2a23d674049,train
wheat,WheatBlast,WheatBlast_121.jpg,data\raw\wheat\wheat_disease_main\Wheat Disease\Original Dataset\WheatBlast\WheatBlast_121.jpg,D:\ZaraiAI_Tomato_Cotton_Wheat\data\raw\wheat\wheat_disease_main\Wheat Disease\Original Dataset\WheatBlast\WheatBlast_121.jpg,1440,1080,3,JPEG,373539,14118a8953147c6c9501d3d7baebbc4390880c4cb695728d908247a8d67688e2,train
wheat,WheatBlast,WheatBlast_6.jpg,data\raw\wheat\wheat_disease_main\Wheat Disease\Original Dataset\WheatBlast\WheatBlast_6.jpg,D:\ZaraiAI_Tomato_Cotton_Wheat\data\raw\wheat\wheat_disease_main\Wheat Disease\Original Dataset\WheatBlast\WheatBlast_6.jpg,1440,1080,3,JPEG,412566,30a80f173917c256c87e3655673b8482b80f110009c233a50f3a4258c1533e82,train
wheat,BlackPoint,BlackPoint_124.jpg,data\raw\wheat\wheat_disease_main\Wheat Disease\Original Dataset\BlackPoint\BlackPoint_124.jpg,D:\ZaraiAI_Tomato_Cotton_Wheat\data\raw\wheat\wheat_disease_main\Wheat Disease\Original Dataset\BlackPoint\BlackPoint_124.jpg,1080,1440,3,JPEG,287717,3ca4bcb61d0564434ff3e9afa6c7beb5a6a72fa08856c46bf48313616eee9d77,train
wheat,LeafBlight,LeafBlight_326.jpg,data\raw\wheat\wheat_disease_main\Wheat Disease\Original Dataset\LeafBlight\LeafBlight_326.jpg,D:\ZaraiAI_Tomato_Cotton_Wheat\data\raw\wheat\wheat_disease_main\Wheat Disease\Original Dataset\LeafBlight\LeafBlight_326.jpg,1440,1080,3,JPEG,251729,99dad62f390ac78b9c4aa23dc7247841ba2769bb8690a23a7d93157e09198c39,train
wheat,LeafBlight,LeafBlight_302.jpg,data\raw\wheat\wheat_disease_main\Wheat Disease\Original Dataset\LeafBlight\LeafBlight_302.jpg,D:\ZaraiAI_Tomato_Cotton_Wheat\data\raw\wheat\wheat_disease_main\Wheat Disease\Original Dataset\LeafBlight\LeafBlight_302.jpg,1440,1080,3,JPEG,212578,f8be33b131b9030c5e753fb7405023d6a4382066bbe13d0258545f05d3d3232e,train
wheat,BlackPoint,BlackPoint_281.jpg,data\raw\wheat\wheat_disease_main\Wheat Disease\Original Dataset\BlackPoint\BlackPoint_281.jpg,D:\ZaraiAI_Tomato_Cotton_Wheat\data\raw\wheat\wheat_disease_main\Wheat Disease\Original Dataset\BlackPoint\BlackPoint_281.jpg,1440,1080,3,JPEG,205465,7f0ec4c7048088198d18a07604ac99ffaa302bfd2d43bc7630a80af3e9a0712e,train
wheat,LeafBlight,LeafBlight_335.jpg,data\raw\wheat\wheat_disease_main\Wheat Disease\Original Dataset\LeafBlight\LeafBlight_335.jpg,D:\ZaraiAI_Tomato_Cotton_Wheat\data\raw\wheat\wheat_disease_main\Wheat Disease\Original Dataset\LeafBlight\LeafBlight_335.jpg,1440,1080,3,JPEG,212389,8847e1fee9c60f459ca3ab3719403d78afb6c0014d1a1d63ea7e88ecd78be912,train
wheat,FusariumFootRot,FusariumFootRot_16.jpg,data\raw\wheat\wheat_disease_main\Wheat Disease\Original Dataset\FusariumFootRot\FusariumFootRot_16.jpg,D:\ZaraiAI_Tomato_Cotton_Wheat\data\raw\wheat\wheat_disease_main\Wheat Disease\Original Dataset\FusariumFootRot\FusariumFootRot_16.jpg,1440,1080,3,JPEG,348644,88d823e0d0170f48d092e1625e5d0675d9b6afd3dff63f8ee6e9603e0a346688,train
wheat,WheatBlast,WheatBlast_328.jpg,data\raw\wheat\wheat_disease_main\Wheat Disease\Original Dataset\WheatBlast\WheatBlast_328.jpg,D:\ZaraiAI_Tomato_Cotton_Wheat\data\raw\wheat\wheat_disease_main\Wheat Disease\Original Dataset\WheatBlast\WheatBlast_328.jpg,1440,1080,3,JPEG,502502,cb3e33bd3996e7c96b4b65811b4877c032c119faf7444a26bde4fd866e4dfaba,train
wheat,LeafBlight,LeafBlight_209.jpg,data\raw\wheat\wheat_disease_main\Wheat Disease\Original Dataset\LeafBlight\LeafBlight_209.jpg,D:\ZaraiAI_Tomato_Cotton_Wheat\data\raw\wheat\wheat_disease_main\Wheat Disease\Original Dataset\LeafBlight\LeafBlight_209.jpg,1440,1080,3,JPEG,346417,8d2d6936204a024fa0cc5742859dfde4b136d8a8cf7bd82b11ac41c5c3034c25,train
wheat,BlackPoint,BlackPoint_104.jpg,data\raw\wheat\wheat_disease_main\Wheat Disease\Original Dataset\BlackPoint\BlackPoint_104.jpg,D:\ZaraiAI_Tomato_Cotton_Wheat\data\raw\wheat\wheat_disease_main\Wheat Disease\Original Dataset\BlackPoint\BlackPoint_104.jpg,1080,1440,3,JPEG,342484,b9f38f640e3d96d1f23be02fababf200ad02aa9b814e8a6cc464dd52c56db8ca,train
wheat,FusariumFootRot,FusariumFootRot_241.jpg,data\raw\wheat\wheat_disease_main\Wheat Disease\Original Dataset\FusariumFootRot\FusariumFootRot_241.jpg,D:\ZaraiAI_Tomato_Cotton_Wheat\data\raw\wheat\wheat_disease_main\Wheat Disease\Original Dataset\FusariumFootRot\FusariumFootRot_241.jpg,1080,1440,3,JPEG,441335,ba19c72fb5f5ecd36abc0c3e81d2443b68d89de8d43a8b85f8f9a0c8e9fbc894,train
wheat,BlackPoint,BlackPoint_156.jpg,data\raw\wheat\wheat_disease_main\Wheat Disease\Original Dataset\BlackPoint\BlackPoint_156.jpg,D:\ZaraiAI_Tomato_Cotton_Wheat\data\raw\wheat\wheat_disease_main\Wheat Disease\Original Dataset\BlackPoint\BlackPoint_156.jpg,1080,1440,3,JPEG,296170,c24fa0cc86c8e61e5b7aa002455de54d54d77db85377621e228f1f8ab631a6e3,train
wheat,WheatBlast,WheatBlast_120.jpg,data\raw\wheat\wheat_disease_main\Wheat Disease\Original Dataset\WheatBlast\WheatBlast_120.jpg,D:\ZaraiAI_Tomato_Cotton_Wheat\data\raw\wheat\wheat_disease_main\Wheat Disease\Original Dataset\WheatBlast\WheatBlast_120.jpg,1440,1080,3,JPEG,410046,0bd90bd0072c70b8744420b42e1cc64c5aae7a44b8592a1372e91de3b57b8862,train
wheat,HealthyLeaf,HealthyLeaf_138.jpg,data\raw\wheat\wheat_disease_main\Wheat Disease\Original Dataset\HealthyLeaf\HealthyLeaf_138.jpg,D:\ZaraiAI_Tomato_Cotton_Wheat\data\raw\wheat\wheat_disease_main\Wheat Disease\Original Dataset\HealthyLeaf\HealthyLeaf_138.jpg,1080,1440,3,JPEG,261817,b737db9f1c2ff5fd74a321a0e9755ba9b5804b89b265fb8f51ef5ee0e5c1ae4e,train
wheat,LeafBlight,LeafBlight_387.jpg,data\raw\wheat\wheat_disease_main\Wheat Disease\Original Dataset\LeafBlight\LeafBlight_387.jpg,D:\ZaraiAI_Tomato_Cotton_Wheat\data\raw\wheat\wheat_disease_main\Wheat Disease\Original Dataset\LeafBlight\LeafBlight_387.jpg,1440,1080,3,JPEG,170437,174aa5884f004bd6700fb8feec5bbe185517df241fac6fbd1f842a3747b6439e,train
wheat,LeafBlight,LeafBlight_13.jpg,data\raw\wheat\wheat_disease_main\Wheat Disease\Original Dataset\LeafBlight\LeafBlight_13.jpg,D:\ZaraiAI_Tomato_Cotton_Wheat\data\raw\wheat\wheat_disease_main\Wheat Disease\Original Dataset\LeafBlight\LeafBlight_13.jpg,1440,1080,3,JPEG,319619,25e6031dc8cfd054678e1b8c83e3cbd96c82724a4f629046df375fbef8ac3359,train
wheat,WheatBlast,WheatBlast_129.jpg,data\raw\wheat\wheat_disease_main\Wheat Disease\Original Dataset\WheatBlast\WheatBlast_129.jpg,D:\ZaraiAI_Tomato_Cotton_Wheat\data\raw\wheat\wheat_disease_main\Wheat Disease\Original Dataset\WheatBlast\WheatBlast_129.jpg,1440,1080,3,JPEG,366946,f38d3c95150cf79c2972cef0ecd417fa77fc4ceb743829698b8f87dfb4419b97,train
wheat,WheatBlast,WheatBlast_283.jpg,data\raw\wheat\wheat_disease_main\Wheat Disease\Original Dataset\WheatBlast\WheatBlast_283.jpg,D:\ZaraiAI_Tomato_Cotton_Wheat\data\raw\wheat\wheat_disease_main\Wheat Disease\Original Dataset\WheatBlast\WheatBlast_283.jpg,1440,1080,3,JPEG,395451,5f26559c980d2af93971a44cb471d111c6aa82a8708eb4e64c37baa65ac5c1c7,train
wheat,WheatBlast,WheatBlast_169.jpg,data\raw\wheat\wheat_disease_main\Wheat Disease\Original Dataset\WheatBlast\WheatBlast_169.jpg,D:\ZaraiAI_Tomato_Cotton_Wheat\data\raw\wheat\wheat_disease_main\Wheat Disease\Original Dataset\WheatBlast\WheatBlast_169.jpg,1440,1080,3,JPEG,414861,c7d920e9fc1d39feb266844dbd002bbe2cedf720dd346d4d1eb59de4419b3944,train
wheat,WheatBlast,WheatBlast_99.jpg,data\raw\wheat\wheat_disease_main\Wheat Disease\Original Dataset\WheatBlast\WheatBlast_99.jpg,D:\ZaraiAI_Tomato_Cotton_Wheat\data\raw\wheat\wheat_disease_main\Wheat Disease\Original Dataset\WheatBlast\WheatBlast_99.jpg,1440,1080,3,JPEG,386860,a2dfc6d39da194ff1159ff8dd93552038e48e89da848149bcace03b0684b5a29,train
wheat,BlackPoint,BlackPoint_201.jpg,data\raw\wheat\wheat_disease_main\Wheat Disease\Original Dataset\BlackPoint\BlackPoint_201.jpg,D:\ZaraiAI_Tomato_Cotton_Wheat\data\raw\wheat\wheat_disease_main\Wheat Disease\Original Dataset\BlackPoint\BlackPoint_201.jpg,1080,1440,3,JPEG,202443,4e6e6592c1b7f9efe73379d20a176ec745941fc3bfed074a4602ef3c38ee52e5,train
wheat,FusariumFootRot,FusariumFootRot_210.jpg,data\raw\wheat\wheat_disease_main\Wheat Disease\Original Dataset\FusariumFootRot\FusariumFootRot_210.jpg,D:\ZaraiAI_Tomato_Cotton_Wheat\data\raw\wheat\wheat_disease_main\Wheat Disease\Original Dataset\FusariumFootRot\FusariumFootRot_210.jpg,1080,1440,3,JPEG,440822,3a7c25e7a96c9b05d7c7aa92110f319927e700c9ccb630902af8d60e29be66e1,train
wheat,FusariumFootRot,FusariumFootRot_6.jpg,data\raw\wheat\wheat_disease_main\Wheat Disease\Original Dataset\FusariumFootRot\FusariumFootRot_6.jpg,D:\ZaraiAI_Tomato_Cotton_Wheat\data\raw\wheat\wheat_disease_main\Wheat Disease\Original Dataset\FusariumFootRot\FusariumFootRot_6.jpg,1080,1440,3,JPEG,368956,e85bb4fd37f9f15f1ea5e738c7974a4af8d2657e66e6e86185afb0ddfc7b0e02,train
wheat,HealthyLeaf,HealthyLeaf_239.jpg,data\raw\wheat\wheat_disease_main\Wheat Disease\Original Dataset\HealthyLeaf\HealthyLeaf_239.jpg,D:\ZaraiAI_Tomato_Cotton_Wheat\data\raw\wheat\wheat_disease_main\Wheat Disease\Original Dataset\HealthyLeaf\HealthyLeaf_239.jpg,1080,1440,3,JPEG,346029,0745b8e77154b3a9b8f7a6b522ba0d4da35bd80491d96e2ae6fee7ceff61e2d0,train
wheat,BlackPoint,BlackPoint_20.jpg,data\raw\wheat\wheat_disease_main\Wheat Disease\Original Dataset\BlackPoint\BlackPoint_20.jpg,D:\ZaraiAI_Tomato_Cotton_Wheat\data\raw\wheat\wheat_disease_main\Wheat Disease\Original Dataset\BlackPoint\BlackPoint_20.jpg,1080,1440,3,JPEG,244719,4849d2f32212b6a31ec75e73dd424a0bf5a06ec3e97ff74afbca86caf054d9ee,train
wheat,BlackPoint,BlackPoint_81.jpg,data\raw\wheat\wheat_disease_main\Wheat Disease\Original Dataset\BlackPoint\BlackPoint_81.jpg,D:\ZaraiAI_Tomato_Cotton_Wheat\data\raw\wheat\wheat_disease_main\Wheat Disease\Original Dataset\BlackPoint\BlackPoint_81.jpg,1080,1440,3,JPEG,293381,0d7cf653d65b268f0b011a13ce9d3078cb1fddcd21bd6c032fa4483cb99b8525,train
wheat,LeafBlight,LeafBlight_101.jpg,data\raw\wheat\wheat_disease_main\Wheat Disease\Original Dataset\LeafBlight\LeafBlight_101.jpg,D:\ZaraiAI_Tomato_Cotton_Wheat\data\raw\wheat\wheat_disease_main\Wheat Disease\Original Dataset\LeafBlight\LeafBlight_101.jpg,1440,1080,3,JPEG,389414,eb4b99071a72248ecd1a097cfd47aee04cea96bbd6eb23ee87dc38f520235eba,train
wheat,WheatBlast,WheatBlast_218.jpg,data\raw\wheat\wheat_disease_main\Wheat Disease\Original Dataset\WheatBlast\WheatBlast_218.jpg,D:\ZaraiAI_Tomato_Cotton_Wheat\data\raw\wheat\wheat_disease_main\Wheat Disease\Original Dataset\WheatBlast\WheatBlast_218.jpg,1440,1080,3,JPEG,368456,4999cef52f89ef5489afefacd688997658ee293823df3ca0bcaaa8d2259f3f1c,train
wheat,LeafBlight,LeafBlight_72.jpg,data\raw\wheat\wheat_disease_main\Wheat Disease\Original Dataset\LeafBlight\LeafBlight_72.jpg,D:\ZaraiAI_Tomato_Cotton_Wheat\data\raw\wheat\wheat_disease_main\Wheat Disease\Original Dataset\LeafBlight\LeafBlight_72.jpg,1440,1080,3,JPEG,297159,5cb479ef56541cd3a608c4b22ec8fafb04fed581425f6a6f5ad0671cf87617cd,train
wheat,HealthyLeaf,HealthyLeaf_114.jpg,data\raw\wheat\wheat_disease_main\Wheat Disease\Original Dataset\HealthyLeaf\HealthyLeaf_114.jpg,D:\ZaraiAI_Tomato_Cotton_Wheat\data\raw\wheat\wheat_disease_main\Wheat Disease\Original Dataset\HealthyLeaf\HealthyLeaf_114.jpg,1080,1440,3,JPEG,323285,675980d3495ebe42f0a615cc2c9f8c6924acf0c6329c7511007e711b21c26b90,train
wheat,WheatBlast,WheatBlast_60.jpg,data\raw\wheat\wheat_disease_main\Wheat Disease\Original Dataset\WheatBlast\WheatBlast_60.jpg,D:\ZaraiAI_Tomato_Cotton_Wheat\data\raw\wheat\wheat_disease_main\Wheat Disease\Original Dataset\WheatBlast\WheatBlast_60.jpg,1440,1080,3,JPEG,377671,22a72e63125ca6c4f1ae7388a3397ad38376fcf49f6e0d6a6b82a7bcfae9fbfe,train
wheat,HealthyLeaf,HealthyLeaf_156.jpg,data\raw\wheat\wheat_disease_main\Wheat Disease\Original Dataset\HealthyLeaf\HealthyLeaf_156.jpg,D:\ZaraiAI_Tomato_Cotton_Wheat\data\raw\wheat\wheat_disease_main\Wheat Disease\Original Dataset\HealthyLeaf\HealthyLeaf_156.jpg,1080,1440,3,JPEG,382105,9a6b11bcb0e4aaad8d66767f0d799196d3fcb78e4631642fd70169f554272108,train
wheat,WheatBlast,WheatBlast_187.jpg,data\raw\wheat\wheat_disease_main\Wheat Disease\Original Dataset\WheatBlast\WheatBlast_187.jpg,D:\ZaraiAI_Tomato_Cotton_Wheat\data\raw\wheat\wheat_disease_main\Wheat Disease\Original Dataset\WheatBlast\WheatBlast_187.jpg,1440,1080,3,JPEG,433107,c2a2ff475702779ec11c4ea78e72595dc442793b74f3c0e5f8c2be3e8e7af648,train
wheat,BlackPoint,BlackPoint_188.jpg,data\raw\wheat\wheat_disease_main\Wheat Disease\Original Dataset\BlackPoint\BlackPoint_188.jpg,D:\ZaraiAI_Tomato_Cotton_Wheat\data\raw\wheat\wheat_disease_main\Wheat Disease\Original Dataset\BlackPoint\BlackPoint_188.jpg,1080,1440,3,JPEG,216802,d3fb46931e8cd0dd532ac6b6a278ca564ff412d3e9d890bec2fdc3142a51ea53,train
wheat,FusariumFootRot,FusariumFootRot_107.jpg,data\raw\wheat\wheat_disease_main\Wheat Disease\Original Dataset\FusariumFootRot\FusariumFootRot_107.jpg,D:\ZaraiAI_Tomato_Cotton_Wheat\data\raw\wheat\wheat_disease_main\Wheat Disease\Original Dataset\FusariumFootRot\FusariumFootRot_107.jpg,1080,1440,3,JPEG,390508,2abd82769e4f1ca8b534c057217b776d4c50077c92c14f94221ea0a6065338f1,train
wheat,BlackPoint,BlackPoint_185.jpg,data\raw\wheat\wheat_disease_main\Wheat Disease\Original Dataset\BlackPoint\BlackPoint_185.jpg,D:\ZaraiAI_Tomato_Cotton_Wheat\data\raw\wheat\wheat_disease_main\Wheat Disease\Original Dataset\BlackPoint\BlackPoint_185.jpg,1440,1080,3,JPEG,176355,ef39f554732b1eb596d9871a00a585d83423399af93edeb191ecba4f55966003,train
wheat,LeafBlight,LeafBlight_236.jpg,data\raw\wheat\wheat_disease_main\Wheat Disease\Original Dataset\LeafBlight\LeafBlight_236.jpg,D:\ZaraiAI_Tomato_Cotton_Wheat\data\raw\wheat\wheat_disease_main\Wheat Disease\Original Dataset\LeafBlight\LeafBlight_236.jpg,1440,1080,3,JPEG,178647,5abd7d4ec93fabc28e959e2a115c6a855b371d01e2e5504311d2ae9cd6a4a807,train
wheat,BlackPoint,BlackPoint_153.jpg,data\raw\wheat\wheat_disease_main\Wheat Disease\Original Dataset\BlackPoint\BlackPoint_153.jpg,D:\ZaraiAI_Tomato_Cotton_Wheat\data\raw\wheat\wheat_disease_main\Wheat Disease\Original Dataset\BlackPoint\BlackPoint_153.jpg,1080,1440,3,JPEG,291978,681c8d499532814e784d88cc73d6d55802ecb926863b5f5f7b5f301344e7f266,train
wheat,FusariumFootRot,FusariumFootRot_146.jpg,data\raw\wheat\wheat_disease_main\Wheat Disease\Original Dataset\FusariumFootRot\FusariumFootRot_146.jpg,D:\ZaraiAI_Tomato_Cotton_Wheat\data\raw\wheat\wheat_disease_main\Wheat Disease\Original Dataset\FusariumFootRot\FusariumFootRot_146.jpg,1440,1080,3,JPEG,340016,f2d40cc59b82d971a47bd95bb364b16cb81cc7cbbeb92be6fb0b291390a97409,train
wheat,LeafBlight,LeafBlight_300.jpg,data\raw\wheat\wheat_disease_main\Wheat Disease\Original Dataset\LeafBlight\LeafBlight_300.jpg,D:\ZaraiAI_Tomato_Cotton_Wheat\data\raw\wheat\wheat_disease_main\Wheat Disease\Original Dataset\LeafBlight\LeafBlight_300.jpg,1440,1080,3,JPEG,245081,706550813dca4936135d373e46ca5d5a5a26287301b83611afee58e0cd68e557,train
wheat,LeafBlight,LeafBlight_51.jpg,data\raw\wheat\wheat_disease_main\Wheat Disease\Original Dataset\LeafBlight\LeafBlight_51.jpg,D:\ZaraiAI_Tomato_Cotton_Wheat\data\raw\wheat\wheat_disease_main\Wheat Disease\Original Dataset\LeafBlight\LeafBlight_51.jpg,1440,1080,3,JPEG,342679,a1a9d99ae4dca1702130a5a94ff6f40e347d89152f78d7eec2cf1b339387d509,train
wheat,LeafBlight,LeafBlight_380.jpg,data\raw\wheat\wheat_disease_main\Wheat Disease\Original Dataset\LeafBlight\LeafBlight_380.jpg,D:\ZaraiAI_Tomato_Cotton_Wheat\data\raw\wheat\wheat_disease_main\Wheat Disease\Original Dataset\LeafBlight\LeafBlight_380.jpg,1440,1080,3,JPEG,118008,5f96b12c39169155f898121fa27e54aa98ad13801ff50e85a4d345e341518bfd,train
wheat,BlackPoint,BlackPoint_95.jpg,data\raw\wheat\wheat_disease_main\Wheat Disease\Original Dataset\BlackPoint\BlackPoint_95.jpg,D:\ZaraiAI_Tomato_Cotton_Wheat\data\raw\wheat\wheat_disease_main\Wheat Disease\Original Dataset\BlackPoint\BlackPoint_95.jpg,1080,1440,3,JPEG,198739,ea44df932fa0619ae1d54264e7a1ef4e114bdbee90be9c30d55d37cb37dc49ee,train
wheat,FusariumFootRot,FusariumFootRot_206.jpg,data\raw\wheat\wheat_disease_main\Wheat Disease\Original Dataset\FusariumFootRot\FusariumFootRot_206.jpg,D:\ZaraiAI_Tomato_Cotton_Wheat\data\raw\wheat\wheat_disease_main\Wheat Disease\Original Dataset\FusariumFootRot\FusariumFootRot_206.jpg,1080,1440,3,JPEG,337342,fa7439dd2e33c7392a2d70772713df4c1ae02b7071c6eaa78c4cec358be3d53f,train
wheat,BlackPoint,BlackPoint_30.jpg,data\raw\wheat\wheat_disease_main\Wheat Disease\Original Dataset\BlackPoint\BlackPoint_30.jpg,D:\ZaraiAI_Tomato_Cotton_Wheat\data\raw\wheat\wheat_disease_main\Wheat Disease\Original Dataset\BlackPoint\BlackPoint_30.jpg,1080,1440,3,JPEG,230107,705357be811a2422d4ee86380dfa54f8fc4c71133031aab7b1a16ceabfe5db96,train
wheat,LeafBlight,LeafBlight_21.jpg,data\raw\wheat\wheat_disease_main\Wheat Disease\Original Dataset\LeafBlight\LeafBlight_21.jpg,D:\ZaraiAI_Tomato_Cotton_Wheat\data\raw\wheat\wheat_disease_main\Wheat Disease\Original Dataset\LeafBlight\LeafBlight_21.jpg,1440,1080,3,JPEG,363296,b8962173e6f5ec187bf4c0beda42301094f7f65d241fc4d1083b6abc5d6e5f9c,train
wheat,WheatBlast,WheatBlast_125.jpg,data\raw\wheat\wheat_disease_main\Wheat Disease\Original Dataset\WheatBlast\WheatBlast_125.jpg,D:\ZaraiAI_Tomato_Cotton_Wheat\data\raw\wheat\wheat_disease_main\Wheat Disease\Original Dataset\WheatBlast\WheatBlast_125.jpg,1440,1080,3,JPEG,393898,a253b0e73a6043c0a23fdd0840cfff9398cf07d6220eb87f795469867845474a,train
wheat,FusariumFootRot,FusariumFootRot_108.jpg,data\raw\wheat\wheat_disease_main\Wheat Disease\Original Dataset\FusariumFootRot\FusariumFootRot_108.jpg,D:\ZaraiAI_Tomato_Cotton_Wheat\data\raw\wheat\wheat_disease_main\Wheat Disease\Original Dataset\FusariumFootRot\FusariumFootRot_108.jpg,1080,1440,3,JPEG,361446,1441c21cfb84a68dab17584cfb11cc6199134b0bb5c77b0ff13daff688bee29e,train
wheat,HealthyLeaf,HealthyLeaf_101.jpg,data\raw\wheat\wheat_disease_main\Wheat Disease\Original Dataset\HealthyLeaf\HealthyLeaf_101.jpg,D:\ZaraiAI_Tomato_Cotton_Wheat\data\raw\wheat\wheat_disease_main\Wheat Disease\Original Dataset\HealthyLeaf\HealthyLeaf_101.jpg,1080,1440,3,JPEG,272761,3865175afe428c1132a113209db17e70beb09cf6e6b306a8a2cbbceca7da189f,train
wheat,WheatBlast,WheatBlast_182.jpg,data\raw\wheat\wheat_disease_main\Wheat Disease\Original Dataset\WheatBlast\WheatBlast_182.jpg,D:\ZaraiAI_Tomato_Cotton_Wheat\data\raw\wheat\wheat_disease_main\Wheat Disease\Original Dataset\WheatBlast\WheatBlast_182.jpg,1440,1080,3,JPEG,428068,d5b634d8eea76db87f3aa3076b82bd5f3e8d48b98fbb5a22d97b81f80ba6680c,train
wheat,FusariumFootRot,FusariumFootRot_167.jpg,data\raw\wheat\wheat_disease_main\Wheat Disease\Original Dataset\FusariumFootRot\FusariumFootRot_167.jpg,D:\ZaraiAI_Tomato_Cotton_Wheat\data\raw\wheat\wheat_disease_main\Wheat Disease\Original Dataset\FusariumFootRot\FusariumFootRot_167.jpg,1080,1440,3,JPEG,391447,9a62c5dbf91a237e9f560cadb42d3878f5c2c9e1b5c61e951669630110504e7c,train
wheat,HealthyLeaf,HealthyLeaf_157.jpg,data\raw\wheat\wheat_disease_main\Wheat Disease\Original Dataset\HealthyLeaf\HealthyLeaf_157.jpg,D:\ZaraiAI_Tomato_Cotton_Wheat\data\raw\wheat\wheat_disease_main\Wheat Disease\Original Dataset\HealthyLeaf\HealthyLeaf_157.jpg,1080,1440,3,JPEG,381635,40387bc57d29c55d1432732f1fddb25f41b2eebd2d324344ca5485c1daf0d486,train
wheat,LeafBlight,LeafBlight_378.jpg,data\raw\wheat\wheat_disease_main\Wheat Disease\Original Dataset\LeafBlight\LeafBlight_378.jpg,D:\ZaraiAI_Tomato_Cotton_Wheat\data\raw\wheat\wheat_disease_main\Wheat Disease\Original Dataset\LeafBlight\LeafBlight_378.jpg,1440,1080,3,JPEG,125313,1e974828671cfa4e3beca0e2273bb030dfde36286d1d5adf9f20a86b0989a73f,train
wheat,FusariumFootRot,FusariumFootRot_116.jpg,data\raw\wheat\wheat_disease_main\Wheat Disease\Original Dataset\FusariumFootRot\FusariumFootRot_116.jpg,D:\ZaraiAI_Tomato_Cotton_Wheat\data\raw\wheat\wheat_disease_main\Wheat Disease\Original Dataset\FusariumFootRot\FusariumFootRot_116.jpg,1080,1440,3,JPEG,407611,427d2d69358a48ebd0bb6baec1faf25d05fbc641004a5c70766ea277e5a94fc7,train
wheat,BlackPoint,BlackPoint_213.jpg,data\raw\wheat\wheat_disease_main\Wheat Disease\Original Dataset\BlackPoint\BlackPoint_213.jpg,D:\ZaraiAI_Tomato_Cotton_Wheat\data\raw\wheat\wheat_disease_main\Wheat Disease\Original Dataset\BlackPoint\BlackPoint_213.jpg,1080,1440,3,JPEG,267086,2b77bda50f2f2fff471ca2cf4a2b26566016a61f0eb65e4c03f269fbab8e97e5,train
wheat,WheatBlast,WheatBlast_234.jpg,data\raw\wheat\wheat_disease_main\Wheat Disease\Original Dataset\WheatBlast\WheatBlast_234.jpg,D:\ZaraiAI_Tomato_Cotton_Wheat\data\raw\wheat\wheat_disease_main\Wheat Disease\Original Dataset\WheatBlast\WheatBlast_234.jpg,1440,1080,3,JPEG,386772,d8ce19dd1edab0b489882e6dc7767f622049905035a1284501ea9cdbaace48bf,train
wheat,FusariumFootRot,FusariumFootRot_224.jpg,data\raw\wheat\wheat_disease_main\Wheat Disease\Original Dataset\FusariumFootRot\FusariumFootRot_224.jpg,D:\ZaraiAI_Tomato_Cotton_Wheat\data\raw\wheat\wheat_disease_main\Wheat Disease\Original Dataset\FusariumFootRot\FusariumFootRot_224.jpg,1080,1440,3,JPEG,339781,fbf209cb84dac26cd895f69892638c76c54db16d1d2995e1072a77ad40257ad0,train
wheat,LeafBlight,LeafBlight_331.jpg,data\raw\wheat\wheat_disease_main\Wheat Disease\Original Dataset\LeafBlight\LeafBlight_331.jpg,D:\ZaraiAI_Tomato_Cotton_Wheat\data\raw\wheat\wheat_disease_main\Wheat Disease\Original Dataset\LeafBlight\LeafBlight_331.jpg,1440,1080,3,JPEG,191489,d17fec9f77ab8da9d7e9966604a44d6a8071945361f57736a0527aa0599c29a5,train
wheat,HealthyLeaf,HealthyLeaf_10.jpg,data\raw\wheat\wheat_disease_main\Wheat Disease\Original Dataset\HealthyLeaf\HealthyLeaf_10.jpg,D:\ZaraiAI_Tomato_Cotton_Wheat\data\raw\wheat\wheat_disease_main\Wheat Disease\Original Dataset\HealthyLeaf\HealthyLeaf_10.jpg,1080,1440,3,JPEG,280952,62f274745fa0deb9232fa466d2064958671974763f44924fc7ba2a8a4d977d5e,train
wheat,BlackPoint,BlackPoint_136.jpg,data\raw\wheat\wheat_disease_main\Wheat Disease\Original Dataset\BlackPoint\BlackPoint_136.jpg,D:\ZaraiAI_Tomato_Cotton_Wheat\data\raw\wheat\wheat_disease_main\Wheat Disease\Original Dataset\BlackPoint\BlackPoint_136.jpg,1080,1440,3,JPEG,411603,ea314e93f83cb224ca9a25340da21e66f02dde5b272e910a2da4d19c2aa5e17c,train
wheat,HealthyLeaf,HealthyLeaf_201.jpg,data\raw\wheat\wheat_disease_main\Wheat Disease\Original Dataset\HealthyLeaf\HealthyLeaf_201.jpg,D:\ZaraiAI_Tomato_Cotton_Wheat\data\raw\wheat\wheat_disease_main\Wheat Disease\Original Dataset\HealthyLeaf\HealthyLeaf_201.jpg,1080,1440,3,JPEG,377941,de108efb625e0529daab931c4959ddd853eba2652c9a62969858b7950da7921f,train
wheat,BlackPoint,BlackPoint_226.jpg,data\raw\wheat\wheat_disease_main\Wheat Disease\Original Dataset\BlackPoint\BlackPoint_226.jpg,D:\ZaraiAI_Tomato_Cotton_Wheat\data\raw\wheat\wheat_disease_main\Wheat Disease\Original Dataset\BlackPoint\BlackPoint_226.jpg,1440,1080,3,JPEG,141346,3232da525dd8344b4312366a35bb3d0f4131137801a8d354bbecc5bfeb090c4b,train
wheat,LeafBlight,LeafBlight_146.jpg,data\raw\wheat\wheat_disease_main\Wheat Disease\Original Dataset\LeafBlight\LeafBlight_146.jpg,D:\ZaraiAI_Tomato_Cotton_Wheat\data\raw\wheat\wheat_disease_main\Wheat Disease\Original Dataset\LeafBlight\LeafBlight_146.jpg,1440,1080,3,JPEG,430246,36e0a3a9023bf89723e52e6f5de5055fe858a41eb09d2dd14ca4d3968147beee,train
wheat,LeafBlight,LeafBlight_294.jpg,data\raw\wheat\wheat_disease_main\Wheat Disease\Original Dataset\LeafBlight\LeafBlight_294.jpg,D:\ZaraiAI_Tomato_Cotton_Wheat\data\raw\wheat\wheat_disease_main\Wheat Disease\Original Dataset\LeafBlight\LeafBlight_294.jpg,1440,1080,3,JPEG,228512,49744c3545043da34d04c869f1edad3f4810bf8d693640cd1b95ad0d113eeb33,train
wheat,BlackPoint,BlackPoint_40.jpg,data\raw\wheat\wheat_disease_main\Wheat Disease\Original Dataset\BlackPoint\BlackPoint_40.jpg,D:\ZaraiAI_Tomato_Cotton_Wheat\data\raw\wheat\wheat_disease_main\Wheat Disease\Original Dataset\BlackPoint\BlackPoint_40.jpg,1080,1440,3,JPEG,311281,cc42b04f502fedcf6c5f1d818609ede58718b19415502077dbe8c9ebdbce2cce,train
wheat,WheatBlast,WheatBlast_22.jpg,data\raw\wheat\wheat_disease_main\Wheat Disease\Original Dataset\WheatBlast\WheatBlast_22.jpg,D:\ZaraiAI_Tomato_Cotton_Wheat\data\raw\wheat\wheat_disease_main\Wheat Disease\Original Dataset\WheatBlast\WheatBlast_22.jpg,1440,1080,3,JPEG,344128,f903b799988bbe6609bf8c2bed002baa3f5076b782a87a8bd01fbcfeb8e88514,train
wheat,LeafBlight,LeafBlight_362.jpg,data\raw\wheat\wheat_disease_main\Wheat Disease\Original Dataset\LeafBlight\LeafBlight_362.jpg,D:\ZaraiAI_Tomato_Cotton_Wheat\data\raw\wheat\wheat_disease_main\Wheat Disease\Original Dataset\LeafBlight\LeafBlight_362.jpg,1440,1080,3,JPEG,143835,c185d3fb9b4d44ede09a5f08ebfa2cc5dce935e6b1884f9362f8962ff901a213,train
wheat,FusariumFootRot,FusariumFootRot_211.jpg,data\raw\wheat\wheat_disease_main\Wheat Disease\Original Dataset\FusariumFootRot\FusariumFootRot_211.jpg,D:\ZaraiAI_Tomato_Cotton_Wheat\data\raw\wheat\wheat_disease_main\Wheat Disease\Original Dataset\FusariumFootRot\FusariumFootRot_211.jpg,1080,1440,3,JPEG,438323,ff8643663691c3a8fe561cc8f69ca063a8fc064607bcf7658a887fe5c589a164,train
wheat,BlackPoint,BlackPoint_29.jpg,data\raw\wheat\wheat_disease_main\Wheat Disease\Original Dataset\BlackPoint\BlackPoint_29.jpg,D:\ZaraiAI_Tomato_Cotton_Wheat\data\raw\wheat\wheat_disease_main\Wheat Disease\Original Dataset\BlackPoint\BlackPoint_29.jpg,1080,1440,3,JPEG,244570,cfd76e6f2f6f35d6f95a7f2ebb4c8aa8830d6db5cdd360289f85cda0a65cf27f,train
wheat,FusariumFootRot,FusariumFootRot_42.jpg,data\raw\wheat\wheat_disease_main\Wheat Disease\Original Dataset\FusariumFootRot\FusariumFootRot_42.jpg,D:\ZaraiAI_Tomato_Cotton_Wheat\data\raw\wheat\wheat_disease_main\Wheat Disease\Original Dataset\FusariumFootRot\FusariumFootRot_42.jpg,1080,1440,3,JPEG,412262,518f9be89b4a456408cf9d3cb70775efb0ff39ce5fc4b8df22762dc3eed4166d,train
wheat,HealthyLeaf,HealthyLeaf_232.jpg,data\raw\wheat\wheat_disease_main\Wheat Disease\Original Dataset\HealthyLeaf\HealthyLeaf_232.jpg,D:\ZaraiAI_Tomato_Cotton_Wheat\data\raw\wheat\wheat_disease_main\Wheat Disease\Original Dataset\HealthyLeaf\HealthyLeaf_232.jpg,1080,1440,3,JPEG,306343,41fc127ee9e9509b7f4e72a98408d622d966d9a9115ca2b5357908867f870a5c,train
wheat,WheatBlast,WheatBlast_369.jpg,data\raw\wheat\wheat_disease_main\Wheat Disease\Original Dataset\WheatBlast\WheatBlast_369.jpg,D:\ZaraiAI_Tomato_Cotton_Wheat\data\raw\wheat\wheat_disease_main\Wheat Disease\Original Dataset\WheatBlast\WheatBlast_369.jpg,1440,1080,3,JPEG,537121,8bd0e66c747608225ad214b5790d3da71d8f557d5130fc5d82b1c41fb3080fdf,train
wheat,LeafBlight,LeafBlight_124.jpg,data\raw\wheat\wheat_disease_main\Wheat Disease\Original Dataset\LeafBlight\LeafBlight_124.jpg,D:\ZaraiAI_Tomato_Cotton_Wheat\data\raw\wheat\wheat_disease_main\Wheat Disease\Original Dataset\LeafBlight\LeafBlight_124.jpg,1440,1080,3,JPEG,357233,7023a63fd0cfec7a21eeb65a8c2ead68ab7a5941e5838f630ac52274953a4eb2,train
wheat,BlackPoint,BlackPoint_221.jpg,data\raw\wheat\wheat_disease_main\Wheat Disease\Original Dataset\BlackPoint\BlackPoint_221.jpg,D:\ZaraiAI_Tomato_Cotton_Wheat\data\raw\wheat\wheat_disease_main\Wheat Disease\Original Dataset\BlackPoint\BlackPoint_221.jpg,1080,1440,3,JPEG,216772,5d4a415d66c9f2868d029d34efdfcfbb894ad4a1f84a58ba163fe5d4cbad3f8b,train
wheat,WheatBlast,WheatBlast_252.jpg,data\raw\wheat\wheat_disease_main\Wheat Disease\Original Dataset\WheatBlast\WheatBlast_252.jpg,D:\ZaraiAI_Tomato_Cotton_Wheat\data\raw\wheat\wheat_disease_main\Wheat Disease\Original Dataset\WheatBlast\WheatBlast_252.jpg,1440,1080,3,JPEG,405894,736c1f3b1db61ef2570a82d75ceb26d6ed78b78d7734a23902a16ec666af3fca,train
wheat,LeafBlight,LeafBlight_49.jpg,data\raw\wheat\wheat_disease_main\Wheat Disease\Original Dataset\LeafBlight\LeafBlight_49.jpg,D:\ZaraiAI_Tomato_Cotton_Wheat\data\raw\wheat\wheat_disease_main\Wheat Disease\Original Dataset\LeafBlight\LeafBlight_49.jpg,1440,1080,3,JPEG,342301,c65001fdd9d5523292b0d34a0c812c93ac6ffef44574d9e4227189e0d0d0531d,train
wheat,LeafBlight,LeafBlight_296.jpg,data\raw\wheat\wheat_disease_main\Wheat Disease\Original Dataset\LeafBlight\LeafBlight_296.jpg,D:\ZaraiAI_Tomato_Cotton_Wheat\data\raw\wheat\wheat_disease_main\Wheat Disease\Original Dataset\LeafBlight\LeafBlight_296.jpg,1440,1080,3,JPEG,213084,0fc5af1fc2384fb7d7b273dd6cd7264aa2987641abd8dd1d7b79b3d7a0454643,train
wheat,BlackPoint,BlackPoint_18.jpg,data\raw\wheat\wheat_disease_main\Wheat Disease\Original Dataset\BlackPoint\BlackPoint_18.jpg,D:\ZaraiAI_Tomato_Cotton_Wheat\data\raw\wheat\wheat_disease_main\Wheat Disease\Original Dataset\BlackPoint\BlackPoint_18.jpg,1080,1440,3,JPEG,424236,4bbcba8c5e54367b6c108f32cc5ff848175a81c2533cdb3a9b52f10767b74aff,train
wheat,WheatBlast,WheatBlast_373.jpg,data\raw\wheat\wheat_disease_main\Wheat Disease\Original Dataset\WheatBlast\WheatBlast_373.jpg,D:\ZaraiAI_Tomato_Cotton_Wheat\data\raw\wheat\wheat_disease_main\Wheat Disease\Original Dataset\WheatBlast\WheatBlast_373.jpg,1440,1080,3,JPEG,391201,8689075915957513995980215f90887aa4873cb55fca0a1c5560abd886d32ad5,train
wheat,FusariumFootRot,FusariumFootRot_249.jpg,data\raw\wheat\wheat_disease_main\Wheat Disease\Original Dataset\FusariumFootRot\FusariumFootRot_249.jpg,D:\ZaraiAI_Tomato_Cotton_Wheat\data\raw\wheat\wheat_disease_main\Wheat Disease\Original Dataset\FusariumFootRot\FusariumFootRot_249.jpg,1440,1080,3,JPEG,402229,945629698128da03ac7086a59f37c6cf502b06a81dec3b6506f50fd90e2c543d,train
wheat,LeafBlight,LeafBlight_338.jpg,data\raw\wheat\wheat_disease_main\Wheat Disease\Original Dataset\LeafBlight\LeafBlight_338.jpg,D:\ZaraiAI_Tomato_Cotton_Wheat\data\raw\wheat\wheat_disease_main\Wheat Disease\Original Dataset\LeafBlight\LeafBlight_338.jpg,1440,1080,3,JPEG,185442,aab4ac3604b7969a04ace9dfd7981b0270f1184ac57a8551328ee4bfe3cffbfe,train
wheat,WheatBlast,WheatBlast_9.jpg,data\raw\wheat\wheat_disease_main\Wheat Disease\Original Dataset\WheatBlast\WheatBlast_9.jpg,D:\ZaraiAI_Tomato_Cotton_Wheat\data\raw\wheat\wheat_disease_main\Wheat Disease\Original Dataset\WheatBlast\WheatBlast_9.jpg,1440,1080,3,JPEG,416101,4a56f4789e49d6a132f6155a95ce0154a7fe679900a8062a86006f92b90a7d93,train
wheat,HealthyLeaf,HealthyLeaf_90.jpg,data\raw\wheat\wheat_disease_main\Wheat Disease\Original Dataset\HealthyLeaf\HealthyLeaf_90.jpg,D:\ZaraiAI_Tomato_Cotton_Wheat\data\raw\wheat\wheat_disease_main\Wheat Disease\Original Dataset\HealthyLeaf\HealthyLeaf_90.jpg,1080,1440,3,JPEG,379040,d84303965bf49ead693e716cc8d32787b40584bf854782156b98e597a8c11a80,train
wheat,BlackPoint,BlackPoint_36.jpg,data\raw\wheat\wheat_disease_main\Wheat Disease\Original Dataset\BlackPoint\BlackPoint_36.jpg,D:\ZaraiAI_Tomato_Cotton_Wheat\data\raw\wheat\wheat_disease_main\Wheat Disease\Original Dataset\BlackPoint\BlackPoint_36.jpg,1080,1440,3,JPEG,282024,6ecc0bc56f5cd1bb55d354107afa68e5abf14006514277410e59c685cc89ba88,train
wheat,LeafBlight,LeafBlight_15.jpg,data\raw\wheat\wheat_disease_main\Wheat Disease\Original Dataset\LeafBlight\LeafBlight_15.jpg,D:\ZaraiAI_Tomato_Cotton_Wheat\data\raw\wheat\wheat_disease_main\Wheat Disease\Original Dataset\LeafBlight\LeafBlight_15.jpg,1440,1080,3,JPEG,367326,f0a27a3dcc76b51592f04f534185c04608523543442b91422d60672cc6ea6619,train
wheat,BlackPoint,BlackPoint_177.jpg,data\raw\wheat\wheat_disease_main\Wheat Disease\Original Dataset\BlackPoint\BlackPoint_177.jpg,D:\ZaraiAI_Tomato_Cotton_Wheat\data\raw\wheat\wheat_disease_main\Wheat Disease\Original Dataset\BlackPoint\BlackPoint_177.jpg,1440,1080,3,JPEG,201675,dded1957043e88b6c571d89136e225ab10d2c6d28e490112daa156013b3fdf85,train
wheat,BlackPoint,BlackPoint_260.jpg,data\raw\wheat\wheat_disease_main\Wheat Disease\Original Dataset\BlackPoint\BlackPoint_260.jpg,D:\ZaraiAI_Tomato_Cotton_Wheat\data\raw\wheat\wheat_disease_main\Wheat Disease\Original Dataset\BlackPoint\BlackPoint_260.jpg,1440,1080,3,JPEG,173857,edb3d57504b95a718fcabdca8dee5469403868e4842650dc9cc07f224a7087e7,train
wheat,LeafBlight,LeafBlight_231.jpg,data\raw\wheat\wheat_disease_main\Wheat Disease\Original Dataset\LeafBlight\LeafBlight_231.jpg,D:\ZaraiAI_Tomato_Cotton_Wheat\data\raw\wheat\wheat_disease_main\Wheat Disease\Original Dataset\LeafBlight\LeafBlight_231.jpg,1440,1080,3,JPEG,181762,7adfd0ec2a04e18a401b6741595dc830e6d8b04314ff9e31974b7904cb5b949f,train
wheat,FusariumFootRot,FusariumFootRot_168.jpg,data\raw\wheat\wheat_disease_main\Wheat Disease\Original Dataset\FusariumFootRot\FusariumFootRot_168.jpg,D:\ZaraiAI_Tomato_Cotton_Wheat\data\raw\wheat\wheat_disease_main\Wheat Disease\Original Dataset\FusariumFootRot\FusariumFootRot_168.jpg,1080,1440,3,JPEG,335129,aa09e1c52bc31322335c88029f3ed4e9b87e2d3dac9c9a5fefb171293ac08138,train
wheat,WheatBlast,WheatBlast_132.jpg,data\raw\wheat\wheat_disease_main\Wheat Disease\Original Dataset\WheatBlast\WheatBlast_132.jpg,D:\ZaraiAI_Tomato_Cotton_Wheat\data\raw\wheat\wheat_disease_main\Wheat Disease\Original Dataset\WheatBlast\WheatBlast_132.jpg,1440,1080,3,JPEG,372329,65ed92236a9a30c836d44a54adb4a63256e7784ddbf91b552618cdc1831cd66b,train
wheat,HealthyLeaf,HealthyLeaf_180.jpg,data\raw\wheat\wheat_disease_main\Wheat Disease\Original Dataset\HealthyLeaf\HealthyLeaf_180.jpg,D:\ZaraiAI_Tomato_Cotton_Wheat\data\raw\wheat\wheat_disease_main\Wheat Disease\Original Dataset\HealthyLeaf\HealthyLeaf_180.jpg,1080,1440,3,JPEG,340810,8a65304996cd29d6117ca42910d1a8e672540ec932c22ef84f38e09866e4e0a6,train
wheat,HealthyLeaf,HealthyLeaf_28.jpg,data\raw\wheat\wheat_disease_main\Wheat Disease\Original Dataset\HealthyLeaf\HealthyLeaf_28.jpg,D:\ZaraiAI_Tomato_Cotton_Wheat\data\raw\wheat\wheat_disease_main\Wheat Disease\Original Dataset\HealthyLeaf\HealthyLeaf_28.jpg,1080,1440,3,JPEG,225846,f9d04bdc3054f70db97e0411899b5ec55187dd71cdf2d1088e5067e2d4f9a232,train
wheat,HealthyLeaf,HealthyLeaf_231.jpg,data\raw\wheat\wheat_disease_main\Wheat Disease\Original Dataset\HealthyLeaf\HealthyLeaf_231.jpg,D:\ZaraiAI_Tomato_Cotton_Wheat\data\raw\wheat\wheat_disease_main\Wheat Disease\Original Dataset\HealthyLeaf\HealthyLeaf_231.jpg,1080,1440,3,JPEG,301476,034899c3548f1899bd9eb678ecea5df1f65b520f6da30ef020078222ac1e8bf2,train
wheat,LeafBlight,LeafBlight_385.jpg,data\raw\wheat\wheat_disease_main\Wheat Disease\Original Dataset\LeafBlight\LeafBlight_385.jpg,D:\ZaraiAI_Tomato_Cotton_Wheat\data\raw\wheat\wheat_disease_main\Wheat Disease\Original Dataset\LeafBlight\LeafBlight_385.jpg,1440,1080,3,JPEG,179967,80525d9f679e544749159b10693374704eea353e40a26426686462c07aa06a89,train
wheat,LeafBlight,LeafBlight_80.jpg,data\raw\wheat\wheat_disease_main\Wheat Disease\Original Dataset\LeafBlight\LeafBlight_80.jpg,D:\ZaraiAI_Tomato_Cotton_Wheat\data\raw\wheat\wheat_disease_main\Wheat Disease\Original Dataset\LeafBlight\LeafBlight_80.jpg,1440,1080,3,JPEG,343018,bb9079d07b57bde422a6e7c0bf454be09657744903c02b671e571b399e396953,train
wheat,LeafBlight,LeafBlight_78.jpg,data\raw\wheat\wheat_disease_main\Wheat Disease\Original Dataset\LeafBlight\LeafBlight_78.jpg,D:\ZaraiAI_Tomato_Cotton_Wheat\data\raw\wheat\wheat_disease_main\Wheat Disease\Original Dataset\LeafBlight\LeafBlight_78.jpg,1440,1080,3,JPEG,363715,b258b15dad772b308b4e40b19c8e26a4ef1a003d6f98785c3c8fc1b4f82b541f,train
wheat,WheatBlast,WheatBlast_213.jpg,data\raw\wheat\wheat_disease_main\Wheat Disease\Original Dataset\WheatBlast\WheatBlast_213.jpg,D:\ZaraiAI_Tomato_Cotton_Wheat\data\raw\wheat\wheat_disease_main\Wheat Disease\Original Dataset\WheatBlast\WheatBlast_213.jpg,1440,1080,3,JPEG,342721,45660a7141db6d405956752576c25f700217515ad58ea880a14cf50c4b2020ee,train
wheat,LeafBlight,LeafBlight_43.jpg,data\raw\wheat\wheat_disease_main\Wheat Disease\Original Dataset\LeafBlight\LeafBlight_43.jpg,D:\ZaraiAI_Tomato_Cotton_Wheat\data\raw\wheat\wheat_disease_main\Wheat Disease\Original Dataset\LeafBlight\LeafBlight_43.jpg,1440,1080,3,JPEG,243605,ee7dfeb87ef01b1ae4b830c6473eadec71f52ec3fc6beee0878583c5e91da95c,train
wheat,WheatBlast,WheatBlast_337.jpg,data\raw\wheat\wheat_disease_main\Wheat Disease\Original Dataset\WheatBlast\WheatBlast_337.jpg,D:\ZaraiAI_Tomato_Cotton_Wheat\data\raw\wheat\wheat_disease_main\Wheat Disease\Original Dataset\WheatBlast\WheatBlast_337.jpg,1440,1080,3,JPEG,496289,75471f6856ee6b5a4c39dcf976d639dbbc522a5f245034980c1e6c08491156f9,train
wheat,WheatBlast,WheatBlast_144.jpg,data\raw\wheat\wheat_disease_main\Wheat Disease\Original Dataset\WheatBlast\WheatBlast_144.jpg,D:\ZaraiAI_Tomato_Cotton_Wheat\data\raw\wheat\wheat_disease_main\Wheat Disease\Original Dataset\WheatBlast\WheatBlast_144.jpg,1440,1080,3,JPEG,443829,68365df50d459afaad92f2f557dee39a2100c10bd04dc73de9ab46579b0962b1,train
wheat,LeafBlight,LeafBlight_12.jpg,data\raw\wheat\wheat_disease_main\Wheat Disease\Original Dataset\LeafBlight\LeafBlight_12.jpg,D:\ZaraiAI_Tomato_Cotton_Wheat\data\raw\wheat\wheat_disease_main\Wheat Disease\Original Dataset\LeafBlight\LeafBlight_12.jpg,1440,1080,3,JPEG,316378,4b33772f1e378c97bb6d9ff82a23c770401741a2edc04dafb0fd4c8a3906cf8f,train
wheat,FusariumFootRot,FusariumFootRot_58.jpg,data\raw\wheat\wheat_disease_main\Wheat Disease\Original Dataset\FusariumFootRot\FusariumFootRot_58.jpg,D:\ZaraiAI_Tomato_Cotton_Wheat\data\raw\wheat\wheat_disease_main\Wheat Disease\Original Dataset\FusariumFootRot\FusariumFootRot_58.jpg,1440,1080,3,JPEG,411432,89750a453a5c0bbf8e692ae9577d7cf1d8bea2cf2c552ab64600918d9eccf7a7,train
wheat,BlackPoint,BlackPoint_196.jpg,data\raw\wheat\wheat_disease_main\Wheat Disease\Original Dataset\BlackPoint\BlackPoint_196.jpg,D:\ZaraiAI_Tomato_Cotton_Wheat\data\raw\wheat\wheat_disease_main\Wheat Disease\Original Dataset\BlackPoint\BlackPoint_196.jpg,1080,1440,3,JPEG,304049,72bb5b491cd48ac85a396a85e48f35434bf5104f7857b5a185d64cbe7dc2a0ca,train
wheat,LeafBlight,LeafBlight_346.jpg,data\raw\wheat\wheat_disease_main\Wheat Disease\Original Dataset\LeafBlight\LeafBlight_346.jpg,D:\ZaraiAI_Tomato_Cotton_Wheat\data\raw\wheat\wheat_disease_main\Wheat Disease\Original Dataset\LeafBlight\LeafBlight_346.jpg,1440,1080,3,JPEG,201336,c767dfb232bcad9056612f4a18746be81d6c31ed55e5f63851f8a98c435580c9,train
wheat,BlackPoint,BlackPoint_203.jpg,data\raw\wheat\wheat_disease_main\Wheat Disease\Original Dataset\BlackPoint\BlackPoint_203.jpg,D:\ZaraiAI_Tomato_Cotton_Wheat\data\raw\wheat\wheat_disease_main\Wheat Disease\Original Dataset\BlackPoint\BlackPoint_203.jpg,1080,1440,3,JPEG,279431,51d3e708e314e508f3aba3da7bc15d7c817474ba0da0c50b09596d3a06012038,train
wheat,LeafBlight,LeafBlight_229.jpg,data\raw\wheat\wheat_disease_main\Wheat Disease\Original Dataset\LeafBlight\LeafBlight_229.jpg,D:\ZaraiAI_Tomato_Cotton_Wheat\data\raw\wheat\wheat_disease_main\Wheat Disease\Original Dataset\LeafBlight\LeafBlight_229.jpg,1440,1080,3,JPEG,227941,166c6ca59635809aaa8dabb4220fb86d02b4ac0dd5b5d4b91f5481e9b059d2bf,train
wheat,WheatBlast,WheatBlast_240.jpg,data\raw\wheat\wheat_disease_main\Wheat Disease\Original Dataset\WheatBlast\WheatBlast_240.jpg,D:\ZaraiAI_Tomato_Cotton_Wheat\data\raw\wheat\wheat_disease_main\Wheat Disease\Original Dataset\WheatBlast\WheatBlast_240.jpg,1440,1080,3,JPEG,444212,33203134896912205664bbbc06fd4570fe65ceb6c197472cc852596a391200fd,train
wheat,LeafBlight,LeafBlight_266.jpg,data\raw\wheat\wheat_disease_main\Wheat Disease\Original Dataset\LeafBlight\LeafBlight_266.jpg,D:\ZaraiAI_Tomato_Cotton_Wheat\data\raw\wheat\wheat_disease_main\Wheat Disease\Original Dataset\LeafBlight\LeafBlight_266.jpg,1440,1080,3,JPEG,238467,3ccc8035a5377efb8d4f042ae79bce4cffd52fd283a7f1dc6c1a329bcd656711,train
wheat,BlackPoint,BlackPoint_296.jpg,data\raw\wheat\wheat_disease_main\Wheat Disease\Original Dataset\BlackPoint\BlackPoint_296.jpg,D:\ZaraiAI_Tomato_Cotton_Wheat\data\raw\wheat\wheat_disease_main\Wheat Disease\Original Dataset\BlackPoint\BlackPoint_296.jpg,1080,1440,3,JPEG,272320,1a487f2de3879ded320f4c34b0cd5bac11328d010abbf7c976c149e897b24eb8,train
wheat,BlackPoint,BlackPoint_123.jpg,data\raw\wheat\wheat_disease_main\Wheat Disease\Original Dataset\BlackPoint\BlackPoint_123.jpg,D:\ZaraiAI_Tomato_Cotton_Wheat\data\raw\wheat\wheat_disease_main\Wheat Disease\Original Dataset\BlackPoint\BlackPoint_123.jpg,1080,1440,3,JPEG,289782,4b8d1bb667bc7fd61ca813941937ce598e22b54ec88eebbd4ea96ef40da107fc,train
wheat,WheatBlast,WheatBlast_309.jpg,data\raw\wheat\wheat_disease_main\Wheat Disease\Original Dataset\WheatBlast\WheatBlast_309.jpg,D:\ZaraiAI_Tomato_Cotton_Wheat\data\raw\wheat\wheat_disease_main\Wheat Disease\Original Dataset\WheatBlast\WheatBlast_309.jpg,1440,1080,3,JPEG,481486,9941848b253d4916af611f7f29830481406acf6da90a7207b92a0fe704e1fd12,train
wheat,BlackPoint,BlackPoint_87.jpg,data\raw\wheat\wheat_disease_main\Wheat Disease\Original Dataset\BlackPoint\BlackPoint_87.jpg,D:\ZaraiAI_Tomato_Cotton_Wheat\data\raw\wheat\wheat_disease_main\Wheat Disease\Original Dataset\BlackPoint\BlackPoint_87.jpg,1080,1440,3,JPEG,288425,7a476fee9be3b3eb2faa377146713016ff8d91f29467e00f1621e8afb8174486,train
wheat,FusariumFootRot,FusariumFootRot_217.jpg,data\raw\wheat\wheat_disease_main\Wheat Disease\Original Dataset\FusariumFootRot\FusariumFootRot_217.jpg,D:\ZaraiAI_Tomato_Cotton_Wheat\data\raw\wheat\wheat_disease_main\Wheat Disease\Original Dataset\FusariumFootRot\FusariumFootRot_217.jpg,1080,1440,3,JPEG,402114,50e4add203ba43da6a83998aa4014e7da2b26866c7d0c46ee6c9c958d2141dc2,train
wheat,FusariumFootRot,FusariumFootRot_61.jpg,data\raw\wheat\wheat_disease_main\Wheat Disease\Original Dataset\FusariumFootRot\FusariumFootRot_61.jpg,D:\ZaraiAI_Tomato_Cotton_Wheat\data\raw\wheat\wheat_disease_main\Wheat Disease\Original Dataset\FusariumFootRot\FusariumFootRot_61.jpg,1440,1080,3,JPEG,416879,a69c1e05f4fb123426bdc12d9736f976f3489d03fbc6a377c7701bddf4d21366,train
wheat,HealthyLeaf,HealthyLeaf_47.jpg,data\raw\wheat\wheat_disease_main\Wheat Disease\Original Dataset\HealthyLeaf\HealthyLeaf_47.jpg,D:\ZaraiAI_Tomato_Cotton_Wheat\data\raw\wheat\wheat_disease_main\Wheat Disease\Original Dataset\HealthyLeaf\HealthyLeaf_47.jpg,1080,1440,3,JPEG,223623,b773e0721c2edc6c9ea2e554a3d176eb1640c5ce292effe5263b36ff0e1eba6a,train
wheat,FusariumFootRot,FusariumFootRot_98.jpg,data\raw\wheat\wheat_disease_main\Wheat Disease\Original Dataset\FusariumFootRot\FusariumFootRot_98.jpg,D:\ZaraiAI_Tomato_Cotton_Wheat\data\raw\wheat\wheat_disease_main\Wheat Disease\Original Dataset\FusariumFootRot\FusariumFootRot_98.jpg,1080,1440,3,JPEG,367026,6d4aa8dc9f8f062661681ebb8b74160dec4d708305278c03b5a9151af01ba8b6,train
wheat,LeafBlight,LeafBlight_399.jpg,data\raw\wheat\wheat_disease_main\Wheat Disease\Original Dataset\LeafBlight\LeafBlight_399.jpg,D:\ZaraiAI_Tomato_Cotton_Wheat\data\raw\wheat\wheat_disease_main\Wheat Disease\Original Dataset\LeafBlight\LeafBlight_399.jpg,1440,1080,3,JPEG,151013,3008cb1693f3182cc83bb30f7f01eb86c80e3160d377be069ae5c6608e480bab,train
wheat,LeafBlight,LeafBlight_90.jpg,data\raw\wheat\wheat_disease_main\Wheat Disease\Original Dataset\LeafBlight\LeafBlight_90.jpg,D:\ZaraiAI_Tomato_Cotton_Wheat\data\raw\wheat\wheat_disease_main\Wheat Disease\Original Dataset\LeafBlight\LeafBlight_90.jpg,1440,1080,3,JPEG,337837,36adb3713394aca07f744b16621345a5c2f26540b65c1052378ec27eebdbcbad,train
wheat,FusariumFootRot,FusariumFootRot_59.jpg,data\raw\wheat\wheat_disease_main\Wheat Disease\Original Dataset\FusariumFootRot\FusariumFootRot_59.jpg,D:\ZaraiAI_Tomato_Cotton_Wheat\data\raw\wheat\wheat_disease_main\Wheat Disease\Original Dataset\FusariumFootRot\FusariumFootRot_59.jpg,1440,1080,3,JPEG,528588,673f2cac9e4c75ffb93479de3f3f758be454672bc205d718ed89462d6eff32da,train
wheat,LeafBlight,LeafBlight_263.jpg,data\raw\wheat\wheat_disease_main\Wheat Disease\Original Dataset\LeafBlight\LeafBlight_263.jpg,D:\ZaraiAI_Tomato_Cotton_Wheat\data\raw\wheat\wheat_disease_main\Wheat Disease\Original Dataset\LeafBlight\LeafBlight_263.jpg,1440,1080,3,JPEG,237707,0109f735ff06c6c1c9be0e9d685c2a675545e98a4d750985fdc0017ec775314a,train
wheat,BlackPoint,BlackPoint_129.jpg,data\raw\wheat\wheat_disease_main\Wheat Disease\Original Dataset\BlackPoint\BlackPoint_129.jpg,D:\ZaraiAI_Tomato_Cotton_Wheat\data\raw\wheat\wheat_disease_main\Wheat Disease\Original Dataset\BlackPoint\BlackPoint_129.jpg,1080,1440,3,JPEG,357594,0465f778c5363c966b5e1691eafb885926585ff0957434d1de602401bfcf2a6c,train
wheat,LeafBlight,LeafBlight_379.jpg,data\raw\wheat\wheat_disease_main\Wheat Disease\Original Dataset\LeafBlight\LeafBlight_379.jpg,D:\ZaraiAI_Tomato_Cotton_Wheat\data\raw\wheat\wheat_disease_main\Wheat Disease\Original Dataset\LeafBlight\LeafBlight_379.jpg,1440,1080,3,JPEG,123977,0dc6f5307e9297f53efa1f6324b7cba01aa22ec7f8a1640d14f87df3935d54a8,train
wheat,FusariumFootRot,FusariumFootRot_219.jpg,data\raw\wheat\wheat_disease_main\Wheat Disease\Original Dataset\FusariumFootRot\FusariumFootRot_219.jpg,D:\ZaraiAI_Tomato_Cotton_Wheat\data\raw\wheat\wheat_disease_main\Wheat Disease\Original Dataset\FusariumFootRot\FusariumFootRot_219.jpg,1080,1440,3,JPEG,381055,a51c0f4adcd9bdc55112eb2e61c438a47d954bd27a1841c8ffa762bb29515efc,train
wheat,LeafBlight,LeafBlight_235.jpg,data\raw\wheat\wheat_disease_main\Wheat Disease\Original Dataset\LeafBlight\LeafBlight_235.jpg,D:\ZaraiAI_Tomato_Cotton_Wheat\data\raw\wheat\wheat_disease_main\Wheat Disease\Original Dataset\LeafBlight\LeafBlight_235.jpg,1440,1080,3,JPEG,170206,e689cace643d16640f22f98dcc79c84aeef0f38c43b2284e4926b271669b10ae,train
wheat,LeafBlight,LeafBlight_186.jpg,data\raw\wheat\wheat_disease_main\Wheat Disease\Original Dataset\LeafBlight\LeafBlight_186.jpg,D:\ZaraiAI_Tomato_Cotton_Wheat\data\raw\wheat\wheat_disease_main\Wheat Disease\Original Dataset\LeafBlight\LeafBlight_186.jpg,1440,1080,3,JPEG,264392,02291a2b606bda41a2c26efd70576c04932fa1eb8f95b1337d44727dbf26a378,train
wheat,LeafBlight,LeafBlight_116.jpg,data\raw\wheat\wheat_disease_main\Wheat Disease\Original Dataset\LeafBlight\LeafBlight_116.jpg,D:\ZaraiAI_Tomato_Cotton_Wheat\data\raw\wheat\wheat_disease_main\Wheat Disease\Original Dataset\LeafBlight\LeafBlight_116.jpg,1440,1080,3,JPEG,350123,6e6dec8ae54d96f43315c522458f4566d5946ef919f5de9853a614cbaf7fe18f,train
wheat,HealthyLeaf,HealthyLeaf_73.jpg,data\raw\wheat\wheat_disease_main\Wheat Disease\Original Dataset\HealthyLeaf\HealthyLeaf_73.jpg,D:\ZaraiAI_Tomato_Cotton_Wheat\data\raw\wheat\wheat_disease_main\Wheat Disease\Original Dataset\HealthyLeaf\HealthyLeaf_73.jpg,1080,1440,3,JPEG,394767,8926341b1b1785293fca862320864c49059a45d2ca009ff79ffc8f1a1617c4a0,train
wheat,HealthyLeaf,HealthyLeaf_131.jpg,data\raw\wheat\wheat_disease_main\Wheat Disease\Original Dataset\HealthyLeaf\HealthyLeaf_131.jpg,D:\ZaraiAI_Tomato_Cotton_Wheat\data\raw\wheat\wheat_disease_main\Wheat Disease\Original Dataset\HealthyLeaf\HealthyLeaf_131.jpg,1080,1440,3,JPEG,301245,3e339ca06a4c0d468da0928860e1ac2961e641436b4f0a3aeda32716c3d3e85e,train
wheat,WheatBlast,WheatBlast_115.jpg,data\raw\wheat\wheat_disease_main\Wheat Disease\Original Dataset\WheatBlast\WheatBlast_115.jpg,D:\ZaraiAI_Tomato_Cotton_Wheat\data\raw\wheat\wheat_disease_main\Wheat Disease\Original Dataset\WheatBlast\WheatBlast_115.jpg,1440,1080,3,JPEG,404222,583dbb700f0f5b16993fff5167eef22bea90fa6de36bc16b2509f4ebc54f891e,train
wheat,FusariumFootRot,FusariumFootRot_93.jpg,data\raw\wheat\wheat_disease_main\Wheat Disease\Original Dataset\FusariumFootRot\FusariumFootRot_93.jpg,D:\ZaraiAI_Tomato_Cotton_Wheat\data\raw\wheat\wheat_disease_main\Wheat Disease\Original Dataset\FusariumFootRot\FusariumFootRot_93.jpg,1080,1440,3,JPEG,393674,711985e8bff1dc3134268640f00edf464e1c2cd3f1cb9e71535fdd7d3ea5ca5f,train
wheat,LeafBlight,LeafBlight_274.jpg,data\raw\wheat\wheat_disease_main\Wheat Disease\Original Dataset\LeafBlight\LeafBlight_274.jpg,D:\ZaraiAI_Tomato_Cotton_Wheat\data\raw\wheat\wheat_disease_main\Wheat Disease\Original Dataset\LeafBlight\LeafBlight_274.jpg,1440,1080,3,JPEG,201261,6d72ecc9684ddc33710e380aa5b3ebfaf1dc5d7f50dfec5b3c6f4375ad3f37b2,train
wheat,BlackPoint,BlackPoint_258.jpg,data\raw\wheat\wheat_disease_main\Wheat Disease\Original Dataset\BlackPoint\BlackPoint_258.jpg,D:\ZaraiAI_Tomato_Cotton_Wheat\data\raw\wheat\wheat_disease_main\Wheat Disease\Original Dataset\BlackPoint\BlackPoint_258.jpg,1440,1080,3,JPEG,199557,e8327f8fba8edca6348bba9ed0002e88b7b84326941fccfcc21e51c0c13a5622,train
wheat,BlackPoint,BlackPoint_165.jpg,data\raw\wheat\wheat_disease_main\Wheat Disease\Original Dataset\BlackPoint\BlackPoint_165.jpg,D:\ZaraiAI_Tomato_Cotton_Wheat\data\raw\wheat\wheat_disease_main\Wheat Disease\Original Dataset\BlackPoint\BlackPoint_165.jpg,1080,1440,3,JPEG,288796,877c5d2c9fb7682d367df5f38aa417b6afd4302cecd7270e0b98c55335cd3dd8,train
wheat,WheatBlast,WheatBlast_181.jpg,data\raw\wheat\wheat_disease_main\Wheat Disease\Original Dataset\WheatBlast\WheatBlast_181.jpg,D:\ZaraiAI_Tomato_Cotton_Wheat\data\raw\wheat\wheat_disease_main\Wheat Disease\Original Dataset\WheatBlast\WheatBlast_181.jpg,1440,1080,3,JPEG,476091,86ea748c0a20731bc28a81920d64b993b660912f35f6a71cde8c01c7b60fe94b,train
wheat,LeafBlight,LeafBlight_95.jpg,data\raw\wheat\wheat_disease_main\Wheat Disease\Original Dataset\LeafBlight\LeafBlight_95.jpg,D:\ZaraiAI_Tomato_Cotton_Wheat\data\raw\wheat\wheat_disease_main\Wheat Disease\Original Dataset\LeafBlight\LeafBlight_95.jpg,1440,1080,3,JPEG,741738,08e54a040e2a5d34f431ef747a08b4f1d79a4b2f133c5885d7c1cd215dde166b,train
wheat,LeafBlight,LeafBlight_318.jpg,data\raw\wheat\wheat_disease_main\Wheat Disease\Original Dataset\LeafBlight\LeafBlight_318.jpg,D:\ZaraiAI_Tomato_Cotton_Wheat\data\raw\wheat\wheat_disease_main\Wheat Disease\Original Dataset\LeafBlight\LeafBlight_318.jpg,1440,1080,3,JPEG,239124,d7c712df8488692b74febad0a2c5e9a7e3d507bb36267b1ad9a06fb407fedda4,train
wheat,FusariumFootRot,FusariumFootRot_229.jpg,data\raw\wheat\wheat_disease_main\Wheat Disease\Original Dataset\FusariumFootRot\FusariumFootRot_229.jpg,D:\ZaraiAI_Tomato_Cotton_Wheat\data\raw\wheat\wheat_disease_main\Wheat Disease\Original Dataset\FusariumFootRot\FusariumFootRot_229.jpg,1080,1440,3,JPEG,326986,543ee319e7e14f4880e46fca66094e2db73c523d6b60242e55f7855c5775ad2f,train
wheat,HealthyLeaf,HealthyLeaf_105.jpg,data\raw\wheat\wheat_disease_main\Wheat Disease\Original Dataset\HealthyLeaf\HealthyLeaf_105.jpg,D:\ZaraiAI_Tomato_Cotton_Wheat\data\raw\wheat\wheat_disease_main\Wheat Disease\Original Dataset\HealthyLeaf\HealthyLeaf_105.jpg,1080,1440,3,JPEG,289457,a65b46394a7ef4362df2b3f05e6ed92162b070fc5ef0d758e020918be966a43a,train
wheat,LeafBlight,LeafBlight_113.jpg,data\raw\wheat\wheat_disease_main\Wheat Disease\Original Dataset\LeafBlight\LeafBlight_113.jpg,D:\ZaraiAI_Tomato_Cotton_Wheat\data\raw\wheat\wheat_disease_main\Wheat Disease\Original Dataset\LeafBlight\LeafBlight_113.jpg,1440,1080,3,JPEG,300872,4fbb0ebb3ba1247b275f2b47b7858154fc974569557d6f9ddee7327b144a21a5,train
wheat,WheatBlast,WheatBlast_266.jpg,data\raw\wheat\wheat_disease_main\Wheat Disease\Original Dataset\WheatBlast\WheatBlast_266.jpg,D:\ZaraiAI_Tomato_Cotton_Wheat\data\raw\wheat\wheat_disease_main\Wheat Disease\Original Dataset\WheatBlast\WheatBlast_266.jpg,1440,1080,3,JPEG,488427,4eb40d8cc65a7a7ef6a18056ee293f5a07557964b1040d3fede09e4d7198a57d,train
wheat,HealthyLeaf,HealthyLeaf_86.jpg,data\raw\wheat\wheat_disease_main\Wheat Disease\Original Dataset\HealthyLeaf\HealthyLeaf_86.jpg,D:\ZaraiAI_Tomato_Cotton_Wheat\data\raw\wheat\wheat_disease_main\Wheat Disease\Original Dataset\HealthyLeaf\HealthyLeaf_86.jpg,1080,1440,3,JPEG,356966,2dc9c1cbe10c004b9e879812e16ecdf3499901ca7705476392ee86b4e00d179b,train
wheat,LeafBlight,LeafBlight_181.jpg,data\raw\wheat\wheat_disease_main\Wheat Disease\Original Dataset\LeafBlight\LeafBlight_181.jpg,D:\ZaraiAI_Tomato_Cotton_Wheat\data\raw\wheat\wheat_disease_main\Wheat Disease\Original Dataset\LeafBlight\LeafBlight_181.jpg,1440,1080,3,JPEG,260407,c10fc80eccb35d9a94a067f33569648692b08c2ab05d9fadb153bbd411b1e6a8,train
wheat,WheatBlast,WheatBlast_76.jpg,data\raw\wheat\wheat_disease_main\Wheat Disease\Original Dataset\WheatBlast\WheatBlast_76.jpg,D:\ZaraiAI_Tomato_Cotton_Wheat\data\raw\wheat\wheat_disease_main\Wheat Disease\Original Dataset\WheatBlast\WheatBlast_76.jpg,1440,1080,3,JPEG,474426,09b771a74828066cb71f56ac5fc4a12b257ba54624b32eaf935f34ad4e06d865,train
wheat,FusariumFootRot,FusariumFootRot_158.jpg,data\raw\wheat\wheat_disease_main\Wheat Disease\Original Dataset\FusariumFootRot\FusariumFootRot_158.jpg,D:\ZaraiAI_Tomato_Cotton_Wheat\data\raw\wheat\wheat_disease_main\Wheat Disease\Original Dataset\FusariumFootRot\FusariumFootRot_158.jpg,1440,1080,3,JPEG,315443,4beeb95c147d73264187455d4753b5ac0b92f091cc6c48ef4781f51e27685440,train
wheat,LeafBlight,LeafBlight_88.jpg,data\raw\wheat\wheat_disease_main\Wheat Disease\Original Dataset\LeafBlight\LeafBlight_88.jpg,D:\ZaraiAI_Tomato_Cotton_Wheat\data\raw\wheat\wheat_disease_main\Wheat Disease\Original Dataset\LeafBlight\LeafBlight_88.jpg,1440,1080,3,JPEG,310880,96b1e03d15b275fcfb68d1c206d761ce971d23ca8482d8a0d9cdeeaf06d4c2c1,train
wheat,FusariumFootRot,FusariumFootRot_231.jpg,data\raw\wheat\wheat_disease_main\Wheat Disease\Original Dataset\FusariumFootRot\FusariumFootRot_231.jpg,D:\ZaraiAI_Tomato_Cotton_Wheat\data\raw\wheat\wheat_disease_main\Wheat Disease\Original Dataset\FusariumFootRot\FusariumFootRot_231.jpg,1080,1440,3,JPEG,316414,14d91c16de957138c8505b5d52dacbfab2ed7e8edfde3e075176d8b72d5d745c,train
wheat,HealthyLeaf,HealthyLeaf_140.jpg,data\raw\wheat\wheat_disease_main\Wheat Disease\Original Dataset\HealthyLeaf\HealthyLeaf_140.jpg,D:\ZaraiAI_Tomato_Cotton_Wheat\data\raw\wheat\wheat_disease_main\Wheat Disease\Original Dataset\HealthyLeaf\HealthyLeaf_140.jpg,1080,1440,3,JPEG,319342,b88c5cab2e917be5dd028e67c08e2969a006a831cf399276b26addb0404a7379,train
wheat,FusariumFootRot,FusariumFootRot_205.jpg,data\raw\wheat\wheat_disease_main\Wheat Disease\Original Dataset\FusariumFootRot\FusariumFootRot_205.jpg,D:\ZaraiAI_Tomato_Cotton_Wheat\data\raw\wheat\wheat_disease_main\Wheat Disease\Original Dataset\FusariumFootRot\FusariumFootRot_205.jpg,1080,1440,3,JPEG,333153,09968b5f3438e21333f6a1236a27455bfb04015481c2bde541db58e730318c7a,train
wheat,HealthyLeaf,HealthyLeaf_103.jpg,data\raw\wheat\wheat_disease_main\Wheat Disease\Original Dataset\HealthyLeaf\HealthyLeaf_103.jpg,D:\ZaraiAI_Tomato_Cotton_Wheat\data\raw\wheat\wheat_disease_main\Wheat Disease\Original Dataset\HealthyLeaf\HealthyLeaf_103.jpg,1080,1440,3,JPEG,278323,a62c06ba507fd4beb659438a3c40c541c9b4e99e675033e3a700580adfdd1dd1,train
wheat,BlackPoint,BlackPoint_32.jpg,data\raw\wheat\wheat_disease_main\Wheat Disease\Original Dataset\BlackPoint\BlackPoint_32.jpg,D:\ZaraiAI_Tomato_Cotton_Wheat\data\raw\wheat\wheat_disease_main\Wheat Disease\Original Dataset\BlackPoint\BlackPoint_32.jpg,1080,1440,3,JPEG,217099,f078ff79eff6d22d5ad2107db41fca2752c75dd5a86493e0f463a11690deb53b,train
wheat,WheatBlast,WheatBlast_3.jpg,data\raw\wheat\wheat_disease_main\Wheat Disease\Original Dataset\WheatBlast\WheatBlast_3.jpg,D:\ZaraiAI_Tomato_Cotton_Wheat\data\raw\wheat\wheat_disease_main\Wheat Disease\Original Dataset\WheatBlast\WheatBlast_3.jpg,1440,1080,3,JPEG,398030,315341360822217c4edd0e504dd73c87657415e0ac33e9a5f177efbd77a40d01,train
wheat,LeafBlight,LeafBlight_370.jpg,data\raw\wheat\wheat_disease_main\Wheat Disease\Original Dataset\LeafBlight\LeafBlight_370.jpg,D:\ZaraiAI_Tomato_Cotton_Wheat\data\raw\wheat\wheat_disease_main\Wheat Disease\Original Dataset\LeafBlight\LeafBlight_370.jpg,1440,1080,3,JPEG,171521,3249ca4279e919c4224b0da7099499d0ef1cf21d4875c321f01712e88653575a,train
wheat,HealthyLeaf,HealthyLeaf_161.jpg,data\raw\wheat\wheat_disease_main\Wheat Disease\Original Dataset\HealthyLeaf\HealthyLeaf_161.jpg,D:\ZaraiAI_Tomato_Cotton_Wheat\data\raw\wheat\wheat_disease_main\Wheat Disease\Original Dataset\HealthyLeaf\HealthyLeaf_161.jpg,1440,1080,3,JPEG,576344,9674eaadd47b32fec7bd703568383b8166631a017189710315fca9730af12eca,train
wheat,HealthyLeaf,HealthyLeaf_219.jpg,data\raw\wheat\wheat_disease_main\Wheat Disease\Original Dataset\HealthyLeaf\HealthyLeaf_219.jpg,D:\ZaraiAI_Tomato_Cotton_Wheat\data\raw\wheat\wheat_disease_main\Wheat Disease\Original Dataset\HealthyLeaf\HealthyLeaf_219.jpg,1080,1440,3,JPEG,290108,053ba6136c91a2b53fc249197ac7183007a90122e2f8c6c6415c05e1f721a96f,train
wheat,FusariumFootRot,FusariumFootRot_96.jpg,data\raw\wheat\wheat_disease_main\Wheat Disease\Original Dataset\FusariumFootRot\FusariumFootRot_96.jpg,D:\ZaraiAI_Tomato_Cotton_Wheat\data\raw\wheat\wheat_disease_main\Wheat Disease\Original Dataset\FusariumFootRot\FusariumFootRot_96.jpg,1080,1440,3,JPEG,345297,d09f9b7e8ac6ad3471dd9a64edddc1af10a543606654a34d1041e928f6c64173,train
wheat,FusariumFootRot,FusariumFootRot_246.jpg,data\raw\wheat\wheat_disease_main\Wheat Disease\Original Dataset\FusariumFootRot\FusariumFootRot_246.jpg,D:\ZaraiAI_Tomato_Cotton_Wheat\data\raw\wheat\wheat_disease_main\Wheat Disease\Original Dataset\FusariumFootRot\FusariumFootRot_246.jpg,1080,1440,3,JPEG,375733,b1982d18288888f46d1273f14708d2369b97399bd3c5ac52b376d143f0dfe19c,train
wheat,FusariumFootRot,FusariumFootRot_232.jpg,data\raw\wheat\wheat_disease_main\Wheat Disease\Original Dataset\FusariumFootRot\FusariumFootRot_232.jpg,D:\ZaraiAI_Tomato_Cotton_Wheat\data\raw\wheat\wheat_disease_main\Wheat Disease\Original Dataset\FusariumFootRot\FusariumFootRot_232.jpg,1440,1080,3,JPEG,373466,42b2c93da89cd3994f97bbbc8cadbddd1e6eae3bb239eae841c0ab1fb671fed9,train
wheat,BlackPoint,BlackPoint_1.jpg,data\raw\wheat\wheat_disease_main\Wheat Disease\Original Dataset\BlackPoint\BlackPoint_1.jpg,D:\ZaraiAI_Tomato_Cotton_Wheat\data\raw\wheat\wheat_disease_main\Wheat Disease\Original Dataset\BlackPoint\BlackPoint_1.jpg,1080,1440,3,JPEG,269008,1b8c663e934119b0cfd5b85d3af6b33fb9d8c0f0d909ab8a0554ee21582bee5b,train
wheat,FusariumFootRot,FusariumFootRot_35.jpg,data\raw\wheat\wheat_disease_main\Wheat Disease\Original Dataset\FusariumFootRot\FusariumFootRot_35.jpg,D:\ZaraiAI_Tomato_Cotton_Wheat\data\raw\wheat\wheat_disease_main\Wheat Disease\Original Dataset\FusariumFootRot\FusariumFootRot_35.jpg,1080,1440,3,JPEG,505910,79bfdaf02f9f826035f11b158a5de1e003fb792046fc1ae9cdcad2ac7f4e6a79,train
wheat,WheatBlast,WheatBlast_400.jpg,data\raw\wheat\wheat_disease_main\Wheat Disease\Original Dataset\WheatBlast\WheatBlast_400.jpg,D:\ZaraiAI_Tomato_Cotton_Wheat\data\raw\wheat\wheat_disease_main\Wheat Disease\Original Dataset\WheatBlast\WheatBlast_400.jpg,1440,1080,3,JPEG,451091,e69389b98b0f222a5a426db7858879c88349bcf5eeb596cb0d1ea961213a7011,train
wheat,HealthyLeaf,HealthyLeaf_246.jpg,data\raw\wheat\wheat_disease_main\Wheat Disease\Original Dataset\HealthyLeaf\HealthyLeaf_246.jpg,D:\ZaraiAI_Tomato_Cotton_Wheat\data\raw\wheat\wheat_disease_main\Wheat Disease\Original Dataset\HealthyLeaf\HealthyLeaf_246.jpg,1080,1440,3,JPEG,428321,95933f1ec7f7af42866b94ec4cf2c70b998f8000624f3f537d596c7f9a3c854a,train
wheat,WheatBlast,WheatBlast_139.jpg,data\raw\wheat\wheat_disease_main\Wheat Disease\Original Dataset\WheatBlast\WheatBlast_139.jpg,D:\ZaraiAI_Tomato_Cotton_Wheat\data\raw\wheat\wheat_disease_main\Wheat Disease\Original Dataset\WheatBlast\WheatBlast_139.jpg,1440,1080,3,JPEG,420747,b4e2aa22b07c8526fbceadec8b19809e05066d1eb43eef84432b93517f143866,train
wheat,HealthyLeaf,HealthyLeaf_185.jpg,data\raw\wheat\wheat_disease_main\Wheat Disease\Original Dataset\HealthyLeaf\HealthyLeaf_185.jpg,D:\ZaraiAI_Tomato_Cotton_Wheat\data\raw\wheat\wheat_disease_main\Wheat Disease\Original Dataset\HealthyLeaf\HealthyLeaf_185.jpg,1080,1440,3,JPEG,268470,540756419527ffd457e0cb3dec3ebd3a8ef833a0958832fa1f8dabc1c720222f,train
wheat,LeafBlight,LeafBlight_69.jpg,data\raw\wheat\wheat_disease_main\Wheat Disease\Original Dataset\LeafBlight\LeafBlight_69.jpg,D:\ZaraiAI_Tomato_Cotton_Wheat\data\raw\wheat\wheat_disease_main\Wheat Disease\Original Dataset\LeafBlight\LeafBlight_69.jpg,1440,1080,3,JPEG,311993,6c967298dcafaee732068642c8aecb7fdb8bf9dd5ca9ea83c17288f63b9da848,train
wheat,FusariumFootRot,FusariumFootRot_46.jpg,data\raw\wheat\wheat_disease_main\Wheat Disease\Original Dataset\FusariumFootRot\FusariumFootRot_46.jpg,D:\ZaraiAI_Tomato_Cotton_Wheat\data\raw\wheat\wheat_disease_main\Wheat Disease\Original Dataset\FusariumFootRot\FusariumFootRot_46.jpg,1080,1440,3,JPEG,476640,00cf470badc9ae701a89f0a0dcb56fbd9d813823d53cf66ac2aaa4c670cb7d06,train
wheat,HealthyLeaf,HealthyLeaf_16.jpg,data\raw\wheat\wheat_disease_main\Wheat Disease\Original Dataset\HealthyLeaf\HealthyLeaf_16.jpg,D:\ZaraiAI_Tomato_Cotton_Wheat\data\raw\wheat\wheat_disease_main\Wheat Disease\Original Dataset\HealthyLeaf\HealthyLeaf_16.jpg,1080,1440,3,JPEG,289390,4ee3c4b52a819a1a8d27e1d4f726b6feb107cf6fe9e0838688c056f27170caeb,train
wheat,WheatBlast,WheatBlast_67.jpg,data\raw\wheat\wheat_disease_main\Wheat Disease\Original Dataset\WheatBlast\WheatBlast_67.jpg,D:\ZaraiAI_Tomato_Cotton_Wheat\data\raw\wheat\wheat_disease_main\Wheat Disease\Original Dataset\WheatBlast\WheatBlast_67.jpg,1440,1080,3,JPEG,373324,d3621c74676619717140303824a1892501bd795865927bcad0eda67ce7cd4122,train
wheat,BlackPoint,BlackPoint_166.jpg,data\raw\wheat\wheat_disease_main\Wheat Disease\Original Dataset\BlackPoint\BlackPoint_166.jpg,D:\ZaraiAI_Tomato_Cotton_Wheat\data\raw\wheat\wheat_disease_main\Wheat Disease\Original Dataset\BlackPoint\BlackPoint_166.jpg,1080,1440,3,JPEG,326921,9059a9f471e154a0b9154217a3314d326d5c4d8bc4b4c50cbe6bae6bde06e143,train
wheat,HealthyLeaf,HealthyLeaf_149.jpg,data\raw\wheat\wheat_disease_main\Wheat Disease\Original Dataset\HealthyLeaf\HealthyLeaf_149.jpg,D:\ZaraiAI_Tomato_Cotton_Wheat\data\raw\wheat\wheat_disease_main\Wheat Disease\Original Dataset\HealthyLeaf\HealthyLeaf_149.jpg,1080,1440,3,JPEG,300190,f94d75ef104a7fc24fd86458e546d8f3e72e18d50c2f73d46cd70298a4bd95c4,train
wheat,LeafBlight,LeafBlight_330.jpg,data\raw\wheat\wheat_disease_main\Wheat Disease\Original Dataset\LeafBlight\LeafBlight_330.jpg,D:\ZaraiAI_Tomato_Cotton_Wheat\data\raw\wheat\wheat_disease_main\Wheat Disease\Original Dataset\LeafBlight\LeafBlight_330.jpg,1440,1080,3,JPEG,198036,abbe241c35f8ca72218f1459b5a62b57c897b2f9339fb7e8b98119ecb49aeb53,train
wheat,WheatBlast,WheatBlast_21.jpg,data\raw\wheat\wheat_disease_main\Wheat Disease\Original Dataset\WheatBlast\WheatBlast_21.jpg,D:\ZaraiAI_Tomato_Cotton_Wheat\data\raw\wheat\wheat_disease_main\Wheat Disease\Original Dataset\WheatBlast\WheatBlast_21.jpg,1440,1080,3,JPEG,411618,1aad939674ad55cb844e1b885b02a69656b7db8eee097a1547934025365f9dbf,train
wheat,LeafBlight,LeafBlight_195.jpg,data\raw\wheat\wheat_disease_main\Wheat Disease\Original Dataset\LeafBlight\LeafBlight_195.jpg,D:\ZaraiAI_Tomato_Cotton_Wheat\data\raw\wheat\wheat_disease_main\Wheat Disease\Original Dataset\LeafBlight\LeafBlight_195.jpg,1440,1080,3,JPEG,301779,a6cdb954d3d137a5fd1031e72a9c936a48515558fd0bf04f4dffe774aa0f6957,train
wheat,HealthyLeaf,HealthyLeaf_44.jpg,data\raw\wheat\wheat_disease_main\Wheat Disease\Original Dataset\HealthyLeaf\HealthyLeaf_44.jpg,D:\ZaraiAI_Tomato_Cotton_Wheat\data\raw\wheat\wheat_disease_main\Wheat Disease\Original Dataset\HealthyLeaf\HealthyLeaf_44.jpg,1080,1440,3,JPEG,325995,e8bfa1a63c259976aa4dde1766491cbabd255510442d352d550d3295e809aae4,train
wheat,BlackPoint,BlackPoint_121.jpg,data\raw\wheat\wheat_disease_main\Wheat Disease\Original Dataset\BlackPoint\BlackPoint_121.jpg,D:\ZaraiAI_Tomato_Cotton_Wheat\data\raw\wheat\wheat_disease_main\Wheat Disease\Original Dataset\BlackPoint\BlackPoint_121.jpg,1080,1440,3,JPEG,285304,70f5830c36c2d9cf2cf15b48493b73425cd74fe9f82d18bcd070eee151f6a5db,train
wheat,BlackPoint,BlackPoint_219.jpg,data\raw\wheat\wheat_disease_main\Wheat Disease\Original Dataset\BlackPoint\BlackPoint_219.jpg,D:\ZaraiAI_Tomato_Cotton_Wheat\data\raw\wheat\wheat_disease_main\Wheat Disease\Original Dataset\BlackPoint\BlackPoint_219.jpg,1440,1080,3,JPEG,168476,eeadebf6bb2ec0ae6b1450c38b866749e5aefb6a8710fdeeb519e4ddeb7bd097,train
wheat,WheatBlast,WheatBlast_261.jpg,data\raw\wheat\wheat_disease_main\Wheat Disease\Original Dataset\WheatBlast\WheatBlast_261.jpg,D:\ZaraiAI_Tomato_Cotton_Wheat\data\raw\wheat\wheat_disease_main\Wheat Disease\Original Dataset\WheatBlast\WheatBlast_261.jpg,1440,1080,3,JPEG,492404,b77c8b58850bb928b6db4d005b0e7e2fae00e70dd7dcf8a85e20dfe25bc0c398,train
wheat,WheatBlast,WheatBlast_40.jpg,data\raw\wheat\wheat_disease_main\Wheat Disease\Original Dataset\WheatBlast\WheatBlast_40.jpg,D:\ZaraiAI_Tomato_Cotton_Wheat\data\raw\wheat\wheat_disease_main\Wheat Disease\Original Dataset\WheatBlast\WheatBlast_40.jpg,1440,1080,3,JPEG,339315,24583d59652ef22bf8fd8828959ae4e8b5979b147723ad5da607abf92c02e788,train
wheat,BlackPoint,BlackPoint_209.jpg,data\raw\wheat\wheat_disease_main\Wheat Disease\Original Dataset\BlackPoint\BlackPoint_209.jpg,D:\ZaraiAI_Tomato_Cotton_Wheat\data\raw\wheat\wheat_disease_main\Wheat Disease\Original Dataset\BlackPoint\BlackPoint_209.jpg,1080,1440,3,JPEG,277118,6e6c439e4ec395e38aa237b136f8cd051dabc9946ed0a9bea13525467e2f9c70,train
wheat,BlackPoint,BlackPoint_164.jpg,data\raw\wheat\wheat_disease_main\Wheat Disease\Original Dataset\BlackPoint\BlackPoint_164.jpg,D:\ZaraiAI_Tomato_Cotton_Wheat\data\raw\wheat\wheat_disease_main\Wheat Disease\Original Dataset\BlackPoint\BlackPoint_164.jpg,1080,1440,3,JPEG,221785,238c30f8587fc870592135f83b048d67fe032d6c460fcd6f027b48b4445741f9,train
wheat,HealthyLeaf,HealthyLeaf_54.jpg,data\raw\wheat\wheat_disease_main\Wheat Disease\Original Dataset\HealthyLeaf\HealthyLeaf_54.jpg,D:\ZaraiAI_Tomato_Cotton_Wheat\data\raw\wheat\wheat_disease_main\Wheat Disease\Original Dataset\HealthyLeaf\HealthyLeaf_54.jpg,1080,1440,3,JPEG,345432,55208220370fa38777a7fb9baa43f57969cd54ff9211c8f22b05ac87fd7cfec0,train
wheat,BlackPoint,BlackPoint_114.jpg,data\raw\wheat\wheat_disease_main\Wheat Disease\Original Dataset\BlackPoint\BlackPoint_114.jpg,D:\ZaraiAI_Tomato_Cotton_Wheat\data\raw\wheat\wheat_disease_main\Wheat Disease\Original Dataset\BlackPoint\BlackPoint_114.jpg,1080,1440,3,JPEG,261306,6179978ed989b264397f5a171f18104398b861448458d678c1f829e971c5f59f,train
wheat,BlackPoint,BlackPoint_97.jpg,data\raw\wheat\wheat_disease_main\Wheat Disease\Original Dataset\BlackPoint\BlackPoint_97.jpg,D:\ZaraiAI_Tomato_Cotton_Wheat\data\raw\wheat\wheat_disease_main\Wheat Disease\Original Dataset\BlackPoint\BlackPoint_97.jpg,1080,1440,3,JPEG,296924,0986ead802c4f51aecbb04fd86197b1f7708a89cd9171fae88a03e4be0c52147,train
wheat,FusariumFootRot,FusariumFootRot_160.jpg,data\raw\wheat\wheat_disease_main\Wheat Disease\Original Dataset\FusariumFootRot\FusariumFootRot_160.jpg,D:\ZaraiAI_Tomato_Cotton_Wheat\data\raw\wheat\wheat_disease_main\Wheat Disease\Original Dataset\FusariumFootRot\FusariumFootRot_160.jpg,1080,1440,3,JPEG,415891,1ebd7fd4b3596e42fea5c6a58d96f1b45b47a9ff3902cba07922b39e83bb5584,train
wheat,FusariumFootRot,FusariumFootRot_197.jpg,data\raw\wheat\wheat_disease_main\Wheat Disease\Original Dataset\FusariumFootRot\FusariumFootRot_197.jpg,D:\ZaraiAI_Tomato_Cotton_Wheat\data\raw\wheat\wheat_disease_main\Wheat Disease\Original Dataset\FusariumFootRot\FusariumFootRot_197.jpg,1080,1440,3,JPEG,321133,112d46b5a2505c4b2d819d023bc81411276428775771ec99f0121f43c76a2932,train
wheat,HealthyLeaf,HealthyLeaf_196.jpg,data\raw\wheat\wheat_disease_main\Wheat Disease\Original Dataset\HealthyLeaf\HealthyLeaf_196.jpg,D:\ZaraiAI_Tomato_Cotton_Wheat\data\raw\wheat\wheat_disease_main\Wheat Disease\Original Dataset\HealthyLeaf\HealthyLeaf_196.jpg,1080,1440,3,JPEG,405862,9e88bdd429aa84e7766c31db28984163cbe5ceff035e8b50cc6de266a3946d64,train
wheat,FusariumFootRot,FusariumFootRot_38.jpg,data\raw\wheat\wheat_disease_main\Wheat Disease\Original Dataset\FusariumFootRot\FusariumFootRot_38.jpg,D:\ZaraiAI_Tomato_Cotton_Wheat\data\raw\wheat\wheat_disease_main\Wheat Disease\Original Dataset\FusariumFootRot\FusariumFootRot_38.jpg,1080,1440,3,JPEG,479752,b69ccb6b62321521f76af445fb667896763e26fa90c95d0f54e40368dc1bcffc,train
wheat,FusariumFootRot,FusariumFootRot_2.jpg,data\raw\wheat\wheat_disease_main\Wheat Disease\Original Dataset\FusariumFootRot\FusariumFootRot_2.jpg,D:\ZaraiAI_Tomato_Cotton_Wheat\data\raw\wheat\wheat_disease_main\Wheat Disease\Original Dataset\FusariumFootRot\FusariumFootRot_2.jpg,1080,1440,3,JPEG,395968,e4f14394b1b0e74ee44597cd1627501b7c1cee7d1bfc7b61b8047bd8a5eea9d0,train
wheat,LeafBlight,LeafBlight_108.jpg,data\raw\wheat\wheat_disease_main\Wheat Disease\Original Dataset\LeafBlight\LeafBlight_108.jpg,D:\ZaraiAI_Tomato_Cotton_Wheat\data\raw\wheat\wheat_disease_main\Wheat Disease\Original Dataset\LeafBlight\LeafBlight_108.jpg,1440,1080,3,JPEG,293165,e5b3de8fb835b6e6a56fd6d945b26835d6e5076cd514fd00a9ea5bdc44302b9f,train
wheat,LeafBlight,LeafBlight_312.jpg,data\raw\wheat\wheat_disease_main\Wheat Disease\Original Dataset\LeafBlight\LeafBlight_312.jpg,D:\ZaraiAI_Tomato_Cotton_Wheat\data\raw\wheat\wheat_disease_main\Wheat Disease\Original Dataset\LeafBlight\LeafBlight_312.jpg,1440,1080,3,JPEG,196991,daa16a818af31801cafed6b2bfe8cc722e5b3b184312cabfad7c6b0e3a618bc1,train
wheat,LeafBlight,LeafBlight_169.jpg,data\raw\wheat\wheat_disease_main\Wheat Disease\Original Dataset\LeafBlight\LeafBlight_169.jpg,D:\ZaraiAI_Tomato_Cotton_Wheat\data\raw\wheat\wheat_disease_main\Wheat Disease\Original Dataset\LeafBlight\LeafBlight_169.jpg,1440,1080,3,JPEG,243623,47203fb1803059542bc27c6ce6eec02eccdc9d8671858faf501b07698bc43634,train
wheat,WheatBlast,WheatBlast_383.jpg,data\raw\wheat\wheat_disease_main\Wheat Disease\Original Dataset\WheatBlast\WheatBlast_383.jpg,D:\ZaraiAI_Tomato_Cotton_Wheat\data\raw\wheat\wheat_disease_main\Wheat Disease\Original Dataset\WheatBlast\WheatBlast_383.jpg,1440,1080,3,JPEG,498892,f17e530aaa2e57e2cc99723da9fd866e3ed945bbe1b9678142fccc19c7ca5747,train
wheat,LeafBlight,LeafBlight_177.jpg,data\raw\wheat\wheat_disease_main\Wheat Disease\Original Dataset\LeafBlight\LeafBlight_177.jpg,D:\ZaraiAI_Tomato_Cotton_Wheat\data\raw\wheat\wheat_disease_main\Wheat Disease\Original Dataset\LeafBlight\LeafBlight_177.jpg,1440,1080,3,JPEG,267930,3029157955c11d86b955f8f610df1d9cc539d4376755a157dfb72ecca3dc3a8c,train
wheat,WheatBlast,WheatBlast_372.jpg,data\raw\wheat\wheat_disease_main\Wheat Disease\Original Dataset\WheatBlast\WheatBlast_372.jpg,D:\ZaraiAI_Tomato_Cotton_Wheat\data\raw\wheat\wheat_disease_main\Wheat Disease\Original Dataset\WheatBlast\WheatBlast_372.jpg,1440,1080,3,JPEG,484833,d0e3bcac94537c5238a139cff2949c5f09d6ea8fd35a2949e884e611933c598d,train
wheat,LeafBlight,LeafBlight_298.jpg,data\raw\wheat\wheat_disease_main\Wheat Disease\Original Dataset\LeafBlight\LeafBlight_298.jpg,D:\ZaraiAI_Tomato_Cotton_Wheat\data\raw\wheat\wheat_disease_main\Wheat Disease\Original Dataset\LeafBlight\LeafBlight_298.jpg,1440,1080,3,JPEG,202907,a5c11044268c15af155969b9869fe8b37f85e45d4819cea297fc33b955b524ee,train
wheat,WheatBlast,WheatBlast_31.jpg,data\raw\wheat\wheat_disease_main\Wheat Disease\Original Dataset\WheatBlast\WheatBlast_31.jpg,D:\ZaraiAI_Tomato_Cotton_Wheat\data\raw\wheat\wheat_disease_main\Wheat Disease\Original Dataset\WheatBlast\WheatBlast_31.jpg,1440,1080,3,JPEG,335230,11af7050d59ed1472e81c1f7074a8de1b56984202f25a15bc59452ce20a0f83b,train
wheat,WheatBlast,WheatBlast_314.jpg,data\raw\wheat\wheat_disease_main\Wheat Disease\Original Dataset\WheatBlast\WheatBlast_314.jpg,D:\ZaraiAI_Tomato_Cotton_Wheat\data\raw\wheat\wheat_disease_main\Wheat Disease\Original Dataset\WheatBlast\WheatBlast_314.jpg,1440,1080,3,JPEG,564871,68132148c8e7dc5a4d1359a48a6a91ab4e141d10d14c91c6f6680afdeb990c37,train
wheat,BlackPoint,BlackPoint_51.jpg,data\raw\wheat\wheat_disease_main\Wheat Disease\Original Dataset\BlackPoint\BlackPoint_51.jpg,D:\ZaraiAI_Tomato_Cotton_Wheat\data\raw\wheat\wheat_disease_main\Wheat Disease\Original Dataset\BlackPoint\BlackPoint_51.jpg,1080,1440,3,JPEG,370080,a171fab922b6698b1ab3fdf2237f2688d232064236900a5372607a46a1723554,train
wheat,BlackPoint,BlackPoint_190.jpg,data\raw\wheat\wheat_disease_main\Wheat Disease\Original Dataset\BlackPoint\BlackPoint_190.jpg,D:\ZaraiAI_Tomato_Cotton_Wheat\data\raw\wheat\wheat_disease_main\Wheat Disease\Original Dataset\BlackPoint\BlackPoint_190.jpg,1080,1440,3,JPEG,200732,33771b371d26756fcbfa14abbf5eb84ba77f070ae45e581f187942b6f6b17647,train
wheat,BlackPoint,BlackPoint_257.jpg,data\raw\wheat\wheat_disease_main\Wheat Disease\Original Dataset\BlackPoint\BlackPoint_257.jpg,D:\ZaraiAI_Tomato_Cotton_Wheat\data\raw\wheat\wheat_disease_main\Wheat Disease\Original Dataset\BlackPoint\BlackPoint_257.jpg,1440,1080,3,JPEG,136361,6e447a59673c62db457679baf1140042e018a22057681067d39f4857bd51b5c0,train
wheat,BlackPoint,BlackPoint_149.jpg,data\raw\wheat\wheat_disease_main\Wheat Disease\Original Dataset\BlackPoint\BlackPoint_149.jpg,D:\ZaraiAI_Tomato_Cotton_Wheat\data\raw\wheat\wheat_disease_main\Wheat Disease\Original Dataset\BlackPoint\BlackPoint_149.jpg,1080,1440,3,JPEG,404745,992ba7bf7a68e6977c50bab81f30ee36ea2139e6a20d743eed2debde2261aa37,train
wheat,HealthyLeaf,HealthyLeaf_100.jpg,data\raw\wheat\wheat_disease_main\Wheat Disease\Original Dataset\HealthyLeaf\HealthyLeaf_100.jpg,D:\ZaraiAI_Tomato_Cotton_Wheat\data\raw\wheat\wheat_disease_main\Wheat Disease\Original Dataset\HealthyLeaf\HealthyLeaf_100.jpg,1080,1440,3,JPEG,222123,724e5d2e29c23179a0bcb9d3ad8a44bd469cf2f35e7d0b0feb29379328a66166,train
wheat,HealthyLeaf,HealthyLeaf_183.jpg,data\raw\wheat\wheat_disease_main\Wheat Disease\Original Dataset\HealthyLeaf\HealthyLeaf_183.jpg,D:\ZaraiAI_Tomato_Cotton_Wheat\data\raw\wheat\wheat_disease_main\Wheat Disease\Original Dataset\HealthyLeaf\HealthyLeaf_183.jpg,1080,1440,3,JPEG,296661,bf560c369b92e4a28dc7870a9aad90be7e9b5a90cdc38b9576a88fc321fdaacc,train
wheat,LeafBlight,LeafBlight_256.jpg,data\raw\wheat\wheat_disease_main\Wheat Disease\Original Dataset\LeafBlight\LeafBlight_256.jpg,D:\ZaraiAI_Tomato_Cotton_Wheat\data\raw\wheat\wheat_disease_main\Wheat Disease\Original Dataset\LeafBlight\LeafBlight_256.jpg,1440,1080,3,JPEG,203936,388715c68de37ac804a33782a81787df5cac6101acd8d0c248013fd1bda9700d,train
wheat,FusariumFootRot,FusariumFootRot_156.jpg,data\raw\wheat\wheat_disease_main\Wheat Disease\Original Dataset\FusariumFootRot\FusariumFootRot_156.jpg,D:\ZaraiAI_Tomato_Cotton_Wheat\data\raw\wheat\wheat_disease_main\Wheat Disease\Original Dataset\FusariumFootRot\FusariumFootRot_156.jpg,1080,1440,3,JPEG,353465,abb2a9280f4af9fd601d9c82926841b235b1a14a8d544ddef3625efd1ca072a9,train
wheat,HealthyLeaf,HealthyLeaf_55.jpg,data\raw\wheat\wheat_disease_main\Wheat Disease\Original Dataset\HealthyLeaf\HealthyLeaf_55.jpg,D:\ZaraiAI_Tomato_Cotton_Wheat\data\raw\wheat\wheat_disease_main\Wheat Disease\Original Dataset\HealthyLeaf\HealthyLeaf_55.jpg,1080,1440,3,JPEG,298896,40e28e3454dd0f223329caee3de272857d2e09ddfdae7cb8d0892fa8fdf90834,train
wheat,LeafBlight,LeafBlight_271.jpg,data\raw\wheat\wheat_disease_main\Wheat Disease\Original Dataset\LeafBlight\LeafBlight_271.jpg,D:\ZaraiAI_Tomato_Cotton_Wheat\data\raw\wheat\wheat_disease_main\Wheat Disease\Original Dataset\LeafBlight\LeafBlight_271.jpg,1440,1080,3,JPEG,202819,03e7b1b8ab01d89ba765e97ab489272127b04607769142bf236305bd0c01498a,train
wheat,LeafBlight,LeafBlight_32.jpg,data\raw\wheat\wheat_disease_main\Wheat Disease\Original Dataset\LeafBlight\LeafBlight_32.jpg,D:\ZaraiAI_Tomato_Cotton_Wheat\data\raw\wheat\wheat_disease_main\Wheat Disease\Original Dataset\LeafBlight\LeafBlight_32.jpg,1440,1080,3,JPEG,282698,5c9e823316f653fa98fe1b21ce6ea5a2d2dfd71641d276bb6abd44b4d69a8a51,train
wheat,WheatBlast,WheatBlast_268.jpg,data\raw\wheat\wheat_disease_main\Wheat Disease\Original Dataset\WheatBlast\WheatBlast_268.jpg,D:\ZaraiAI_Tomato_Cotton_Wheat\data\raw\wheat\wheat_disease_main\Wheat Disease\Original Dataset\WheatBlast\WheatBlast_268.jpg,1440,1080,3,JPEG,494340,7537886a19a898335fd7f26f4bca6a2021d72722ca53a23b0fa06e0f03d3a4ae,train
wheat,LeafBlight,LeafBlight_292.jpg,data\raw\wheat\wheat_disease_main\Wheat Disease\Original Dataset\LeafBlight\LeafBlight_292.jpg,D:\ZaraiAI_Tomato_Cotton_Wheat\data\raw\wheat\wheat_disease_main\Wheat Disease\Original Dataset\LeafBlight\LeafBlight_292.jpg,1440,1080,3,JPEG,224812,972349bf71edf57bf54fa76a29f53bae4b010d893fea44d280add22129c144c5,train
wheat,FusariumFootRot,FusariumFootRot_157.jpg,data\raw\wheat\wheat_disease_main\Wheat Disease\Original Dataset\FusariumFootRot\FusariumFootRot_157.jpg,D:\ZaraiAI_Tomato_Cotton_Wheat\data\raw\wheat\wheat_disease_main\Wheat Disease\Original Dataset\FusariumFootRot\FusariumFootRot_157.jpg,1440,1080,3,JPEG,442601,a7e1324e96761c28298efddf1d1fe1d1db9e991f07236289811de5b0e61d449d,train
wheat,WheatBlast,WheatBlast_163.jpg,data\raw\wheat\wheat_disease_main\Wheat Disease\Original Dataset\WheatBlast\WheatBlast_163.jpg,D:\ZaraiAI_Tomato_Cotton_Wheat\data\raw\wheat\wheat_disease_main\Wheat Disease\Original Dataset\WheatBlast\WheatBlast_163.jpg,1440,1080,3,JPEG,455711,8aa3535123b6b22e41a73f9f398fb6860bf30c1f0635aa411ea2af72f2fc9d60,train
wheat,BlackPoint,BlackPoint_238.jpg,data\raw\wheat\wheat_disease_main\Wheat Disease\Original Dataset\BlackPoint\BlackPoint_238.jpg,D:\ZaraiAI_Tomato_Cotton_Wheat\data\raw\wheat\wheat_disease_main\Wheat Disease\Original Dataset\BlackPoint\BlackPoint_238.jpg,1440,1080,3,JPEG,131003,2435a67d9a5f220f313fef4efadeb6e4d82e348681039a4073a489fd3389ba51,train
wheat,WheatBlast,WheatBlast_154.jpg,data\raw\wheat\wheat_disease_main\Wheat Disease\Original Dataset\WheatBlast\WheatBlast_154.jpg,D:\ZaraiAI_Tomato_Cotton_Wheat\data\raw\wheat\wheat_disease_main\Wheat Disease\Original Dataset\WheatBlast\WheatBlast_154.jpg,1440,1080,3,JPEG,450608,63a67ce4fe147119d50341e6eb3da0c78a9f1ab8048a09337c2609302dbb103c,train
wheat,LeafBlight,LeafBlight_349.jpg,data\raw\wheat\wheat_disease_main\Wheat Disease\Original Dataset\LeafBlight\LeafBlight_349.jpg,D:\ZaraiAI_Tomato_Cotton_Wheat\data\raw\wheat\wheat_disease_main\Wheat Disease\Original Dataset\LeafBlight\LeafBlight_349.jpg,1440,1080,3,JPEG,167270,9ebf767891811245f0a4ed2b29d6c3d7e9e734b962bd4964c3a1b4e11d6cd1bb,train
wheat,WheatBlast,WheatBlast_348.jpg,data\raw\wheat\wheat_disease_main\Wheat Disease\Original Dataset\WheatBlast\WheatBlast_348.jpg,D:\ZaraiAI_Tomato_Cotton_Wheat\data\raw\wheat\wheat_disease_main\Wheat Disease\Original Dataset\WheatBlast\WheatBlast_348.jpg,1440,1080,3,JPEG,605156,a7e4fc388cf8a7747534cb42ab5ac691ccfca00f64b0150d01ffb8892a915d2f,train
wheat,FusariumFootRot,FusariumFootRot_100.jpg,data\raw\wheat\wheat_disease_main\Wheat Disease\Original Dataset\FusariumFootRot\FusariumFootRot_100.jpg,D:\ZaraiAI_Tomato_Cotton_Wheat\data\raw\wheat\wheat_disease_main\Wheat Disease\Original Dataset\FusariumFootRot\FusariumFootRot_100.jpg,1080,1440,3,JPEG,270566,52f676d86f4bbc36e896face44e8ba136738001bd8d7d956ad7925783a3127db,train
wheat,FusariumFootRot,FusariumFootRot_155.jpg,data\raw\wheat\wheat_disease_main\Wheat Disease\Original Dataset\FusariumFootRot\FusariumFootRot_155.jpg,D:\ZaraiAI_Tomato_Cotton_Wheat\data\raw\wheat\wheat_disease_main\Wheat Disease\Original Dataset\FusariumFootRot\FusariumFootRot_155.jpg,1080,1440,3,JPEG,336156,6f261eb93a2f08cf038ac2bf2eadc0390c35cdac662a0bb9558417718d775627,train
wheat,LeafBlight,LeafBlight_280.jpg,data\raw\wheat\wheat_disease_main\Wheat Disease\Original Dataset\LeafBlight\LeafBlight_280.jpg,D:\ZaraiAI_Tomato_Cotton_Wheat\data\raw\wheat\wheat_disease_main\Wheat Disease\Original Dataset\LeafBlight\LeafBlight_280.jpg,1440,1080,3,JPEG,233356,6cc954122fd75a04567970ee4758f765c524d657bf27e9812c253420e5ea8f1e,train
wheat,WheatBlast,WheatBlast_172.jpg,data\raw\wheat\wheat_disease_main\Wheat Disease\Original Dataset\WheatBlast\WheatBlast_172.jpg,D:\ZaraiAI_Tomato_Cotton_Wheat\data\raw\wheat\wheat_disease_main\Wheat Disease\Original Dataset\WheatBlast\WheatBlast_172.jpg,1440,1080,3,JPEG,419651,ffac33ab5850af20044645e6c7407fd27dc649705cdb2841776691e5a286dbbe,train
wheat,LeafBlight,LeafBlight_207.jpg,data\raw\wheat\wheat_disease_main\Wheat Disease\Original Dataset\LeafBlight\LeafBlight_207.jpg,D:\ZaraiAI_Tomato_Cotton_Wheat\data\raw\wheat\wheat_disease_main\Wheat Disease\Original Dataset\LeafBlight\LeafBlight_207.jpg,1440,1080,3,JPEG,364939,eb6d2d8c0d3ae4e906ad0617ead31468061e50e50627fb55f06f25a661a25acc,train
wheat,WheatBlast,WheatBlast_7.jpg,data\raw\wheat\wheat_disease_main\Wheat Disease\Original Dataset\WheatBlast\WheatBlast_7.jpg,D:\ZaraiAI_Tomato_Cotton_Wheat\data\raw\wheat\wheat_disease_main\Wheat Disease\Original Dataset\WheatBlast\WheatBlast_7.jpg,1440,1080,3,JPEG,415251,4f31ebc13050649dff1a2fe8d4bb6dd9f9a16347515fe1c3349864c534c56330,train
wheat,BlackPoint,BlackPoint_59.jpg,data\raw\wheat\wheat_disease_main\Wheat Disease\Original Dataset\BlackPoint\BlackPoint_59.jpg,D:\ZaraiAI_Tomato_Cotton_Wheat\data\raw\wheat\wheat_disease_main\Wheat Disease\Original Dataset\BlackPoint\BlackPoint_59.jpg,1080,1440,3,JPEG,281370,73d136f733b7663faf3d4f89c3ffa348607f368bfc22aa628c1a12ef2f388f8d,train
wheat,BlackPoint,BlackPoint_68.jpg,data\raw\wheat\wheat_disease_main\Wheat Disease\Original Dataset\BlackPoint\BlackPoint_68.jpg,D:\ZaraiAI_Tomato_Cotton_Wheat\data\raw\wheat\wheat_disease_main\Wheat Disease\Original Dataset\BlackPoint\BlackPoint_68.jpg,1080,1440,3,JPEG,352992,8dacd433202ebff0268bd6b4b952fbee452825b84e0fcb275e78e4dbafc794d9,train
wheat,FusariumFootRot,FusariumFootRot_112.jpg,data\raw\wheat\wheat_disease_main\Wheat Disease\Original Dataset\FusariumFootRot\FusariumFootRot_112.jpg,D:\ZaraiAI_Tomato_Cotton_Wheat\data\raw\wheat\wheat_disease_main\Wheat Disease\Original Dataset\FusariumFootRot\FusariumFootRot_112.jpg,1080,1440,3,JPEG,334882,27302a9a60cf02c9655d74050c68850c817047a0cb6a7b75832bea40f060a32b,train
wheat,FusariumFootRot,FusariumFootRot_64.jpg,data\raw\wheat\wheat_disease_main\Wheat Disease\Original Dataset\FusariumFootRot\FusariumFootRot_64.jpg,D:\ZaraiAI_Tomato_Cotton_Wheat\data\raw\wheat\wheat_disease_main\Wheat Disease\Original Dataset\FusariumFootRot\FusariumFootRot_64.jpg,1080,1440,3,JPEG,373352,c84e73994eccf9e10cdf57e4d2a077638d38747e7be9ee33f3a8b84453c3951a,train
wheat,HealthyLeaf,HealthyLeaf_126.jpg,data\raw\wheat\wheat_disease_main\Wheat Disease\Original Dataset\HealthyLeaf\HealthyLeaf_126.jpg,D:\ZaraiAI_Tomato_Cotton_Wheat\data\raw\wheat\wheat_disease_main\Wheat Disease\Original Dataset\HealthyLeaf\HealthyLeaf_126.jpg,1080,1440,3,JPEG,337646,845db9141ffa45dbaab3576bbabd896b1c2d7741ecd7c16580f95594ab428179,train
wheat,BlackPoint,BlackPoint_16.jpg,data\raw\wheat\wheat_disease_main\Wheat Disease\Original Dataset\BlackPoint\BlackPoint_16.jpg,D:\ZaraiAI_Tomato_Cotton_Wheat\data\raw\wheat\wheat_disease_main\Wheat Disease\Original Dataset\BlackPoint\BlackPoint_16.jpg,1080,1440,3,JPEG,238057,d64c1e2394fe6fc0e0210fa0532e15867af961353e17b61f23c09b2dbe8985c1,train
wheat,BlackPoint,BlackPoint_263.jpg,data\raw\wheat\wheat_disease_main\Wheat Disease\Original Dataset\BlackPoint\BlackPoint_263.jpg,D:\ZaraiAI_Tomato_Cotton_Wheat\data\raw\wheat\wheat_disease_main\Wheat Disease\Original Dataset\BlackPoint\BlackPoint_263.jpg,1080,1440,3,JPEG,228699,57ffd7346a4b40469dcf735ba959b24f43d700991b53cb786ea0ce2f8069fe20,train
wheat,BlackPoint,BlackPoint_285.jpg,data\raw\wheat\wheat_disease_main\Wheat Disease\Original Dataset\BlackPoint\BlackPoint_285.jpg,D:\ZaraiAI_Tomato_Cotton_Wheat\data\raw\wheat\wheat_disease_main\Wheat Disease\Original Dataset\BlackPoint\BlackPoint_285.jpg,1440,1080,3,JPEG,292208,68c961039e09f98960e455946c8d7c07cc797e3e4afb066d57462102de7e6fbf,train
wheat,BlackPoint,BlackPoint_170.jpg,data\raw\wheat\wheat_disease_main\Wheat Disease\Original Dataset\BlackPoint\BlackPoint_170.jpg,D:\ZaraiAI_Tomato_Cotton_Wheat\data\raw\wheat\wheat_disease_main\Wheat Disease\Original Dataset\BlackPoint\BlackPoint_170.jpg,1080,1440,3,JPEG,183378,b92f4a1cbb4fbe754ea3978918e3f20e1184935175fb2f113fe6ae8f76cfc97e,train
wheat,LeafBlight,LeafBlight_348.jpg,data\raw\wheat\wheat_disease_main\Wheat Disease\Original Dataset\LeafBlight\LeafBlight_348.jpg,D:\ZaraiAI_Tomato_Cotton_Wheat\data\raw\wheat\wheat_disease_main\Wheat Disease\Original Dataset\LeafBlight\LeafBlight_348.jpg,1440,1080,3,JPEG,177061,5136ae075a3a83481355b7abb2499fc274901bc38169db46464419ff06517d12,train
wheat,BlackPoint,BlackPoint_131.jpg,data\raw\wheat\wheat_disease_main\Wheat Disease\Original Dataset\BlackPoint\BlackPoint_131.jpg,D:\ZaraiAI_Tomato_Cotton_Wheat\data\raw\wheat\wheat_disease_main\Wheat Disease\Original Dataset\BlackPoint\BlackPoint_131.jpg,1080,1440,3,JPEG,281018,ba9b893d3f1e28996da409bbb3b970412f5811cb93119c53924a7492b420e89a,train
wheat,BlackPoint,BlackPoint_212.jpg,data\raw\wheat\wheat_disease_main\Wheat Disease\Original Dataset\BlackPoint\BlackPoint_212.jpg,D:\ZaraiAI_Tomato_Cotton_Wheat\data\raw\wheat\wheat_disease_main\Wheat Disease\Original Dataset\BlackPoint\BlackPoint_212.jpg,1440,1080,3,JPEG,132738,cb9fa07d542d6acd424a2ec75e7d9f2e5e936951a0a35798ffb4c010210d7542,train
wheat,BlackPoint,BlackPoint_186.jpg,data\raw\wheat\wheat_disease_main\Wheat Disease\Original Dataset\BlackPoint\BlackPoint_186.jpg,D:\ZaraiAI_Tomato_Cotton_Wheat\data\raw\wheat\wheat_disease_main\Wheat Disease\Original Dataset\BlackPoint\BlackPoint_186.jpg,1440,1080,3,JPEG,250939,77e6dc45d8e2af44fd34b5c14d59005f34ab2af8f6e3cf5daf0ca82750fb2892,train
wheat,LeafBlight,LeafBlight_153.jpg,data\raw\wheat\wheat_disease_main\Wheat Disease\Original Dataset\LeafBlight\LeafBlight_153.jpg,D:\ZaraiAI_Tomato_Cotton_Wheat\data\raw\wheat\wheat_disease_main\Wheat Disease\Original Dataset\LeafBlight\LeafBlight_153.jpg,1440,1080,3,JPEG,330283,97d10fdd3e5b1c5d58804ed32fbd2e2edc9085119983b839c80c4ad9a5fca3fd,train
wheat,FusariumFootRot,FusariumFootRot_239.jpg,data\raw\wheat\wheat_disease_main\Wheat Disease\Original Dataset\FusariumFootRot\FusariumFootRot_239.jpg,D:\ZaraiAI_Tomato_Cotton_Wheat\data\raw\wheat\wheat_disease_main\Wheat Disease\Original Dataset\FusariumFootRot\FusariumFootRot_239.jpg,1080,1440,3,JPEG,441287,2ae84102b735c4cfed35b02625f2671bf5ac7ee15dc3c63a545a8d4b4964d48e,train
wheat,BlackPoint,BlackPoint_31.jpg,data\raw\wheat\wheat_disease_main\Wheat Disease\Original Dataset\BlackPoint\BlackPoint_31.jpg,D:\ZaraiAI_Tomato_Cotton_Wheat\data\raw\wheat\wheat_disease_main\Wheat Disease\Original Dataset\BlackPoint\BlackPoint_31.jpg,1080,1440,3,JPEG,219740,e4a2317eac7d65916d21511e0fead7dc031496c8bf163b1dc88c8b7d245b6c97,train
wheat,LeafBlight,LeafBlight_173.jpg,data\raw\wheat\wheat_disease_main\Wheat Disease\Original Dataset\LeafBlight\LeafBlight_173.jpg,D:\ZaraiAI_Tomato_Cotton_Wheat\data\raw\wheat\wheat_disease_main\Wheat Disease\Original Dataset\LeafBlight\LeafBlight_173.jpg,1440,1080,3,JPEG,236333,2aaf70d884bed95d6b1ccc7736bcf4a6044b85679726e96ea9ae4e2e2c2327a7,train
wheat,WheatBlast,WheatBlast_149.jpg,data\raw\wheat\wheat_disease_main\Wheat Disease\Original Dataset\WheatBlast\WheatBlast_149.jpg,D:\ZaraiAI_Tomato_Cotton_Wheat\data\raw\wheat\wheat_disease_main\Wheat Disease\Original Dataset\WheatBlast\WheatBlast_149.jpg,1440,1080,3,JPEG,410267,2e584090ff73b2f3ca688cff7c5c9910829f89d0642843a8b0fff0edcf5604a5,train
wheat,BlackPoint,BlackPoint_25.jpg,data\raw\wheat\wheat_disease_main\Wheat Disease\Original Dataset\BlackPoint\BlackPoint_25.jpg,D:\ZaraiAI_Tomato_Cotton_Wheat\data\raw\wheat\wheat_disease_main\Wheat Disease\Original Dataset\BlackPoint\BlackPoint_25.jpg,1080,1440,3,JPEG,220156,05ab906e485be1a146f972656c082ab4955f9fde1b2151c7396f01df08ba9bb8,train
wheat,WheatBlast,WheatBlast_160.jpg,data\raw\wheat\wheat_disease_main\Wheat Disease\Original Dataset\WheatBlast\WheatBlast_160.jpg,D:\ZaraiAI_Tomato_Cotton_Wheat\data\raw\wheat\wheat_disease_main\Wheat Disease\Original Dataset\WheatBlast\WheatBlast_160.jpg,1440,1080,3,JPEG,471507,c89feacc8fd6c23d72ab83648d548c1db85777da5c5b2723377a6a7e8509ffff,train
wheat,LeafBlight,LeafBlight_135.jpg,data\raw\wheat\wheat_disease_main\Wheat Disease\Original Dataset\LeafBlight\LeafBlight_135.jpg,D:\ZaraiAI_Tomato_Cotton_Wheat\data\raw\wheat\wheat_disease_main\Wheat Disease\Original Dataset\LeafBlight\LeafBlight_135.jpg,1440,1080,3,JPEG,359752,cddd31e6c6875eb9671284ecad2327a1ff836fce21d7c0022ce64c45f75f8177,train
wheat,WheatBlast,WheatBlast_161.jpg,data\raw\wheat\wheat_disease_main\Wheat Disease\Original Dataset\WheatBlast\WheatBlast_161.jpg,D:\ZaraiAI_Tomato_Cotton_Wheat\data\raw\wheat\wheat_disease_main\Wheat Disease\Original Dataset\WheatBlast\WheatBlast_161.jpg,1440,1080,3,JPEG,442896,d9a5e22a83a75ce7157c4cda0ca9795aaeea6b1d753ae6322b2b98908dd9a4f3,train
wheat,LeafBlight,LeafBlight_128.jpg,data\raw\wheat\wheat_disease_main\Wheat Disease\Original Dataset\LeafBlight\LeafBlight_128.jpg,D:\ZaraiAI_Tomato_Cotton_Wheat\data\raw\wheat\wheat_disease_main\Wheat Disease\Original Dataset\LeafBlight\LeafBlight_128.jpg,1440,1080,3,JPEG,300669,e4352dfdbf13e168c43d62c52ac2dbd3ce0c668107cea6c925a5bd1218d84da4,train
wheat,LeafBlight,LeafBlight_233.jpg,data\raw\wheat\wheat_disease_main\Wheat Disease\Original Dataset\LeafBlight\LeafBlight_233.jpg,D:\ZaraiAI_Tomato_Cotton_Wheat\data\raw\wheat\wheat_disease_main\Wheat Disease\Original Dataset\LeafBlight\LeafBlight_233.jpg,1440,1080,3,JPEG,170531,50ac610194e9c08bace19d3c6cccaac17be21491a5f6658d50da9c7b75ff5cad,train
wheat,LeafBlight,LeafBlight_259.jpg,data\raw\wheat\wheat_disease_main\Wheat Disease\Original Dataset\LeafBlight\LeafBlight_259.jpg,D:\ZaraiAI_Tomato_Cotton_Wheat\data\raw\wheat\wheat_disease_main\Wheat Disease\Original Dataset\LeafBlight\LeafBlight_259.jpg,1440,1080,3,JPEG,212717,bfd5b7da7667bcbdbb2481bb47e711175df99983752d30f9f82a69413e12090b,train
wheat,HealthyLeaf,HealthyLeaf_130.jpg,data\raw\wheat\wheat_disease_main\Wheat Disease\Original Dataset\HealthyLeaf\HealthyLeaf_130.jpg,D:\ZaraiAI_Tomato_Cotton_Wheat\data\raw\wheat\wheat_disease_main\Wheat Disease\Original Dataset\HealthyLeaf\HealthyLeaf_130.jpg,1080,1440,3,JPEG,283893,aacf85c46ad3e4e459861de26ed4f82b8a8b65ff5c1b592b7e3db7e2d41d058b,train
wheat,BlackPoint,BlackPoint_116.jpg,data\raw\wheat\wheat_disease_main\Wheat Disease\Original Dataset\BlackPoint\BlackPoint_116.jpg,D:\ZaraiAI_Tomato_Cotton_Wheat\data\raw\wheat\wheat_disease_main\Wheat Disease\Original Dataset\BlackPoint\BlackPoint_116.jpg,1080,1440,3,JPEG,198830,799be3c006171914a5fa09774b614d16e2527c5da9111a23060f41e51518ad30,train
wheat,FusariumFootRot,FusariumFootRot_171.jpg,data\raw\wheat\wheat_disease_main\Wheat Disease\Original Dataset\FusariumFootRot\FusariumFootRot_171.jpg,D:\ZaraiAI_Tomato_Cotton_Wheat\data\raw\wheat\wheat_disease_main\Wheat Disease\Original Dataset\FusariumFootRot\FusariumFootRot_171.jpg,1080,1440,3,JPEG,323398,581f0cca5a476bf36a4db1b556cca742e6510eeca12a2024225282f0997e84cb,train
wheat,HealthyLeaf,HealthyLeaf_186.jpg,data\raw\wheat\wheat_disease_main\Wheat Disease\Original Dataset\HealthyLeaf\HealthyLeaf_186.jpg,D:\ZaraiAI_Tomato_Cotton_Wheat\data\raw\wheat\wheat_disease_main\Wheat Disease\Original Dataset\HealthyLeaf\HealthyLeaf_186.jpg,1080,1440,3,JPEG,281907,8e82cfb8f34cc02cca3cfcf9716feef9ce93de995d5ff0e0fb78191ac7d6fc63,train
wheat,HealthyLeaf,HealthyLeaf_169.jpg,data\raw\wheat\wheat_disease_main\Wheat Disease\Original Dataset\HealthyLeaf\HealthyLeaf_169.jpg,D:\ZaraiAI_Tomato_Cotton_Wheat\data\raw\wheat\wheat_disease_main\Wheat Disease\Original Dataset\HealthyLeaf\HealthyLeaf_169.jpg,1080,1440,3,JPEG,285698,5cf0983f8e30cbc18adda22c3a342b1ce2d9159e54d663502cccda139d2f25fa,train
wheat,BlackPoint,BlackPoint_113.jpg,data\raw\wheat\wheat_disease_main\Wheat Disease\Original Dataset\BlackPoint\BlackPoint_113.jpg,D:\ZaraiAI_Tomato_Cotton_Wheat\data\raw\wheat\wheat_disease_main\Wheat Disease\Original Dataset\BlackPoint\BlackPoint_113.jpg,1080,1440,3,JPEG,249543,28ca91e7893af63d71af9ed7f0fdd7868cb8235c40d423d91d403002bd041d0e,train
wheat,WheatBlast,WheatBlast_167.jpg,data\raw\wheat\wheat_disease_main\Wheat Disease\Original Dataset\WheatBlast\WheatBlast_167.jpg,D:\ZaraiAI_Tomato_Cotton_Wheat\data\raw\wheat\wheat_disease_main\Wheat Disease\Original Dataset\WheatBlast\WheatBlast_167.jpg,1440,1080,3,JPEG,461412,0b00c506e2d2e96a4af40f4e8080cc515778fb9bd6a9d25d6f29bba15a7fd74b,train
wheat,WheatBlast,WheatBlast_303.jpg,data\raw\wheat\wheat_disease_main\Wheat Disease\Original Dataset\WheatBlast\WheatBlast_303.jpg,D:\ZaraiAI_Tomato_Cotton_Wheat\data\raw\wheat\wheat_disease_main\Wheat Disease\Original Dataset\WheatBlast\WheatBlast_303.jpg,1440,1080,3,JPEG,481076,4bfefc8e5aaf682a8d081d85ce030a0958f81b9594a8eee48750d000453f5147,train
wheat,HealthyLeaf,HealthyLeaf_211.jpg,data\raw\wheat\wheat_disease_main\Wheat Disease\Original Dataset\HealthyLeaf\HealthyLeaf_211.jpg,D:\ZaraiAI_Tomato_Cotton_Wheat\data\raw\wheat\wheat_disease_main\Wheat Disease\Original Dataset\HealthyLeaf\HealthyLeaf_211.jpg,1080,1440,3,JPEG,391353,b0a6b3f545cd53f204075c87dc24818f98d81bea3757eabf988dde3e26eb3b8a,train
wheat,BlackPoint,BlackPoint_242.jpg,data\raw\wheat\wheat_disease_main\Wheat Disease\Original Dataset\BlackPoint\BlackPoint_242.jpg,D:\ZaraiAI_Tomato_Cotton_Wheat\data\raw\wheat\wheat_disease_main\Wheat Disease\Original Dataset\BlackPoint\BlackPoint_242.jpg,1440,1080,3,JPEG,109812,40f026756dd87298a945b5e9391b8d8aaab9f1428690e1449a2c7108307b5f32,train
wheat,LeafBlight,LeafBlight_79.jpg,data\raw\wheat\wheat_disease_main\Wheat Disease\Original Dataset\LeafBlight\LeafBlight_79.jpg,D:\ZaraiAI_Tomato_Cotton_Wheat\data\raw\wheat\wheat_disease_main\Wheat Disease\Original Dataset\LeafBlight\LeafBlight_79.jpg,1440,1080,3,JPEG,312806,5fa4f1b05d5f8fdaae338c0319200acd3bf1a07f032000677b2823b5811e7a31,train
wheat,HealthyLeaf,HealthyLeaf_233.jpg,data\raw\wheat\wheat_disease_main\Wheat Disease\Original Dataset\HealthyLeaf\HealthyLeaf_233.jpg,D:\ZaraiAI_Tomato_Cotton_Wheat\data\raw\wheat\wheat_disease_main\Wheat Disease\Original Dataset\HealthyLeaf\HealthyLeaf_233.jpg,1080,1440,3,JPEG,273559,9ec8ec778c6d67f55b1d40ecdc626a39d30478b6b5f2242714ad77ed9b9af19e,train
wheat,WheatBlast,WheatBlast_366.jpg,data\raw\wheat\wheat_disease_main\Wheat Disease\Original Dataset\WheatBlast\WheatBlast_366.jpg,D:\ZaraiAI_Tomato_Cotton_Wheat\data\raw\wheat\wheat_disease_main\Wheat Disease\Original Dataset\WheatBlast\WheatBlast_366.jpg,1440,1080,3,JPEG,519789,ad866663b5d90372b29de2f44a8e2437feb1968dc7992912747a6d4fd73c4e70,train
wheat,FusariumFootRot,FusariumFootRot_247.jpg,data\raw\wheat\wheat_disease_main\Wheat Disease\Original Dataset\FusariumFootRot\FusariumFootRot_247.jpg,D:\ZaraiAI_Tomato_Cotton_Wheat\data\raw\wheat\wheat_disease_main\Wheat Disease\Original Dataset\FusariumFootRot\FusariumFootRot_247.jpg,1440,1080,3,JPEG,353776,751d7083d6a5c40e6456cbbc2a9d66221c447f84f1023375168deb70c14ffd4e,train
wheat,FusariumFootRot,FusariumFootRot_179.jpg,data\raw\wheat\wheat_disease_main\Wheat Disease\Original Dataset\FusariumFootRot\FusariumFootRot_179.jpg,D:\ZaraiAI_Tomato_Cotton_Wheat\data\raw\wheat\wheat_disease_main\Wheat Disease\Original Dataset\FusariumFootRot\FusariumFootRot_179.jpg,1080,1440,3,JPEG,464641,ab2e5d2c3a8adec3e51d177f71a38f279477972d65823e4ade74b8bcac3a505d,train
wheat,WheatBlast,WheatBlast_388.jpg,data\raw\wheat\wheat_disease_main\Wheat Disease\Original Dataset\WheatBlast\WheatBlast_388.jpg,D:\ZaraiAI_Tomato_Cotton_Wheat\data\raw\wheat\wheat_disease_main\Wheat Disease\Original Dataset\WheatBlast\WheatBlast_388.jpg,1440,1080,3,JPEG,450817,867717e284386ba072382c5f80df205e1e94fc6bf3b34fae2ea492f2f2ac1331,train
wheat,BlackPoint,BlackPoint_119.jpg,data\raw\wheat\wheat_disease_main\Wheat Disease\Original Dataset\BlackPoint\BlackPoint_119.jpg,D:\ZaraiAI_Tomato_Cotton_Wheat\data\raw\wheat\wheat_disease_main\Wheat Disease\Original Dataset\BlackPoint\BlackPoint_119.jpg,1080,1440,3,JPEG,256506,60545144b52deba909ce76739e2ad47f14f13773271962a6d97ec8a02aee2966,train
wheat,BlackPoint,BlackPoint_276.jpg,data\raw\wheat\wheat_disease_main\Wheat Disease\Original Dataset\BlackPoint\BlackPoint_276.jpg,D:\ZaraiAI_Tomato_Cotton_Wheat\data\raw\wheat\wheat_disease_main\Wheat Disease\Original Dataset\BlackPoint\BlackPoint_276.jpg,1080,1440,3,JPEG,239690,09f386deeeebe94316782081c9c9944997c415e09c94b9e27ca788a509b65d97,train
wheat,WheatBlast,WheatBlast_29.jpg,data\raw\wheat\wheat_disease_main\Wheat Disease\Original Dataset\WheatBlast\WheatBlast_29.jpg,D:\ZaraiAI_Tomato_Cotton_Wheat\data\raw\wheat\wheat_disease_main\Wheat Disease\Original Dataset\WheatBlast\WheatBlast_29.jpg,1440,1080,3,JPEG,329006,e62b27fcb53ef292adea336f893140ef7e2758e56ce3c6e5c7c62195e394e4f6,train
wheat,LeafBlight,LeafBlight_73.jpg,data\raw\wheat\wheat_disease_main\Wheat Disease\Original Dataset\LeafBlight\LeafBlight_73.jpg,D:\ZaraiAI_Tomato_Cotton_Wheat\data\raw\wheat\wheat_disease_main\Wheat Disease\Original Dataset\LeafBlight\LeafBlight_73.jpg,1440,1080,3,JPEG,778969,997485cb1a3da0392fcfd9b2fe55ec5d435cc07b64fb6b63aa45ad4898fe362c,train
wheat,WheatBlast,WheatBlast_390.jpg,data\raw\wheat\wheat_disease_main\Wheat Disease\Original Dataset\WheatBlast\WheatBlast_390.jpg,D:\ZaraiAI_Tomato_Cotton_Wheat\data\raw\wheat\wheat_disease_main\Wheat Disease\Original Dataset\WheatBlast\WheatBlast_390.jpg,1440,1080,3,JPEG,491916,db9a042727e88fdd5bc1602c02b72e1cc54236cc202e536204a54a1189801654,train
wheat,HealthyLeaf,HealthyLeaf_222.jpg,data\raw\wheat\wheat_disease_main\Wheat Disease\Original Dataset\HealthyLeaf\HealthyLeaf_222.jpg,D:\ZaraiAI_Tomato_Cotton_Wheat\data\raw\wheat\wheat_disease_main\Wheat Disease\Original Dataset\HealthyLeaf\HealthyLeaf_222.jpg,1080,1440,3,JPEG,268248,7e51178bc9173983c2537841f2129b6245b6985b9598eef8de69484355c74277,train
wheat,BlackPoint,BlackPoint_264.jpg,data\raw\wheat\wheat_disease_main\Wheat Disease\Original Dataset\BlackPoint\BlackPoint_264.jpg,D:\ZaraiAI_Tomato_Cotton_Wheat\data\raw\wheat\wheat_disease_main\Wheat Disease\Original Dataset\BlackPoint\BlackPoint_264.jpg,1080,1440,3,JPEG,225246,d018a191d0099420ba480cac8064f2c92ae7c24b9c1bfa48e091dba9563e3113,train
wheat,HealthyLeaf,HealthyLeaf_244.jpg,data\raw\wheat\wheat_disease_main\Wheat Disease\Original Dataset\HealthyLeaf\HealthyLeaf_244.jpg,D:\ZaraiAI_Tomato_Cotton_Wheat\data\raw\wheat\wheat_disease_main\Wheat Disease\Original Dataset\HealthyLeaf\HealthyLeaf_244.jpg,1080,1443,3,JPEG,519271,468db7187b2c89c7266091193aa3c64a9758f39fae17853c14e6c80f16118cf3,train
wheat,WheatBlast,WheatBlast_375.jpg,data\raw\wheat\wheat_disease_main\Wheat Disease\Original Dataset\WheatBlast\WheatBlast_375.jpg,D:\ZaraiAI_Tomato_Cotton_Wheat\data\raw\wheat\wheat_disease_main\Wheat Disease\Original Dataset\WheatBlast\WheatBlast_375.jpg,1440,1080,3,JPEG,659422,ce7f595503c92e7a620bccecd8a1ec2f79a5f2976b2e8facf032480d75db3270,train
wheat,FusariumFootRot,FusariumFootRot_60.jpg,data\raw\wheat\wheat_disease_main\Wheat Disease\Original Dataset\FusariumFootRot\FusariumFootRot_60.jpg,D:\ZaraiAI_Tomato_Cotton_Wheat\data\raw\wheat\wheat_disease_main\Wheat Disease\Original Dataset\FusariumFootRot\FusariumFootRot_60.jpg,1440,1080,3,JPEG,403192,6e21c2eb1bf4868a1e1663714d242e2d7c3cd0c611bb668d4441551c60908a8a,train
wheat,FusariumFootRot,FusariumFootRot_223.jpg,data\raw\wheat\wheat_disease_main\Wheat Disease\Original Dataset\FusariumFootRot\FusariumFootRot_223.jpg,D:\ZaraiAI_Tomato_Cotton_Wheat\data\raw\wheat\wheat_disease_main\Wheat Disease\Original Dataset\FusariumFootRot\FusariumFootRot_223.jpg,1080,1440,3,JPEG,372747,fcfca6c8ce7466a92da109fe832aa232af1b024e66d3da689615874bf416c129,train
wheat,LeafBlight,LeafBlight_244.jpg,data\raw\wheat\wheat_disease_main\Wheat Disease\Original Dataset\LeafBlight\LeafBlight_244.jpg,D:\ZaraiAI_Tomato_Cotton_Wheat\data\raw\wheat\wheat_disease_main\Wheat Disease\Original Dataset\LeafBlight\LeafBlight_244.jpg,1440,1080,3,JPEG,198394,7bd56d230889756383908a4f8ed5f967bb44b808d52129bc9d6f8a8a48cd4df0,train
wheat,BlackPoint,BlackPoint_102.jpg,data\raw\wheat\wheat_disease_main\Wheat Disease\Original Dataset\BlackPoint\BlackPoint_102.jpg,D:\ZaraiAI_Tomato_Cotton_Wheat\data\raw\wheat\wheat_disease_main\Wheat Disease\Original Dataset\BlackPoint\BlackPoint_102.jpg,1080,1440,3,JPEG,348431,d4d60a3640d9a08dc3f49dfcb8fb7202aa94705ba494cab3ebfc599692d60d03,train
wheat,WheatBlast,WheatBlast_171.jpg,data\raw\wheat\wheat_disease_main\Wheat Disease\Original Dataset\WheatBlast\WheatBlast_171.jpg,D:\ZaraiAI_Tomato_Cotton_Wheat\data\raw\wheat\wheat_disease_main\Wheat Disease\Original Dataset\WheatBlast\WheatBlast_171.jpg,1440,1080,3,JPEG,417111,ae2389d4126b17e88c86815c7933868ca114eea814b4c993b7130a036b7c4d52,train
wheat,LeafBlight,LeafBlight_157.jpg,data\raw\wheat\wheat_disease_main\Wheat Disease\Original Dataset\LeafBlight\LeafBlight_157.jpg,D:\ZaraiAI_Tomato_Cotton_Wheat\data\raw\wheat\wheat_disease_main\Wheat Disease\Original Dataset\LeafBlight\LeafBlight_157.jpg,1440,1080,3,JPEG,374868,8390a8ee5545da37d32c29fbc44c94db2975e227cb26e8aafc21f02ef05728e8,train
wheat,HealthyLeaf,HealthyLeaf_88.jpg,data\raw\wheat\wheat_disease_main\Wheat Disease\Original Dataset\HealthyLeaf\HealthyLeaf_88.jpg,D:\ZaraiAI_Tomato_Cotton_Wheat\data\raw\wheat\wheat_disease_main\Wheat Disease\Original Dataset\HealthyLeaf\HealthyLeaf_88.jpg,1080,1440,3,JPEG,303586,9a3863fac7b434708a91817fcdb8f64353dce15a490c85374d9d43df8bfe101f,train
wheat,FusariumFootRot,FusariumFootRot_227.jpg,data\raw\wheat\wheat_disease_main\Wheat Disease\Original Dataset\FusariumFootRot\FusariumFootRot_227.jpg,D:\ZaraiAI_Tomato_Cotton_Wheat\data\raw\wheat\wheat_disease_main\Wheat Disease\Original Dataset\FusariumFootRot\FusariumFootRot_227.jpg,1080,1440,3,JPEG,299086,8fa0d3fc52c1d68bacdca9dd8c4cec810519d4edcba4e308961d6ed850451299,train
wheat,HealthyLeaf,HealthyLeaf_1.jpg,data\raw\wheat\wheat_disease_main\Wheat Disease\Original Dataset\HealthyLeaf\HealthyLeaf_1.jpg,D:\ZaraiAI_Tomato_Cotton_Wheat\data\raw\wheat\wheat_disease_main\Wheat Disease\Original Dataset\HealthyLeaf\HealthyLeaf_1.jpg,1080,1440,3,JPEG,327330,4af1fcb84db83b71687b13bab3ff9f5b626e41fa28e031fe0568a412a2385b12,train
wheat,WheatBlast,WheatBlast_56.jpg,data\raw\wheat\wheat_disease_main\Wheat Disease\Original Dataset\WheatBlast\WheatBlast_56.jpg,D:\ZaraiAI_Tomato_Cotton_Wheat\data\raw\wheat\wheat_disease_main\Wheat Disease\Original Dataset\WheatBlast\WheatBlast_56.jpg,1440,1080,3,JPEG,392751,a025a40828d269eebc5598deb1da88fd02cd9076725a52f96c7a53585870aa28,train
wheat,WheatBlast,WheatBlast_381.jpg,data\raw\wheat\wheat_disease_main\Wheat Disease\Original Dataset\WheatBlast\WheatBlast_381.jpg,D:\ZaraiAI_Tomato_Cotton_Wheat\data\raw\wheat\wheat_disease_main\Wheat Disease\Original Dataset\WheatBlast\WheatBlast_381.jpg,1440,1080,3,JPEG,366425,d42778467aba91955909a93b995d5acdf7e508c25509300abf11ec098ecd2505,train
wheat,BlackPoint,BlackPoint_49.jpg,data\raw\wheat\wheat_disease_main\Wheat Disease\Original Dataset\BlackPoint\BlackPoint_49.jpg,D:\ZaraiAI_Tomato_Cotton_Wheat\data\raw\wheat\wheat_disease_main\Wheat Disease\Original Dataset\BlackPoint\BlackPoint_49.jpg,1080,1440,3,JPEG,384127,e7d81ecf49abbe2f29d4bda37fb12836347c512801affea46b3a1f828c8105fb,train
wheat,LeafBlight,LeafBlight_148.jpg,data\raw\wheat\wheat_disease_main\Wheat Disease\Original Dataset\LeafBlight\LeafBlight_148.jpg,D:\ZaraiAI_Tomato_Cotton_Wheat\data\raw\wheat\wheat_disease_main\Wheat Disease\Original Dataset\LeafBlight\LeafBlight_148.jpg,1440,1080,3,JPEG,370610,c25a3012c41e81a0226113610877e8ac9c2330e5fef360402f5dc769f04e86a7,train
wheat,LeafBlight,LeafBlight_336.jpg,data\raw\wheat\wheat_disease_main\Wheat Disease\Original Dataset\LeafBlight\LeafBlight_336.jpg,D:\ZaraiAI_Tomato_Cotton_Wheat\data\raw\wheat\wheat_disease_main\Wheat Disease\Original Dataset\LeafBlight\LeafBlight_336.jpg,1440,1080,3,JPEG,210477,f68e66e8d80ba0a6e6ff756ae07a550725db9fec03cae1d1b501f407c79ac635,train
wheat,BlackPoint,BlackPoint_55.jpg,data\raw\wheat\wheat_disease_main\Wheat Disease\Original Dataset\BlackPoint\BlackPoint_55.jpg,D:\ZaraiAI_Tomato_Cotton_Wheat\data\raw\wheat\wheat_disease_main\Wheat Disease\Original Dataset\BlackPoint\BlackPoint_55.jpg,1080,1440,3,JPEG,410373,b2ca73a053b9a1e00f03343cde104b57b39f377e6c2983fac1c70304dc444346,train
wheat,LeafBlight,LeafBlight_254.jpg,data\raw\wheat\wheat_disease_main\Wheat Disease\Original Dataset\LeafBlight\LeafBlight_254.jpg,D:\ZaraiAI_Tomato_Cotton_Wheat\data\raw\wheat\wheat_disease_main\Wheat Disease\Original Dataset\LeafBlight\LeafBlight_254.jpg,1440,1080,3,JPEG,203195,448b1960220a33b6ebff868356726eef587508c43946df2608b4ae373416c74f,train
wheat,HealthyLeaf,HealthyLeaf_110.jpg,data\raw\wheat\wheat_disease_main\Wheat Disease\Original Dataset\HealthyLeaf\HealthyLeaf_110.jpg,D:\ZaraiAI_Tomato_Cotton_Wheat\data\raw\wheat\wheat_disease_main\Wheat Disease\Original Dataset\HealthyLeaf\HealthyLeaf_110.jpg,1080,1440,3,JPEG,370461,963d4ae3551b02ae05fb9bbc046f22b4c184fe4fd3000550bbd7fea3a2d3943b,train
wheat,FusariumFootRot,FusariumFootRot_57.jpg,data\raw\wheat\wheat_disease_main\Wheat Disease\Original Dataset\FusariumFootRot\FusariumFootRot_57.jpg,D:\ZaraiAI_Tomato_Cotton_Wheat\data\raw\wheat\wheat_disease_main\Wheat Disease\Original Dataset\FusariumFootRot\FusariumFootRot_57.jpg,1440,1080,3,JPEG,430735,d53ed76cd656ad3bfa024ee224ffeff390762cf37dd0b7289f95c633c8591a35,train
wheat,LeafBlight,LeafBlight_371.jpg,data\raw\wheat\wheat_disease_main\Wheat Disease\Original Dataset\LeafBlight\LeafBlight_371.jpg,D:\ZaraiAI_Tomato_Cotton_Wheat\data\raw\wheat\wheat_disease_main\Wheat Disease\Original Dataset\LeafBlight\LeafBlight_371.jpg,1440,1080,3,JPEG,125476,2435d615c04a27bed8073ef83b7042a60e267aa82418edfe0c09745a0ae1e112,train
wheat,LeafBlight,LeafBlight_218.jpg,data\raw\wheat\wheat_disease_main\Wheat Disease\Original Dataset\LeafBlight\LeafBlight_218.jpg,D:\ZaraiAI_Tomato_Cotton_Wheat\data\raw\wheat\wheat_disease_main\Wheat Disease\Original Dataset\LeafBlight\LeafBlight_218.jpg,1440,1080,3,JPEG,329738,aa99e8083c6de7de5658d92871ab9571fd19851809c09e61163802edec7d8332,train
wheat,LeafBlight,LeafBlight_352.jpg,data\raw\wheat\wheat_disease_main\Wheat Disease\Original Dataset\LeafBlight\LeafBlight_352.jpg,D:\ZaraiAI_Tomato_Cotton_Wheat\data\raw\wheat\wheat_disease_main\Wheat Disease\Original Dataset\LeafBlight\LeafBlight_352.jpg,1440,1080,3,JPEG,185257,0c1c36565d55cae714b62a3682f3047cb33233543b66610f1a3bbc2f407612bd,train
wheat,BlackPoint,BlackPoint_273.jpg,data\raw\wheat\wheat_disease_main\Wheat Disease\Original Dataset\BlackPoint\BlackPoint_273.jpg,D:\ZaraiAI_Tomato_Cotton_Wheat\data\raw\wheat\wheat_disease_main\Wheat Disease\Original Dataset\BlackPoint\BlackPoint_273.jpg,1080,1440,3,JPEG,226250,1cc1ce0a1482916fb1b78d51cb3217cb5ba08754ec683dcd9c762635f3c09866,train
wheat,WheatBlast,WheatBlast_27.jpg,data\raw\wheat\wheat_disease_main\Wheat Disease\Original Dataset\WheatBlast\WheatBlast_27.jpg,D:\ZaraiAI_Tomato_Cotton_Wheat\data\raw\wheat\wheat_disease_main\Wheat Disease\Original Dataset\WheatBlast\WheatBlast_27.jpg,1440,1080,3,JPEG,329960,3d523e2476d4c8f2511855ec3f2e0088c83049864f62a77b983b68cd80d4b8ff,train
wheat,LeafBlight,LeafBlight_159.jpg,data\raw\wheat\wheat_disease_main\Wheat Disease\Original Dataset\LeafBlight\LeafBlight_159.jpg,D:\ZaraiAI_Tomato_Cotton_Wheat\data\raw\wheat\wheat_disease_main\Wheat Disease\Original Dataset\LeafBlight\LeafBlight_159.jpg,1440,1080,3,JPEG,316941,0b382d74d090e0da5c0409847fafccf429eb324d55fa11c01f6453eea5e77eac,train
wheat,BlackPoint,BlackPoint_128.jpg,data\raw\wheat\wheat_disease_main\Wheat Disease\Original Dataset\BlackPoint\BlackPoint_128.jpg,D:\ZaraiAI_Tomato_Cotton_Wheat\data\raw\wheat\wheat_disease_main\Wheat Disease\Original Dataset\BlackPoint\BlackPoint_128.jpg,1080,1440,3,JPEG,366938,ac91017f5bac101d4e7f74c8d2f0d64a7cef734a1a6a4a2c2b70a8912869c1f5,train
wheat,HealthyLeaf,HealthyLeaf_83.jpg,data\raw\wheat\wheat_disease_main\Wheat Disease\Original Dataset\HealthyLeaf\HealthyLeaf_83.jpg,D:\ZaraiAI_Tomato_Cotton_Wheat\data\raw\wheat\wheat_disease_main\Wheat Disease\Original Dataset\HealthyLeaf\HealthyLeaf_83.jpg,1080,1440,3,JPEG,440876,ee4171e36ed9028bf00bed7adaeb757d889b98b1acde8f042254279f030e8bc1,train
wheat,LeafBlight,LeafBlight_107.jpg,data\raw\wheat\wheat_disease_main\Wheat Disease\Original Dataset\LeafBlight\LeafBlight_107.jpg,D:\ZaraiAI_Tomato_Cotton_Wheat\data\raw\wheat\wheat_disease_main\Wheat Disease\Original Dataset\LeafBlight\LeafBlight_107.jpg,1440,1080,3,JPEG,318666,6ad06dd4cc4ead9e62d34d4114a8285e6767fa0a008e5903eed2adcae09d5b19,train
wheat,LeafBlight,LeafBlight_269.jpg,data\raw\wheat\wheat_disease_main\Wheat Disease\Original Dataset\LeafBlight\LeafBlight_269.jpg,D:\ZaraiAI_Tomato_Cotton_Wheat\data\raw\wheat\wheat_disease_main\Wheat Disease\Original Dataset\LeafBlight\LeafBlight_269.jpg,1440,1080,3,JPEG,174879,ee520d8c3ccfea31e32624c7eb7974fe7902302fe1f818622023b2f1a8829055,train
wheat,BlackPoint,BlackPoint_282.jpg,data\raw\wheat\wheat_disease_main\Wheat Disease\Original Dataset\BlackPoint\BlackPoint_282.jpg,D:\ZaraiAI_Tomato_Cotton_Wheat\data\raw\wheat\wheat_disease_main\Wheat Disease\Original Dataset\BlackPoint\BlackPoint_282.jpg,1440,1080,3,JPEG,149941,33ab72744bb5121ff02c6cc3bb756cc52f17075f4629522938b9b447e0856711,train
wheat,BlackPoint,BlackPoint_158.jpg,data\raw\wheat\wheat_disease_main\Wheat Disease\Original Dataset\BlackPoint\BlackPoint_158.jpg,D:\ZaraiAI_Tomato_Cotton_Wheat\data\raw\wheat\wheat_disease_main\Wheat Disease\Original Dataset\BlackPoint\BlackPoint_158.jpg,1080,1440,3,JPEG,331712,2a8a3243872dc4210a18fe609ec739384a141b0621089a62794a8ce1884e888f,train
wheat,WheatBlast,WheatBlast_4.jpg,data\raw\wheat\wheat_disease_main\Wheat Disease\Original Dataset\WheatBlast\WheatBlast_4.jpg,D:\ZaraiAI_Tomato_Cotton_Wheat\data\raw\wheat\wheat_disease_main\Wheat Disease\Original Dataset\WheatBlast\WheatBlast_4.jpg,1440,1080,3,JPEG,414071,028fb68778828d5864201487757ad7b5643bdf80afead41b41175a6cc8296c9a,train
wheat,WheatBlast,WheatBlast_71.jpg,data\raw\wheat\wheat_disease_main\Wheat Disease\Original Dataset\WheatBlast\WheatBlast_71.jpg,D:\ZaraiAI_Tomato_Cotton_Wheat\data\raw\wheat\wheat_disease_main\Wheat Disease\Original Dataset\WheatBlast\WheatBlast_71.jpg,1440,1080,3,JPEG,368637,2a004b82c62f4eb3da2028cda7437009a85a1b805cb6e92391a35cf209489723,train
wheat,FusariumFootRot,FusariumFootRot_207.jpg,data\raw\wheat\wheat_disease_main\Wheat Disease\Original Dataset\FusariumFootRot\FusariumFootRot_207.jpg,D:\ZaraiAI_Tomato_Cotton_Wheat\data\raw\wheat\wheat_disease_main\Wheat Disease\Original Dataset\FusariumFootRot\FusariumFootRot_207.jpg,1080,1440,3,JPEG,396634,e3eab407d1d169560d3683ce5b29652fe81610207b3a45190aec16c159095d43,train
wheat,HealthyLeaf,HealthyLeaf_12.jpg,data\raw\wheat\wheat_disease_main\Wheat Disease\Original Dataset\HealthyLeaf\HealthyLeaf_12.jpg,D:\ZaraiAI_Tomato_Cotton_Wheat\data\raw\wheat\wheat_disease_main\Wheat Disease\Original Dataset\HealthyLeaf\HealthyLeaf_12.jpg,1080,1440,3,JPEG,213223,d5e628501e17f8e4b9e5d52316c9c6773afd1e162149824fedd608400d201887,train
wheat,HealthyLeaf,HealthyLeaf_137.jpg,data\raw\wheat\wheat_disease_main\Wheat Disease\Original Dataset\HealthyLeaf\HealthyLeaf_137.jpg,D:\ZaraiAI_Tomato_Cotton_Wheat\data\raw\wheat\wheat_disease_main\Wheat Disease\Original Dataset\HealthyLeaf\HealthyLeaf_137.jpg,1080,1440,3,JPEG,324107,8ffeabe8b6b4fae83057e9033b5f4ba3da8b89b5c3bd6a0fe7916fa976850c98,train
wheat,HealthyLeaf,HealthyLeaf_195.jpg,data\raw\wheat\wheat_disease_main\Wheat Disease\Original Dataset\HealthyLeaf\HealthyLeaf_195.jpg,D:\ZaraiAI_Tomato_Cotton_Wheat\data\raw\wheat\wheat_disease_main\Wheat Disease\Original Dataset\HealthyLeaf\HealthyLeaf_195.jpg,1080,1440,3,JPEG,407114,5f3911ca025d624691a1b73a9733565847f113363106e7e7babc9b1fc371d249,train
wheat,LeafBlight,LeafBlight_197.jpg,data\raw\wheat\wheat_disease_main\Wheat Disease\Original Dataset\LeafBlight\LeafBlight_197.jpg,D:\ZaraiAI_Tomato_Cotton_Wheat\data\raw\wheat\wheat_disease_main\Wheat Disease\Original Dataset\LeafBlight\LeafBlight_197.jpg,1440,1080,3,JPEG,288146,b395ded0fcbfbae99932943955714f4d36e50faee7c0eb127591c7d046a2fdcf,train
wheat,LeafBlight,LeafBlight_35.jpg,data\raw\wheat\wheat_disease_main\Wheat Disease\Original Dataset\LeafBlight\LeafBlight_35.jpg,D:\ZaraiAI_Tomato_Cotton_Wheat\data\raw\wheat\wheat_disease_main\Wheat Disease\Original Dataset\LeafBlight\LeafBlight_35.jpg,1440,1080,3,JPEG,264413,06562447b1f23f21f5755978026c79d1a738915ae4aa0e6878c75e04a3c670fe,train
wheat,FusariumFootRot,FusariumFootRot_55.jpg,data\raw\wheat\wheat_disease_main\Wheat Disease\Original Dataset\FusariumFootRot\FusariumFootRot_55.jpg,D:\ZaraiAI_Tomato_Cotton_Wheat\data\raw\wheat\wheat_disease_main\Wheat Disease\Original Dataset\FusariumFootRot\FusariumFootRot_55.jpg,1080,1440,3,JPEG,442947,fef0616a5a12d85cfd38f002db5001e645b672ce0caa816644bb3d4558ccf9f1,train
wheat,BlackPoint,BlackPoint_236.jpg,data\raw\wheat\wheat_disease_main\Wheat Disease\Original Dataset\BlackPoint\BlackPoint_236.jpg,D:\ZaraiAI_Tomato_Cotton_Wheat\data\raw\wheat\wheat_disease_main\Wheat Disease\Original Dataset\BlackPoint\BlackPoint_236.jpg,1080,1440,3,JPEG,282925,32bb75bf152e6b6f0d55f227f0c96b3f01e87db29db06a27c91a8d6fc41a9444,train
wheat,LeafBlight,LeafBlight_275.jpg,data\raw\wheat\wheat_disease_main\Wheat Disease\Original Dataset\LeafBlight\LeafBlight_275.jpg,D:\ZaraiAI_Tomato_Cotton_Wheat\data\raw\wheat\wheat_disease_main\Wheat Disease\Original Dataset\LeafBlight\LeafBlight_275.jpg,1440,1080,3,JPEG,231745,cd249697d2cb2b9440ccabca616c384488744460333aefbdc26c355f77716d1b,train
wheat,WheatBlast,WheatBlast_105.jpg,data\raw\wheat\wheat_disease_main\Wheat Disease\Original Dataset\WheatBlast\WheatBlast_105.jpg,D:\ZaraiAI_Tomato_Cotton_Wheat\data\raw\wheat\wheat_disease_main\Wheat Disease\Original Dataset\WheatBlast\WheatBlast_105.jpg,1440,1080,3,JPEG,423459,fc4c4a285e5f8bdb549971f8c36bcb3d764355b02bddc9e53b52e2b336c0e899,train
wheat,FusariumFootRot,FusariumFootRot_105.jpg,data\raw\wheat\wheat_disease_main\Wheat Disease\Original Dataset\FusariumFootRot\FusariumFootRot_105.jpg,D:\ZaraiAI_Tomato_Cotton_Wheat\data\raw\wheat\wheat_disease_main\Wheat Disease\Original Dataset\FusariumFootRot\FusariumFootRot_105.jpg,1080,1440,3,JPEG,365009,63565685365482afa412c794326b5bedf733e984628d19b730046be3673065af,train
wheat,LeafBlight,LeafBlight_372.jpg,data\raw\wheat\wheat_disease_main\Wheat Disease\Original Dataset\LeafBlight\LeafBlight_372.jpg,D:\ZaraiAI_Tomato_Cotton_Wheat\data\raw\wheat\wheat_disease_main\Wheat Disease\Original Dataset\LeafBlight\LeafBlight_372.jpg,1440,1080,3,JPEG,109458,99c22ae98023887e62cb59584d2872ea2534aa7051a4d48bddb40bd98851055c,train
wheat,HealthyLeaf,HealthyLeaf_153.jpg,data\raw\wheat\wheat_disease_main\Wheat Disease\Original Dataset\HealthyLeaf\HealthyLeaf_153.jpg,D:\ZaraiAI_Tomato_Cotton_Wheat\data\raw\wheat\wheat_disease_main\Wheat Disease\Original Dataset\HealthyLeaf\HealthyLeaf_153.jpg,1080,1440,3,JPEG,320173,9f8e15ed3677a535e2d98e9b5e0e94eb3cfc3003402d6c885ee64bb552094543,train
wheat,LeafBlight,LeafBlight_234.jpg,data\raw\wheat\wheat_disease_main\Wheat Disease\Original Dataset\LeafBlight\LeafBlight_234.jpg,D:\ZaraiAI_Tomato_Cotton_Wheat\data\raw\wheat\wheat_disease_main\Wheat Disease\Original Dataset\LeafBlight\LeafBlight_234.jpg,1440,1080,3,JPEG,170576,26ea02c00bce688671d214594ebd326fad8bdf5db22a3e2903a414387ca86ec6,train
wheat,WheatBlast,WheatBlast_128.jpg,data\raw\wheat\wheat_disease_main\Wheat Disease\Original Dataset\WheatBlast\WheatBlast_128.jpg,D:\ZaraiAI_Tomato_Cotton_Wheat\data\raw\wheat\wheat_disease_main\Wheat Disease\Original Dataset\WheatBlast\WheatBlast_128.jpg,1440,1080,3,JPEG,381887,48acb06d8b1440ac0e46f29abf33ed6591aca9e3053233c2c99c6be12afef969,train
wheat,BlackPoint,BlackPoint_159.jpg,data\raw\wheat\wheat_disease_main\Wheat Disease\Original Dataset\BlackPoint\BlackPoint_159.jpg,D:\ZaraiAI_Tomato_Cotton_Wheat\data\raw\wheat\wheat_disease_main\Wheat Disease\Original Dataset\BlackPoint\BlackPoint_159.jpg,1080,1440,3,JPEG,191136,bf46423cdb2c571f291df5acac935f1241bd1fc21eaea16cd80e05240acc0b5e,train
wheat,LeafBlight,LeafBlight_45.jpg,data\raw\wheat\wheat_disease_main\Wheat Disease\Original Dataset\LeafBlight\LeafBlight_45.jpg,D:\ZaraiAI_Tomato_Cotton_Wheat\data\raw\wheat\wheat_disease_main\Wheat Disease\Original Dataset\LeafBlight\LeafBlight_45.jpg,1440,1080,3,JPEG,252778,e0f0b037f9e5cf3177a99723b18b18eac08dfd222ee7c7569a65afa1e920f819,train
wheat,BlackPoint,BlackPoint_289.jpg,data\raw\wheat\wheat_disease_main\Wheat Disease\Original Dataset\BlackPoint\BlackPoint_289.jpg,D:\ZaraiAI_Tomato_Cotton_Wheat\data\raw\wheat\wheat_disease_main\Wheat Disease\Original Dataset\BlackPoint\BlackPoint_289.jpg,1440,1080,3,JPEG,228086,93004002e1d56b480ddb626a2d10bb522d746d717ca00545537ff71e8988c67f,train
wheat,BlackPoint,BlackPoint_44.jpg,data\raw\wheat\wheat_disease_main\Wheat Disease\Original Dataset\BlackPoint\BlackPoint_44.jpg,D:\ZaraiAI_Tomato_Cotton_Wheat\data\raw\wheat\wheat_disease_main\Wheat Disease\Original Dataset\BlackPoint\BlackPoint_44.jpg,1080,1440,3,JPEG,333757,b438a0a65a9451375ff57db58d8a7cf4328c04961ce0ca1bd01c18767f58490d,train
wheat,BlackPoint,BlackPoint_240.jpg,data\raw\wheat\wheat_disease_main\Wheat Disease\Original Dataset\BlackPoint\BlackPoint_240.jpg,D:\ZaraiAI_Tomato_Cotton_Wheat\data\raw\wheat\wheat_disease_main\Wheat Disease\Original Dataset\BlackPoint\BlackPoint_240.jpg,1440,1080,3,JPEG,132343,518b994491515fd958730a5d44298f12d3789082c5dbaf0cc23e945ce0a10f89,train
wheat,FusariumFootRot,FusariumFootRot_85.jpg,data\raw\wheat\wheat_disease_main\Wheat Disease\Original Dataset\FusariumFootRot\FusariumFootRot_85.jpg,D:\ZaraiAI_Tomato_Cotton_Wheat\data\raw\wheat\wheat_disease_main\Wheat Disease\Original Dataset\FusariumFootRot\FusariumFootRot_85.jpg,400,533,3,JPEG,102249,746c5f5a1ccd9b249f8599f3387c9e83ace2ff4a6560dacb557ba66103c8ae75,train
wheat,WheatBlast,WheatBlast_24.jpg,data\raw\wheat\wheat_disease_main\Wheat Disease\Original Dataset\WheatBlast\WheatBlast_24.jpg,D:\ZaraiAI_Tomato_Cotton_Wheat\data\raw\wheat\wheat_disease_main\Wheat Disease\Original Dataset\WheatBlast\WheatBlast_24.jpg,1440,1080,3,JPEG,325612,b3c79b42e540074ba970969c9dee4e207f4e5870a8a98dffda6da59061f8cf28,train
wheat,HealthyLeaf,HealthyLeaf_155.jpg,data\raw\wheat\wheat_disease_main\Wheat Disease\Original Dataset\HealthyLeaf\HealthyLeaf_155.jpg,D:\ZaraiAI_Tomato_Cotton_Wheat\data\raw\wheat\wheat_disease_main\Wheat Disease\Original Dataset\HealthyLeaf\HealthyLeaf_155.jpg,1080,1440,3,JPEG,361172,4d5cd442be471f7c8576d76630d62cbce69fb10e3f0b5de70c211652f4a287a3,train
wheat,WheatBlast,WheatBlast_68.jpg,data\raw\wheat\wheat_disease_main\Wheat Disease\Original Dataset\WheatBlast\WheatBlast_68.jpg,D:\ZaraiAI_Tomato_Cotton_Wheat\data\raw\wheat\wheat_disease_main\Wheat Disease\Original Dataset\WheatBlast\WheatBlast_68.jpg,1440,1080,3,JPEG,370259,730e41876382179f3b09120fecf095fd2c0a9fbbe15b2f332c4e535a99df49a9,train
wheat,WheatBlast,WheatBlast_157.jpg,data\raw\wheat\wheat_disease_main\Wheat Disease\Original Dataset\WheatBlast\WheatBlast_157.jpg,D:\ZaraiAI_Tomato_Cotton_Wheat\data\raw\wheat\wheat_disease_main\Wheat Disease\Original Dataset\WheatBlast\WheatBlast_157.jpg,1440,1080,3,JPEG,440874,f716deb4c6d0397e3af58bf803ea43dd5918a983975f39866489c3fc93e1e122,train
wheat,WheatBlast,WheatBlast_146.jpg,data\raw\wheat\wheat_disease_main\Wheat Disease\Original Dataset\WheatBlast\WheatBlast_146.jpg,D:\ZaraiAI_Tomato_Cotton_Wheat\data\raw\wheat\wheat_disease_main\Wheat Disease\Original Dataset\WheatBlast\WheatBlast_146.jpg,1440,1080,3,JPEG,440379,352b9ddfe677d082aa4a0b25e773aa0653ed35b21ae07d8173f650e449a102ca,train
wheat,LeafBlight,LeafBlight_341.jpg,data\raw\wheat\wheat_disease_main\Wheat Disease\Original Dataset\LeafBlight\LeafBlight_341.jpg,D:\ZaraiAI_Tomato_Cotton_Wheat\data\raw\wheat\wheat_disease_main\Wheat Disease\Original Dataset\LeafBlight\LeafBlight_341.jpg,1440,1080,3,JPEG,182080,ad5a50fd87a0dae0619db6f4f181ff8c72489c2fbbe1c91f87dd034b33d3dde9,train
wheat,HealthyLeaf,HealthyLeaf_129.jpg,data\raw\wheat\wheat_disease_main\Wheat Disease\Original Dataset\HealthyLeaf\HealthyLeaf_129.jpg,D:\ZaraiAI_Tomato_Cotton_Wheat\data\raw\wheat\wheat_disease_main\Wheat Disease\Original Dataset\HealthyLeaf\HealthyLeaf_129.jpg,1080,1440,3,JPEG,381043,01fb456f9603cd3713ca478a0ef8fded99594dbecc84324758a88feb1649ec27,train
wheat,HealthyLeaf,HealthyLeaf_65.jpg,data\raw\wheat\wheat_disease_main\Wheat Disease\Original Dataset\HealthyLeaf\HealthyLeaf_65.jpg,D:\ZaraiAI_Tomato_Cotton_Wheat\data\raw\wheat\wheat_disease_main\Wheat Disease\Original Dataset\HealthyLeaf\HealthyLeaf_65.jpg,1080,1440,3,JPEG,463808,7845e1217c99520d2170ad0a065a7e07a9e0afc879ecdf52fc4a697345ad46d0,train
wheat,HealthyLeaf,HealthyLeaf_212.jpg,data\raw\wheat\wheat_disease_main\Wheat Disease\Original Dataset\HealthyLeaf\HealthyLeaf_212.jpg,D:\ZaraiAI_Tomato_Cotton_Wheat\data\raw\wheat\wheat_disease_main\Wheat Disease\Original Dataset\HealthyLeaf\HealthyLeaf_212.jpg,1080,1440,3,JPEG,359940,04d8356d08976eab785e06cb399e84f0dd78d399ebaef5be9c78ce6e2691dcbe,train
wheat,LeafBlight,LeafBlight_31.jpg,data\raw\wheat\wheat_disease_main\Wheat Disease\Original Dataset\LeafBlight\LeafBlight_31.jpg,D:\ZaraiAI_Tomato_Cotton_Wheat\data\raw\wheat\wheat_disease_main\Wheat Disease\Original Dataset\LeafBlight\LeafBlight_31.jpg,1440,1080,3,JPEG,277216,2b1b36e58b0a504a259bfed6d0433d0a7081a9058fb94d31f496ca87834187da,train
wheat,HealthyLeaf,HealthyLeaf_67.jpg,data\raw\wheat\wheat_disease_main\Wheat Disease\Original Dataset\HealthyLeaf\HealthyLeaf_67.jpg,D:\ZaraiAI_Tomato_Cotton_Wheat\data\raw\wheat\wheat_disease_main\Wheat Disease\Original Dataset\HealthyLeaf\HealthyLeaf_67.jpg,1080,1440,3,JPEG,335511,80235ce9606fb1f073ccaed9707b30e9afcb00367d343931ef1bfae20fbf4e6b,train
wheat,BlackPoint,BlackPoint_277.jpg,data\raw\wheat\wheat_disease_main\Wheat Disease\Original Dataset\BlackPoint\BlackPoint_277.jpg,D:\ZaraiAI_Tomato_Cotton_Wheat\data\raw\wheat\wheat_disease_main\Wheat Disease\Original Dataset\BlackPoint\BlackPoint_277.jpg,1440,1080,3,JPEG,163640,738954fcc9d4f239dbbdca1b8bb292bf9d716fd6138e6ee9ad8bfb734c54852d,train
wheat,LeafBlight,LeafBlight_343.jpg,data\raw\wheat\wheat_disease_main\Wheat Disease\Original Dataset\LeafBlight\LeafBlight_343.jpg,D:\ZaraiAI_Tomato_Cotton_Wheat\data\raw\wheat\wheat_disease_main\Wheat Disease\Original Dataset\LeafBlight\LeafBlight_343.jpg,1440,1080,3,JPEG,245418,96d24ed946c6e2b8a19099d7491e3537281542f067f9b7400de59612b3844368,train
wheat,BlackPoint,BlackPoint_278.jpg,data\raw\wheat\wheat_disease_main\Wheat Disease\Original Dataset\BlackPoint\BlackPoint_278.jpg,D:\ZaraiAI_Tomato_Cotton_Wheat\data\raw\wheat\wheat_disease_main\Wheat Disease\Original Dataset\BlackPoint\BlackPoint_278.jpg,1440,1080,3,JPEG,156018,19bd68d13ef612056a14cd3af7cd0ceb77154dd5b5386027f46d49633c01ceee,train
wheat,WheatBlast,WheatBlast_119.jpg,data\raw\wheat\wheat_disease_main\Wheat Disease\Original Dataset\WheatBlast\WheatBlast_119.jpg,D:\ZaraiAI_Tomato_Cotton_Wheat\data\raw\wheat\wheat_disease_main\Wheat Disease\Original Dataset\WheatBlast\WheatBlast_119.jpg,1440,1080,3,JPEG,417172,68926fc8e3205c200769317e5075f9fad8a383a6483535d8c8c2d7cf36b582bb,train
wheat,WheatBlast,WheatBlast_396.jpg,data\raw\wheat\wheat_disease_main\Wheat Disease\Original Dataset\WheatBlast\WheatBlast_396.jpg,D:\ZaraiAI_Tomato_Cotton_Wheat\data\raw\wheat\wheat_disease_main\Wheat Disease\Original Dataset\WheatBlast\WheatBlast_396.jpg,1440,1080,3,JPEG,344142,47d5598ab6c45fe2e53eca2b3bb80dafe32b70065b018a55fb57684bced777fa,train
wheat,HealthyLeaf,HealthyLeaf_235.jpg,data\raw\wheat\wheat_disease_main\Wheat Disease\Original Dataset\HealthyLeaf\HealthyLeaf_235.jpg,D:\ZaraiAI_Tomato_Cotton_Wheat\data\raw\wheat\wheat_disease_main\Wheat Disease\Original Dataset\HealthyLeaf\HealthyLeaf_235.jpg,1080,1440,3,JPEG,264365,9bba050a25e3c55c95f74400ad5b6cd318875dd07308b565d21a0e1cda39c92e,train
wheat,FusariumFootRot,FusariumFootRot_228.jpg,data\raw\wheat\wheat_disease_main\Wheat Disease\Original Dataset\FusariumFootRot\FusariumFootRot_228.jpg,D:\ZaraiAI_Tomato_Cotton_Wheat\data\raw\wheat\wheat_disease_main\Wheat Disease\Original Dataset\FusariumFootRot\FusariumFootRot_228.jpg,1080,1440,3,JPEG,347252,770af80667fdb2274c11c62b3187550d991e8495bb5a36e0a518cbd8910c9157,train
wheat,FusariumFootRot,FusariumFootRot_166.jpg,data\raw\wheat\wheat_disease_main\Wheat Disease\Original Dataset\FusariumFootRot\FusariumFootRot_166.jpg,D:\ZaraiAI_Tomato_Cotton_Wheat\data\raw\wheat\wheat_disease_main\Wheat Disease\Original Dataset\FusariumFootRot\FusariumFootRot_166.jpg,1080,1440,3,JPEG,484293,79bdeeda2095be7a771a0a19c1d0790bb9e69aa550e6b3122854207c555ce064,train
wheat,LeafBlight,LeafBlight_358.jpg,data\raw\wheat\wheat_disease_main\Wheat Disease\Original Dataset\LeafBlight\LeafBlight_358.jpg,D:\ZaraiAI_Tomato_Cotton_Wheat\data\raw\wheat\wheat_disease_main\Wheat Disease\Original Dataset\LeafBlight\LeafBlight_358.jpg,1440,1080,3,JPEG,177503,17230f33857d5d7290a974f50c760f574c1d679d8eafa73c116b05fea6f699f4,train
wheat,LeafBlight,LeafBlight_106.jpg,data\raw\wheat\wheat_disease_main\Wheat Disease\Original Dataset\LeafBlight\LeafBlight_106.jpg,D:\ZaraiAI_Tomato_Cotton_Wheat\data\raw\wheat\wheat_disease_main\Wheat Disease\Original Dataset\LeafBlight\LeafBlight_106.jpg,1440,1080,3,JPEG,284563,562d81544418811df1a893b65cecb1e8e7e025e34b4d1d572366877b398f4f76,train
wheat,FusariumFootRot,FusariumFootRot_49.jpg,data\raw\wheat\wheat_disease_main\Wheat Disease\Original Dataset\FusariumFootRot\FusariumFootRot_49.jpg,D:\ZaraiAI_Tomato_Cotton_Wheat\data\raw\wheat\wheat_disease_main\Wheat Disease\Original Dataset\FusariumFootRot\FusariumFootRot_49.jpg,1080,1440,3,JPEG,426310,42ff17650c18dc98e13e60f03023b5029b1cea5f3aa96bea548b8d9f69ec9083,train
wheat,LeafBlight,LeafBlight_267.jpg,data\raw\wheat\wheat_disease_main\Wheat Disease\Original Dataset\LeafBlight\LeafBlight_267.jpg,D:\ZaraiAI_Tomato_Cotton_Wheat\data\raw\wheat\wheat_disease_main\Wheat Disease\Original Dataset\LeafBlight\LeafBlight_267.jpg,1440,1080,3,JPEG,206062,b059c965c531884c1a814e1c245845a73460b713096a2a50af6873f36fa44040,train
wheat,LeafBlight,LeafBlight_304.jpg,data\raw\wheat\wheat_disease_main\Wheat Disease\Original Dataset\LeafBlight\LeafBlight_304.jpg,D:\ZaraiAI_Tomato_Cotton_Wheat\data\raw\wheat\wheat_disease_main\Wheat Disease\Original Dataset\LeafBlight\LeafBlight_304.jpg,1440,1080,3,JPEG,199884,e91984b4052b485d91576dfb5dda72c2fa1e7cde6b27081197715a3d533eb127,train
wheat,FusariumFootRot,FusariumFootRot_170.jpg,data\raw\wheat\wheat_disease_main\Wheat Disease\Original Dataset\FusariumFootRot\FusariumFootRot_170.jpg,D:\ZaraiAI_Tomato_Cotton_Wheat\data\raw\wheat\wheat_disease_main\Wheat Disease\Original Dataset\FusariumFootRot\FusariumFootRot_170.jpg,1080,1440,3,JPEG,450118,6e5048387cd963c243a00ef11a64dcbedf88cb35d1e111c6d8650332297aee03,train
wheat,FusariumFootRot,FusariumFootRot_193.jpg,data\raw\wheat\wheat_disease_main\Wheat Disease\Original Dataset\FusariumFootRot\FusariumFootRot_193.jpg,D:\ZaraiAI_Tomato_Cotton_Wheat\data\raw\wheat\wheat_disease_main\Wheat Disease\Original Dataset\FusariumFootRot\FusariumFootRot_193.jpg,1080,1440,3,JPEG,408988,d3bea8742df1bc1658bdb7074bb4ccc2938371f13b93d4a88d39122b767d6ab4,train
wheat,BlackPoint,BlackPoint_245.jpg,data\raw\wheat\wheat_disease_main\Wheat Disease\Original Dataset\BlackPoint\BlackPoint_245.jpg,D:\ZaraiAI_Tomato_Cotton_Wheat\data\raw\wheat\wheat_disease_main\Wheat Disease\Original Dataset\BlackPoint\BlackPoint_245.jpg,1440,1080,3,JPEG,136723,bc2a9e9c8167ca99d480f94b487f97bf59f35e009fec435548cf2c3584cbc93a,train
wheat,WheatBlast,WheatBlast_64.jpg,data\raw\wheat\wheat_disease_main\Wheat Disease\Original Dataset\WheatBlast\WheatBlast_64.jpg,D:\ZaraiAI_Tomato_Cotton_Wheat\data\raw\wheat\wheat_disease_main\Wheat Disease\Original Dataset\WheatBlast\WheatBlast_64.jpg,1440,1080,3,JPEG,395180,95277e9043831009a98e430c5289548a497f20c5e533778a80aed37ec2a423d3,train
wheat,HealthyLeaf,HealthyLeaf_66.jpg,data\raw\wheat\wheat_disease_main\Wheat Disease\Original Dataset\HealthyLeaf\HealthyLeaf_66.jpg,D:\ZaraiAI_Tomato_Cotton_Wheat\data\raw\wheat\wheat_disease_main\Wheat Disease\Original Dataset\HealthyLeaf\HealthyLeaf_66.jpg,1080,1440,3,JPEG,402410,8d3a002e95012f28eb5d0431e8f63e1e1058e4b7fd9ce60d5a8db64ea26d6083,train
wheat,BlackPoint,BlackPoint_69.jpg,data\raw\wheat\wheat_disease_main\Wheat Disease\Original Dataset\BlackPoint\BlackPoint_69.jpg,D:\ZaraiAI_Tomato_Cotton_Wheat\data\raw\wheat\wheat_disease_main\Wheat Disease\Original Dataset\BlackPoint\BlackPoint_69.jpg,1080,1440,3,JPEG,306856,b3faaf4da9e4347f04b78b9a0210556901e9189db2cd03008809d136ad584cfc,train
wheat,WheatBlast,WheatBlast_311.jpg,data\raw\wheat\wheat_disease_main\Wheat Disease\Original Dataset\WheatBlast\WheatBlast_311.jpg,D:\ZaraiAI_Tomato_Cotton_Wheat\data\raw\wheat\wheat_disease_main\Wheat Disease\Original Dataset\WheatBlast\WheatBlast_311.jpg,1440,1080,3,JPEG,481445,8f6979d7c254917b849c2c8b35294bf7154485ac00f59ad3577e0666dca6a42e,train
wheat,HealthyLeaf,HealthyLeaf_171.jpg,data\raw\wheat\wheat_disease_main\Wheat Disease\Original Dataset\HealthyLeaf\HealthyLeaf_171.jpg,D:\ZaraiAI_Tomato_Cotton_Wheat\data\raw\wheat\wheat_disease_main\Wheat Disease\Original Dataset\HealthyLeaf\HealthyLeaf_171.jpg,1080,1443,3,JPEG,481856,a91b13a308e123e8cd824ef249abcc9cf3f0909b6b38cdad61e0267b87b93ab4,train
wheat,LeafBlight,LeafBlight_344.jpg,data\raw\wheat\wheat_disease_main\Wheat Disease\Original Dataset\LeafBlight\LeafBlight_344.jpg,D:\ZaraiAI_Tomato_Cotton_Wheat\data\raw\wheat\wheat_disease_main\Wheat Disease\Original Dataset\LeafBlight\LeafBlight_344.jpg,1440,1080,3,JPEG,200466,ff9aed6ee684a9f05b10a1228641b813589a69c0351b3475e759d179a6ad76e9,train
wheat,LeafBlight,LeafBlight_334.jpg,data\raw\wheat\wheat_disease_main\Wheat Disease\Original Dataset\LeafBlight\LeafBlight_334.jpg,D:\ZaraiAI_Tomato_Cotton_Wheat\data\raw\wheat\wheat_disease_main\Wheat Disease\Original Dataset\LeafBlight\LeafBlight_334.jpg,1440,1080,3,JPEG,188932,d1ec848e5057db9570ce7edc0dfb9f0bdbfa3115468142b09389f55631909b5b,train
wheat,BlackPoint,BlackPoint_253.jpg,data\raw\wheat\wheat_disease_main\Wheat Disease\Original Dataset\BlackPoint\BlackPoint_253.jpg,D:\ZaraiAI_Tomato_Cotton_Wheat\data\raw\wheat\wheat_disease_main\Wheat Disease\Original Dataset\BlackPoint\BlackPoint_253.jpg,1440,1080,3,JPEG,172135,d8a939eb4d5290a77d1b9580fd863670ed6d69aff55809f387b5acaa989b45ba,train
wheat,LeafBlight,LeafBlight_252.jpg,data\raw\wheat\wheat_disease_main\Wheat Disease\Original Dataset\LeafBlight\LeafBlight_252.jpg,D:\ZaraiAI_Tomato_Cotton_Wheat\data\raw\wheat\wheat_disease_main\Wheat Disease\Original Dataset\LeafBlight\LeafBlight_252.jpg,1440,1080,3,JPEG,270621,78cdeb26be6cb7aeec0918f99edcac1200de288f76f37f481f2099f30705fcca,train
wheat,WheatBlast,WheatBlast_224.jpg,data\raw\wheat\wheat_disease_main\Wheat Disease\Original Dataset\WheatBlast\WheatBlast_224.jpg,D:\ZaraiAI_Tomato_Cotton_Wheat\data\raw\wheat\wheat_disease_main\Wheat Disease\Original Dataset\WheatBlast\WheatBlast_224.jpg,1440,1080,3,JPEG,387331,1fa4a64f37aee3cdb1d18cda791f68fa84de62d5f87dae8d81670d7ba5a93981,train
wheat,FusariumFootRot,FusariumFootRot_135.jpg,data\raw\wheat\wheat_disease_main\Wheat Disease\Original Dataset\FusariumFootRot\FusariumFootRot_135.jpg,D:\ZaraiAI_Tomato_Cotton_Wheat\data\raw\wheat\wheat_disease_main\Wheat Disease\Original Dataset\FusariumFootRot\FusariumFootRot_135.jpg,1080,1440,3,JPEG,471731,f2c79ab0af20ac7a8ceffbf7b6d7bdb415648fd33972970db25f53b4027ab2e0,train
wheat,HealthyLeaf,HealthyLeaf_168.jpg,data\raw\wheat\wheat_disease_main\Wheat Disease\Original Dataset\HealthyLeaf\HealthyLeaf_168.jpg,D:\ZaraiAI_Tomato_Cotton_Wheat\data\raw\wheat\wheat_disease_main\Wheat Disease\Original Dataset\HealthyLeaf\HealthyLeaf_168.jpg,1080,1440,3,JPEG,330286,d43d047b351abd0e593041bc8be45858ef57c82017eb1890b5757fa4d6df9052,train
wheat,BlackPoint,BlackPoint_234.jpg,data\raw\wheat\wheat_disease_main\Wheat Disease\Original Dataset\BlackPoint\BlackPoint_234.jpg,D:\ZaraiAI_Tomato_Cotton_Wheat\data\raw\wheat\wheat_disease_main\Wheat Disease\Original Dataset\BlackPoint\BlackPoint_234.jpg,1440,1080,3,JPEG,150682,74a49fc1c3a6be9c0434186277188ee1618b9a446b52c555bc5892f71466b1f3,train
wheat,FusariumFootRot,FusariumFootRot_10.jpg,data\raw\wheat\wheat_disease_main\Wheat Disease\Original Dataset\FusariumFootRot\FusariumFootRot_10.jpg,D:\ZaraiAI_Tomato_Cotton_Wheat\data\raw\wheat\wheat_disease_main\Wheat Disease\Original Dataset\FusariumFootRot\FusariumFootRot_10.jpg,1440,1080,3,JPEG,461248,fdbcd978971cc2be6e0b6dc8a4778f08ffc9d1296b3351373fecadc74d1ccd3b,train
wheat,WheatBlast,WheatBlast_380.jpg,data\raw\wheat\wheat_disease_main\Wheat Disease\Original Dataset\WheatBlast\WheatBlast_380.jpg,D:\ZaraiAI_Tomato_Cotton_Wheat\data\raw\wheat\wheat_disease_main\Wheat Disease\Original Dataset\WheatBlast\WheatBlast_380.jpg,1440,1080,3,JPEG,404899,3a0deae3b7ad87f9d79f6b5d285eeeb5d7a5daeca144d9c4796d68d56144b31a,train
wheat,FusariumFootRot,FusariumFootRot_110.jpg,data\raw\wheat\wheat_disease_main\Wheat Disease\Original Dataset\FusariumFootRot\FusariumFootRot_110.jpg,D:\ZaraiAI_Tomato_Cotton_Wheat\data\raw\wheat\wheat_disease_main\Wheat Disease\Original Dataset\FusariumFootRot\FusariumFootRot_110.jpg,1080,1440,3,JPEG,325959,f16dbe642e6662c4c4371dc73c11fa2881e63ef5090daa7637df55a1a980736c,train
wheat,FusariumFootRot,FusariumFootRot_18.jpg,data\raw\wheat\wheat_disease_main\Wheat Disease\Original Dataset\FusariumFootRot\FusariumFootRot_18.jpg,D:\ZaraiAI_Tomato_Cotton_Wheat\data\raw\wheat\wheat_disease_main\Wheat Disease\Original Dataset\FusariumFootRot\FusariumFootRot_18.jpg,1080,1440,3,JPEG,292615,79e512245807b7b509e85a9309c8e2b93eccaee2c89fe01b78958344003db086,train
wheat,LeafBlight,LeafBlight_316.jpg,data\raw\wheat\wheat_disease_main\Wheat Disease\Original Dataset\LeafBlight\LeafBlight_316.jpg,D:\ZaraiAI_Tomato_Cotton_Wheat\data\raw\wheat\wheat_disease_main\Wheat Disease\Original Dataset\LeafBlight\LeafBlight_316.jpg,1440,1080,3,JPEG,214395,fce686e94fd4a3c72a6f80ba6b6b056e9354967ba7192c81484e335681b1187e,train
wheat,HealthyLeaf,HealthyLeaf_187.jpg,data\raw\wheat\wheat_disease_main\Wheat Disease\Original Dataset\HealthyLeaf\HealthyLeaf_187.jpg,D:\ZaraiAI_Tomato_Cotton_Wheat\data\raw\wheat\wheat_disease_main\Wheat Disease\Original Dataset\HealthyLeaf\HealthyLeaf_187.jpg,1080,1440,3,JPEG,427900,b102bebebe64259f374b23d9ae1a5dd7bb01a778e12cacfab9eb4ce32caa2e08,train
wheat,LeafBlight,LeafBlight_315.jpg,data\raw\wheat\wheat_disease_main\Wheat Disease\Original Dataset\LeafBlight\LeafBlight_315.jpg,D:\ZaraiAI_Tomato_Cotton_Wheat\data\raw\wheat\wheat_disease_main\Wheat Disease\Original Dataset\LeafBlight\LeafBlight_315.jpg,1440,1080,3,JPEG,214965,dca1670023f9791c0c5b1326fc726c172966bea590d0a7dba2fb436fad6c7dbb,train
wheat,LeafBlight,LeafBlight_117.jpg,data\raw\wheat\wheat_disease_main\Wheat Disease\Original Dataset\LeafBlight\LeafBlight_117.jpg,D:\ZaraiAI_Tomato_Cotton_Wheat\data\raw\wheat\wheat_disease_main\Wheat Disease\Original Dataset\LeafBlight\LeafBlight_117.jpg,1440,1080,3,JPEG,358172,c2bc32e3aee662e6698fd00f880f631454dae522c711b7add07107627b207ce0,train
wheat,LeafBlight,LeafBlight_279.jpg,data\raw\wheat\wheat_disease_main\Wheat Disease\Original Dataset\LeafBlight\LeafBlight_279.jpg,D:\ZaraiAI_Tomato_Cotton_Wheat\data\raw\wheat\wheat_disease_main\Wheat Disease\Original Dataset\LeafBlight\LeafBlight_279.jpg,1440,1080,3,JPEG,252037,eb8574788d995c8a54973d48729396ca19e0cf0911ecf016b81d48f7ffc8ad49,train
wheat,HealthyLeaf,HealthyLeaf_148.jpg,data\raw\wheat\wheat_disease_main\Wheat Disease\Original Dataset\HealthyLeaf\HealthyLeaf_148.jpg,D:\ZaraiAI_Tomato_Cotton_Wheat\data\raw\wheat\wheat_disease_main\Wheat Disease\Original Dataset\HealthyLeaf\HealthyLeaf_148.jpg,1080,1440,3,JPEG,364095,8afd1934578633429d777e2ea45c82bacfcf25638335ff3b647ed09487525c45,train
wheat,WheatBlast,WheatBlast_52.jpg,data\raw\wheat\wheat_disease_main\Wheat Disease\Original Dataset\WheatBlast\WheatBlast_52.jpg,D:\ZaraiAI_Tomato_Cotton_Wheat\data\raw\wheat\wheat_disease_main\Wheat Disease\Original Dataset\WheatBlast\WheatBlast_52.jpg,1440,1080,3,JPEG,357691,838e6108a0a6685c6ec3a24c29396dda290f5314ed5c430549e65e1338dc714a,train
wheat,HealthyLeaf,HealthyLeaf_81.jpg,data\raw\wheat\wheat_disease_main\Wheat Disease\Original Dataset\HealthyLeaf\HealthyLeaf_81.jpg,D:\ZaraiAI_Tomato_Cotton_Wheat\data\raw\wheat\wheat_disease_main\Wheat Disease\Original Dataset\HealthyLeaf\HealthyLeaf_81.jpg,1080,1440,3,JPEG,451346,9c6a30985cbae017e2e9d56fd8c5086df10968dfa2f39e42b918cef29e8791df,train
wheat,FusariumFootRot,FusariumFootRot_24.jpg,data\raw\wheat\wheat_disease_main\Wheat Disease\Original Dataset\FusariumFootRot\FusariumFootRot_24.jpg,D:\ZaraiAI_Tomato_Cotton_Wheat\data\raw\wheat\wheat_disease_main\Wheat Disease\Original Dataset\FusariumFootRot\FusariumFootRot_24.jpg,1080,1440,3,JPEG,355497,4cbe34295c0632050f2908029458d4dc8b334e8a9cfaa6b741862d7dd09dee54,train
wheat,LeafBlight,LeafBlight_114.jpg,data\raw\wheat\wheat_disease_main\Wheat Disease\Original Dataset\LeafBlight\LeafBlight_114.jpg,D:\ZaraiAI_Tomato_Cotton_Wheat\data\raw\wheat\wheat_disease_main\Wheat Disease\Original Dataset\LeafBlight\LeafBlight_114.jpg,1440,1080,3,JPEG,221993,9ce6f6a1f3202e50d6fd49510f754559a4beb2f1f76f511bec52acd2b19a8d11,train
wheat,FusariumFootRot,FusariumFootRot_67.jpg,data\raw\wheat\wheat_disease_main\Wheat Disease\Original Dataset\FusariumFootRot\FusariumFootRot_67.jpg,D:\ZaraiAI_Tomato_Cotton_Wheat\data\raw\wheat\wheat_disease_main\Wheat Disease\Original Dataset\FusariumFootRot\FusariumFootRot_67.jpg,1080,1440,3,JPEG,498425,898875f338d1fc716b59c2bc0c24045e135a922702b6d1344219bc9983006a86,train
wheat,HealthyLeaf,HealthyLeaf_178.jpg,data\raw\wheat\wheat_disease_main\Wheat Disease\Original Dataset\HealthyLeaf\HealthyLeaf_178.jpg,D:\ZaraiAI_Tomato_Cotton_Wheat\data\raw\wheat\wheat_disease_main\Wheat Disease\Original Dataset\HealthyLeaf\HealthyLeaf_178.jpg,1080,1440,3,JPEG,264087,f5279ede32b5cb5aac1dc3d6c247479c9ca57953b1910df709e136920f725b9b,train
wheat,WheatBlast,WheatBlast_133.jpg,data\raw\wheat\wheat_disease_main\Wheat Disease\Original Dataset\WheatBlast\WheatBlast_133.jpg,D:\ZaraiAI_Tomato_Cotton_Wheat\data\raw\wheat\wheat_disease_main\Wheat Disease\Original Dataset\WheatBlast\WheatBlast_133.jpg,1440,1080,3,JPEG,400131,3b7716cd86685e337c7e969384d3e68f25822c5957eab5556eb25c6fc3337f80,train
wheat,FusariumFootRot,FusariumFootRot_136.jpg,data\raw\wheat\wheat_disease_main\Wheat Disease\Original Dataset\FusariumFootRot\FusariumFootRot_136.jpg,D:\ZaraiAI_Tomato_Cotton_Wheat\data\raw\wheat\wheat_disease_main\Wheat Disease\Original Dataset\FusariumFootRot\FusariumFootRot_136.jpg,1080,1440,3,JPEG,487728,0474d6d16e68297a8e7ccdd595022a25a600f3629bdf23508155cbf8b285e76b,train
wheat,FusariumFootRot,FusariumFootRot_19.jpg,data\raw\wheat\wheat_disease_main\Wheat Disease\Original Dataset\FusariumFootRot\FusariumFootRot_19.jpg,D:\ZaraiAI_Tomato_Cotton_Wheat\data\raw\wheat\wheat_disease_main\Wheat Disease\Original Dataset\FusariumFootRot\FusariumFootRot_19.jpg,1080,1440,3,JPEG,460921,4e8681f5f4a26937622ec2c07a8978798849c6a15e006035d483ba18ee7c23b1,train
wheat,BlackPoint,BlackPoint_211.jpg,data\raw\wheat\wheat_disease_main\Wheat Disease\Original Dataset\BlackPoint\BlackPoint_211.jpg,D:\ZaraiAI_Tomato_Cotton_Wheat\data\raw\wheat\wheat_disease_main\Wheat Disease\Original Dataset\BlackPoint\BlackPoint_211.jpg,1440,1080,3,JPEG,137781,517f069e73093f8d085c546bb7a0986bcbeb7c91d7dcf827aff2ca658986c7c3,train
wheat,FusariumFootRot,FusariumFootRot_27.jpg,data\raw\wheat\wheat_disease_main\Wheat Disease\Original Dataset\FusariumFootRot\FusariumFootRot_27.jpg,D:\ZaraiAI_Tomato_Cotton_Wheat\data\raw\wheat\wheat_disease_main\Wheat Disease\Original Dataset\FusariumFootRot\FusariumFootRot_27.jpg,1080,1440,3,JPEG,458800,ce6c1ce1e861e5e2f49a08287fc0ae03f7ddebb9b207072b1b291668e1614aeb,train
wheat,BlackPoint,BlackPoint_92.jpg,data\raw\wheat\wheat_disease_main\Wheat Disease\Original Dataset\BlackPoint\BlackPoint_92.jpg,D:\ZaraiAI_Tomato_Cotton_Wheat\data\raw\wheat\wheat_disease_main\Wheat Disease\Original Dataset\BlackPoint\BlackPoint_92.jpg,1080,1440,3,JPEG,218900,02a4ad09256a7782c2c5c3c46f22278f9e84185106f5ea81d852a495a01a99b9,train
wheat,WheatBlast,WheatBlast_360.jpg,data\raw\wheat\wheat_disease_main\Wheat Disease\Original Dataset\WheatBlast\WheatBlast_360.jpg,D:\ZaraiAI_Tomato_Cotton_Wheat\data\raw\wheat\wheat_disease_main\Wheat Disease\Original Dataset\WheatBlast\WheatBlast_360.jpg,1440,1080,3,JPEG,487749,3aa0b0361f20cf45c16e1215098579808ecb1de23573d4aad014e10db82bcfd4,train
wheat,BlackPoint,BlackPoint_52.jpg,data\raw\wheat\wheat_disease_main\Wheat Disease\Original Dataset\BlackPoint\BlackPoint_52.jpg,D:\ZaraiAI_Tomato_Cotton_Wheat\data\raw\wheat\wheat_disease_main\Wheat Disease\Original Dataset\BlackPoint\BlackPoint_52.jpg,1080,1440,3,JPEG,363214,6a3fd7e3cbf9feb1779c8d6ceaf81d913720ad80c147248358db559f153c353c,train
wheat,HealthyLeaf,HealthyLeaf_170.jpg,data\raw\wheat\wheat_disease_main\Wheat Disease\Original Dataset\HealthyLeaf\HealthyLeaf_170.jpg,D:\ZaraiAI_Tomato_Cotton_Wheat\data\raw\wheat\wheat_disease_main\Wheat Disease\Original Dataset\HealthyLeaf\HealthyLeaf_170.jpg,1080,1443,3,JPEG,439436,579be9b042b7a177360def98cb7178fdd4a8c7609b960e1480890307cc04dd6a,train
wheat,WheatBlast,WheatBlast_79.jpg,data\raw\wheat\wheat_disease_main\Wheat Disease\Original Dataset\WheatBlast\WheatBlast_79.jpg,D:\ZaraiAI_Tomato_Cotton_Wheat\data\raw\wheat\wheat_disease_main\Wheat Disease\Original Dataset\WheatBlast\WheatBlast_79.jpg,1440,1080,3,JPEG,475731,7ebe7fd86280d1cdd1a093a066410ffe9de0977374b6df9b03700028c9843de1,train
wheat,FusariumFootRot,FusariumFootRot_222.jpg,data\raw\wheat\wheat_disease_main\Wheat Disease\Original Dataset\FusariumFootRot\FusariumFootRot_222.jpg,D:\ZaraiAI_Tomato_Cotton_Wheat\data\raw\wheat\wheat_disease_main\Wheat Disease\Original Dataset\FusariumFootRot\FusariumFootRot_222.jpg,1080,1440,3,JPEG,362700,330ae2f278145669c7ca0d5432ce45ebb6f78b6990367072f0e4d39fd118e4fe,train
wheat,HealthyLeaf,HealthyLeaf_204.jpg,data\raw\wheat\wheat_disease_main\Wheat Disease\Original Dataset\HealthyLeaf\HealthyLeaf_204.jpg,D:\ZaraiAI_Tomato_Cotton_Wheat\data\raw\wheat\wheat_disease_main\Wheat Disease\Original Dataset\HealthyLeaf\HealthyLeaf_204.jpg,1080,1440,3,JPEG,347524,0025d3272a80137835768cbc81ecfc72068388092f9f11cd981738a7cedb16e7,train
wheat,LeafBlight,LeafBlight_250.jpg,data\raw\wheat\wheat_disease_main\Wheat Disease\Original Dataset\LeafBlight\LeafBlight_250.jpg,D:\ZaraiAI_Tomato_Cotton_Wheat\data\raw\wheat\wheat_disease_main\Wheat Disease\Original Dataset\LeafBlight\LeafBlight_250.jpg,1440,1080,3,JPEG,178669,67b9a051faf32241d144420d277c4cbb34cfbf2634241f64d1268b7f14ba62db,train
wheat,LeafBlight,LeafBlight_395.jpg,data\raw\wheat\wheat_disease_main\Wheat Disease\Original Dataset\LeafBlight\LeafBlight_395.jpg,D:\ZaraiAI_Tomato_Cotton_Wheat\data\raw\wheat\wheat_disease_main\Wheat Disease\Original Dataset\LeafBlight\LeafBlight_395.jpg,1440,1080,3,JPEG,179994,63aec4accfdcfcd6adaa4a783caf61cfa73e69d6b3a066f66c15c9323d05f015,train
wheat,FusariumFootRot,FusariumFootRot_138.jpg,data\raw\wheat\wheat_disease_main\Wheat Disease\Original Dataset\FusariumFootRot\FusariumFootRot_138.jpg,D:\ZaraiAI_Tomato_Cotton_Wheat\data\raw\wheat\wheat_disease_main\Wheat Disease\Original Dataset\FusariumFootRot\FusariumFootRot_138.jpg,1080,1440,3,JPEG,280522,3ed827df9ed2aeda5e23fdc9cbd8403785d0a64adf081c62c3ef2d219ee029df,train
wheat,WheatBlast,WheatBlast_215.jpg,data\raw\wheat\wheat_disease_main\Wheat Disease\Original Dataset\WheatBlast\WheatBlast_215.jpg,D:\ZaraiAI_Tomato_Cotton_Wheat\data\raw\wheat\wheat_disease_main\Wheat Disease\Original Dataset\WheatBlast\WheatBlast_215.jpg,1440,1080,3,JPEG,463019,4b4f279f40f6957ed06867b4b6cd862bb65a1d480b721588ac1fde97a0556887,train
wheat,BlackPoint,BlackPoint_46.jpg,data\raw\wheat\wheat_disease_main\Wheat Disease\Original Dataset\BlackPoint\BlackPoint_46.jpg,D:\ZaraiAI_Tomato_Cotton_Wheat\data\raw\wheat\wheat_disease_main\Wheat Disease\Original Dataset\BlackPoint\BlackPoint_46.jpg,1080,1440,3,JPEG,343832,c6e535d6c3ba85892ca6b4aa4cbc91d30e9b2755862029c71731cba6a5dad87c,train
wheat,HealthyLeaf,HealthyLeaf_241.jpg,data\raw\wheat\wheat_disease_main\Wheat Disease\Original Dataset\HealthyLeaf\HealthyLeaf_241.jpg,D:\ZaraiAI_Tomato_Cotton_Wheat\data\raw\wheat\wheat_disease_main\Wheat Disease\Original Dataset\HealthyLeaf\HealthyLeaf_241.jpg,1080,1440,3,JPEG,435118,3bcae64d516c03443b9a7647a0b9f585a0e682400a6590fb4673cc7c134c82eb,train
wheat,WheatBlast,WheatBlast_326.jpg,data\raw\wheat\wheat_disease_main\Wheat Disease\Original Dataset\WheatBlast\WheatBlast_326.jpg,D:\ZaraiAI_Tomato_Cotton_Wheat\data\raw\wheat\wheat_disease_main\Wheat Disease\Original Dataset\WheatBlast\WheatBlast_326.jpg,1440,1080,3,JPEG,512252,9ce434057d7a7f8c5d1495d7c812086885379c30fd75822b154c8ffab2c7ef5c,train
wheat,HealthyLeaf,HealthyLeaf_144.jpg,data\raw\wheat\wheat_disease_main\Wheat Disease\Original Dataset\HealthyLeaf\HealthyLeaf_144.jpg,D:\ZaraiAI_Tomato_Cotton_Wheat\data\raw\wheat\wheat_disease_main\Wheat Disease\Original Dataset\HealthyLeaf\HealthyLeaf_144.jpg,1080,1440,3,JPEG,233032,3946b0fca47ac2ccc846e69edc864db7263463515cda50b46a07b6284810103d,train
wheat,WheatBlast,WheatBlast_333.jpg,data\raw\wheat\wheat_disease_main\Wheat Disease\Original Dataset\WheatBlast\WheatBlast_333.jpg,D:\ZaraiAI_Tomato_Cotton_Wheat\data\raw\wheat\wheat_disease_main\Wheat Disease\Original Dataset\WheatBlast\WheatBlast_333.jpg,1440,1080,3,JPEG,521979,10fceb7f73d8d89da57aeaeb4bd4a1555a83f95da1d9b525f921a0a9ed6b56df,train
wheat,LeafBlight,LeafBlight_92.jpg,data\raw\wheat\wheat_disease_main\Wheat Disease\Original Dataset\LeafBlight\LeafBlight_92.jpg,D:\ZaraiAI_Tomato_Cotton_Wheat\data\raw\wheat\wheat_disease_main\Wheat Disease\Original Dataset\LeafBlight\LeafBlight_92.jpg,1440,1080,3,JPEG,323799,cc2ac1bbdbd1670180f912e0df99f284e337961fab316031d71c3b898e2bb52d,train
wheat,HealthyLeaf,HealthyLeaf_75.jpg,data\raw\wheat\wheat_disease_main\Wheat Disease\Original Dataset\HealthyLeaf\HealthyLeaf_75.jpg,D:\ZaraiAI_Tomato_Cotton_Wheat\data\raw\wheat\wheat_disease_main\Wheat Disease\Original Dataset\HealthyLeaf\HealthyLeaf_75.jpg,1080,1440,3,JPEG,344236,5e150034dba11212e04c22fef383176922e35bc86b6357320f9aa1a2c606ce3b,train
wheat,WheatBlast,WheatBlast_174.jpg,data\raw\wheat\wheat_disease_main\Wheat Disease\Original Dataset\WheatBlast\WheatBlast_174.jpg,D:\ZaraiAI_Tomato_Cotton_Wheat\data\raw\wheat\wheat_disease_main\Wheat Disease\Original Dataset\WheatBlast\WheatBlast_174.jpg,1440,1080,3,JPEG,450870,0c9f19c4d59a38b351d0e0660fe09dc65fffc8b471db4d68aa0e48d5fdbe5db7,train
wheat,HealthyLeaf,HealthyLeaf_216.jpg,data\raw\wheat\wheat_disease_main\Wheat Disease\Original Dataset\HealthyLeaf\HealthyLeaf_216.jpg,D:\ZaraiAI_Tomato_Cotton_Wheat\data\raw\wheat\wheat_disease_main\Wheat Disease\Original Dataset\HealthyLeaf\HealthyLeaf_216.jpg,1080,1440,3,JPEG,290197,a7c8df4a1b6dc2a0f7f87ffdf2ea69140599fcf4e40174b6a82be9bc78e426d2,train
wheat,BlackPoint,BlackPoint_224.jpg,data\raw\wheat\wheat_disease_main\Wheat Disease\Original Dataset\BlackPoint\BlackPoint_224.jpg,D:\ZaraiAI_Tomato_Cotton_Wheat\data\raw\wheat\wheat_disease_main\Wheat Disease\Original Dataset\BlackPoint\BlackPoint_224.jpg,1440,1080,3,JPEG,149837,e79f9d70b572c9f87d3b9f0b57c286f2dc421a12ab4d36d33903cba1dd2bdff0,train
wheat,LeafBlight,LeafBlight_309.jpg,data\raw\wheat\wheat_disease_main\Wheat Disease\Original Dataset\LeafBlight\LeafBlight_309.jpg,D:\ZaraiAI_Tomato_Cotton_Wheat\data\raw\wheat\wheat_disease_main\Wheat Disease\Original Dataset\LeafBlight\LeafBlight_309.jpg,1440,1080,3,JPEG,219923,e330da7168a406241098d1b7cfeecea197562613e7111aff49e1323347bc6c47,train
wheat,WheatBlast,WheatBlast_235.jpg,data\raw\wheat\wheat_disease_main\Wheat Disease\Original Dataset\WheatBlast\WheatBlast_235.jpg,D:\ZaraiAI_Tomato_Cotton_Wheat\data\raw\wheat\wheat_disease_main\Wheat Disease\Original Dataset\WheatBlast\WheatBlast_235.jpg,1440,1080,3,JPEG,442756,3864b4220e6ed98f284a07702c015b55e1c8a42f5b42324899f18838c9ae60bd,train
wheat,LeafBlight,LeafBlight_115.jpg,data\raw\wheat\wheat_disease_main\Wheat Disease\Original Dataset\LeafBlight\LeafBlight_115.jpg,D:\ZaraiAI_Tomato_Cotton_Wheat\data\raw\wheat\wheat_disease_main\Wheat Disease\Original Dataset\LeafBlight\LeafBlight_115.jpg,1440,1080,3,JPEG,279915,26229bc133210ec7bef092d281fd163c4f388f52ddb224583560ffd0487eb638,train
wheat,BlackPoint,BlackPoint_41.jpg,data\raw\wheat\wheat_disease_main\Wheat Disease\Original Dataset\BlackPoint\BlackPoint_41.jpg,D:\ZaraiAI_Tomato_Cotton_Wheat\data\raw\wheat\wheat_disease_main\Wheat Disease\Original Dataset\BlackPoint\BlackPoint_41.jpg,1080,1440,3,JPEG,299277,04e8ce746a18c00466be8cb1248c71e77c07f3bbc7680b3cbca6f083a2b77650,train
wheat,BlackPoint,BlackPoint_206.jpg,data\raw\wheat\wheat_disease_main\Wheat Disease\Original Dataset\BlackPoint\BlackPoint_206.jpg,D:\ZaraiAI_Tomato_Cotton_Wheat\data\raw\wheat\wheat_disease_main\Wheat Disease\Original Dataset\BlackPoint\BlackPoint_206.jpg,1080,1440,3,JPEG,308724,f2e760a2e525d1783156ba79ab62c8cf8cbc2272a0874ccdc5124fad42371726,train
wheat,LeafBlight,LeafBlight_34.jpg,data\raw\wheat\wheat_disease_main\Wheat Disease\Original Dataset\LeafBlight\LeafBlight_34.jpg,D:\ZaraiAI_Tomato_Cotton_Wheat\data\raw\wheat\wheat_disease_main\Wheat Disease\Original Dataset\LeafBlight\LeafBlight_34.jpg,1440,1080,3,JPEG,266720,178c8663bf3aa7b31b6559d0415155fd3a3af1d040bb0913e8f0bfe076fbb76a,train
wheat,HealthyLeaf,HealthyLeaf_214.jpg,data\raw\wheat\wheat_disease_main\Wheat Disease\Original Dataset\HealthyLeaf\HealthyLeaf_214.jpg,D:\ZaraiAI_Tomato_Cotton_Wheat\data\raw\wheat\wheat_disease_main\Wheat Disease\Original Dataset\HealthyLeaf\HealthyLeaf_214.jpg,1080,1440,3,JPEG,373295,8549aaf4227ddac64debf4e827eb4e4adfcb77f12463564b4c4dee811a4b8ca9,train
wheat,LeafBlight,LeafBlight_245.jpg,data\raw\wheat\wheat_disease_main\Wheat Disease\Original Dataset\LeafBlight\LeafBlight_245.jpg,D:\ZaraiAI_Tomato_Cotton_Wheat\data\raw\wheat\wheat_disease_main\Wheat Disease\Original Dataset\LeafBlight\LeafBlight_245.jpg,1440,1080,3,JPEG,312744,20f2513ae045cc9ea06426dfacd23254ab216a671a82768b1aa8cd3277df563e,train
wheat,BlackPoint,BlackPoint_192.jpg,data\raw\wheat\wheat_disease_main\Wheat Disease\Original Dataset\BlackPoint\BlackPoint_192.jpg,D:\ZaraiAI_Tomato_Cotton_Wheat\data\raw\wheat\wheat_disease_main\Wheat Disease\Original Dataset\BlackPoint\BlackPoint_192.jpg,1080,1440,3,JPEG,255013,77af9317b3f84de428616c7e05f24563eaa25cb165b704874df8a45e2eb5f9ed,train
wheat,FusariumFootRot,FusariumFootRot_196.jpg,data\raw\wheat\wheat_disease_main\Wheat Disease\Original Dataset\FusariumFootRot\FusariumFootRot_196.jpg,D:\ZaraiAI_Tomato_Cotton_Wheat\data\raw\wheat\wheat_disease_main\Wheat Disease\Original Dataset\FusariumFootRot\FusariumFootRot_196.jpg,1080,1440,3,JPEG,322848,4e5d4f30df1dd73d941dae6cb1bde6be31c809cba8bdc622e0bd159d0bd9b2f2,train
wheat,WheatBlast,WheatBlast_344.jpg,data\raw\wheat\wheat_disease_main\Wheat Disease\Original Dataset\WheatBlast\WheatBlast_344.jpg,D:\ZaraiAI_Tomato_Cotton_Wheat\data\raw\wheat\wheat_disease_main\Wheat Disease\Original Dataset\WheatBlast\WheatBlast_344.jpg,1440,1080,3,JPEG,487015,797e8aa8c7f3e1ccfb0f7c695c31be5a34de12e6a99e9937c73b23f979a9a1fa,train
wheat,LeafBlight,LeafBlight_20.jpg,data\raw\wheat\wheat_disease_main\Wheat Disease\Original Dataset\LeafBlight\LeafBlight_20.jpg,D:\ZaraiAI_Tomato_Cotton_Wheat\data\raw\wheat\wheat_disease_main\Wheat Disease\Original Dataset\LeafBlight\LeafBlight_20.jpg,1440,1080,3,JPEG,341386,b2b6ce78b55c2e707e63eed0df973a58c0603a1e92716465935563a3cb0847af,train
wheat,FusariumFootRot,FusariumFootRot_33.jpg,data\raw\wheat\wheat_disease_main\Wheat Disease\Original Dataset\FusariumFootRot\FusariumFootRot_33.jpg,D:\ZaraiAI_Tomato_Cotton_Wheat\data\raw\wheat\wheat_disease_main\Wheat Disease\Original Dataset\FusariumFootRot\FusariumFootRot_33.jpg,1440,1080,3,JPEG,441592,c1e6a79113421898a535640d1e51813237dca40df2ead454856404726c40cc63,train
wheat,HealthyLeaf,HealthyLeaf_45.jpg,data\raw\wheat\wheat_disease_main\Wheat Disease\Original Dataset\HealthyLeaf\HealthyLeaf_45.jpg,D:\ZaraiAI_Tomato_Cotton_Wheat\data\raw\wheat\wheat_disease_main\Wheat Disease\Original Dataset\HealthyLeaf\HealthyLeaf_45.jpg,1080,1440,3,JPEG,251847,42f5d4ab0a04ca13dffb3bd5832b602ce49213813efc13fbbdf6ddbc9b279a43,train
wheat,FusariumFootRot,FusariumFootRot_161.jpg,data\raw\wheat\wheat_disease_main\Wheat Disease\Original Dataset\FusariumFootRot\FusariumFootRot_161.jpg,D:\ZaraiAI_Tomato_Cotton_Wheat\data\raw\wheat\wheat_disease_main\Wheat Disease\Original Dataset\FusariumFootRot\FusariumFootRot_161.jpg,1080,1440,3,JPEG,366296,257e99964fa4f1bfa6c50fa892d698cf960fd57c16efc90d38ae072243551c66,train
wheat,WheatBlast,WheatBlast_49.jpg,data\raw\wheat\wheat_disease_main\Wheat Disease\Original Dataset\WheatBlast\WheatBlast_49.jpg,D:\ZaraiAI_Tomato_Cotton_Wheat\data\raw\wheat\wheat_disease_main\Wheat Disease\Original Dataset\WheatBlast\WheatBlast_49.jpg,1440,1080,3,JPEG,387326,4f827f754625a88a98d1120ee39fc6057f2f972691d97646c4219da537f2fa0d,train
wheat,LeafBlight,LeafBlight_240.jpg,data\raw\wheat\wheat_disease_main\Wheat Disease\Original Dataset\LeafBlight\LeafBlight_240.jpg,D:\ZaraiAI_Tomato_Cotton_Wheat\data\raw\wheat\wheat_disease_main\Wheat Disease\Original Dataset\LeafBlight\LeafBlight_240.jpg,1440,1080,3,JPEG,176299,6194b1e36996c4c976bc72c5fc66788a9fee15c62880ddc04cfd44fa51fe170e,train
wheat,WheatBlast,WheatBlast_313.jpg,data\raw\wheat\wheat_disease_main\Wheat Disease\Original Dataset\WheatBlast\WheatBlast_313.jpg,D:\ZaraiAI_Tomato_Cotton_Wheat\data\raw\wheat\wheat_disease_main\Wheat Disease\Original Dataset\WheatBlast\WheatBlast_313.jpg,1440,1080,3,JPEG,466527,0ea9e107287cbad0cb5ac58083a4de20f3c1f4255d0235c34545cd4bab01668b,train
wheat,WheatBlast,WheatBlast_378.jpg,data\raw\wheat\wheat_disease_main\Wheat Disease\Original Dataset\WheatBlast\WheatBlast_378.jpg,D:\ZaraiAI_Tomato_Cotton_Wheat\data\raw\wheat\wheat_disease_main\Wheat Disease\Original Dataset\WheatBlast\WheatBlast_378.jpg,1440,1080,3,JPEG,484963,a996668ec0255ced28209654f4d2982111b62c82a7a53ab65000dca7235b1dc8,train
wheat,WheatBlast,WheatBlast_124.jpg,data\raw\wheat\wheat_disease_main\Wheat Disease\Original Dataset\WheatBlast\WheatBlast_124.jpg,D:\ZaraiAI_Tomato_Cotton_Wheat\data\raw\wheat\wheat_disease_main\Wheat Disease\Original Dataset\WheatBlast\WheatBlast_124.jpg,1440,1080,3,JPEG,425109,c734afc67038bba457d5de7862ca997724f90fd84de516bc23fe6994b7188fc6,train
wheat,FusariumFootRot,FusariumFootRot_76.jpg,data\raw\wheat\wheat_disease_main\Wheat Disease\Original Dataset\FusariumFootRot\FusariumFootRot_76.jpg,D:\ZaraiAI_Tomato_Cotton_Wheat\data\raw\wheat\wheat_disease_main\Wheat Disease\Original Dataset\FusariumFootRot\FusariumFootRot_76.jpg,1080,1440,3,JPEG,506931,216ce5c81873ca6c43957059028b8f29f0f324af2283819af75242a76e5964d8,train
wheat,BlackPoint,BlackPoint_210.jpg,data\raw\wheat\wheat_disease_main\Wheat Disease\Original Dataset\BlackPoint\BlackPoint_210.jpg,D:\ZaraiAI_Tomato_Cotton_Wheat\data\raw\wheat\wheat_disease_main\Wheat Disease\Original Dataset\BlackPoint\BlackPoint_210.jpg,1080,1440,3,JPEG,311999,006695c0c5ebf2ec8665bcb6339fe8fca9748d1e9b679d17732bde7e0c100015,train
wheat,BlackPoint,BlackPoint_130.jpg,data\raw\wheat\wheat_disease_main\Wheat Disease\Original Dataset\BlackPoint\BlackPoint_130.jpg,D:\ZaraiAI_Tomato_Cotton_Wheat\data\raw\wheat\wheat_disease_main\Wheat Disease\Original Dataset\BlackPoint\BlackPoint_130.jpg,1080,1440,3,JPEG,342582,58beec4eb392c1267698d7ef19cfbe9bca4f494dd6d3951a2fbbc26356a3f8aa,train
wheat,FusariumFootRot,FusariumFootRot_51.jpg,data\raw\wheat\wheat_disease_main\Wheat Disease\Original Dataset\FusariumFootRot\FusariumFootRot_51.jpg,D:\ZaraiAI_Tomato_Cotton_Wheat\data\raw\wheat\wheat_disease_main\Wheat Disease\Original Dataset\FusariumFootRot\FusariumFootRot_51.jpg,1080,1440,3,JPEG,443396,65719a3f6798095204bd0408da655143ada8bfdf868e8e180becc17eaab1b5a9,train
wheat,BlackPoint,BlackPoint_262.jpg,data\raw\wheat\wheat_disease_main\Wheat Disease\Original Dataset\BlackPoint\BlackPoint_262.jpg,D:\ZaraiAI_Tomato_Cotton_Wheat\data\raw\wheat\wheat_disease_main\Wheat Disease\Original Dataset\BlackPoint\BlackPoint_262.jpg,1440,1080,3,JPEG,173699,54518a556462d24cb19057d200eeadb660d392ffa56bf70515c1a762dbb7b549,train
wheat,WheatBlast,WheatBlast_306.jpg,data\raw\wheat\wheat_disease_main\Wheat Disease\Original Dataset\WheatBlast\WheatBlast_306.jpg,D:\ZaraiAI_Tomato_Cotton_Wheat\data\raw\wheat\wheat_disease_main\Wheat Disease\Original Dataset\WheatBlast\WheatBlast_306.jpg,1440,1080,3,JPEG,442863,fbb088aabfe397caa671c739cca9b9b17e8d4b695a6352c998c728ef7ffcf8b2,train
wheat,FusariumFootRot,FusariumFootRot_180.jpg,data\raw\wheat\wheat_disease_main\Wheat Disease\Original Dataset\FusariumFootRot\FusariumFootRot_180.jpg,D:\ZaraiAI_Tomato_Cotton_Wheat\data\raw\wheat\wheat_disease_main\Wheat Disease\Original Dataset\FusariumFootRot\FusariumFootRot_180.jpg,1080,1440,3,JPEG,468530,a347cede04ccab1175c2fa542aa1b0f79c5d1ad91dce3a98eeca2ca9f1be48f0,train
wheat,FusariumFootRot,FusariumFootRot_175.jpg,data\raw\wheat\wheat_disease_main\Wheat Disease\Original Dataset\FusariumFootRot\FusariumFootRot_175.jpg,D:\ZaraiAI_Tomato_Cotton_Wheat\data\raw\wheat\wheat_disease_main\Wheat Disease\Original Dataset\FusariumFootRot\FusariumFootRot_175.jpg,1080,1440,3,JPEG,489621,591ce907f67fafa8afc26758b55c677d07d341c00fdddb77356056f2e96ff491,train
wheat,LeafBlight,LeafBlight_84.jpg,data\raw\wheat\wheat_disease_main\Wheat Disease\Original Dataset\LeafBlight\LeafBlight_84.jpg,D:\ZaraiAI_Tomato_Cotton_Wheat\data\raw\wheat\wheat_disease_main\Wheat Disease\Original Dataset\LeafBlight\LeafBlight_84.jpg,1440,1080,3,JPEG,317536,f9f05a2f46f0b657c3a86df95252f8bbfc62fd2b89b7131708863e6497a0fa8d,train
wheat,WheatBlast,WheatBlast_265.jpg,data\raw\wheat\wheat_disease_main\Wheat Disease\Original Dataset\WheatBlast\WheatBlast_265.jpg,D:\ZaraiAI_Tomato_Cotton_Wheat\data\raw\wheat\wheat_disease_main\Wheat Disease\Original Dataset\WheatBlast\WheatBlast_265.jpg,1440,1080,3,JPEG,477055,b0dc8ff6454b91907e7276f61706e509c38aefa0585ea910acd39d905e2f71f2,train
wheat,WheatBlast,WheatBlast_114.jpg,data\raw\wheat\wheat_disease_main\Wheat Disease\Original Dataset\WheatBlast\WheatBlast_114.jpg,D:\ZaraiAI_Tomato_Cotton_Wheat\data\raw\wheat\wheat_disease_main\Wheat Disease\Original Dataset\WheatBlast\WheatBlast_114.jpg,1440,1080,3,JPEG,437797,75a41d21e68a6778c0232254485f3da848e7b28cd6e711160438200dac6a52a1,train
wheat,LeafBlight,LeafBlight_261.jpg,data\raw\wheat\wheat_disease_main\Wheat Disease\Original Dataset\LeafBlight\LeafBlight_261.jpg,D:\ZaraiAI_Tomato_Cotton_Wheat\data\raw\wheat\wheat_disease_main\Wheat Disease\Original Dataset\LeafBlight\LeafBlight_261.jpg,1440,1080,3,JPEG,237732,d95e33bd0254d5d51098c568dbcceed6ce704627cea7f62cc939f34836a68ba6,train
wheat,WheatBlast,WheatBlast_41.jpg,data\raw\wheat\wheat_disease_main\Wheat Disease\Original Dataset\WheatBlast\WheatBlast_41.jpg,D:\ZaraiAI_Tomato_Cotton_Wheat\data\raw\wheat\wheat_disease_main\Wheat Disease\Original Dataset\WheatBlast\WheatBlast_41.jpg,1440,1080,3,JPEG,365347,85df5e4b26fd10a4276be3e46240a697c816c7909249741cd22dfa2a4a94ec0a,train
wheat,LeafBlight,LeafBlight_154.jpg,data\raw\wheat\wheat_disease_main\Wheat Disease\Original Dataset\LeafBlight\LeafBlight_154.jpg,D:\ZaraiAI_Tomato_Cotton_Wheat\data\raw\wheat\wheat_disease_main\Wheat Disease\Original Dataset\LeafBlight\LeafBlight_154.jpg,1440,1080,3,JPEG,369331,3b233d3535baf582dcdea993ee6f5d1812794c79079f14dfb0ff035813af3703,train
wheat,BlackPoint,BlackPoint_266.jpg,data\raw\wheat\wheat_disease_main\Wheat Disease\Original Dataset\BlackPoint\BlackPoint_266.jpg,D:\ZaraiAI_Tomato_Cotton_Wheat\data\raw\wheat\wheat_disease_main\Wheat Disease\Original Dataset\BlackPoint\BlackPoint_266.jpg,1440,1080,3,JPEG,135148,f37e718e9534a0f8e33b1d2f387127dbbbc2fe569ba901b17345dbee94cd2885,train
wheat,WheatBlast,WheatBlast_42.jpg,data\raw\wheat\wheat_disease_main\Wheat Disease\Original Dataset\WheatBlast\WheatBlast_42.jpg,D:\ZaraiAI_Tomato_Cotton_Wheat\data\raw\wheat\wheat_disease_main\Wheat Disease\Original Dataset\WheatBlast\WheatBlast_42.jpg,1440,1080,3,JPEG,369929,f8b8a7862d9966cd32bfcbe1d3c980138f98e3511a65aa7209074bdff28e1c0d,train
wheat,WheatBlast,WheatBlast_5.jpg,data\raw\wheat\wheat_disease_main\Wheat Disease\Original Dataset\WheatBlast\WheatBlast_5.jpg,D:\ZaraiAI_Tomato_Cotton_Wheat\data\raw\wheat\wheat_disease_main\Wheat Disease\Original Dataset\WheatBlast\WheatBlast_5.jpg,1440,1080,3,JPEG,412823,bf7ba782d65f7ae818dc1664407fc66dc44779a96356c6323bdffca097040038,train
wheat,FusariumFootRot,FusariumFootRot_208.jpg,data\raw\wheat\wheat_disease_main\Wheat Disease\Original Dataset\FusariumFootRot\FusariumFootRot_208.jpg,D:\ZaraiAI_Tomato_Cotton_Wheat\data\raw\wheat\wheat_disease_main\Wheat Disease\Original Dataset\FusariumFootRot\FusariumFootRot_208.jpg,1080,1440,3,JPEG,490029,df1d07d6909806adc798a1b4a5214c0896ff88791e4ac5c04cb6a8988221c837,train
wheat,FusariumFootRot,FusariumFootRot_169.jpg,data\raw\wheat\wheat_disease_main\Wheat Disease\Original Dataset\FusariumFootRot\FusariumFootRot_169.jpg,D:\ZaraiAI_Tomato_Cotton_Wheat\data\raw\wheat\wheat_disease_main\Wheat Disease\Original Dataset\FusariumFootRot\FusariumFootRot_169.jpg,1080,1440,3,JPEG,440264,fcf6cfec15528d3295614269fb1c2253f475b5f098116f00b5caaf38351a4ea4,train
wheat,WheatBlast,WheatBlast_65.jpg,data\raw\wheat\wheat_disease_main\Wheat Disease\Original Dataset\WheatBlast\WheatBlast_65.jpg,D:\ZaraiAI_Tomato_Cotton_Wheat\data\raw\wheat\wheat_disease_main\Wheat Disease\Original Dataset\WheatBlast\WheatBlast_65.jpg,1440,1080,3,JPEG,370378,df39200eef5919057d4fbacbc40c5e6c3845940babd943bac8b07447ee71f55b,train
wheat,BlackPoint,BlackPoint_115.jpg,data\raw\wheat\wheat_disease_main\Wheat Disease\Original Dataset\BlackPoint\BlackPoint_115.jpg,D:\ZaraiAI_Tomato_Cotton_Wheat\data\raw\wheat\wheat_disease_main\Wheat Disease\Original Dataset\BlackPoint\BlackPoint_115.jpg,1080,1440,3,JPEG,275365,f40cfad43097dabeec0ec06225da3f0a3eb3f8dfc7ab5e207b2d7ab41b622150,train
wheat,LeafBlight,LeafBlight_25.jpg,data\raw\wheat\wheat_disease_main\Wheat Disease\Original Dataset\LeafBlight\LeafBlight_25.jpg,D:\ZaraiAI_Tomato_Cotton_Wheat\data\raw\wheat\wheat_disease_main\Wheat Disease\Original Dataset\LeafBlight\LeafBlight_25.jpg,1440,1080,3,JPEG,351131,33905b18fa835b80481c399b529d2ffc7bf5f391c1bee0f1dfaf0afd732ea94b,train
wheat,LeafBlight,LeafBlight_287.jpg,data\raw\wheat\wheat_disease_main\Wheat Disease\Original Dataset\LeafBlight\LeafBlight_287.jpg,D:\ZaraiAI_Tomato_Cotton_Wheat\data\raw\wheat\wheat_disease_main\Wheat Disease\Original Dataset\LeafBlight\LeafBlight_287.jpg,1440,1080,3,JPEG,304892,778da1b4902f0c6e0c34705348b4f070a6bf8da1da90f3c9d574ea8159e41490,train
wheat,LeafBlight,LeafBlight_18.jpg,data\raw\wheat\wheat_disease_main\Wheat Disease\Original Dataset\LeafBlight\LeafBlight_18.jpg,D:\ZaraiAI_Tomato_Cotton_Wheat\data\raw\wheat\wheat_disease_main\Wheat Disease\Original Dataset\LeafBlight\LeafBlight_18.jpg,1440,1080,3,JPEG,342561,1bb6bd9af3d5bb8663b9aa13db534b18374be0f45d6e3cbd7407c37393a70b84,train
wheat,FusariumFootRot,FusariumFootRot_89.jpg,data\raw\wheat\wheat_disease_main\Wheat Disease\Original Dataset\FusariumFootRot\FusariumFootRot_89.jpg,D:\ZaraiAI_Tomato_Cotton_Wheat\data\raw\wheat\wheat_disease_main\Wheat Disease\Original Dataset\FusariumFootRot\FusariumFootRot_89.jpg,1080,1440,3,JPEG,385816,4a49b71222a791e8b51f2448eab7285c1251bc23db31fc800e9221a28688183f,train
wheat,BlackPoint,BlackPoint_168.jpg,data\raw\wheat\wheat_disease_main\Wheat Disease\Original Dataset\BlackPoint\BlackPoint_168.jpg,D:\ZaraiAI_Tomato_Cotton_Wheat\data\raw\wheat\wheat_disease_main\Wheat Disease\Original Dataset\BlackPoint\BlackPoint_168.jpg,1080,1440,3,JPEG,279398,6a5e272d70f85d39a42319960ac5683fc2c9bbbae45b15caaa67c1fc55a839eb,train
wheat,HealthyLeaf,HealthyLeaf_182.jpg,data\raw\wheat\wheat_disease_main\Wheat Disease\Original Dataset\HealthyLeaf\HealthyLeaf_182.jpg,D:\ZaraiAI_Tomato_Cotton_Wheat\data\raw\wheat\wheat_disease_main\Wheat Disease\Original Dataset\HealthyLeaf\HealthyLeaf_182.jpg,1080,1440,3,JPEG,296368,de17d7c6ecefbf32130b5e9aa5b29a2afc7e5eb83066e558ccbcff6bf1461a72,train
wheat,LeafBlight,LeafBlight_165.jpg,data\raw\wheat\wheat_disease_main\Wheat Disease\Original Dataset\LeafBlight\LeafBlight_165.jpg,D:\ZaraiAI_Tomato_Cotton_Wheat\data\raw\wheat\wheat_disease_main\Wheat Disease\Original Dataset\LeafBlight\LeafBlight_165.jpg,1440,1080,3,JPEG,246927,d22487479c8e77b6e68e58915c7255fa435e7b16d2f7f9acc0048d262bab12c9,train
wheat,BlackPoint,BlackPoint_291.jpg,data\raw\wheat\wheat_disease_main\Wheat Disease\Original Dataset\BlackPoint\BlackPoint_291.jpg,D:\ZaraiAI_Tomato_Cotton_Wheat\data\raw\wheat\wheat_disease_main\Wheat Disease\Original Dataset\BlackPoint\BlackPoint_291.jpg,1080,1440,3,JPEG,261550,93f358d325b108a6cff0ab49cbb60234314375c19b2775d7f129cbf8d340788b,train
wheat,WheatBlast,WheatBlast_135.jpg,data\raw\wheat\wheat_disease_main\Wheat Disease\Original Dataset\WheatBlast\WheatBlast_135.jpg,D:\ZaraiAI_Tomato_Cotton_Wheat\data\raw\wheat\wheat_disease_main\Wheat Disease\Original Dataset\WheatBlast\WheatBlast_135.jpg,1440,1080,3,JPEG,426939,3493530f46c536860b7448497a855742392d322fccbd74341b9f6e0537e5d482,train
wheat,FusariumFootRot,FusariumFootRot_109.jpg,data\raw\wheat\wheat_disease_main\Wheat Disease\Original Dataset\FusariumFootRot\FusariumFootRot_109.jpg,D:\ZaraiAI_Tomato_Cotton_Wheat\data\raw\wheat\wheat_disease_main\Wheat Disease\Original Dataset\FusariumFootRot\FusariumFootRot_109.jpg,1080,1440,3,JPEG,399338,d30c3624d0b5a898de8670059d56ec051a8153a3dda4069c2193f9b512f2cc3b,train
wheat,BlackPoint,BlackPoint_180.jpg,data\raw\wheat\wheat_disease_main\Wheat Disease\Original Dataset\BlackPoint\BlackPoint_180.jpg,D:\ZaraiAI_Tomato_Cotton_Wheat\data\raw\wheat\wheat_disease_main\Wheat Disease\Original Dataset\BlackPoint\BlackPoint_180.jpg,1440,1080,3,JPEG,226752,59db23a67b619ff10d7a94a68acf63c1be8a82c9bf7f3d562deb00b724960c9a,train
wheat,BlackPoint,BlackPoint_252.jpg,data\raw\wheat\wheat_disease_main\Wheat Disease\Original Dataset\BlackPoint\BlackPoint_252.jpg,D:\ZaraiAI_Tomato_Cotton_Wheat\data\raw\wheat\wheat_disease_main\Wheat Disease\Original Dataset\BlackPoint\BlackPoint_252.jpg,1080,1440,3,JPEG,278020,805565c850fac580137daef266dc393fe02f14a4ce88745fc9f82f351a1d51de,train
wheat,WheatBlast,WheatBlast_327.jpg,data\raw\wheat\wheat_disease_main\Wheat Disease\Original Dataset\WheatBlast\WheatBlast_327.jpg,D:\ZaraiAI_Tomato_Cotton_Wheat\data\raw\wheat\wheat_disease_main\Wheat Disease\Original Dataset\WheatBlast\WheatBlast_327.jpg,1440,1080,3,JPEG,509971,522c942358deba827294b1250cc65bc8291d26721410bb1562d7454b255c87a8,train
wheat,HealthyLeaf,HealthyLeaf_9.jpg,data\raw\wheat\wheat_disease_main\Wheat Disease\Original Dataset\HealthyLeaf\HealthyLeaf_9.jpg,D:\ZaraiAI_Tomato_Cotton_Wheat\data\raw\wheat\wheat_disease_main\Wheat Disease\Original Dataset\HealthyLeaf\HealthyLeaf_9.jpg,1080,1440,3,JPEG,290995,ec96a31e886ffc5cf94a5bde8ce120edc1172f23d11a0ccc9b6ff28b32c03365,train
wheat,FusariumFootRot,FusariumFootRot_134.jpg,data\raw\wheat\wheat_disease_main\Wheat Disease\Original Dataset\FusariumFootRot\FusariumFootRot_134.jpg,D:\ZaraiAI_Tomato_Cotton_Wheat\data\raw\wheat\wheat_disease_main\Wheat Disease\Original Dataset\FusariumFootRot\FusariumFootRot_134.jpg,1080,1440,3,JPEG,463380,d59fa432acafd38319aaee1b7aedf809bce9eea0ac60bdaac77014218194cc9d,train
wheat,HealthyLeaf,HealthyLeaf_95.jpg,data\raw\wheat\wheat_disease_main\Wheat Disease\Original Dataset\HealthyLeaf\HealthyLeaf_95.jpg,D:\ZaraiAI_Tomato_Cotton_Wheat\data\raw\wheat\wheat_disease_main\Wheat Disease\Original Dataset\HealthyLeaf\HealthyLeaf_95.jpg,1080,1440,3,JPEG,228247,84264103c1278ed0d3054270d957a4d606a527e47828367c5c7941cb9dfa60b2,train
wheat,BlackPoint,BlackPoint_150.jpg,data\raw\wheat\wheat_disease_main\Wheat Disease\Original Dataset\BlackPoint\BlackPoint_150.jpg,D:\ZaraiAI_Tomato_Cotton_Wheat\data\raw\wheat\wheat_disease_main\Wheat Disease\Original Dataset\BlackPoint\BlackPoint_150.jpg,1080,1440,3,JPEG,275443,02a6e1d553821b28b6a308fb95ba5b05cc90d32edb8a35c8c453467310169d8d,train
wheat,HealthyLeaf,HealthyLeaf_121.jpg,data\raw\wheat\wheat_disease_main\Wheat Disease\Original Dataset\HealthyLeaf\HealthyLeaf_121.jpg,D:\ZaraiAI_Tomato_Cotton_Wheat\data\raw\wheat\wheat_disease_main\Wheat Disease\Original Dataset\HealthyLeaf\HealthyLeaf_121.jpg,1080,1440,3,JPEG,404027,5f4bf2653ab43e54077c19d83189f6c8b8fc0911f2a7c5f8604cc68af81d8d32,train
wheat,WheatBlast,WheatBlast_17.jpg,data\raw\wheat\wheat_disease_main\Wheat Disease\Original Dataset\WheatBlast\WheatBlast_17.jpg,D:\ZaraiAI_Tomato_Cotton_Wheat\data\raw\wheat\wheat_disease_main\Wheat Disease\Original Dataset\WheatBlast\WheatBlast_17.jpg,1440,1080,3,JPEG,411035,790057f5ad714766fcdb80cf56945f7ae2b8c6cfd018f37fba422c6ec37059ed,train
wheat,WheatBlast,WheatBlast_227.jpg,data\raw\wheat\wheat_disease_main\Wheat Disease\Original Dataset\WheatBlast\WheatBlast_227.jpg,D:\ZaraiAI_Tomato_Cotton_Wheat\data\raw\wheat\wheat_disease_main\Wheat Disease\Original Dataset\WheatBlast\WheatBlast_227.jpg,1440,1080,3,JPEG,390957,9fb25bc1f4a77a59fb6145a553b6ce6ef9e525e336fd9c75ee4f400e9062554f,train
wheat,FusariumFootRot,FusariumFootRot_77.jpg,data\raw\wheat\wheat_disease_main\Wheat Disease\Original Dataset\FusariumFootRot\FusariumFootRot_77.jpg,D:\ZaraiAI_Tomato_Cotton_Wheat\data\raw\wheat\wheat_disease_main\Wheat Disease\Original Dataset\FusariumFootRot\FusariumFootRot_77.jpg,1080,1440,3,JPEG,433688,acb2225318b3f8a630c59e4b60f40f1c731a002e324d1dd97e353aff44a2f6a1,train
wheat,LeafBlight,LeafBlight_132.jpg,data\raw\wheat\wheat_disease_main\Wheat Disease\Original Dataset\LeafBlight\LeafBlight_132.jpg,D:\ZaraiAI_Tomato_Cotton_Wheat\data\raw\wheat\wheat_disease_main\Wheat Disease\Original Dataset\LeafBlight\LeafBlight_132.jpg,1440,1080,3,JPEG,328603,26de24c07be243669e2eda0e607f300182fe2c2dd5089e978c5df6c93bef9dc4,train
wheat,BlackPoint,BlackPoint_154.jpg,data\raw\wheat\wheat_disease_main\Wheat Disease\Original Dataset\BlackPoint\BlackPoint_154.jpg,D:\ZaraiAI_Tomato_Cotton_Wheat\data\raw\wheat\wheat_disease_main\Wheat Disease\Original Dataset\BlackPoint\BlackPoint_154.jpg,1080,1440,3,JPEG,326922,f7dd73146a76e8d0a70a47f2c0269a528a63d960d0445a8f17bc433aa50dd2db,train
wheat,LeafBlight,LeafBlight_96.jpg,data\raw\wheat\wheat_disease_main\Wheat Disease\Original Dataset\LeafBlight\LeafBlight_96.jpg,D:\ZaraiAI_Tomato_Cotton_Wheat\data\raw\wheat\wheat_disease_main\Wheat Disease\Original Dataset\LeafBlight\LeafBlight_96.jpg,1440,1080,3,JPEG,357239,a619624aabdddb07c206f05fac26aa2d25ec08d0af36f6d545d8b4f14f6dcc37,train
wheat,HealthyLeaf,HealthyLeaf_150.jpg,data\raw\wheat\wheat_disease_main\Wheat Disease\Original Dataset\HealthyLeaf\HealthyLeaf_150.jpg,D:\ZaraiAI_Tomato_Cotton_Wheat\data\raw\wheat\wheat_disease_main\Wheat Disease\Original Dataset\HealthyLeaf\HealthyLeaf_150.jpg,1080,1440,3,JPEG,281399,25969366289927018f5be70417d637626d643ed511f41c75939573087fa4304f,train
wheat,LeafBlight,LeafBlight_397.jpg,data\raw\wheat\wheat_disease_main\Wheat Disease\Original Dataset\LeafBlight\LeafBlight_397.jpg,D:\ZaraiAI_Tomato_Cotton_Wheat\data\raw\wheat\wheat_disease_main\Wheat Disease\Original Dataset\LeafBlight\LeafBlight_397.jpg,1440,1080,3,JPEG,129903,d622ad4a42112d7522e41e746213e9e70a7fd0587b9d2f026d22432c9029539e,train
wheat,FusariumFootRot,FusariumFootRot_129.jpg,data\raw\wheat\wheat_disease_main\Wheat Disease\Original Dataset\FusariumFootRot\FusariumFootRot_129.jpg,D:\ZaraiAI_Tomato_Cotton_Wheat\data\raw\wheat\wheat_disease_main\Wheat Disease\Original Dataset\FusariumFootRot\FusariumFootRot_129.jpg,1080,1440,3,JPEG,412370,2758b3c17770f57213cd282c78497529722b5add3931c273284d7f82486b08fd,train
wheat,LeafBlight,LeafBlight_350.jpg,data\raw\wheat\wheat_disease_main\Wheat Disease\Original Dataset\LeafBlight\LeafBlight_350.jpg,D:\ZaraiAI_Tomato_Cotton_Wheat\data\raw\wheat\wheat_disease_main\Wheat Disease\Original Dataset\LeafBlight\LeafBlight_350.jpg,1440,1080,3,JPEG,319135,ab6b639539667e48664d1c5cf7851c5f0ea5c2ff08d9055e3fc620a164ac5801,train
wheat,FusariumFootRot,FusariumFootRot_41.jpg,data\raw\wheat\wheat_disease_main\Wheat Disease\Original Dataset\FusariumFootRot\FusariumFootRot_41.jpg,D:\ZaraiAI_Tomato_Cotton_Wheat\data\raw\wheat\wheat_disease_main\Wheat Disease\Original Dataset\FusariumFootRot\FusariumFootRot_41.jpg,1080,1440,3,JPEG,354712,2585346e6ac92eb5c4a38749fd01589945f73db05574fe63577c040b11752bea,train
wheat,LeafBlight,LeafBlight_174.jpg,data\raw\wheat\wheat_disease_main\Wheat Disease\Original Dataset\LeafBlight\LeafBlight_174.jpg,D:\ZaraiAI_Tomato_Cotton_Wheat\data\raw\wheat\wheat_disease_main\Wheat Disease\Original Dataset\LeafBlight\LeafBlight_174.jpg,1440,1080,3,JPEG,252254,cabec25a92ed71de576e5cbbd9ac9c915bb80bed489e83e90d6f0ee5c51f2045,train
wheat,FusariumFootRot,FusariumFootRot_40.jpg,data\raw\wheat\wheat_disease_main\Wheat Disease\Original Dataset\FusariumFootRot\FusariumFootRot_40.jpg,D:\ZaraiAI_Tomato_Cotton_Wheat\data\raw\wheat\wheat_disease_main\Wheat Disease\Original Dataset\FusariumFootRot\FusariumFootRot_40.jpg,1080,1440,3,JPEG,404133,17836ee704d1a46d8978670cb0278ce843ba1f58bb373b45de330bae06efc135,train
wheat,LeafBlight,LeafBlight_47.jpg,data\raw\wheat\wheat_disease_main\Wheat Disease\Original Dataset\LeafBlight\LeafBlight_47.jpg,D:\ZaraiAI_Tomato_Cotton_Wheat\data\raw\wheat\wheat_disease_main\Wheat Disease\Original Dataset\LeafBlight\LeafBlight_47.jpg,1440,1080,3,JPEG,264896,583354f66786c212fef7cd422c876f0c7fa99d1f5f17562d63841d82c021681b,train
wheat,FusariumFootRot,FusariumFootRot_106.jpg,data\raw\wheat\wheat_disease_main\Wheat Disease\Original Dataset\FusariumFootRot\FusariumFootRot_106.jpg,D:\ZaraiAI_Tomato_Cotton_Wheat\data\raw\wheat\wheat_disease_main\Wheat Disease\Original Dataset\FusariumFootRot\FusariumFootRot_106.jpg,1080,1440,3,JPEG,391665,c4bbd9daee07517ae6a7e7b0d721a844e19b669299e1fbd01928db88a20bc60b,train
wheat,BlackPoint,BlackPoint_228.jpg,data\raw\wheat\wheat_disease_main\Wheat Disease\Original Dataset\BlackPoint\BlackPoint_228.jpg,D:\ZaraiAI_Tomato_Cotton_Wheat\data\raw\wheat\wheat_disease_main\Wheat Disease\Original Dataset\BlackPoint\BlackPoint_228.jpg,1440,1080,3,JPEG,148866,d13c55c8898b94cafeffad18eb44f40f0820d99984df08a5693659f22f61e0b2,train
wheat,BlackPoint,BlackPoint_54.jpg,data\raw\wheat\wheat_disease_main\Wheat Disease\Original Dataset\BlackPoint\BlackPoint_54.jpg,D:\ZaraiAI_Tomato_Cotton_Wheat\data\raw\wheat\wheat_disease_main\Wheat Disease\Original Dataset\BlackPoint\BlackPoint_54.jpg,1080,1440,3,JPEG,378745,b1603541eaf96b0f2c547aa7d0bb66a3c87298ee626f733fe023471115e033ea,train
wheat,WheatBlast,WheatBlast_184.jpg,data\raw\wheat\wheat_disease_main\Wheat Disease\Original Dataset\WheatBlast\WheatBlast_184.jpg,D:\ZaraiAI_Tomato_Cotton_Wheat\data\raw\wheat\wheat_disease_main\Wheat Disease\Original Dataset\WheatBlast\WheatBlast_184.jpg,1440,1080,3,JPEG,423800,5b79ae0b8d35baa97c3ab6d806a48a3d2c3d0bc451ae217c7eecf0e4233e475d,train
wheat,WheatBlast,WheatBlast_11.jpg,data\raw\wheat\wheat_disease_main\Wheat Disease\Original Dataset\WheatBlast\WheatBlast_11.jpg,D:\ZaraiAI_Tomato_Cotton_Wheat\data\raw\wheat\wheat_disease_main\Wheat Disease\Original Dataset\WheatBlast\WheatBlast_11.jpg,1440,1080,3,JPEG,415570,e2c829bf057e53e21aae2a2926d3c2b7621f06d735b53c85e3cbc52fd760ebf8,train
wheat,BlackPoint,BlackPoint_274.jpg,data\raw\wheat\wheat_disease_main\Wheat Disease\Original Dataset\BlackPoint\BlackPoint_274.jpg,D:\ZaraiAI_Tomato_Cotton_Wheat\data\raw\wheat\wheat_disease_main\Wheat Disease\Original Dataset\BlackPoint\BlackPoint_274.jpg,1080,1440,3,JPEG,264321,a71f6010880e90fba3f38edfc11bdd433d96be2e0830cd5ff664727a65c68e79,train
wheat,WheatBlast,WheatBlast_66.jpg,data\raw\wheat\wheat_disease_main\Wheat Disease\Original Dataset\WheatBlast\WheatBlast_66.jpg,D:\ZaraiAI_Tomato_Cotton_Wheat\data\raw\wheat\wheat_disease_main\Wheat Disease\Original Dataset\WheatBlast\WheatBlast_66.jpg,1440,1080,3,JPEG,392783,fbc30fde8bc81bd45d1911734f81d1ecd9055349071eda3af328ab23e57b73f1,train
wheat,FusariumFootRot,FusariumFootRot_177.jpg,data\raw\wheat\wheat_disease_main\Wheat Disease\Original Dataset\FusariumFootRot\FusariumFootRot_177.jpg,D:\ZaraiAI_Tomato_Cotton_Wheat\data\raw\wheat\wheat_disease_main\Wheat Disease\Original Dataset\FusariumFootRot\FusariumFootRot_177.jpg,1080,1440,3,JPEG,288933,66636aa9a82c9ce8ab2cd75422d38faf9e23183af953c546b43cfc110ae8e017,train
wheat,BlackPoint,BlackPoint_202.jpg,data\raw\wheat\wheat_disease_main\Wheat Disease\Original Dataset\BlackPoint\BlackPoint_202.jpg,D:\ZaraiAI_Tomato_Cotton_Wheat\data\raw\wheat\wheat_disease_main\Wheat Disease\Original Dataset\BlackPoint\BlackPoint_202.jpg,1080,1440,3,JPEG,210842,0d1406e3783608ff3eaba1dc7138d5c666acb63f53197ae5fef49301d2b0e3ad,train
wheat,WheatBlast,WheatBlast_90.jpg,data\raw\wheat\wheat_disease_main\Wheat Disease\Original Dataset\WheatBlast\WheatBlast_90.jpg,D:\ZaraiAI_Tomato_Cotton_Wheat\data\raw\wheat\wheat_disease_main\Wheat Disease\Original Dataset\WheatBlast\WheatBlast_90.jpg,1440,1080,3,JPEG,488418,b4fbe083d62c1193a3ad3283f80bcab10cc1efc86f5ec7e8ab866295d3fdfc53,train
wheat,WheatBlast,WheatBlast_57.jpg,data\raw\wheat\wheat_disease_main\Wheat Disease\Original Dataset\WheatBlast\WheatBlast_57.jpg,D:\ZaraiAI_Tomato_Cotton_Wheat\data\raw\wheat\wheat_disease_main\Wheat Disease\Original Dataset\WheatBlast\WheatBlast_57.jpg,1440,1080,3,JPEG,377561,39cbc3091ca6dd600e46b442913ac27d144261ee07e094191b0bb606266a2133,train
wheat,LeafBlight,LeafBlight_125.jpg,data\raw\wheat\wheat_disease_main\Wheat Disease\Original Dataset\LeafBlight\LeafBlight_125.jpg,D:\ZaraiAI_Tomato_Cotton_Wheat\data\raw\wheat\wheat_disease_main\Wheat Disease\Original Dataset\LeafBlight\LeafBlight_125.jpg,1440,1080,3,JPEG,333055,70be25c3a3af324008f5ba60818d210a48be621ddaa642b76bc9ab41fb8adefb,train
wheat,HealthyLeaf,HealthyLeaf_175.jpg,data\raw\wheat\wheat_disease_main\Wheat Disease\Original Dataset\HealthyLeaf\HealthyLeaf_175.jpg,D:\ZaraiAI_Tomato_Cotton_Wheat\data\raw\wheat\wheat_disease_main\Wheat Disease\Original Dataset\HealthyLeaf\HealthyLeaf_175.jpg,1080,1440,3,JPEG,283093,e396517e2584e37b6b73c295b2ea342852d3a2b6717a7a60427a5fbc31c953ce,train
wheat,HealthyLeaf,HealthyLeaf_38.jpg,data\raw\wheat\wheat_disease_main\Wheat Disease\Original Dataset\HealthyLeaf\HealthyLeaf_38.jpg,D:\ZaraiAI_Tomato_Cotton_Wheat\data\raw\wheat\wheat_disease_main\Wheat Disease\Original Dataset\HealthyLeaf\HealthyLeaf_38.jpg,1080,1440,3,JPEG,371946,e1118b8a877fa189799635ea3f91fa2df5fae32efe8424d0295e1f1e3f418892,train
wheat,WheatBlast,WheatBlast_255.jpg,data\raw\wheat\wheat_disease_main\Wheat Disease\Original Dataset\WheatBlast\WheatBlast_255.jpg,D:\ZaraiAI_Tomato_Cotton_Wheat\data\raw\wheat\wheat_disease_main\Wheat Disease\Original Dataset\WheatBlast\WheatBlast_255.jpg,1440,1080,3,JPEG,444953,1dafb8c14d584e61ef4aed9edecb9a832071561f69007057008b5d537995d2d5,train
wheat,LeafBlight,LeafBlight_377.jpg,data\raw\wheat\wheat_disease_main\Wheat Disease\Original Dataset\LeafBlight\LeafBlight_377.jpg,D:\ZaraiAI_Tomato_Cotton_Wheat\data\raw\wheat\wheat_disease_main\Wheat Disease\Original Dataset\LeafBlight\LeafBlight_377.jpg,1440,1080,3,JPEG,121785,ceaa5a5b82f8e399b3adee2c83b8c21ade1f15e975172465f2fb187606ea79f4,train
wheat,WheatBlast,WheatBlast_12.jpg,data\raw\wheat\wheat_disease_main\Wheat Disease\Original Dataset\WheatBlast\WheatBlast_12.jpg,D:\ZaraiAI_Tomato_Cotton_Wheat\data\raw\wheat\wheat_disease_main\Wheat Disease\Original Dataset\WheatBlast\WheatBlast_12.jpg,1440,1080,3,JPEG,422780,5f39b50c2b4cecebe07723131466438e37385db3418899695949e85ecd9eaee2,train
wheat,WheatBlast,WheatBlast_94.jpg,data\raw\wheat\wheat_disease_main\Wheat Disease\Original Dataset\WheatBlast\WheatBlast_94.jpg,D:\ZaraiAI_Tomato_Cotton_Wheat\data\raw\wheat\wheat_disease_main\Wheat Disease\Original Dataset\WheatBlast\WheatBlast_94.jpg,1440,1080,3,JPEG,396643,5b8fb47260e741d0b32dd56f96a697bc28a0f668a0414ed3370f5e2412888a43,train
wheat,BlackPoint,BlackPoint_78.jpg,data\raw\wheat\wheat_disease_main\Wheat Disease\Original Dataset\BlackPoint\BlackPoint_78.jpg,D:\ZaraiAI_Tomato_Cotton_Wheat\data\raw\wheat\wheat_disease_main\Wheat Disease\Original Dataset\BlackPoint\BlackPoint_78.jpg,1080,1440,3,JPEG,318747,611b2c250b33b46a52582bf1a1da76217cbe8cb7988a6c36ebe561092834de84,train
wheat,BlackPoint,BlackPoint_160.jpg,data\raw\wheat\wheat_disease_main\Wheat Disease\Original Dataset\BlackPoint\BlackPoint_160.jpg,D:\ZaraiAI_Tomato_Cotton_Wheat\data\raw\wheat\wheat_disease_main\Wheat Disease\Original Dataset\BlackPoint\BlackPoint_160.jpg,1080,1440,3,JPEG,253754,c51c12e4049485661f5ec26f2a00f182e1fa44b1ff45f0964b6451d4eec4e593,train
wheat,HealthyLeaf,HealthyLeaf_142.jpg,data\raw\wheat\wheat_disease_main\Wheat Disease\Original Dataset\HealthyLeaf\HealthyLeaf_142.jpg,D:\ZaraiAI_Tomato_Cotton_Wheat\data\raw\wheat\wheat_disease_main\Wheat Disease\Original Dataset\HealthyLeaf\HealthyLeaf_142.jpg,1080,1440,3,JPEG,286425,2da4f3d0e0b5926c6c88268d5acc74855e752f644280650d70dc5d4403f6624a,train
wheat,WheatBlast,WheatBlast_14.jpg,data\raw\wheat\wheat_disease_main\Wheat Disease\Original Dataset\WheatBlast\WheatBlast_14.jpg,D:\ZaraiAI_Tomato_Cotton_Wheat\data\raw\wheat\wheat_disease_main\Wheat Disease\Original Dataset\WheatBlast\WheatBlast_14.jpg,1440,1080,3,JPEG,413789,53f4299fed0e88d098f9bd852654c80f4a63f9ade0623b8702f397603fd5c788,train
wheat,LeafBlight,LeafBlight_75.jpg,data\raw\wheat\wheat_disease_main\Wheat Disease\Original Dataset\LeafBlight\LeafBlight_75.jpg,D:\ZaraiAI_Tomato_Cotton_Wheat\data\raw\wheat\wheat_disease_main\Wheat Disease\Original Dataset\LeafBlight\LeafBlight_75.jpg,1440,1080,3,JPEG,347205,56551d497cb4454c80ceaf021679d717f0f489bebe83d5ea054df15942d9c3cc,train
wheat,BlackPoint,BlackPoint_8.jpg,data\raw\wheat\wheat_disease_main\Wheat Disease\Original Dataset\BlackPoint\BlackPoint_8.jpg,D:\ZaraiAI_Tomato_Cotton_Wheat\data\raw\wheat\wheat_disease_main\Wheat Disease\Original Dataset\BlackPoint\BlackPoint_8.jpg,1080,1440,3,JPEG,312103,93cd05ec4c8126eaf78ad66782a8decdc7c5031da4ddd2d06df252f6c7681b0f,train
wheat,BlackPoint,BlackPoint_173.jpg,data\raw\wheat\wheat_disease_main\Wheat Disease\Original Dataset\BlackPoint\BlackPoint_173.jpg,D:\ZaraiAI_Tomato_Cotton_Wheat\data\raw\wheat\wheat_disease_main\Wheat Disease\Original Dataset\BlackPoint\BlackPoint_173.jpg,1080,1440,3,JPEG,183736,c6d59b403f67409a258e8f5d046644c66ebe426de3dd9efc9a306619ce480928,train
wheat,LeafBlight,LeafBlight_130.jpg,data\raw\wheat\wheat_disease_main\Wheat Disease\Original Dataset\LeafBlight\LeafBlight_130.jpg,D:\ZaraiAI_Tomato_Cotton_Wheat\data\raw\wheat\wheat_disease_main\Wheat Disease\Original Dataset\LeafBlight\LeafBlight_130.jpg,1440,1080,3,JPEG,307883,60379abf59d8133b72ddbb98981c9d62bee622ba0d5d3f4b30cd607746a2803e,train
wheat,HealthyLeaf,HealthyLeaf_147.jpg,data\raw\wheat\wheat_disease_main\Wheat Disease\Original Dataset\HealthyLeaf\HealthyLeaf_147.jpg,D:\ZaraiAI_Tomato_Cotton_Wheat\data\raw\wheat\wheat_disease_main\Wheat Disease\Original Dataset\HealthyLeaf\HealthyLeaf_147.jpg,1080,1440,3,JPEG,269245,87b6e523a5b74e2a9136e2a7a1e43c9526a5a446511336bc890a04d9c0394f8d,train
wheat,LeafBlight,LeafBlight_134.jpg,data\raw\wheat\wheat_disease_main\Wheat Disease\Original Dataset\LeafBlight\LeafBlight_134.jpg,D:\ZaraiAI_Tomato_Cotton_Wheat\data\raw\wheat\wheat_disease_main\Wheat Disease\Original Dataset\LeafBlight\LeafBlight_134.jpg,1440,1080,3,JPEG,366254,bad62b5af911a4696be22c43737deffcc476493469d4e7eb6dcd18e45466c6ae,train
wheat,WheatBlast,WheatBlast_371.jpg,data\raw\wheat\wheat_disease_main\Wheat Disease\Original Dataset\WheatBlast\WheatBlast_371.jpg,D:\ZaraiAI_Tomato_Cotton_Wheat\data\raw\wheat\wheat_disease_main\Wheat Disease\Original Dataset\WheatBlast\WheatBlast_371.jpg,1440,1080,3,JPEG,447072,0552fac07bd9775dbdded166b0ec1e8dd155a91c11fb5240b288637941ac7c3a,train
wheat,FusariumFootRot,FusariumFootRot_216.jpg,data\raw\wheat\wheat_disease_main\Wheat Disease\Original Dataset\FusariumFootRot\FusariumFootRot_216.jpg,D:\ZaraiAI_Tomato_Cotton_Wheat\data\raw\wheat\wheat_disease_main\Wheat Disease\Original Dataset\FusariumFootRot\FusariumFootRot_216.jpg,1080,1440,3,JPEG,402884,8ea42a3965f06b0408b77464fac0957f0a706c0e783a525871aaeec30c4e1815,train
wheat,HealthyLeaf,HealthyLeaf_77.jpg,data\raw\wheat\wheat_disease_main\Wheat Disease\Original Dataset\HealthyLeaf\HealthyLeaf_77.jpg,D:\ZaraiAI_Tomato_Cotton_Wheat\data\raw\wheat\wheat_disease_main\Wheat Disease\Original Dataset\HealthyLeaf\HealthyLeaf_77.jpg,1080,1440,3,JPEG,225159,7c77a6946bc2759857885cbae1eb3e6f8ff050ad422188e5c6791c3c7c22c438,train
wheat,LeafBlight,LeafBlight_139.jpg,data\raw\wheat\wheat_disease_main\Wheat Disease\Original Dataset\LeafBlight\LeafBlight_139.jpg,D:\ZaraiAI_Tomato_Cotton_Wheat\data\raw\wheat\wheat_disease_main\Wheat Disease\Original Dataset\LeafBlight\LeafBlight_139.jpg,1440,1080,3,JPEG,651200,60b73fd49f3808032bb1c5ca56de27218383d91cdeb11419c794be0645fd6260,train
wheat,FusariumFootRot,FusariumFootRot_225.jpg,data\raw\wheat\wheat_disease_main\Wheat Disease\Original Dataset\FusariumFootRot\FusariumFootRot_225.jpg,D:\ZaraiAI_Tomato_Cotton_Wheat\data\raw\wheat\wheat_disease_main\Wheat Disease\Original Dataset\FusariumFootRot\FusariumFootRot_225.jpg,1080,1440,3,JPEG,363558,2126864fc7ae933e2c8066a0aeeb63cb684a12277b6eada7c0353dbdf95beb3c,train
wheat,WheatBlast,WheatBlast_127.jpg,data\raw\wheat\wheat_disease_main\Wheat Disease\Original Dataset\WheatBlast\WheatBlast_127.jpg,D:\ZaraiAI_Tomato_Cotton_Wheat\data\raw\wheat\wheat_disease_main\Wheat Disease\Original Dataset\WheatBlast\WheatBlast_127.jpg,1440,1080,3,JPEG,394826,13a2986c6344b5d7ed8219f0c6f51e0ad478994fab3cb7c1e1d0a0be796ed8bd,train
wheat,WheatBlast,WheatBlast_201.jpg,data\raw\wheat\wheat_disease_main\Wheat Disease\Original Dataset\WheatBlast\WheatBlast_201.jpg,D:\ZaraiAI_Tomato_Cotton_Wheat\data\raw\wheat\wheat_disease_main\Wheat Disease\Original Dataset\WheatBlast\WheatBlast_201.jpg,1440,1080,3,JPEG,436849,0f31f5f92b4e5c2967dd7b3cf0de9bc5db662cbb3c757b6a14c5afc0e93f794e,train
wheat,BlackPoint,BlackPoint_197.jpg,data\raw\wheat\wheat_disease_main\Wheat Disease\Original Dataset\BlackPoint\BlackPoint_197.jpg,D:\ZaraiAI_Tomato_Cotton_Wheat\data\raw\wheat\wheat_disease_main\Wheat Disease\Original Dataset\BlackPoint\BlackPoint_197.jpg,1080,1440,3,JPEG,322459,dbe46e5b70c64a8d0d6bcb88b511d6c8bdcb7f56e8fe6fd353aaa0515590a413,train
wheat,FusariumFootRot,FusariumFootRot_119.jpg,data\raw\wheat\wheat_disease_main\Wheat Disease\Original Dataset\FusariumFootRot\FusariumFootRot_119.jpg,D:\ZaraiAI_Tomato_Cotton_Wheat\data\raw\wheat\wheat_disease_main\Wheat Disease\Original Dataset\FusariumFootRot\FusariumFootRot_119.jpg,1080,1440,3,JPEG,387309,286921ea6f90e44008228138c99a90280d27b8b7b943d04711fa4a66c529d044,train
wheat,FusariumFootRot,FusariumFootRot_84.jpg,data\raw\wheat\wheat_disease_main\Wheat Disease\Original Dataset\FusariumFootRot\FusariumFootRot_84.jpg,D:\ZaraiAI_Tomato_Cotton_Wheat\data\raw\wheat\wheat_disease_main\Wheat Disease\Original Dataset\FusariumFootRot\FusariumFootRot_84.jpg,1080,1440,3,JPEG,358866,11c2311c2fe3c2e91d024dc070058499e2417b98cc43206f927276a31541d2bf,train
wheat,WheatBlast,WheatBlast_106.jpg,data\raw\wheat\wheat_disease_main\Wheat Disease\Original Dataset\WheatBlast\WheatBlast_106.jpg,D:\ZaraiAI_Tomato_Cotton_Wheat\data\raw\wheat\wheat_disease_main\Wheat Disease\Original Dataset\WheatBlast\WheatBlast_106.jpg,1440,1080,3,JPEG,450596,ae3b25958bcfe34787f71983df1fc56ae68296390fe91131c6fc06b4386759fc,train
wheat,FusariumFootRot,FusariumFootRot_95.jpg,data\raw\wheat\wheat_disease_main\Wheat Disease\Original Dataset\FusariumFootRot\FusariumFootRot_95.jpg,D:\ZaraiAI_Tomato_Cotton_Wheat\data\raw\wheat\wheat_disease_main\Wheat Disease\Original Dataset\FusariumFootRot\FusariumFootRot_95.jpg,1080,1440,3,JPEG,397448,720c1254a6482a948fafd631995323143d9985bd1a8e2f141c36065639bd6a04,train
wheat,WheatBlast,WheatBlast_206.jpg,data\raw\wheat\wheat_disease_main\Wheat Disease\Original Dataset\WheatBlast\WheatBlast_206.jpg,D:\ZaraiAI_Tomato_Cotton_Wheat\data\raw\wheat\wheat_disease_main\Wheat Disease\Original Dataset\WheatBlast\WheatBlast_206.jpg,1440,1080,3,JPEG,385973,82223f0ede20dd5a597ffb7886e7068df7b427719817b090dc4a59c92f71efd9,train
wheat,FusariumFootRot,FusariumFootRot_71.jpg,data\raw\wheat\wheat_disease_main\Wheat Disease\Original Dataset\FusariumFootRot\FusariumFootRot_71.jpg,D:\ZaraiAI_Tomato_Cotton_Wheat\data\raw\wheat\wheat_disease_main\Wheat Disease\Original Dataset\FusariumFootRot\FusariumFootRot_71.jpg,1080,1440,3,JPEG,316889,514a0b89a7f1a61ac6ba63cb1e4422fcb06e6ae8c0ab3d914ced9c21dc77aeeb,train
wheat,LeafBlight,LeafBlight_353.jpg,data\raw\wheat\wheat_disease_main\Wheat Disease\Original Dataset\LeafBlight\LeafBlight_353.jpg,D:\ZaraiAI_Tomato_Cotton_Wheat\data\raw\wheat\wheat_disease_main\Wheat Disease\Original Dataset\LeafBlight\LeafBlight_353.jpg,1440,1080,3,JPEG,169831,a4bf996d6e25fae9c9585f0138301171eeb738a1f94c6698bd3efc166e36fd82,train
wheat,WheatBlast,WheatBlast_16.jpg,data\raw\wheat\wheat_disease_main\Wheat Disease\Original Dataset\WheatBlast\WheatBlast_16.jpg,D:\ZaraiAI_Tomato_Cotton_Wheat\data\raw\wheat\wheat_disease_main\Wheat Disease\Original Dataset\WheatBlast\WheatBlast_16.jpg,1440,1080,3,JPEG,409095,88d8543686f5561e1d0a6cc6df45051af29993e66011185b275f60dd4f4df669,train
wheat,LeafBlight,LeafBlight_249.jpg,data\raw\wheat\wheat_disease_main\Wheat Disease\Original Dataset\LeafBlight\LeafBlight_249.jpg,D:\ZaraiAI_Tomato_Cotton_Wheat\data\raw\wheat\wheat_disease_main\Wheat Disease\Original Dataset\LeafBlight\LeafBlight_249.jpg,1440,1080,3,JPEG,171558,dd91db94c8680027eeb0b7eedc6038347650d352807740df33654fd0d089bb2a,train
wheat,LeafBlight,LeafBlight_222.jpg,data\raw\wheat\wheat_disease_main\Wheat Disease\Original Dataset\LeafBlight\LeafBlight_222.jpg,D:\ZaraiAI_Tomato_Cotton_Wheat\data\raw\wheat\wheat_disease_main\Wheat Disease\Original Dataset\LeafBlight\LeafBlight_222.jpg,1440,1080,3,JPEG,305452,49373980a19b83f01d5dd1e8c8f6caabe2c589324b429048f719f4aaae97231b,train
wheat,LeafBlight,LeafBlight_248.jpg,data\raw\wheat\wheat_disease_main\Wheat Disease\Original Dataset\LeafBlight\LeafBlight_248.jpg,D:\ZaraiAI_Tomato_Cotton_Wheat\data\raw\wheat\wheat_disease_main\Wheat Disease\Original Dataset\LeafBlight\LeafBlight_248.jpg,1440,1080,3,JPEG,216066,a1c0f2c1243c3ac52a9e76aa5e71df4faf2e81813c52fef77cec3fbef77b43ee,train
wheat,LeafBlight,LeafBlight_306.jpg,data\raw\wheat\wheat_disease_main\Wheat Disease\Original Dataset\LeafBlight\LeafBlight_306.jpg,D:\ZaraiAI_Tomato_Cotton_Wheat\data\raw\wheat\wheat_disease_main\Wheat Disease\Original Dataset\LeafBlight\LeafBlight_306.jpg,1440,1080,3,JPEG,184758,66571ac6d812a5350ee35b2c6ceb7f457becadff89cf245da991eb3ddabea9b1,train
wheat,LeafBlight,LeafBlight_264.jpg,data\raw\wheat\wheat_disease_main\Wheat Disease\Original Dataset\LeafBlight\LeafBlight_264.jpg,D:\ZaraiAI_Tomato_Cotton_Wheat\data\raw\wheat\wheat_disease_main\Wheat Disease\Original Dataset\LeafBlight\LeafBlight_264.jpg,1440,1080,3,JPEG,217162,0d9e2d7d5d515573651ba270a749e7f0d0e5794ea06094fb8125a85875c56024,train
wheat,LeafBlight,LeafBlight_307.jpg,data\raw\wheat\wheat_disease_main\Wheat Disease\Original Dataset\LeafBlight\LeafBlight_307.jpg,D:\ZaraiAI_Tomato_Cotton_Wheat\data\raw\wheat\wheat_disease_main\Wheat Disease\Original Dataset\LeafBlight\LeafBlight_307.jpg,1440,1080,3,JPEG,215692,6278929a79981c862d313dad7d2fcc24a78a031d00d6cac689d4e68e2ea31cc8,train
wheat,BlackPoint,BlackPoint_125.jpg,data\raw\wheat\wheat_disease_main\Wheat Disease\Original Dataset\BlackPoint\BlackPoint_125.jpg,D:\ZaraiAI_Tomato_Cotton_Wheat\data\raw\wheat\wheat_disease_main\Wheat Disease\Original Dataset\BlackPoint\BlackPoint_125.jpg,1080,1440,3,JPEG,279360,206ee66e0a4d6a3021c1cdac5af21e7755b8294392fe4bc4d0f928e05dc8e232,train
wheat,FusariumFootRot,FusariumFootRot_149.jpg,data\raw\wheat\wheat_disease_main\Wheat Disease\Original Dataset\FusariumFootRot\FusariumFootRot_149.jpg,D:\ZaraiAI_Tomato_Cotton_Wheat\data\raw\wheat\wheat_disease_main\Wheat Disease\Original Dataset\FusariumFootRot\FusariumFootRot_149.jpg,1080,1440,3,JPEG,384098,21914472251aaa367ed5b7e383b0ff7a401dfd3954e4ec551be8b4c2e2a42955,train
wheat,WheatBlast,WheatBlast_335.jpg,data\raw\wheat\wheat_disease_main\Wheat Disease\Original Dataset\WheatBlast\WheatBlast_335.jpg,D:\ZaraiAI_Tomato_Cotton_Wheat\data\raw\wheat\wheat_disease_main\Wheat Disease\Original Dataset\WheatBlast\WheatBlast_335.jpg,1440,1080,3,JPEG,501057,441cf089c58cb9609644f230ce85bc15f0454bd47603e22f47c0b1a647d7ceb0,train
wheat,BlackPoint,BlackPoint_218.jpg,data\raw\wheat\wheat_disease_main\Wheat Disease\Original Dataset\BlackPoint\BlackPoint_218.jpg,D:\ZaraiAI_Tomato_Cotton_Wheat\data\raw\wheat\wheat_disease_main\Wheat Disease\Original Dataset\BlackPoint\BlackPoint_218.jpg,1440,1080,3,JPEG,184139,284d8a3a287d03b25bb74b943e099475f8566754e282f7b39fec44c9a1ad2b4a,train
wheat,BlackPoint,BlackPoint_103.jpg,data\raw\wheat\wheat_disease_main\Wheat Disease\Original Dataset\BlackPoint\BlackPoint_103.jpg,D:\ZaraiAI_Tomato_Cotton_Wheat\data\raw\wheat\wheat_disease_main\Wheat Disease\Original Dataset\BlackPoint\BlackPoint_103.jpg,1080,1440,3,JPEG,295373,45e4893d2605e1d481a3f47e133bcd0a7e1a542d35af946b339c5bd30f27e50c,train
wheat,WheatBlast,WheatBlast_245.jpg,data\raw\wheat\wheat_disease_main\Wheat Disease\Original Dataset\WheatBlast\WheatBlast_245.jpg,D:\ZaraiAI_Tomato_Cotton_Wheat\data\raw\wheat\wheat_disease_main\Wheat Disease\Original Dataset\WheatBlast\WheatBlast_245.jpg,1440,1080,3,JPEG,422345,f22d9433a57609ec053261a7de2eaf2bc6db4c2012f9dcd396e8cc8e211b58ff,train
wheat,FusariumFootRot,FusariumFootRot_124.jpg,data\raw\wheat\wheat_disease_main\Wheat Disease\Original Dataset\FusariumFootRot\FusariumFootRot_124.jpg,D:\ZaraiAI_Tomato_Cotton_Wheat\data\raw\wheat\wheat_disease_main\Wheat Disease\Original Dataset\FusariumFootRot\FusariumFootRot_124.jpg,1080,1440,3,JPEG,399983,b41f30806e2a15266de33d492fce32a3fd657782d024f8824550a47bcee183a1,train
wheat,FusariumFootRot,FusariumFootRot_45.jpg,data\raw\wheat\wheat_disease_main\Wheat Disease\Original Dataset\FusariumFootRot\FusariumFootRot_45.jpg,D:\ZaraiAI_Tomato_Cotton_Wheat\data\raw\wheat\wheat_disease_main\Wheat Disease\Original Dataset\FusariumFootRot\FusariumFootRot_45.jpg,1080,1440,3,JPEG,435038,69e0d30d3ebe77351cdb8e969f87cceebff1f53b78191297cf4a6549da06bbdf,train
wheat,WheatBlast,WheatBlast_223.jpg,data\raw\wheat\wheat_disease_main\Wheat Disease\Original Dataset\WheatBlast\WheatBlast_223.jpg,D:\ZaraiAI_Tomato_Cotton_Wheat\data\raw\wheat\wheat_disease_main\Wheat Disease\Original Dataset\WheatBlast\WheatBlast_223.jpg,1440,1080,3,JPEG,388313,bdad6460e8c4437345ebf9dae298d5fff302a9b8a1498421dad736ee9ecd52d8,train
wheat,LeafBlight,LeafBlight_26.jpg,data\raw\wheat\wheat_disease_main\Wheat Disease\Original Dataset\LeafBlight\LeafBlight_26.jpg,D:\ZaraiAI_Tomato_Cotton_Wheat\data\raw\wheat\wheat_disease_main\Wheat Disease\Original Dataset\LeafBlight\LeafBlight_26.jpg,1440,1080,3,JPEG,421954,850af664aab78bda7a4cbabce267461e96ef7c4ca21491a93a646727d1493d6a,train
wheat,LeafBlight,LeafBlight_143.jpg,data\raw\wheat\wheat_disease_main\Wheat Disease\Original Dataset\LeafBlight\LeafBlight_143.jpg,D:\ZaraiAI_Tomato_Cotton_Wheat\data\raw\wheat\wheat_disease_main\Wheat Disease\Original Dataset\LeafBlight\LeafBlight_143.jpg,1440,1080,3,JPEG,322986,8d403eed80e61582c75839713225bae27de9c66096a2ccd5f6f3a2130ad37be1,train
wheat,FusariumFootRot,FusariumFootRot_226.jpg,data\raw\wheat\wheat_disease_main\Wheat Disease\Original Dataset\FusariumFootRot\FusariumFootRot_226.jpg,D:\ZaraiAI_Tomato_Cotton_Wheat\data\raw\wheat\wheat_disease_main\Wheat Disease\Original Dataset\FusariumFootRot\FusariumFootRot_226.jpg,1080,1440,3,JPEG,339232,2adb2772e1b8b3bd2121e086ddf80cb71b5299a6b554efc9daa1ed4471712aee,train
wheat,WheatBlast,WheatBlast_110.jpg,data\raw\wheat\wheat_disease_main\Wheat Disease\Original Dataset\WheatBlast\WheatBlast_110.jpg,D:\ZaraiAI_Tomato_Cotton_Wheat\data\raw\wheat\wheat_disease_main\Wheat Disease\Original Dataset\WheatBlast\WheatBlast_110.jpg,1440,1080,3,JPEG,402212,c810723fc17d1926e81a26e509d1ad38bf081f72b8063608a39729b777b87b3a,train
wheat,BlackPoint,BlackPoint_265.jpg,data\raw\wheat\wheat_disease_main\Wheat Disease\Original Dataset\BlackPoint\BlackPoint_265.jpg,D:\ZaraiAI_Tomato_Cotton_Wheat\data\raw\wheat\wheat_disease_main\Wheat Disease\Original Dataset\BlackPoint\BlackPoint_265.jpg,1440,1080,3,JPEG,165740,3e02e9257461e14a0dca4f1fd9ce6ce5a3baa4cb0928607119c0ed040fc09cbe,train
wheat,WheatBlast,WheatBlast_210.jpg,data\raw\wheat\wheat_disease_main\Wheat Disease\Original Dataset\WheatBlast\WheatBlast_210.jpg,D:\ZaraiAI_Tomato_Cotton_Wheat\data\raw\wheat\wheat_disease_main\Wheat Disease\Original Dataset\WheatBlast\WheatBlast_210.jpg,1440,1080,3,JPEG,384824,45dc9b200629d1bab7c69bb71505ab6ee0e6ff8ca5349db1eba33829be04e472,train
wheat,BlackPoint,BlackPoint_70.jpg,data\raw\wheat\wheat_disease_main\Wheat Disease\Original Dataset\BlackPoint\BlackPoint_70.jpg,D:\ZaraiAI_Tomato_Cotton_Wheat\data\raw\wheat\wheat_disease_main\Wheat Disease\Original Dataset\BlackPoint\BlackPoint_70.jpg,1080,1440,3,JPEG,294442,8dacd7ec71bf9c4c07fa297ecc7473fba8fec992dfb42c7ba2e7ab2d3c404a72,train
wheat,BlackPoint,BlackPoint_73.jpg,data\raw\wheat\wheat_disease_main\Wheat Disease\Original Dataset\BlackPoint\BlackPoint_73.jpg,D:\ZaraiAI_Tomato_Cotton_Wheat\data\raw\wheat\wheat_disease_main\Wheat Disease\Original Dataset\BlackPoint\BlackPoint_73.jpg,1080,1440,3,JPEG,258421,fd5f0534d3e48fe9dfa128b1f5ca78fde52417a31e7356f7d5272a70893924fb,train
wheat,FusariumFootRot,FusariumFootRot_53.jpg,data\raw\wheat\wheat_disease_main\Wheat Disease\Original Dataset\FusariumFootRot\FusariumFootRot_53.jpg,D:\ZaraiAI_Tomato_Cotton_Wheat\data\raw\wheat\wheat_disease_main\Wheat Disease\Original Dataset\FusariumFootRot\FusariumFootRot_53.jpg,1080,1440,3,JPEG,628508,8d3ab86958d6e25a3fd6248f812333417ad7bf38fc2d1aafaacde15cbce4edb7,train
wheat,WheatBlast,WheatBlast_162.jpg,data\raw\wheat\wheat_disease_main\Wheat Disease\Original Dataset\WheatBlast\WheatBlast_162.jpg,D:\ZaraiAI_Tomato_Cotton_Wheat\data\raw\wheat\wheat_disease_main\Wheat Disease\Original Dataset\WheatBlast\WheatBlast_162.jpg,1440,1080,3,JPEG,463486,4db93a07c1961e098e45d900e5445c15236ff868be3952d02b178b5285b7403a,train
wheat,WheatBlast,WheatBlast_137.jpg,data\raw\wheat\wheat_disease_main\Wheat Disease\Original Dataset\WheatBlast\WheatBlast_137.jpg,D:\ZaraiAI_Tomato_Cotton_Wheat\data\raw\wheat\wheat_disease_main\Wheat Disease\Original Dataset\WheatBlast\WheatBlast_137.jpg,1440,1080,3,JPEG,422649,e826232ac5177fce60554d990f014a6eed297a33521f6fa932597ada06cc4446,train
wheat,HealthyLeaf,HealthyLeaf_202.jpg,data\raw\wheat\wheat_disease_main\Wheat Disease\Original Dataset\HealthyLeaf\HealthyLeaf_202.jpg,D:\ZaraiAI_Tomato_Cotton_Wheat\data\raw\wheat\wheat_disease_main\Wheat Disease\Original Dataset\HealthyLeaf\HealthyLeaf_202.jpg,1080,1440,3,JPEG,313889,acc48591d641cc141d7116bb255ac65ad532265d14f830644ecbe789ebb22907,train
wheat,LeafBlight,LeafBlight_152.jpg,data\raw\wheat\wheat_disease_main\Wheat Disease\Original Dataset\LeafBlight\LeafBlight_152.jpg,D:\ZaraiAI_Tomato_Cotton_Wheat\data\raw\wheat\wheat_disease_main\Wheat Disease\Original Dataset\LeafBlight\LeafBlight_152.jpg,1440,1080,3,JPEG,350220,ab2ee9958175bf5325b4c1181abcfc5d00ca6a7619079bc3abc341f8b57d820b,train
wheat,WheatBlast,WheatBlast_86.jpg,data\raw\wheat\wheat_disease_main\Wheat Disease\Original Dataset\WheatBlast\WheatBlast_86.jpg,D:\ZaraiAI_Tomato_Cotton_Wheat\data\raw\wheat\wheat_disease_main\Wheat Disease\Original Dataset\WheatBlast\WheatBlast_86.jpg,1440,1080,3,JPEG,466230,26f15dcbbeafa964db0c021a2e6c362115a7b0adbbf55461ed9d6c915bdd6512,train
wheat,LeafBlight,LeafBlight_214.jpg,data\raw\wheat\wheat_disease_main\Wheat Disease\Original Dataset\LeafBlight\LeafBlight_214.jpg,D:\ZaraiAI_Tomato_Cotton_Wheat\data\raw\wheat\wheat_disease_main\Wheat Disease\Original Dataset\LeafBlight\LeafBlight_214.jpg,1440,1080,3,JPEG,261494,02c17818b038f4c2843553e07516cb2fe76f4a7e9309dcafba139f896481801d,train
wheat,HealthyLeaf,HealthyLeaf_134.jpg,data\raw\wheat\wheat_disease_main\Wheat Disease\Original Dataset\HealthyLeaf\HealthyLeaf_134.jpg,D:\ZaraiAI_Tomato_Cotton_Wheat\data\raw\wheat\wheat_disease_main\Wheat Disease\Original Dataset\HealthyLeaf\HealthyLeaf_134.jpg,1080,1440,3,JPEG,406594,3cd6f0dc539c988e0513b1f873f7302922a3fda5e740e1cdef3281037dd9894c,train
wheat,LeafBlight,LeafBlight_119.jpg,data\raw\wheat\wheat_disease_main\Wheat Disease\Original Dataset\LeafBlight\LeafBlight_119.jpg,D:\ZaraiAI_Tomato_Cotton_Wheat\data\raw\wheat\wheat_disease_main\Wheat Disease\Original Dataset\LeafBlight\LeafBlight_119.jpg,1440,1080,3,JPEG,337367,3e7a8a253e1414eb9da781d4eaad32f8c625d0970b5fdf5f1a97920d7d7227dc,train
wheat,FusariumFootRot,FusariumFootRot_4.jpg,data\raw\wheat\wheat_disease_main\Wheat Disease\Original Dataset\FusariumFootRot\FusariumFootRot_4.jpg,D:\ZaraiAI_Tomato_Cotton_Wheat\data\raw\wheat\wheat_disease_main\Wheat Disease\Original Dataset\FusariumFootRot\FusariumFootRot_4.jpg,1080,1440,3,JPEG,545779,8c1e707f5edcbfecc26167411f51d3b56d91cb9fb723a62c5fa9972e16c009f3,train
wheat,WheatBlast,WheatBlast_104.jpg,data\raw\wheat\wheat_disease_main\Wheat Disease\Original Dataset\WheatBlast\WheatBlast_104.jpg,D:\ZaraiAI_Tomato_Cotton_Wheat\data\raw\wheat\wheat_disease_main\Wheat Disease\Original Dataset\WheatBlast\WheatBlast_104.jpg,1440,1080,3,JPEG,437978,7f39d604e0f7f6bd679f23fd933babb534e94e7eb34873e0a6b20d69db70f00e,train
wheat,BlackPoint,BlackPoint_231.jpg,data\raw\wheat\wheat_disease_main\Wheat Disease\Original Dataset\BlackPoint\BlackPoint_231.jpg,D:\ZaraiAI_Tomato_Cotton_Wheat\data\raw\wheat\wheat_disease_main\Wheat Disease\Original Dataset\BlackPoint\BlackPoint_231.jpg,1440,1080,3,JPEG,131551,f9c4b955f2b6778978725cc20381fda65056439d7489fe3e27170f6608d88a53,train
wheat,FusariumFootRot,FusariumFootRot_92.jpg,data\raw\wheat\wheat_disease_main\Wheat Disease\Original Dataset\FusariumFootRot\FusariumFootRot_92.jpg,D:\ZaraiAI_Tomato_Cotton_Wheat\data\raw\wheat\wheat_disease_main\Wheat Disease\Original Dataset\FusariumFootRot\FusariumFootRot_92.jpg,1080,1440,3,JPEG,394536,39e81a1b73175f089fad1003589e401a07b8ea81da03ff2875f767c506fd9fcc,train
wheat,LeafBlight,LeafBlight_225.jpg,data\raw\wheat\wheat_disease_main\Wheat Disease\Original Dataset\LeafBlight\LeafBlight_225.jpg,D:\ZaraiAI_Tomato_Cotton_Wheat\data\raw\wheat\wheat_disease_main\Wheat Disease\Original Dataset\LeafBlight\LeafBlight_225.jpg,1440,1080,3,JPEG,321737,3a6ac2f90da892614c6e0fb109f75cf87ded16f23375ca42bccc3a14fef6e679,train
wheat,FusariumFootRot,FusariumFootRot_187.jpg,data\raw\wheat\wheat_disease_main\Wheat Disease\Original Dataset\FusariumFootRot\FusariumFootRot_187.jpg,D:\ZaraiAI_Tomato_Cotton_Wheat\data\raw\wheat\wheat_disease_main\Wheat Disease\Original Dataset\FusariumFootRot\FusariumFootRot_187.jpg,1080,1440,3,JPEG,394942,e32e1244c672904956408bcd54f05c15cc4a5c379fd312b60cb5f0139663f4ad,train
wheat,BlackPoint,BlackPoint_261.jpg,data\raw\wheat\wheat_disease_main\Wheat Disease\Original Dataset\BlackPoint\BlackPoint_261.jpg,D:\ZaraiAI_Tomato_Cotton_Wheat\data\raw\wheat\wheat_disease_main\Wheat Disease\Original Dataset\BlackPoint\BlackPoint_261.jpg,1440,1080,3,JPEG,168213,638952bad61415a505f4013b3392c7a480214ff89e1b311dc1332c5547e1abb4,train
wheat,HealthyLeaf,HealthyLeaf_71.jpg,data\raw\wheat\wheat_disease_main\Wheat Disease\Original Dataset\HealthyLeaf\HealthyLeaf_71.jpg,D:\ZaraiAI_Tomato_Cotton_Wheat\data\raw\wheat\wheat_disease_main\Wheat Disease\Original Dataset\HealthyLeaf\HealthyLeaf_71.jpg,1080,1440,3,JPEG,422012,3eb0b011d237581a1a788a6bf6b977131d42fef0839834e80a53b161df940be5,train
wheat,BlackPoint,BlackPoint_2.jpg,data\raw\wheat\wheat_disease_main\Wheat Disease\Original Dataset\BlackPoint\BlackPoint_2.jpg,D:\ZaraiAI_Tomato_Cotton_Wheat\data\raw\wheat\wheat_disease_main\Wheat Disease\Original Dataset\BlackPoint\BlackPoint_2.jpg,1080,1440,3,JPEG,242542,5fc7985084818d8ee5a628df2a89d23cd13248f1512ab9361c8a10965ba9ebd3,train
wheat,LeafBlight,LeafBlight_329.jpg,data\raw\wheat\wheat_disease_main\Wheat Disease\Original Dataset\LeafBlight\LeafBlight_329.jpg,D:\ZaraiAI_Tomato_Cotton_Wheat\data\raw\wheat\wheat_disease_main\Wheat Disease\Original Dataset\LeafBlight\LeafBlight_329.jpg,1440,1080,3,JPEG,207583,b2a474d15dea3751ffee9ad7f1486eab518b60883ca7eb2fc6c7fda8aaeda544,train
wheat,LeafBlight,LeafBlight_339.jpg,data\raw\wheat\wheat_disease_main\Wheat Disease\Original Dataset\LeafBlight\LeafBlight_339.jpg,D:\ZaraiAI_Tomato_Cotton_Wheat\data\raw\wheat\wheat_disease_main\Wheat Disease\Original Dataset\LeafBlight\LeafBlight_339.jpg,1440,1080,3,JPEG,216458,4dc00b06f6645744a0f75780b6fb8bc877bfcbd984be0db0a862bb6c20c17e16,train
wheat,HealthyLeaf,HealthyLeaf_238.jpg,data\raw\wheat\wheat_disease_main\Wheat Disease\Original Dataset\HealthyLeaf\HealthyLeaf_238.jpg,D:\ZaraiAI_Tomato_Cotton_Wheat\data\raw\wheat\wheat_disease_main\Wheat Disease\Original Dataset\HealthyLeaf\HealthyLeaf_238.jpg,1080,1440,3,JPEG,337800,5e57baf32d5e9c6c265d5130a112ec528e2297935ac3da337d99ad16a83b1bf3,train
wheat,FusariumFootRot,FusariumFootRot_8.jpg,data\raw\wheat\wheat_disease_main\Wheat Disease\Original Dataset\FusariumFootRot\FusariumFootRot_8.jpg,D:\ZaraiAI_Tomato_Cotton_Wheat\data\raw\wheat\wheat_disease_main\Wheat Disease\Original Dataset\FusariumFootRot\FusariumFootRot_8.jpg,1080,1440,3,JPEG,355642,9e30b4477e8bff43f6e2549d4e8cf0fba178567613294aede4655a080c45f8d2,train
wheat,FusariumFootRot,FusariumFootRot_39.jpg,data\raw\wheat\wheat_disease_main\Wheat Disease\Original Dataset\FusariumFootRot\FusariumFootRot_39.jpg,D:\ZaraiAI_Tomato_Cotton_Wheat\data\raw\wheat\wheat_disease_main\Wheat Disease\Original Dataset\FusariumFootRot\FusariumFootRot_39.jpg,1080,1440,3,JPEG,564729,8ed1638f94d6ea3aef65ee64a4a2ff10ed429ef1b676fd256f554d91e494c21c,train
wheat,WheatBlast,WheatBlast_300.jpg,data\raw\wheat\wheat_disease_main\Wheat Disease\Original Dataset\WheatBlast\WheatBlast_300.jpg,D:\ZaraiAI_Tomato_Cotton_Wheat\data\raw\wheat\wheat_disease_main\Wheat Disease\Original Dataset\WheatBlast\WheatBlast_300.jpg,1440,1080,3,JPEG,493331,8a5fbecd9c56b0f277d93cdca6406e059ae56afb348518efd18ec8b01f29eb29,train
wheat,WheatBlast,WheatBlast_165.jpg,data\raw\wheat\wheat_disease_main\Wheat Disease\Original Dataset\WheatBlast\WheatBlast_165.jpg,D:\ZaraiAI_Tomato_Cotton_Wheat\data\raw\wheat\wheat_disease_main\Wheat Disease\Original Dataset\WheatBlast\WheatBlast_165.jpg,1440,1080,3,JPEG,420278,7049a64ea8f75447b1b90d99b952d1840c1356f3179701ea33f7a8dd6c94e5aa,train
wheat,FusariumFootRot,FusariumFootRot_80.jpg,data\raw\wheat\wheat_disease_main\Wheat Disease\Original Dataset\FusariumFootRot\FusariumFootRot_80.jpg,D:\ZaraiAI_Tomato_Cotton_Wheat\data\raw\wheat\wheat_disease_main\Wheat Disease\Original Dataset\FusariumFootRot\FusariumFootRot_80.jpg,1080,1440,3,JPEG,539782,f0a3bfc389ff4db902822a4ec48ff4c7a4a1421ec1cf594a2831677f95af18b3,train
wheat,FusariumFootRot,FusariumFootRot_181.jpg,data\raw\wheat\wheat_disease_main\Wheat Disease\Original Dataset\FusariumFootRot\FusariumFootRot_181.jpg,D:\ZaraiAI_Tomato_Cotton_Wheat\data\raw\wheat\wheat_disease_main\Wheat Disease\Original Dataset\FusariumFootRot\FusariumFootRot_181.jpg,1080,1440,3,JPEG,430156,2c20530cea1d6832066aad58bb3931e120e751f419e97726075bf430738faa70,train
wheat,FusariumFootRot,FusariumFootRot_104.jpg,data\raw\wheat\wheat_disease_main\Wheat Disease\Original Dataset\FusariumFootRot\FusariumFootRot_104.jpg,D:\ZaraiAI_Tomato_Cotton_Wheat\data\raw\wheat\wheat_disease_main\Wheat Disease\Original Dataset\FusariumFootRot\FusariumFootRot_104.jpg,1080,1440,3,JPEG,383909,235c8a467820974508e3afbf1a9558f95619179073350f27f93e71d4882f3e8b,train
wheat,WheatBlast,WheatBlast_153.jpg,data\raw\wheat\wheat_disease_main\Wheat Disease\Original Dataset\WheatBlast\WheatBlast_153.jpg,D:\ZaraiAI_Tomato_Cotton_Wheat\data\raw\wheat\wheat_disease_main\Wheat Disease\Original Dataset\WheatBlast\WheatBlast_153.jpg,1440,1080,3,JPEG,427063,165ddc3eeadd46cef207b20824f1b84b8fa16c630c9f74c5830b4a3e189e5e11,train
wheat,HealthyLeaf,HealthyLeaf_48.jpg,data\raw\wheat\wheat_disease_main\Wheat Disease\Original Dataset\HealthyLeaf\HealthyLeaf_48.jpg,D:\ZaraiAI_Tomato_Cotton_Wheat\data\raw\wheat\wheat_disease_main\Wheat Disease\Original Dataset\HealthyLeaf\HealthyLeaf_48.jpg,1080,1440,3,JPEG,316153,e865ce9a4162aedde6f193c887468d74af5d26eb2e66b0bb9817465b8a7848e9,train
wheat,FusariumFootRot,FusariumFootRot_36.jpg,data\raw\wheat\wheat_disease_main\Wheat Disease\Original Dataset\FusariumFootRot\FusariumFootRot_36.jpg,D:\ZaraiAI_Tomato_Cotton_Wheat\data\raw\wheat\wheat_disease_main\Wheat Disease\Original Dataset\FusariumFootRot\FusariumFootRot_36.jpg,1080,1440,3,JPEG,508789,5b7a0fb1e3c3b7a3c5359cd73fa4fef0e402bf479146ba744a3c4c4b39dad5c2,train
wheat,LeafBlight,LeafBlight_265.jpg,data\raw\wheat\wheat_disease_main\Wheat Disease\Original Dataset\LeafBlight\LeafBlight_265.jpg,D:\ZaraiAI_Tomato_Cotton_Wheat\data\raw\wheat\wheat_disease_main\Wheat Disease\Original Dataset\LeafBlight\LeafBlight_265.jpg,1440,1080,3,JPEG,306719,4969c63ea0d9ded7bb5b32233515efacd43e23b608f946b84ca78af9cd5a98dd,train
wheat,LeafBlight,LeafBlight_347.jpg,data\raw\wheat\wheat_disease_main\Wheat Disease\Original Dataset\LeafBlight\LeafBlight_347.jpg,D:\ZaraiAI_Tomato_Cotton_Wheat\data\raw\wheat\wheat_disease_main\Wheat Disease\Original Dataset\LeafBlight\LeafBlight_347.jpg,1440,1080,3,JPEG,331391,57822452513efccde97a69e8c91c628d7bf6246beb447af37229dbb762279c2a,train
wheat,FusariumFootRot,FusariumFootRot_172.jpg,data\raw\wheat\wheat_disease_main\Wheat Disease\Original Dataset\FusariumFootRot\FusariumFootRot_172.jpg,D:\ZaraiAI_Tomato_Cotton_Wheat\data\raw\wheat\wheat_disease_main\Wheat Disease\Original Dataset\FusariumFootRot\FusariumFootRot_172.jpg,1080,1440,3,JPEG,285509,c7769b68a344c379ad2b77c78fecbf1ec263ed9c6df976b6f198e1004ddfbe1c,train
wheat,FusariumFootRot,FusariumFootRot_20.jpg,data\raw\wheat\wheat_disease_main\Wheat Disease\Original Dataset\FusariumFootRot\FusariumFootRot_20.jpg,D:\ZaraiAI_Tomato_Cotton_Wheat\data\raw\wheat\wheat_disease_main\Wheat Disease\Original Dataset\FusariumFootRot\FusariumFootRot_20.jpg,1080,1440,3,JPEG,437717,c205514f674e8b48cd964d17edf74b7ec26b1f9f8f35bce860c4bc4cb38fca35,train
wheat,HealthyLeaf,HealthyLeaf_172.jpg,data\raw\wheat\wheat_disease_main\Wheat Disease\Original Dataset\HealthyLeaf\HealthyLeaf_172.jpg,D:\ZaraiAI_Tomato_Cotton_Wheat\data\raw\wheat\wheat_disease_main\Wheat Disease\Original Dataset\HealthyLeaf\HealthyLeaf_172.jpg,1080,1440,3,JPEG,256323,bed2772ee437b722803ee1ecf97bb2afaa7c5aa89aea7cacdffc47e0fea2eff6,train
wheat,WheatBlast,WheatBlast_332.jpg,data\raw\wheat\wheat_disease_main\Wheat Disease\Original Dataset\WheatBlast\WheatBlast_332.jpg,D:\ZaraiAI_Tomato_Cotton_Wheat\data\raw\wheat\wheat_disease_main\Wheat Disease\Original Dataset\WheatBlast\WheatBlast_332.jpg,1440,1080,3,JPEG,560525,f89840a75039e22e3292fe2116d6c3cbff5b88c413fbe238bf92aa73d2348e80,train
wheat,BlackPoint,BlackPoint_34.jpg,data\raw\wheat\wheat_disease_main\Wheat Disease\Original Dataset\BlackPoint\BlackPoint_34.jpg,D:\ZaraiAI_Tomato_Cotton_Wheat\data\raw\wheat\wheat_disease_main\Wheat Disease\Original Dataset\BlackPoint\BlackPoint_34.jpg,1080,1440,3,JPEG,248688,dd761a1f69c4e8bbfb2e64134a193c695d7e388998f33e24e866af5d2a06daf0,train
wheat,LeafBlight,LeafBlight_396.jpg,data\raw\wheat\wheat_disease_main\Wheat Disease\Original Dataset\LeafBlight\LeafBlight_396.jpg,D:\ZaraiAI_Tomato_Cotton_Wheat\data\raw\wheat\wheat_disease_main\Wheat Disease\Original Dataset\LeafBlight\LeafBlight_396.jpg,1440,1080,3,JPEG,139657,8d5c713a6470ca5bab9b631f1dcfdfaf89a425c85c8260c47e654d4bbc103b89,train
wheat,WheatBlast,WheatBlast_193.jpg,data\raw\wheat\wheat_disease_main\Wheat Disease\Original Dataset\WheatBlast\WheatBlast_193.jpg,D:\ZaraiAI_Tomato_Cotton_Wheat\data\raw\wheat\wheat_disease_main\Wheat Disease\Original Dataset\WheatBlast\WheatBlast_193.jpg,1440,1080,3,JPEG,439215,a86d129d42eef11ba9f99ead14609f539327258bea41ef9c06619e712f8c2a59,train
wheat,WheatBlast,WheatBlast_26.jpg,data\raw\wheat\wheat_disease_main\Wheat Disease\Original Dataset\WheatBlast\WheatBlast_26.jpg,D:\ZaraiAI_Tomato_Cotton_Wheat\data\raw\wheat\wheat_disease_main\Wheat Disease\Original Dataset\WheatBlast\WheatBlast_26.jpg,1440,1080,3,JPEG,343673,ddd4d500b8b2df7e2836903867371f473c7d60190d4a888ee0dd45b59555e025,train
wheat,WheatBlast,WheatBlast_274.jpg,data\raw\wheat\wheat_disease_main\Wheat Disease\Original Dataset\WheatBlast\WheatBlast_274.jpg,D:\ZaraiAI_Tomato_Cotton_Wheat\data\raw\wheat\wheat_disease_main\Wheat Disease\Original Dataset\WheatBlast\WheatBlast_274.jpg,1440,1080,3,JPEG,462903,390f312170e3f9b5930b1cd9486d140802f334a240290514a152427d208e98e5,train
wheat,LeafBlight,LeafBlight_59.jpg,data\raw\wheat\wheat_disease_main\Wheat Disease\Original Dataset\LeafBlight\LeafBlight_59.jpg,D:\ZaraiAI_Tomato_Cotton_Wheat\data\raw\wheat\wheat_disease_main\Wheat Disease\Original Dataset\LeafBlight\LeafBlight_59.jpg,1440,1080,3,JPEG,321421,b225d0a1aaec96d3f21a899ead2e98d34b3e40d079067861e787466755b2cfbb,train
wheat,HealthyLeaf,HealthyLeaf_179.jpg,data\raw\wheat\wheat_disease_main\Wheat Disease\Original Dataset\HealthyLeaf\HealthyLeaf_179.jpg,D:\ZaraiAI_Tomato_Cotton_Wheat\data\raw\wheat\wheat_disease_main\Wheat Disease\Original Dataset\HealthyLeaf\HealthyLeaf_179.jpg,1080,1440,3,JPEG,341453,2424eea250917b829d00b7e206fc02b4bd491b9d22733d81dcceed11c764252f,train
wheat,FusariumFootRot,FusariumFootRot_94.jpg,data\raw\wheat\wheat_disease_main\Wheat Disease\Original Dataset\FusariumFootRot\FusariumFootRot_94.jpg,D:\ZaraiAI_Tomato_Cotton_Wheat\data\raw\wheat\wheat_disease_main\Wheat Disease\Original Dataset\FusariumFootRot\FusariumFootRot_94.jpg,1080,1440,3,JPEG,378750,484622c71e787c4f12b6cc76bba9a97fde1d51cf568c4eb173d79a972712882a,train
wheat,BlackPoint,BlackPoint_248.jpg,data\raw\wheat\wheat_disease_main\Wheat Disease\Original Dataset\BlackPoint\BlackPoint_248.jpg,D:\ZaraiAI_Tomato_Cotton_Wheat\data\raw\wheat\wheat_disease_main\Wheat Disease\Original Dataset\BlackPoint\BlackPoint_248.jpg,1440,1080,3,JPEG,146435,75d119d0b33c316f9abb42f5e5a372acb998735d60e2294c950ab069cb575233,train
wheat,LeafBlight,LeafBlight_311.jpg,data\raw\wheat\wheat_disease_main\Wheat Disease\Original Dataset\LeafBlight\LeafBlight_311.jpg,D:\ZaraiAI_Tomato_Cotton_Wheat\data\raw\wheat\wheat_disease_main\Wheat Disease\Original Dataset\LeafBlight\LeafBlight_311.jpg,1440,1080,3,JPEG,224095,1d0b377a455ff0fead0846fc29f17f1c0c455743c5b28b7152ca2034aefa5b27,train
wheat,LeafBlight,LeafBlight_283.jpg,data\raw\wheat\wheat_disease_main\Wheat Disease\Original Dataset\LeafBlight\LeafBlight_283.jpg,D:\ZaraiAI_Tomato_Cotton_Wheat\data\raw\wheat\wheat_disease_main\Wheat Disease\Original Dataset\LeafBlight\LeafBlight_283.jpg,1440,1080,3,JPEG,274371,3117e3840c150bec1abb7f2a946d6e302f6b68e1b5d71f94984c849c1a80d26b,train
wheat,FusariumFootRot,FusariumFootRot_17.jpg,data\raw\wheat\wheat_disease_main\Wheat Disease\Original Dataset\FusariumFootRot\FusariumFootRot_17.jpg,D:\ZaraiAI_Tomato_Cotton_Wheat\data\raw\wheat\wheat_disease_main\Wheat Disease\Original Dataset\FusariumFootRot\FusariumFootRot_17.jpg,1440,1080,3,JPEG,444632,344f6546ac969562c2fda90e3a15fd70c5a3267a39451846b102512f6a871ecc,train
wheat,HealthyLeaf,HealthyLeaf_24.jpg,data\raw\wheat\wheat_disease_main\Wheat Disease\Original Dataset\HealthyLeaf\HealthyLeaf_24.jpg,D:\ZaraiAI_Tomato_Cotton_Wheat\data\raw\wheat\wheat_disease_main\Wheat Disease\Original Dataset\HealthyLeaf\HealthyLeaf_24.jpg,1080,1440,3,JPEG,317994,2801a0258e71f8611c07dabf4aee18ef0533c661b384fe406c8fe820f1a73cb8,train
wheat,HealthyLeaf,HealthyLeaf_34.jpg,data\raw\wheat\wheat_disease_main\Wheat Disease\Original Dataset\HealthyLeaf\HealthyLeaf_34.jpg,D:\ZaraiAI_Tomato_Cotton_Wheat\data\raw\wheat\wheat_disease_main\Wheat Disease\Original Dataset\HealthyLeaf\HealthyLeaf_34.jpg,1080,1440,3,JPEG,216772,c29b8dd26dff5601c9fdc640f04941eb62c8dedd625f80fcfa507e5f518ae16d,train
wheat,BlackPoint,BlackPoint_227.jpg,data\raw\wheat\wheat_disease_main\Wheat Disease\Original Dataset\BlackPoint\BlackPoint_227.jpg,D:\ZaraiAI_Tomato_Cotton_Wheat\data\raw\wheat\wheat_disease_main\Wheat Disease\Original Dataset\BlackPoint\BlackPoint_227.jpg,1440,1080,3,JPEG,142380,bad9e4f12792a6e4c51fb197f41f44475d061e0bb8bd3b219aa1f33087ddfc45,train
wheat,LeafBlight,LeafBlight_327.jpg,data\raw\wheat\wheat_disease_main\Wheat Disease\Original Dataset\LeafBlight\LeafBlight_327.jpg,D:\ZaraiAI_Tomato_Cotton_Wheat\data\raw\wheat\wheat_disease_main\Wheat Disease\Original Dataset\LeafBlight\LeafBlight_327.jpg,1440,1080,3,JPEG,208658,b79ec413fbae03c457897d9302ef3af60e7672254a4a85f799b5cacd535bed1a,train
wheat,FusariumFootRot,FusariumFootRot_118.jpg,data\raw\wheat\wheat_disease_main\Wheat Disease\Original Dataset\FusariumFootRot\FusariumFootRot_118.jpg,D:\ZaraiAI_Tomato_Cotton_Wheat\data\raw\wheat\wheat_disease_main\Wheat Disease\Original Dataset\FusariumFootRot\FusariumFootRot_118.jpg,1080,1440,3,JPEG,440625,edb7c87d88936dc4818884afc5a0f837e92529f15dc0d28773855ab90b29d9dd,train
wheat,HealthyLeaf,HealthyLeaf_98.jpg,data\raw\wheat\wheat_disease_main\Wheat Disease\Original Dataset\HealthyLeaf\HealthyLeaf_98.jpg,D:\ZaraiAI_Tomato_Cotton_Wheat\data\raw\wheat\wheat_disease_main\Wheat Disease\Original Dataset\HealthyLeaf\HealthyLeaf_98.jpg,1080,1440,3,JPEG,232396,74ede8acb44b874d66e0de4a23c373bdbc2093d0fdf690c0bb8ce68a61eb39b1,train
wheat,WheatBlast,WheatBlast_324.jpg,data\raw\wheat\wheat_disease_main\Wheat Disease\Original Dataset\WheatBlast\WheatBlast_324.jpg,D:\ZaraiAI_Tomato_Cotton_Wheat\data\raw\wheat\wheat_disease_main\Wheat Disease\Original Dataset\WheatBlast\WheatBlast_324.jpg,1440,1080,3,JPEG,512818,2f5a4f93559ed116a09192fbd4cce07400456c9d38eb70f96eddd0a52160c9c5,train
wheat,BlackPoint,BlackPoint_161.jpg,data\raw\wheat\wheat_disease_main\Wheat Disease\Original Dataset\BlackPoint\BlackPoint_161.jpg,D:\ZaraiAI_Tomato_Cotton_Wheat\data\raw\wheat\wheat_disease_main\Wheat Disease\Original Dataset\BlackPoint\BlackPoint_161.jpg,1080,1440,3,JPEG,192103,1ef97348d679c70f12fb2d0587e64435c813e5630ffe357b9806d6042367384f,train
wheat,HealthyLeaf,HealthyLeaf_242.jpg,data\raw\wheat\wheat_disease_main\Wheat Disease\Original Dataset\HealthyLeaf\HealthyLeaf_242.jpg,D:\ZaraiAI_Tomato_Cotton_Wheat\data\raw\wheat\wheat_disease_main\Wheat Disease\Original Dataset\HealthyLeaf\HealthyLeaf_242.jpg,1080,1440,3,JPEG,390052,f556402fb18c0aa9e4eb7cfcc31ade07199c53d9913e6ad8ad8bf1ca655b6525,train
wheat,HealthyLeaf,HealthyLeaf_135.jpg,data\raw\wheat\wheat_disease_main\Wheat Disease\Original Dataset\HealthyLeaf\HealthyLeaf_135.jpg,D:\ZaraiAI_Tomato_Cotton_Wheat\data\raw\wheat\wheat_disease_main\Wheat Disease\Original Dataset\HealthyLeaf\HealthyLeaf_135.jpg,1080,1440,3,JPEG,374023,b5a6f8fafe0543b608d557a769a1eab9770431b58c04f50c65126195d44c2919,train
wheat,BlackPoint,BlackPoint_140.jpg,data\raw\wheat\wheat_disease_main\Wheat Disease\Original Dataset\BlackPoint\BlackPoint_140.jpg,D:\ZaraiAI_Tomato_Cotton_Wheat\data\raw\wheat\wheat_disease_main\Wheat Disease\Original Dataset\BlackPoint\BlackPoint_140.jpg,1080,1440,3,JPEG,385308,6082b6c9708438d9382017b879c1bdc42463cd9e741e7bb77df295aeab6fc7af,train
wheat,BlackPoint,BlackPoint_299.jpg,data\raw\wheat\wheat_disease_main\Wheat Disease\Original Dataset\BlackPoint\BlackPoint_299.jpg,D:\ZaraiAI_Tomato_Cotton_Wheat\data\raw\wheat\wheat_disease_main\Wheat Disease\Original Dataset\BlackPoint\BlackPoint_299.jpg,1080,1440,3,JPEG,212064,07294c3fa8f4c655c44ed9094ed0a1772f9372b725d8c31720d165ef9313c45b,train
wheat,LeafBlight,LeafBlight_179.jpg,data\raw\wheat\wheat_disease_main\Wheat Disease\Original Dataset\LeafBlight\LeafBlight_179.jpg,D:\ZaraiAI_Tomato_Cotton_Wheat\data\raw\wheat\wheat_disease_main\Wheat Disease\Original Dataset\LeafBlight\LeafBlight_179.jpg,1440,1080,3,JPEG,261475,6646f5b156787958839e00c0a6d68f95357877c9739d43544fca0f692fe16372,train
wheat,HealthyLeaf,HealthyLeaf_37.jpg,data\raw\wheat\wheat_disease_main\Wheat Disease\Original Dataset\HealthyLeaf\HealthyLeaf_37.jpg,D:\ZaraiAI_Tomato_Cotton_Wheat\data\raw\wheat\wheat_disease_main\Wheat Disease\Original Dataset\HealthyLeaf\HealthyLeaf_37.jpg,1080,1440,3,JPEG,347455,d19d464bec88e6c483cdfe60367ebcc0d3f6bdd86291bd483e4e6e84fb5d0eda,train
wheat,WheatBlast,WheatBlast_358.jpg,data\raw\wheat\wheat_disease_main\Wheat Disease\Original Dataset\WheatBlast\WheatBlast_358.jpg,D:\ZaraiAI_Tomato_Cotton_Wheat\data\raw\wheat\wheat_disease_main\Wheat Disease\Original Dataset\WheatBlast\WheatBlast_358.jpg,1440,1080,3,JPEG,530014,ec0f7c4071755dbdb6fbbc3203d3302516dc7cbfe8b570027048c0dbc6913a87,train
wheat,WheatBlast,WheatBlast_188.jpg,data\raw\wheat\wheat_disease_main\Wheat Disease\Original Dataset\WheatBlast\WheatBlast_188.jpg,D:\ZaraiAI_Tomato_Cotton_Wheat\data\raw\wheat\wheat_disease_main\Wheat Disease\Original Dataset\WheatBlast\WheatBlast_188.jpg,1440,1080,3,JPEG,476489,b3c14feaca9d2cec20a467f9dc6dcdf9356667354eb58d842efb996264c1b168,train
wheat,FusariumFootRot,FusariumFootRot_140.jpg,data\raw\wheat\wheat_disease_main\Wheat Disease\Original Dataset\FusariumFootRot\FusariumFootRot_140.jpg,D:\ZaraiAI_Tomato_Cotton_Wheat\data\raw\wheat\wheat_disease_main\Wheat Disease\Original Dataset\FusariumFootRot\FusariumFootRot_140.jpg,1440,1080,3,JPEG,483914,3c7594788ac5dc2b474cd466fab67410bf9d2863a7ffb51e3dc1045e0bac19e1,train
wheat,HealthyLeaf,HealthyLeaf_223.jpg,data\raw\wheat\wheat_disease_main\Wheat Disease\Original Dataset\HealthyLeaf\HealthyLeaf_223.jpg,D:\ZaraiAI_Tomato_Cotton_Wheat\data\raw\wheat\wheat_disease_main\Wheat Disease\Original Dataset\HealthyLeaf\HealthyLeaf_223.jpg,1080,1440,3,JPEG,261698,8d020e4bc409dc68aff82fab8e45c1e7f9122f22d11a81721d63ad3575dd6349,train
wheat,HealthyLeaf,HealthyLeaf_143.jpg,data\raw\wheat\wheat_disease_main\Wheat Disease\Original Dataset\HealthyLeaf\HealthyLeaf_143.jpg,D:\ZaraiAI_Tomato_Cotton_Wheat\data\raw\wheat\wheat_disease_main\Wheat Disease\Original Dataset\HealthyLeaf\HealthyLeaf_143.jpg,1080,1440,3,JPEG,403370,ab889612c70b17534829379a793e5e45427718637f7e08ca07d2db0ddb81bbd8,train
wheat,WheatBlast,WheatBlast_143.jpg,data\raw\wheat\wheat_disease_main\Wheat Disease\Original Dataset\WheatBlast\WheatBlast_143.jpg,D:\ZaraiAI_Tomato_Cotton_Wheat\data\raw\wheat\wheat_disease_main\Wheat Disease\Original Dataset\WheatBlast\WheatBlast_143.jpg,1440,1080,3,JPEG,403919,9f9dc0d94123fb7811dab902aa0cec12266469a8b02d505422e2935e27a30143,train
wheat,HealthyLeaf,HealthyLeaf_237.jpg,data\raw\wheat\wheat_disease_main\Wheat Disease\Original Dataset\HealthyLeaf\HealthyLeaf_237.jpg,D:\ZaraiAI_Tomato_Cotton_Wheat\data\raw\wheat\wheat_disease_main\Wheat Disease\Original Dataset\HealthyLeaf\HealthyLeaf_237.jpg,1080,1440,3,JPEG,243722,56daeb6a1d1a761a02bf050a128cc51400347a2fa3333e7620dfffbea74fa4b9,train
wheat,BlackPoint,BlackPoint_120.jpg,data\raw\wheat\wheat_disease_main\Wheat Disease\Original Dataset\BlackPoint\BlackPoint_120.jpg,D:\ZaraiAI_Tomato_Cotton_Wheat\data\raw\wheat\wheat_disease_main\Wheat Disease\Original Dataset\BlackPoint\BlackPoint_120.jpg,1080,1440,3,JPEG,290603,ca3bf1004fa62d9abb260158149ad68eccf61889e8ef2731b0d3745ac8e5dd4e,train
wheat,FusariumFootRot,FusariumFootRot_83.jpg,data\raw\wheat\wheat_disease_main\Wheat Disease\Original Dataset\FusariumFootRot\FusariumFootRot_83.jpg,D:\ZaraiAI_Tomato_Cotton_Wheat\data\raw\wheat\wheat_disease_main\Wheat Disease\Original Dataset\FusariumFootRot\FusariumFootRot_83.jpg,1080,1440,3,JPEG,420181,a685c7e6a18bc7917fc3694c957686f601db754c5a94c50bda1e743541f4aa13,train
wheat,WheatBlast,WheatBlast_212.jpg,data\raw\wheat\wheat_disease_main\Wheat Disease\Original Dataset\WheatBlast\WheatBlast_212.jpg,D:\ZaraiAI_Tomato_Cotton_Wheat\data\raw\wheat\wheat_disease_main\Wheat Disease\Original Dataset\WheatBlast\WheatBlast_212.jpg,1440,1080,3,JPEG,342486,c3a15f8fce2ec76ada0276ad8e6eb0737eba57041f3ac166a455760910528032,train
wheat,BlackPoint,BlackPoint_93.jpg,data\raw\wheat\wheat_disease_main\Wheat Disease\Original Dataset\BlackPoint\BlackPoint_93.jpg,D:\ZaraiAI_Tomato_Cotton_Wheat\data\raw\wheat\wheat_disease_main\Wheat Disease\Original Dataset\BlackPoint\BlackPoint_93.jpg,1080,1440,3,JPEG,200395,528ef949b9f7010499749c2ef71912beff9ccce7501de29665b828eb20ca3e3e,train
wheat,WheatBlast,WheatBlast_391.jpg,data\raw\wheat\wheat_disease_main\Wheat Disease\Original Dataset\WheatBlast\WheatBlast_391.jpg,D:\ZaraiAI_Tomato_Cotton_Wheat\data\raw\wheat\wheat_disease_main\Wheat Disease\Original Dataset\WheatBlast\WheatBlast_391.jpg,1440,1080,3,JPEG,458217,a8a3f85c7c2c97e642b7a4bc24826ea75c48547cc970a3c2e6b1381099dc6c08,train
wheat,WheatBlast,WheatBlast_307.jpg,data\raw\wheat\wheat_disease_main\Wheat Disease\Original Dataset\WheatBlast\WheatBlast_307.jpg,D:\ZaraiAI_Tomato_Cotton_Wheat\data\raw\wheat\wheat_disease_main\Wheat Disease\Original Dataset\WheatBlast\WheatBlast_307.jpg,1440,1080,3,JPEG,516955,53c3f89a93fc737cc2d807a923ea8727828626d76c6ad5d8ea65776bffadb19f,train
wheat,LeafBlight,LeafBlight_103.jpg,data\raw\wheat\wheat_disease_main\Wheat Disease\Original Dataset\LeafBlight\LeafBlight_103.jpg,D:\ZaraiAI_Tomato_Cotton_Wheat\data\raw\wheat\wheat_disease_main\Wheat Disease\Original Dataset\LeafBlight\LeafBlight_103.jpg,1440,1080,3,JPEG,392247,1881dab337973564f2d9c990118273b59d285ea4f656e9436bee4be4f06733fb,train
wheat,BlackPoint,BlackPoint_215.jpg,data\raw\wheat\wheat_disease_main\Wheat Disease\Original Dataset\BlackPoint\BlackPoint_215.jpg,D:\ZaraiAI_Tomato_Cotton_Wheat\data\raw\wheat\wheat_disease_main\Wheat Disease\Original Dataset\BlackPoint\BlackPoint_215.jpg,1440,1080,3,JPEG,166427,62150429adfb17e61d2b4817d1fec4cb2ea184ca4f9b7eae6bb2bd488a5c310d,train
wheat,BlackPoint,BlackPoint_74.jpg,data\raw\wheat\wheat_disease_main\Wheat Disease\Original Dataset\BlackPoint\BlackPoint_74.jpg,D:\ZaraiAI_Tomato_Cotton_Wheat\data\raw\wheat\wheat_disease_main\Wheat Disease\Original Dataset\BlackPoint\BlackPoint_74.jpg,1080,1440,3,JPEG,252072,4e658c6cb8a1524218eea3226e293b09d24bc6363990e853e93b04ea1c840e29,train
wheat,LeafBlight,LeafBlight_50.jpg,data\raw\wheat\wheat_disease_main\Wheat Disease\Original Dataset\LeafBlight\LeafBlight_50.jpg,D:\ZaraiAI_Tomato_Cotton_Wheat\data\raw\wheat\wheat_disease_main\Wheat Disease\Original Dataset\LeafBlight\LeafBlight_50.jpg,1440,1080,3,JPEG,326476,0f15c71520a6c14b188752d88f72796290fc05f5f82bd036e47ef3d457c8b7fc,train
wheat,WheatBlast,WheatBlast_147.jpg,data\raw\wheat\wheat_disease_main\Wheat Disease\Original Dataset\WheatBlast\WheatBlast_147.jpg,D:\ZaraiAI_Tomato_Cotton_Wheat\data\raw\wheat\wheat_disease_main\Wheat Disease\Original Dataset\WheatBlast\WheatBlast_147.jpg,1440,1080,3,JPEG,409369,6406144919f9b368c7d5e9631c2368510e2851bafc6cc3e50c8c349e45c2e52a,train
wheat,HealthyLeaf,HealthyLeaf_52.jpg,data\raw\wheat\wheat_disease_main\Wheat Disease\Original Dataset\HealthyLeaf\HealthyLeaf_52.jpg,D:\ZaraiAI_Tomato_Cotton_Wheat\data\raw\wheat\wheat_disease_main\Wheat Disease\Original Dataset\HealthyLeaf\HealthyLeaf_52.jpg,1080,1440,3,JPEG,346323,3a4a29353bdd0848d0a7dbbec0fd460d5d8a46dcc91dcd82c85918f82bc09c52,val
wheat,WheatBlast,WheatBlast_254.jpg,data\raw\wheat\wheat_disease_main\Wheat Disease\Original Dataset\WheatBlast\WheatBlast_254.jpg,D:\ZaraiAI_Tomato_Cotton_Wheat\data\raw\wheat\wheat_disease_main\Wheat Disease\Original Dataset\WheatBlast\WheatBlast_254.jpg,1440,1080,3,JPEG,415196,701744c0945e1562856093153f1e109f636f21e3c901fe0f5e9b6f196f34f69d,val
wheat,HealthyLeaf,HealthyLeaf_160.jpg,data\raw\wheat\wheat_disease_main\Wheat Disease\Original Dataset\HealthyLeaf\HealthyLeaf_160.jpg,D:\ZaraiAI_Tomato_Cotton_Wheat\data\raw\wheat\wheat_disease_main\Wheat Disease\Original Dataset\HealthyLeaf\HealthyLeaf_160.jpg,1080,1440,3,JPEG,506696,deba10d2289ee7f8d5be9deb8065ee8fcabf7d8eba4e4a66c60ba63ddea6736a,val
wheat,HealthyLeaf,HealthyLeaf_115.jpg,data\raw\wheat\wheat_disease_main\Wheat Disease\Original Dataset\HealthyLeaf\HealthyLeaf_115.jpg,D:\ZaraiAI_Tomato_Cotton_Wheat\data\raw\wheat\wheat_disease_main\Wheat Disease\Original Dataset\HealthyLeaf\HealthyLeaf_115.jpg,1080,1440,3,JPEG,443514,d19f0ebeb8fb56442735c8aa9b1b9276db1b0bf08cc418be1bcd10d5d7b6f057,val
wheat,FusariumFootRot,FusariumFootRot_22.jpg,data\raw\wheat\wheat_disease_main\Wheat Disease\Original Dataset\FusariumFootRot\FusariumFootRot_22.jpg,D:\ZaraiAI_Tomato_Cotton_Wheat\data\raw\wheat\wheat_disease_main\Wheat Disease\Original Dataset\FusariumFootRot\FusariumFootRot_22.jpg,1080,1440,3,JPEG,373828,4b0d28d051ccbdc10bae17ab27fe65052d9df6f5f65cd9d28479f47133ed95ca,val
wheat,HealthyLeaf,HealthyLeaf_154.jpg,data\raw\wheat\wheat_disease_main\Wheat Disease\Original Dataset\HealthyLeaf\HealthyLeaf_154.jpg,D:\ZaraiAI_Tomato_Cotton_Wheat\data\raw\wheat\wheat_disease_main\Wheat Disease\Original Dataset\HealthyLeaf\HealthyLeaf_154.jpg,1080,1440,3,JPEG,335298,4ce0432e4f19c7ae23fe5ee256dae1c7ead530541437ab307e4eb1df1af5974a,val
wheat,WheatBlast,WheatBlast_36.jpg,data\raw\wheat\wheat_disease_main\Wheat Disease\Original Dataset\WheatBlast\WheatBlast_36.jpg,D:\ZaraiAI_Tomato_Cotton_Wheat\data\raw\wheat\wheat_disease_main\Wheat Disease\Original Dataset\WheatBlast\WheatBlast_36.jpg,1440,1080,3,JPEG,360160,030c2f544100a8d97dd761cd4d54d46181985bee8dbcc029506a19a57c5bf1a7,val
wheat,LeafBlight,LeafBlight_384.jpg,data\raw\wheat\wheat_disease_main\Wheat Disease\Original Dataset\LeafBlight\LeafBlight_384.jpg,D:\ZaraiAI_Tomato_Cotton_Wheat\data\raw\wheat\wheat_disease_main\Wheat Disease\Original Dataset\LeafBlight\LeafBlight_384.jpg,1440,1080,3,JPEG,171655,f67c6968778dc7c85f69972bee84e73862e3713a1aae6a0da3345c9b6c4d41b0,val
wheat,FusariumFootRot,FusariumFootRot_131.jpg,data\raw\wheat\wheat_disease_main\Wheat Disease\Original Dataset\FusariumFootRot\FusariumFootRot_131.jpg,D:\ZaraiAI_Tomato_Cotton_Wheat\data\raw\wheat\wheat_disease_main\Wheat Disease\Original Dataset\FusariumFootRot\FusariumFootRot_131.jpg,1080,1440,3,JPEG,524453,afac1c394856f0289b6ead79deb80069feafd813af72e73532e5f29dcde5b09b,val
wheat,LeafBlight,LeafBlight_206.jpg,data\raw\wheat\wheat_disease_main\Wheat Disease\Original Dataset\LeafBlight\LeafBlight_206.jpg,D:\ZaraiAI_Tomato_Cotton_Wheat\data\raw\wheat\wheat_disease_main\Wheat Disease\Original Dataset\LeafBlight\LeafBlight_206.jpg,1440,1080,3,JPEG,394045,089a7ab9f69b60ca34e4f37168a6987973528ac20f90fb34530f74981fb59ff8,val
wheat,LeafBlight,LeafBlight_323.jpg,data\raw\wheat\wheat_disease_main\Wheat Disease\Original Dataset\LeafBlight\LeafBlight_323.jpg,D:\ZaraiAI_Tomato_Cotton_Wheat\data\raw\wheat\wheat_disease_main\Wheat Disease\Original Dataset\LeafBlight\LeafBlight_323.jpg,1440,1080,3,JPEG,197441,b1323b944300a87d604366b3a1f5b5d70a2b94f4fb68c640135d883487ca8230,val
wheat,LeafBlight,LeafBlight_147.jpg,data\raw\wheat\wheat_disease_main\Wheat Disease\Original Dataset\LeafBlight\LeafBlight_147.jpg,D:\ZaraiAI_Tomato_Cotton_Wheat\data\raw\wheat\wheat_disease_main\Wheat Disease\Original Dataset\LeafBlight\LeafBlight_147.jpg,1440,1080,3,JPEG,380558,f3c06cbe4b50a41a8ca2f120b8e90438c147c9b541682a83ed95d2f55e7c455e,val
wheat,WheatBlast,WheatBlast_225.jpg,data\raw\wheat\wheat_disease_main\Wheat Disease\Original Dataset\WheatBlast\WheatBlast_225.jpg,D:\ZaraiAI_Tomato_Cotton_Wheat\data\raw\wheat\wheat_disease_main\Wheat Disease\Original Dataset\WheatBlast\WheatBlast_225.jpg,1440,1080,3,JPEG,394545,6a9ea0b952edaad55cfebfab9d6f7445981376b0b0b00a835772c6c973d1a318,val
wheat,FusariumFootRot,FusariumFootRot_221.jpg,data\raw\wheat\wheat_disease_main\Wheat Disease\Original Dataset\FusariumFootRot\FusariumFootRot_221.jpg,D:\ZaraiAI_Tomato_Cotton_Wheat\data\raw\wheat\wheat_disease_main\Wheat Disease\Original Dataset\FusariumFootRot\FusariumFootRot_221.jpg,1080,1440,3,JPEG,370997,6bd47eba321933c974e405ac8fc3b8c46fccdea7b17be1fec8f51ad18b7f8673,val
wheat,LeafBlight,LeafBlight_44.jpg,data\raw\wheat\wheat_disease_main\Wheat Disease\Original Dataset\LeafBlight\LeafBlight_44.jpg,D:\ZaraiAI_Tomato_Cotton_Wheat\data\raw\wheat\wheat_disease_main\Wheat Disease\Original Dataset\LeafBlight\LeafBlight_44.jpg,1440,1080,3,JPEG,211078,d37bee336c78c957285d00fd3e32010eac8f24296bcc083ccb36286d08c616b6,val
wheat,LeafBlight,LeafBlight_187.jpg,data\raw\wheat\wheat_disease_main\Wheat Disease\Original Dataset\LeafBlight\LeafBlight_187.jpg,D:\ZaraiAI_Tomato_Cotton_Wheat\data\raw\wheat\wheat_disease_main\Wheat Disease\Original Dataset\LeafBlight\LeafBlight_187.jpg,1440,1080,3,JPEG,263619,9f017ab8083e7cec7a35d8d97432226c69674ccf75f0d94923a84a0803e0c33d,val
wheat,FusariumFootRot,FusariumFootRot_192.jpg,data\raw\wheat\wheat_disease_main\Wheat Disease\Original Dataset\FusariumFootRot\FusariumFootRot_192.jpg,D:\ZaraiAI_Tomato_Cotton_Wheat\data\raw\wheat\wheat_disease_main\Wheat Disease\Original Dataset\FusariumFootRot\FusariumFootRot_192.jpg,1080,1440,3,JPEG,450434,58b373c16177990ad7c2b7e048cf4cd46fffa885bfb537cca714daa3bc1e5af3,val
wheat,LeafBlight,LeafBlight_295.jpg,data\raw\wheat\wheat_disease_main\Wheat Disease\Original Dataset\LeafBlight\LeafBlight_295.jpg,D:\ZaraiAI_Tomato_Cotton_Wheat\data\raw\wheat\wheat_disease_main\Wheat Disease\Original Dataset\LeafBlight\LeafBlight_295.jpg,1440,1080,3,JPEG,232798,4b8c864b2e8d136f420f9edd66e39ad2022690e14d9218c7f430f00558eed4df,val
wheat,FusariumFootRot,FusariumFootRot_188.jpg,data\raw\wheat\wheat_disease_main\Wheat Disease\Original Dataset\FusariumFootRot\FusariumFootRot_188.jpg,D:\ZaraiAI_Tomato_Cotton_Wheat\data\raw\wheat\wheat_disease_main\Wheat Disease\Original Dataset\FusariumFootRot\FusariumFootRot_188.jpg,1080,1440,3,JPEG,407103,bf942fc980ad7bd63e6f95eb12c71a5b7108151052487de51479e017abcc2c76,val
wheat,BlackPoint,BlackPoint_171.jpg,data\raw\wheat\wheat_disease_main\Wheat Disease\Original Dataset\BlackPoint\BlackPoint_171.jpg,D:\ZaraiAI_Tomato_Cotton_Wheat\data\raw\wheat\wheat_disease_main\Wheat Disease\Original Dataset\BlackPoint\BlackPoint_171.jpg,1080,1440,3,JPEG,181348,c1943cbf8739a1abace84a39571d289f0ff754cad125940c01a060f913fb04f5,val
wheat,WheatBlast,WheatBlast_178.jpg,data\raw\wheat\wheat_disease_main\Wheat Disease\Original Dataset\WheatBlast\WheatBlast_178.jpg,D:\ZaraiAI_Tomato_Cotton_Wheat\data\raw\wheat\wheat_disease_main\Wheat Disease\Original Dataset\WheatBlast\WheatBlast_178.jpg,1440,1080,3,JPEG,478347,e2baad7d531f95011e2c260e267c81e100125098730d3a530d0c7d7979b93e6e,val
wheat,FusariumFootRot,FusariumFootRot_186.jpg,data\raw\wheat\wheat_disease_main\Wheat Disease\Original Dataset\FusariumFootRot\FusariumFootRot_186.jpg,D:\ZaraiAI_Tomato_Cotton_Wheat\data\raw\wheat\wheat_disease_main\Wheat Disease\Original Dataset\FusariumFootRot\FusariumFootRot_186.jpg,1080,1440,3,JPEG,385128,78e1895103b1b0a5a2d8dd33843a7f7f82255ba126188834cf6ffda8e18a604e,val
wheat,HealthyLeaf,HealthyLeaf_43.jpg,data\raw\wheat\wheat_disease_main\Wheat Disease\Original Dataset\HealthyLeaf\HealthyLeaf_43.jpg,D:\ZaraiAI_Tomato_Cotton_Wheat\data\raw\wheat\wheat_disease_main\Wheat Disease\Original Dataset\HealthyLeaf\HealthyLeaf_43.jpg,1080,1440,3,JPEG,336429,ff4eb1875b60ef1c5018e3e3fd8c8613037824e17a4b4c78d157d025c7eb64b0,val
wheat,FusariumFootRot,FusariumFootRot_184.jpg,data\raw\wheat\wheat_disease_main\Wheat Disease\Original Dataset\FusariumFootRot\FusariumFootRot_184.jpg,D:\ZaraiAI_Tomato_Cotton_Wheat\data\raw\wheat\wheat_disease_main\Wheat Disease\Original Dataset\FusariumFootRot\FusariumFootRot_184.jpg,1080,1440,3,JPEG,480312,e9c4a845a142a7c6578c3f0d7bf69ec8ec9420829b5d935fa12f03b4eb93ab59,val
wheat,BlackPoint,BlackPoint_292.jpg,data\raw\wheat\wheat_disease_main\Wheat Disease\Original Dataset\BlackPoint\BlackPoint_292.jpg,D:\ZaraiAI_Tomato_Cotton_Wheat\data\raw\wheat\wheat_disease_main\Wheat Disease\Original Dataset\BlackPoint\BlackPoint_292.jpg,1080,1440,3,JPEG,304862,6cec899d9693233c261f863b5f1f2fc43b7636e7d6f9abb07a016e38702db6f8,val
wheat,FusariumFootRot,FusariumFootRot_56.jpg,data\raw\wheat\wheat_disease_main\Wheat Disease\Original Dataset\FusariumFootRot\FusariumFootRot_56.jpg,D:\ZaraiAI_Tomato_Cotton_Wheat\data\raw\wheat\wheat_disease_main\Wheat Disease\Original Dataset\FusariumFootRot\FusariumFootRot_56.jpg,1440,1080,3,JPEG,553680,57bacdbacde02200b1c66ca182f587cd38076829e9b44c2cee2d12375139f1fb,val
wheat,WheatBlast,WheatBlast_214.jpg,data\raw\wheat\wheat_disease_main\Wheat Disease\Original Dataset\WheatBlast\WheatBlast_214.jpg,D:\ZaraiAI_Tomato_Cotton_Wheat\data\raw\wheat\wheat_disease_main\Wheat Disease\Original Dataset\WheatBlast\WheatBlast_214.jpg,1440,1080,3,JPEG,343239,a0b0ea2f8f882f9580525b655a1a5f6e5efacd24a16c13058237cac9be02b544,val
wheat,HealthyLeaf,HealthyLeaf_2.jpg,data\raw\wheat\wheat_disease_main\Wheat Disease\Original Dataset\HealthyLeaf\HealthyLeaf_2.jpg,D:\ZaraiAI_Tomato_Cotton_Wheat\data\raw\wheat\wheat_disease_main\Wheat Disease\Original Dataset\HealthyLeaf\HealthyLeaf_2.jpg,1080,1440,3,JPEG,275257,0bb3049a9a684b1b3f7f2e3677f80706c95db0b3c14fd422a182833a783e1f0f,val
wheat,HealthyLeaf,HealthyLeaf_33.jpg,data\raw\wheat\wheat_disease_main\Wheat Disease\Original Dataset\HealthyLeaf\HealthyLeaf_33.jpg,D:\ZaraiAI_Tomato_Cotton_Wheat\data\raw\wheat\wheat_disease_main\Wheat Disease\Original Dataset\HealthyLeaf\HealthyLeaf_33.jpg,1080,1440,3,JPEG,234604,149fbdf77c59c9d77648a89166929a6f58ee4a0830ad6a05a85f0733443685ee,val
wheat,BlackPoint,BlackPoint_12.jpg,data\raw\wheat\wheat_disease_main\Wheat Disease\Original Dataset\BlackPoint\BlackPoint_12.jpg,D:\ZaraiAI_Tomato_Cotton_Wheat\data\raw\wheat\wheat_disease_main\Wheat Disease\Original Dataset\BlackPoint\BlackPoint_12.jpg,1080,1440,3,JPEG,341010,54723366a4263e03a735228fba5768666be6de7da00678b69cafea386b8c9793,val
wheat,LeafBlight,LeafBlight_383.jpg,data\raw\wheat\wheat_disease_main\Wheat Disease\Original Dataset\LeafBlight\LeafBlight_383.jpg,D:\ZaraiAI_Tomato_Cotton_Wheat\data\raw\wheat\wheat_disease_main\Wheat Disease\Original Dataset\LeafBlight\LeafBlight_383.jpg,1440,1080,3,JPEG,114184,f2f93134c66d31d927b7e528ff67fba7090028507b0fc8ac9fe59d27121abf53,val
wheat,FusariumFootRot,FusariumFootRot_122.jpg,data\raw\wheat\wheat_disease_main\Wheat Disease\Original Dataset\FusariumFootRot\FusariumFootRot_122.jpg,D:\ZaraiAI_Tomato_Cotton_Wheat\data\raw\wheat\wheat_disease_main\Wheat Disease\Original Dataset\FusariumFootRot\FusariumFootRot_122.jpg,1080,1440,3,JPEG,320013,f1171d5c3549bccae634caaba39f713c9f09c85993e051aa86c761a3fad63833,val
wheat,WheatBlast,WheatBlast_164.jpg,data\raw\wheat\wheat_disease_main\Wheat Disease\Original Dataset\WheatBlast\WheatBlast_164.jpg,D:\ZaraiAI_Tomato_Cotton_Wheat\data\raw\wheat\wheat_disease_main\Wheat Disease\Original Dataset\WheatBlast\WheatBlast_164.jpg,1440,1080,3,JPEG,414378,69b143c1122e242e18c86577752d57e606a63bfdc3420727fdb406d8fc40d08d,val
wheat,FusariumFootRot,FusariumFootRot_199.jpg,data\raw\wheat\wheat_disease_main\Wheat Disease\Original Dataset\FusariumFootRot\FusariumFootRot_199.jpg,D:\ZaraiAI_Tomato_Cotton_Wheat\data\raw\wheat\wheat_disease_main\Wheat Disease\Original Dataset\FusariumFootRot\FusariumFootRot_199.jpg,1080,1440,3,JPEG,431704,fe890c2bd18bf5c7d470c687910e1d1c0df76b866f562dde4d723694af05ac7f,val
wheat,BlackPoint,BlackPoint_208.jpg,data\raw\wheat\wheat_disease_main\Wheat Disease\Original Dataset\BlackPoint\BlackPoint_208.jpg,D:\ZaraiAI_Tomato_Cotton_Wheat\data\raw\wheat\wheat_disease_main\Wheat Disease\Original Dataset\BlackPoint\BlackPoint_208.jpg,1080,1440,3,JPEG,263355,068c79b5862c02188337557de5df695b2f8b73511d13dd61142e4eba05fbb658,val
wheat,WheatBlast,WheatBlast_239.jpg,data\raw\wheat\wheat_disease_main\Wheat Disease\Original Dataset\WheatBlast\WheatBlast_239.jpg,D:\ZaraiAI_Tomato_Cotton_Wheat\data\raw\wheat\wheat_disease_main\Wheat Disease\Original Dataset\WheatBlast\WheatBlast_239.jpg,1440,1080,3,JPEG,410616,bc0f5052343c79eba3dbd2f2d524ee3abfcb1eef71d16bf0b8ecc238693f6be8,val
wheat,HealthyLeaf,HealthyLeaf_224.jpg,data\raw\wheat\wheat_disease_main\Wheat Disease\Original Dataset\HealthyLeaf\HealthyLeaf_224.jpg,D:\ZaraiAI_Tomato_Cotton_Wheat\data\raw\wheat\wheat_disease_main\Wheat Disease\Original Dataset\HealthyLeaf\HealthyLeaf_224.jpg,1080,1440,3,JPEG,333197,b2c5ddd0b01b0099e8635b02d235b7f4bb3ee879563cb60b6bef2cda608110ba,val
wheat,WheatBlast,WheatBlast_109.jpg,data\raw\wheat\wheat_disease_main\Wheat Disease\Original Dataset\WheatBlast\WheatBlast_109.jpg,D:\ZaraiAI_Tomato_Cotton_Wheat\data\raw\wheat\wheat_disease_main\Wheat Disease\Original Dataset\WheatBlast\WheatBlast_109.jpg,1440,1080,3,JPEG,396518,75360af2fcb09d9ffda156916843ba55dc32e06027d49c9b504a9fc17a7ef910,val
wheat,WheatBlast,WheatBlast_159.jpg,data\raw\wheat\wheat_disease_main\Wheat Disease\Original Dataset\WheatBlast\WheatBlast_159.jpg,D:\ZaraiAI_Tomato_Cotton_Wheat\data\raw\wheat\wheat_disease_main\Wheat Disease\Original Dataset\WheatBlast\WheatBlast_159.jpg,1440,1080,3,JPEG,425471,b600f8063d080dfe1bb527fe51a13e4dbccc6fabd8f42a6d3cbd4a8a53ef75da,val
wheat,LeafBlight,LeafBlight_105.jpg,data\raw\wheat\wheat_disease_main\Wheat Disease\Original Dataset\LeafBlight\LeafBlight_105.jpg,D:\ZaraiAI_Tomato_Cotton_Wheat\data\raw\wheat\wheat_disease_main\Wheat Disease\Original Dataset\LeafBlight\LeafBlight_105.jpg,1440,1080,3,JPEG,302072,b0171b46eaf8515972490fa0044606f6ea99b8a0308937f2d78a6295314de1e2,val
wheat,LeafBlight,LeafBlight_390.jpg,data\raw\wheat\wheat_disease_main\Wheat Disease\Original Dataset\LeafBlight\LeafBlight_390.jpg,D:\ZaraiAI_Tomato_Cotton_Wheat\data\raw\wheat\wheat_disease_main\Wheat Disease\Original Dataset\LeafBlight\LeafBlight_390.jpg,1440,1080,3,JPEG,121707,3fa53a1287b7281178eadb15e64069cf2d0a9278dc6152476ff8897a5ab376c4,val
wheat,BlackPoint,BlackPoint_194.jpg,data\raw\wheat\wheat_disease_main\Wheat Disease\Original Dataset\BlackPoint\BlackPoint_194.jpg,D:\ZaraiAI_Tomato_Cotton_Wheat\data\raw\wheat\wheat_disease_main\Wheat Disease\Original Dataset\BlackPoint\BlackPoint_194.jpg,1080,1440,3,JPEG,278977,7985335b321d3e993b0da81b1492a5b1cb375eca35f1f93d7073d1e4e69c172e,val
wheat,LeafBlight,LeafBlight_325.jpg,data\raw\wheat\wheat_disease_main\Wheat Disease\Original Dataset\LeafBlight\LeafBlight_325.jpg,D:\ZaraiAI_Tomato_Cotton_Wheat\data\raw\wheat\wheat_disease_main\Wheat Disease\Original Dataset\LeafBlight\LeafBlight_325.jpg,1440,1080,3,JPEG,197461,a51bd10344f23d0cfeeed66c07f38637e8c9b6cc3fd5e6f0cb1a1fca015986df,val
wheat,FusariumFootRot,FusariumFootRot_52.jpg,data\raw\wheat\wheat_disease_main\Wheat Disease\Original Dataset\FusariumFootRot\FusariumFootRot_52.jpg,D:\ZaraiAI_Tomato_Cotton_Wheat\data\raw\wheat\wheat_disease_main\Wheat Disease\Original Dataset\FusariumFootRot\FusariumFootRot_52.jpg,1080,1440,3,JPEG,449612,69561408a4d0c5af034bba2d6e643d7a18b5883f4141de54f7069502c646c11b,val
wheat,LeafBlight,LeafBlight_111.jpg,data\raw\wheat\wheat_disease_main\Wheat Disease\Original Dataset\LeafBlight\LeafBlight_111.jpg,D:\ZaraiAI_Tomato_Cotton_Wheat\data\raw\wheat\wheat_disease_main\Wheat Disease\Original Dataset\LeafBlight\LeafBlight_111.jpg,1440,1080,3,JPEG,222800,bd1b9f911d7bcf9c7353c4fbbcc3be9d350e5dd972561eb4e9ab91fb692c8bd6,val
wheat,BlackPoint,BlackPoint_43.jpg,data\raw\wheat\wheat_disease_main\Wheat Disease\Original Dataset\BlackPoint\BlackPoint_43.jpg,D:\ZaraiAI_Tomato_Cotton_Wheat\data\raw\wheat\wheat_disease_main\Wheat Disease\Original Dataset\BlackPoint\BlackPoint_43.jpg,1080,1440,3,JPEG,289006,5cd9fa55f7db2ddec77d23de06fb9b5feb7546fd2ad5f8be80a63db61eceb30f,val
wheat,FusariumFootRot,FusariumFootRot_79.jpg,data\raw\wheat\wheat_disease_main\Wheat Disease\Original Dataset\FusariumFootRot\FusariumFootRot_79.jpg,D:\ZaraiAI_Tomato_Cotton_Wheat\data\raw\wheat\wheat_disease_main\Wheat Disease\Original Dataset\FusariumFootRot\FusariumFootRot_79.jpg,1080,1440,3,JPEG,520688,4ed031efa0873a09efe579b8a62843067f6d37380cb7833271fa407037b107d1,val
wheat,FusariumFootRot,FusariumFootRot_43.jpg,data\raw\wheat\wheat_disease_main\Wheat Disease\Original Dataset\FusariumFootRot\FusariumFootRot_43.jpg,D:\ZaraiAI_Tomato_Cotton_Wheat\data\raw\wheat\wheat_disease_main\Wheat Disease\Original Dataset\FusariumFootRot\FusariumFootRot_43.jpg,1080,1440,3,JPEG,458316,feda6b284b3dec692e5aa8a448823cbeed0bc0454a2fb574fa3d0d7c9702888f,val
wheat,BlackPoint,BlackPoint_84.jpg,data\raw\wheat\wheat_disease_main\Wheat Disease\Original Dataset\BlackPoint\BlackPoint_84.jpg,D:\ZaraiAI_Tomato_Cotton_Wheat\data\raw\wheat\wheat_disease_main\Wheat Disease\Original Dataset\BlackPoint\BlackPoint_84.jpg,1080,1440,3,JPEG,306672,d401e657d3a93669145b5f117da149eb59d4411da2061398d6ed13a01ea4db74,val
wheat,WheatBlast,WheatBlast_345.jpg,data\raw\wheat\wheat_disease_main\Wheat Disease\Original Dataset\WheatBlast\WheatBlast_345.jpg,D:\ZaraiAI_Tomato_Cotton_Wheat\data\raw\wheat\wheat_disease_main\Wheat Disease\Original Dataset\WheatBlast\WheatBlast_345.jpg,1440,1080,3,JPEG,598199,c45f2e59672877fd6b9f11d52a1b0b4b9ab910d74a6c04954dbdaa53c56d7b01,val
wheat,FusariumFootRot,FusariumFootRot_68.jpg,data\raw\wheat\wheat_disease_main\Wheat Disease\Original Dataset\FusariumFootRot\FusariumFootRot_68.jpg,D:\ZaraiAI_Tomato_Cotton_Wheat\data\raw\wheat\wheat_disease_main\Wheat Disease\Original Dataset\FusariumFootRot\FusariumFootRot_68.jpg,1080,1440,3,JPEG,395812,042984ffbc923612c63a13e4cd540bce887e408a00c289b4d61fb08c760e9a97,val
wheat,HealthyLeaf,HealthyLeaf_74.jpg,data\raw\wheat\wheat_disease_main\Wheat Disease\Original Dataset\HealthyLeaf\HealthyLeaf_74.jpg,D:\ZaraiAI_Tomato_Cotton_Wheat\data\raw\wheat\wheat_disease_main\Wheat Disease\Original Dataset\HealthyLeaf\HealthyLeaf_74.jpg,1080,1440,3,JPEG,344294,1802e9a8f1245f02dbb620de05e66adb5776b406f5c5cbbcda5f05a8521e741e,val
wheat,LeafBlight,LeafBlight_243.jpg,data\raw\wheat\wheat_disease_main\Wheat Disease\Original Dataset\LeafBlight\LeafBlight_243.jpg,D:\ZaraiAI_Tomato_Cotton_Wheat\data\raw\wheat\wheat_disease_main\Wheat Disease\Original Dataset\LeafBlight\LeafBlight_243.jpg,1440,1080,3,JPEG,160307,2eff238da20bb873802495e8863e7368092d8c3861f5652e4c4bd0dd279aded1,val
wheat,HealthyLeaf,HealthyLeaf_146.jpg,data\raw\wheat\wheat_disease_main\Wheat Disease\Original Dataset\HealthyLeaf\HealthyLeaf_146.jpg,D:\ZaraiAI_Tomato_Cotton_Wheat\data\raw\wheat\wheat_disease_main\Wheat Disease\Original Dataset\HealthyLeaf\HealthyLeaf_146.jpg,1080,1440,3,JPEG,206221,7143c58fbfda7de3bf5afddb82dea5a81de6c0b027452cb99fed025f42018144,val
wheat,BlackPoint,BlackPoint_106.jpg,data\raw\wheat\wheat_disease_main\Wheat Disease\Original Dataset\BlackPoint\BlackPoint_106.jpg,D:\ZaraiAI_Tomato_Cotton_Wheat\data\raw\wheat\wheat_disease_main\Wheat Disease\Original Dataset\BlackPoint\BlackPoint_106.jpg,1080,1440,3,JPEG,364473,43f34a53e656e19e77edd68783c502f45bbc283eacee266e887bb803168af938,val
wheat,BlackPoint,BlackPoint_195.jpg,data\raw\wheat\wheat_disease_main\Wheat Disease\Original Dataset\BlackPoint\BlackPoint_195.jpg,D:\ZaraiAI_Tomato_Cotton_Wheat\data\raw\wheat\wheat_disease_main\Wheat Disease\Original Dataset\BlackPoint\BlackPoint_195.jpg,1080,1440,3,JPEG,370865,2b02d4335d6153039f374c19bea227a18424c6ca77dcc4808dae8eda1242ac93,val
wheat,WheatBlast,WheatBlast_53.jpg,data\raw\wheat\wheat_disease_main\Wheat Disease\Original Dataset\WheatBlast\WheatBlast_53.jpg,D:\ZaraiAI_Tomato_Cotton_Wheat\data\raw\wheat\wheat_disease_main\Wheat Disease\Original Dataset\WheatBlast\WheatBlast_53.jpg,1440,1080,3,JPEG,358158,86ac57a01a65f1c22575e551381c6890dc68f22f2c0fa8cdec011eb0c900559e,val
wheat,WheatBlast,WheatBlast_189.jpg,data\raw\wheat\wheat_disease_main\Wheat Disease\Original Dataset\WheatBlast\WheatBlast_189.jpg,D:\ZaraiAI_Tomato_Cotton_Wheat\data\raw\wheat\wheat_disease_main\Wheat Disease\Original Dataset\WheatBlast\WheatBlast_189.jpg,1440,1080,3,JPEG,437356,b26c5350b1ef3b66fbad36d8bac73b6ca74638a3befb91f2e026c083dc767c24,val
wheat,BlackPoint,BlackPoint_21.jpg,data\raw\wheat\wheat_disease_main\Wheat Disease\Original Dataset\BlackPoint\BlackPoint_21.jpg,D:\ZaraiAI_Tomato_Cotton_Wheat\data\raw\wheat\wheat_disease_main\Wheat Disease\Original Dataset\BlackPoint\BlackPoint_21.jpg,1080,1440,3,JPEG,240751,fd9e40165888f7f6df25cf33371fbd8e3652af3cb327a662a1f1a7c911237d5d,val
wheat,HealthyLeaf,HealthyLeaf_26.jpg,data\raw\wheat\wheat_disease_main\Wheat Disease\Original Dataset\HealthyLeaf\HealthyLeaf_26.jpg,D:\ZaraiAI_Tomato_Cotton_Wheat\data\raw\wheat\wheat_disease_main\Wheat Disease\Original Dataset\HealthyLeaf\HealthyLeaf_26.jpg,1080,1440,3,JPEG,421782,3872511b81011e9de68f7c8b38ae8609dc006ab7f6436e2f2440a4ca93c8395b,val
wheat,FusariumFootRot,FusariumFootRot_147.jpg,data\raw\wheat\wheat_disease_main\Wheat Disease\Original Dataset\FusariumFootRot\FusariumFootRot_147.jpg,D:\ZaraiAI_Tomato_Cotton_Wheat\data\raw\wheat\wheat_disease_main\Wheat Disease\Original Dataset\FusariumFootRot\FusariumFootRot_147.jpg,1080,1440,3,JPEG,415754,ad34224c2645eb9f3e351ff774b81343eb563e893cdf1c2200b3124c6f3f1bd6,val
wheat,WheatBlast,WheatBlast_262.jpg,data\raw\wheat\wheat_disease_main\Wheat Disease\Original Dataset\WheatBlast\WheatBlast_262.jpg,D:\ZaraiAI_Tomato_Cotton_Wheat\data\raw\wheat\wheat_disease_main\Wheat Disease\Original Dataset\WheatBlast\WheatBlast_262.jpg,1440,1080,3,JPEG,474356,f8ea6abda9b8f27b78899c88b5fc25b09c3462114ded2ae9e1d502d3704e69f7,val
wheat,HealthyLeaf,HealthyLeaf_221.jpg,data\raw\wheat\wheat_disease_main\Wheat Disease\Original Dataset\HealthyLeaf\HealthyLeaf_221.jpg,D:\ZaraiAI_Tomato_Cotton_Wheat\data\raw\wheat\wheat_disease_main\Wheat Disease\Original Dataset\HealthyLeaf\HealthyLeaf_221.jpg,1080,1440,3,JPEG,226463,b46576f3ffa14c82c36f17bdf7b3f12774586290f1717bb21f9ef47c336592dc,val
wheat,BlackPoint,BlackPoint_286.jpg,data\raw\wheat\wheat_disease_main\Wheat Disease\Original Dataset\BlackPoint\BlackPoint_286.jpg,D:\ZaraiAI_Tomato_Cotton_Wheat\data\raw\wheat\wheat_disease_main\Wheat Disease\Original Dataset\BlackPoint\BlackPoint_286.jpg,1080,1440,3,JPEG,314837,fc88a367fbbbb95aaa998c6276344da98b2f641dff142b90440a6ccb1dc1f9e9,val
wheat,LeafBlight,LeafBlight_374.jpg,data\raw\wheat\wheat_disease_main\Wheat Disease\Original Dataset\LeafBlight\LeafBlight_374.jpg,D:\ZaraiAI_Tomato_Cotton_Wheat\data\raw\wheat\wheat_disease_main\Wheat Disease\Original Dataset\LeafBlight\LeafBlight_374.jpg,1440,1080,3,JPEG,121216,9df37f58c6037e483fe5694663c8bae0f3bc942ba618b6624f834fa8cead92d0,val
wheat,LeafBlight,LeafBlight_48.jpg,data\raw\wheat\wheat_disease_main\Wheat Disease\Original Dataset\LeafBlight\LeafBlight_48.jpg,D:\ZaraiAI_Tomato_Cotton_Wheat\data\raw\wheat\wheat_disease_main\Wheat Disease\Original Dataset\LeafBlight\LeafBlight_48.jpg,1440,1080,3,JPEG,297679,4c5726555e2631213ab1f14a887817408c000280a6c963ffbcd7060faaa48574,val
wheat,BlackPoint,BlackPoint_280.jpg,data\raw\wheat\wheat_disease_main\Wheat Disease\Original Dataset\BlackPoint\BlackPoint_280.jpg,D:\ZaraiAI_Tomato_Cotton_Wheat\data\raw\wheat\wheat_disease_main\Wheat Disease\Original Dataset\BlackPoint\BlackPoint_280.jpg,1440,1080,3,JPEG,181815,b16a0e11e9d84c1b24471f743faf7fb8dfbe50dfa1343442d746c2b22326af84,val
wheat,LeafBlight,LeafBlight_123.jpg,data\raw\wheat\wheat_disease_main\Wheat Disease\Original Dataset\LeafBlight\LeafBlight_123.jpg,D:\ZaraiAI_Tomato_Cotton_Wheat\data\raw\wheat\wheat_disease_main\Wheat Disease\Original Dataset\LeafBlight\LeafBlight_123.jpg,1440,1080,3,JPEG,380449,bb2c5020d5b004e7da8f2e1fbd1a70037bf563207334f83ee3e4bf74c1583734,val
wheat,LeafBlight,LeafBlight_290.jpg,data\raw\wheat\wheat_disease_main\Wheat Disease\Original Dataset\LeafBlight\LeafBlight_290.jpg,D:\ZaraiAI_Tomato_Cotton_Wheat\data\raw\wheat\wheat_disease_main\Wheat Disease\Original Dataset\LeafBlight\LeafBlight_290.jpg,1440,1080,3,JPEG,226554,17b4da9a6cf9b41ea64b4da3f72ec47019c748b8a1f5762ebe418037ccb733b5,val
wheat,LeafBlight,LeafBlight_293.jpg,data\raw\wheat\wheat_disease_main\Wheat Disease\Original Dataset\LeafBlight\LeafBlight_293.jpg,D:\ZaraiAI_Tomato_Cotton_Wheat\data\raw\wheat\wheat_disease_main\Wheat Disease\Original Dataset\LeafBlight\LeafBlight_293.jpg,1440,1080,3,JPEG,227926,ad4a504211343e6f98371c836154eb3fd4b02acb9fdb2a76092013443a0c7cf9,val
wheat,FusariumFootRot,FusariumFootRot_62.jpg,data\raw\wheat\wheat_disease_main\Wheat Disease\Original Dataset\FusariumFootRot\FusariumFootRot_62.jpg,D:\ZaraiAI_Tomato_Cotton_Wheat\data\raw\wheat\wheat_disease_main\Wheat Disease\Original Dataset\FusariumFootRot\FusariumFootRot_62.jpg,1440,1080,3,JPEG,321105,97623eea4968d302268d7cce8718c8e1919293ef9469ee5c2eecd53bb4ee5611,val
wheat,BlackPoint,BlackPoint_163.jpg,data\raw\wheat\wheat_disease_main\Wheat Disease\Original Dataset\BlackPoint\BlackPoint_163.jpg,D:\ZaraiAI_Tomato_Cotton_Wheat\data\raw\wheat\wheat_disease_main\Wheat Disease\Original Dataset\BlackPoint\BlackPoint_163.jpg,1080,1440,3,JPEG,211901,767edcd3eca56a82ab9841329407254260ace8ab0a4af1089896fde34bcc8683,val
wheat,FusariumFootRot,FusariumFootRot_159.jpg,data\raw\wheat\wheat_disease_main\Wheat Disease\Original Dataset\FusariumFootRot\FusariumFootRot_159.jpg,D:\ZaraiAI_Tomato_Cotton_Wheat\data\raw\wheat\wheat_disease_main\Wheat Disease\Original Dataset\FusariumFootRot\FusariumFootRot_159.jpg,1080,1440,3,JPEG,419814,895cdf0bd827ed72f0e540d5af3b65767ab938ff417baf486c0314781946f83a,val
wheat,HealthyLeaf,HealthyLeaf_166.jpg,data\raw\wheat\wheat_disease_main\Wheat Disease\Original Dataset\HealthyLeaf\HealthyLeaf_166.jpg,D:\ZaraiAI_Tomato_Cotton_Wheat\data\raw\wheat\wheat_disease_main\Wheat Disease\Original Dataset\HealthyLeaf\HealthyLeaf_166.jpg,1080,1440,3,JPEG,408693,3ff5a88ad3d082870292cfc64547352f4ef01746a65893a1ba8808da389e9442,val
wheat,WheatBlast,WheatBlast_48.jpg,data\raw\wheat\wheat_disease_main\Wheat Disease\Original Dataset\WheatBlast\WheatBlast_48.jpg,D:\ZaraiAI_Tomato_Cotton_Wheat\data\raw\wheat\wheat_disease_main\Wheat Disease\Original Dataset\WheatBlast\WheatBlast_48.jpg,1440,1080,3,JPEG,361255,e23e1ec6028e1c3ebc1c4cb151f894794b6d24f8606b4dae89ac27f3a6c5a21d,val
wheat,BlackPoint,BlackPoint_67.jpg,data\raw\wheat\wheat_disease_main\Wheat Disease\Original Dataset\BlackPoint\BlackPoint_67.jpg,D:\ZaraiAI_Tomato_Cotton_Wheat\data\raw\wheat\wheat_disease_main\Wheat Disease\Original Dataset\BlackPoint\BlackPoint_67.jpg,1080,1440,3,JPEG,243501,474289f845cdd150477fa86ba3040b20cb9aaaea072d5c55d6d952c423c37eef,val
wheat,WheatBlast,WheatBlast_75.jpg,data\raw\wheat\wheat_disease_main\Wheat Disease\Original Dataset\WheatBlast\WheatBlast_75.jpg,D:\ZaraiAI_Tomato_Cotton_Wheat\data\raw\wheat\wheat_disease_main\Wheat Disease\Original Dataset\WheatBlast\WheatBlast_75.jpg,1440,1080,3,JPEG,471444,a787c7717375e859b550ef13ddd34de56ea9deb165896cf7b176e66c108d3a53,val
wheat,WheatBlast,WheatBlast_385.jpg,data\raw\wheat\wheat_disease_main\Wheat Disease\Original Dataset\WheatBlast\WheatBlast_385.jpg,D:\ZaraiAI_Tomato_Cotton_Wheat\data\raw\wheat\wheat_disease_main\Wheat Disease\Original Dataset\WheatBlast\WheatBlast_385.jpg,1440,1080,3,JPEG,465753,624ad94359d5dac0b631a6a146958cf191288bf80497b55e03287bfedecf511a,val
wheat,BlackPoint,BlackPoint_94.jpg,data\raw\wheat\wheat_disease_main\Wheat Disease\Original Dataset\BlackPoint\BlackPoint_94.jpg,D:\ZaraiAI_Tomato_Cotton_Wheat\data\raw\wheat\wheat_disease_main\Wheat Disease\Original Dataset\BlackPoint\BlackPoint_94.jpg,1080,1440,3,JPEG,209384,dc381e15fca8b76edc7eb0a7d23945007d88556836ff327cd61602097ec73593,val
wheat,LeafBlight,LeafBlight_364.jpg,data\raw\wheat\wheat_disease_main\Wheat Disease\Original Dataset\LeafBlight\LeafBlight_364.jpg,D:\ZaraiAI_Tomato_Cotton_Wheat\data\raw\wheat\wheat_disease_main\Wheat Disease\Original Dataset\LeafBlight\LeafBlight_364.jpg,1440,1080,3,JPEG,132015,415712003d2564f980c8ab1cbadc7eb06b8d740996fe051f167681e56e9c9327,val
wheat,HealthyLeaf,HealthyLeaf_249.jpg,data\raw\wheat\wheat_disease_main\Wheat Disease\Original Dataset\HealthyLeaf\HealthyLeaf_249.jpg,D:\ZaraiAI_Tomato_Cotton_Wheat\data\raw\wheat\wheat_disease_main\Wheat Disease\Original Dataset\HealthyLeaf\HealthyLeaf_249.jpg,1080,1440,3,JPEG,436856,8bbdc9a94319f996305eeb698b059768333869b24170f3731870dc8412d810aa,val
wheat,LeafBlight,LeafBlight_161.jpg,data\raw\wheat\wheat_disease_main\Wheat Disease\Original Dataset\LeafBlight\LeafBlight_161.jpg,D:\ZaraiAI_Tomato_Cotton_Wheat\data\raw\wheat\wheat_disease_main\Wheat Disease\Original Dataset\LeafBlight\LeafBlight_161.jpg,1440,1080,3,JPEG,310357,bf31e8f901a6fe156511c44c512e7930f4932210192a6ca206eed1e09f2f5bc8,val
wheat,LeafBlight,LeafBlight_11.jpg,data\raw\wheat\wheat_disease_main\Wheat Disease\Original Dataset\LeafBlight\LeafBlight_11.jpg,D:\ZaraiAI_Tomato_Cotton_Wheat\data\raw\wheat\wheat_disease_main\Wheat Disease\Original Dataset\LeafBlight\LeafBlight_11.jpg,1440,1080,3,JPEG,318387,0917bc421619f62eaccb25e9d2880f21c09f2be33c6cecaba06921429aad3315,val
wheat,WheatBlast,WheatBlast_166.jpg,data\raw\wheat\wheat_disease_main\Wheat Disease\Original Dataset\WheatBlast\WheatBlast_166.jpg,D:\ZaraiAI_Tomato_Cotton_Wheat\data\raw\wheat\wheat_disease_main\Wheat Disease\Original Dataset\WheatBlast\WheatBlast_166.jpg,1440,1080,3,JPEG,456923,9197cc8a6d17d5c676526bc7aad2e9edba4094cbb2a17388b022a8f502889d69,val
wheat,BlackPoint,BlackPoint_184.jpg,data\raw\wheat\wheat_disease_main\Wheat Disease\Original Dataset\BlackPoint\BlackPoint_184.jpg,D:\ZaraiAI_Tomato_Cotton_Wheat\data\raw\wheat\wheat_disease_main\Wheat Disease\Original Dataset\BlackPoint\BlackPoint_184.jpg,1440,1080,3,JPEG,266825,8f4e3d35a657180c9444280fd4b1895da624031a74817bcc88158a509147c0a2,val
wheat,WheatBlast,WheatBlast_8.jpg,data\raw\wheat\wheat_disease_main\Wheat Disease\Original Dataset\WheatBlast\WheatBlast_8.jpg,D:\ZaraiAI_Tomato_Cotton_Wheat\data\raw\wheat\wheat_disease_main\Wheat Disease\Original Dataset\WheatBlast\WheatBlast_8.jpg,1440,1080,3,JPEG,409623,184abbcb2f8e02edb037d54ef54bbfd3ae1dd17b647405e6a278153743450569,val
wheat,HealthyLeaf,HealthyLeaf_167.jpg,data\raw\wheat\wheat_disease_main\Wheat Disease\Original Dataset\HealthyLeaf\HealthyLeaf_167.jpg,D:\ZaraiAI_Tomato_Cotton_Wheat\data\raw\wheat\wheat_disease_main\Wheat Disease\Original Dataset\HealthyLeaf\HealthyLeaf_167.jpg,1080,1440,3,JPEG,287226,8ceb7a39cff353e19249ec48df88242e158b627ea85fb5af0c772a8f50b2c31a,val
wheat,LeafBlight,LeafBlight_155.jpg,data\raw\wheat\wheat_disease_main\Wheat Disease\Original Dataset\LeafBlight\LeafBlight_155.jpg,D:\ZaraiAI_Tomato_Cotton_Wheat\data\raw\wheat\wheat_disease_main\Wheat Disease\Original Dataset\LeafBlight\LeafBlight_155.jpg,1440,1080,3,JPEG,330956,981b316fc5a8472441696d91c65b9188209f8b2907ced4399266b53e652219e4,val
wheat,BlackPoint,BlackPoint_157.jpg,data\raw\wheat\wheat_disease_main\Wheat Disease\Original Dataset\BlackPoint\BlackPoint_157.jpg,D:\ZaraiAI_Tomato_Cotton_Wheat\data\raw\wheat\wheat_disease_main\Wheat Disease\Original Dataset\BlackPoint\BlackPoint_157.jpg,1080,1440,3,JPEG,313520,c558b318005298311e8895cf43277d0276db7a74c024210183ce8a5bd96b3d46,val
wheat,BlackPoint,BlackPoint_63.jpg,data\raw\wheat\wheat_disease_main\Wheat Disease\Original Dataset\BlackPoint\BlackPoint_63.jpg,D:\ZaraiAI_Tomato_Cotton_Wheat\data\raw\wheat\wheat_disease_main\Wheat Disease\Original Dataset\BlackPoint\BlackPoint_63.jpg,1080,1440,3,JPEG,306718,da73dc0f1c56ee7f6857a26045b97e6587163d9bd9e672273e8ccd6f0eb5f29d,val
wheat,HealthyLeaf,HealthyLeaf_226.jpg,data\raw\wheat\wheat_disease_main\Wheat Disease\Original Dataset\HealthyLeaf\HealthyLeaf_226.jpg,D:\ZaraiAI_Tomato_Cotton_Wheat\data\raw\wheat\wheat_disease_main\Wheat Disease\Original Dataset\HealthyLeaf\HealthyLeaf_226.jpg,1080,1440,3,JPEG,282615,255c55f4054748f0b75196546c98cb1f847424396b528e92c47c0e779be1b02e,val
wheat,LeafBlight,LeafBlight_303.jpg,data\raw\wheat\wheat_disease_main\Wheat Disease\Original Dataset\LeafBlight\LeafBlight_303.jpg,D:\ZaraiAI_Tomato_Cotton_Wheat\data\raw\wheat\wheat_disease_main\Wheat Disease\Original Dataset\LeafBlight\LeafBlight_303.jpg,1440,1080,3,JPEG,195987,5346c527cab6b1fafb7be6df48910a7e8a7c1f865d0b6e6ebc5f0c7568e054e9,val
wheat,BlackPoint,BlackPoint_251.jpg,data\raw\wheat\wheat_disease_main\Wheat Disease\Original Dataset\BlackPoint\BlackPoint_251.jpg,D:\ZaraiAI_Tomato_Cotton_Wheat\data\raw\wheat\wheat_disease_main\Wheat Disease\Original Dataset\BlackPoint\BlackPoint_251.jpg,1440,1080,3,JPEG,140976,94db2b62964d5f20d1675cfd4b19ab4ba4e13a4d7026ffa4dfcd5f88bf7b7def,val
wheat,HealthyLeaf,HealthyLeaf_87.jpg,data\raw\wheat\wheat_disease_main\Wheat Disease\Original Dataset\HealthyLeaf\HealthyLeaf_87.jpg,D:\ZaraiAI_Tomato_Cotton_Wheat\data\raw\wheat\wheat_disease_main\Wheat Disease\Original Dataset\HealthyLeaf\HealthyLeaf_87.jpg,1080,1440,3,JPEG,331721,2cca9077dc610d411b31be1930382bf39322925946c848276b22d410c0e4eb19,val
wheat,WheatBlast,WheatBlast_168.jpg,data\raw\wheat\wheat_disease_main\Wheat Disease\Original Dataset\WheatBlast\WheatBlast_168.jpg,D:\ZaraiAI_Tomato_Cotton_Wheat\data\raw\wheat\wheat_disease_main\Wheat Disease\Original Dataset\WheatBlast\WheatBlast_168.jpg,1440,1080,3,JPEG,419842,95c62c3c42df5cfc97e0b832e20a5a073ebfdeff26a9ad6ac6fe3dcef476d6f7,val
wheat,FusariumFootRot,FusariumFootRot_182.jpg,data\raw\wheat\wheat_disease_main\Wheat Disease\Original Dataset\FusariumFootRot\FusariumFootRot_182.jpg,D:\ZaraiAI_Tomato_Cotton_Wheat\data\raw\wheat\wheat_disease_main\Wheat Disease\Original Dataset\FusariumFootRot\FusariumFootRot_182.jpg,1080,1440,3,JPEG,480023,2c1543b8d41826fda57ecd4f9a2a12732f9a7f46edca3cc9600fa29f48b0bf9b,val
wheat,HealthyLeaf,HealthyLeaf_225.jpg,data\raw\wheat\wheat_disease_main\Wheat Disease\Original Dataset\HealthyLeaf\HealthyLeaf_225.jpg,D:\ZaraiAI_Tomato_Cotton_Wheat\data\raw\wheat\wheat_disease_main\Wheat Disease\Original Dataset\HealthyLeaf\HealthyLeaf_225.jpg,1080,1440,3,JPEG,317864,006ab2ca2fcd4b950d16c45bbcd3eeb06a063c489849f761b289546c5e9c7026,val
wheat,LeafBlight,LeafBlight_110.jpg,data\raw\wheat\wheat_disease_main\Wheat Disease\Original Dataset\LeafBlight\LeafBlight_110.jpg,D:\ZaraiAI_Tomato_Cotton_Wheat\data\raw\wheat\wheat_disease_main\Wheat Disease\Original Dataset\LeafBlight\LeafBlight_110.jpg,1440,1080,3,JPEG,315298,2b7b0097f14188003fe2bb08aff8b98949ca7f5d582380ee603599289f9f4212,val
wheat,FusariumFootRot,FusariumFootRot_63.jpg,data\raw\wheat\wheat_disease_main\Wheat Disease\Original Dataset\FusariumFootRot\FusariumFootRot_63.jpg,D:\ZaraiAI_Tomato_Cotton_Wheat\data\raw\wheat\wheat_disease_main\Wheat Disease\Original Dataset\FusariumFootRot\FusariumFootRot_63.jpg,1440,1080,3,JPEG,400392,9eee22e462e345fbe6aba4e442a53928c298018a93d79f43593b0cbe5ffc9b6f,val
wheat,LeafBlight,LeafBlight_320.jpg,data\raw\wheat\wheat_disease_main\Wheat Disease\Original Dataset\LeafBlight\LeafBlight_320.jpg,D:\ZaraiAI_Tomato_Cotton_Wheat\data\raw\wheat\wheat_disease_main\Wheat Disease\Original Dataset\LeafBlight\LeafBlight_320.jpg,1440,1080,3,JPEG,245180,d2b1724c07f6ed08d6c3dcd500a651aa19bf64544647b9dbc58ab8786dfd2d76,val
wheat,WheatBlast,WheatBlast_45.jpg,data\raw\wheat\wheat_disease_main\Wheat Disease\Original Dataset\WheatBlast\WheatBlast_45.jpg,D:\ZaraiAI_Tomato_Cotton_Wheat\data\raw\wheat\wheat_disease_main\Wheat Disease\Original Dataset\WheatBlast\WheatBlast_45.jpg,1440,1080,3,JPEG,386259,e66bbdf4138d158138148b10e3c3e5a01763343cd0354fed7ffd3c6bf4c932f1,val
wheat,HealthyLeaf,HealthyLeaf_245.jpg,data\raw\wheat\wheat_disease_main\Wheat Disease\Original Dataset\HealthyLeaf\HealthyLeaf_245.jpg,D:\ZaraiAI_Tomato_Cotton_Wheat\data\raw\wheat\wheat_disease_main\Wheat Disease\Original Dataset\HealthyLeaf\HealthyLeaf_245.jpg,1080,1440,3,JPEG,480467,8bf1ea3bfb34c1c515f33f426312268407cc56723203c7ee381be998f1e2e4d1,val
wheat,BlackPoint,BlackPoint_10.jpg,data\raw\wheat\wheat_disease_main\Wheat Disease\Original Dataset\BlackPoint\BlackPoint_10.jpg,D:\ZaraiAI_Tomato_Cotton_Wheat\data\raw\wheat\wheat_disease_main\Wheat Disease\Original Dataset\BlackPoint\BlackPoint_10.jpg,1080,1440,3,JPEG,312613,91785b4f4c2cc09038782d6982fdbbd9163b6d7cc1d372faa7945e0201d72a52,val
wheat,HealthyLeaf,HealthyLeaf_173.jpg,data\raw\wheat\wheat_disease_main\Wheat Disease\Original Dataset\HealthyLeaf\HealthyLeaf_173.jpg,D:\ZaraiAI_Tomato_Cotton_Wheat\data\raw\wheat\wheat_disease_main\Wheat Disease\Original Dataset\HealthyLeaf\HealthyLeaf_173.jpg,1080,1440,3,JPEG,225204,814fa53275fc1b7a5379f8ad8f93e771164c4e981c5303e618a808e9af22bdbc,val
wheat,LeafBlight,LeafBlight_273.jpg,data\raw\wheat\wheat_disease_main\Wheat Disease\Original Dataset\LeafBlight\LeafBlight_273.jpg,D:\ZaraiAI_Tomato_Cotton_Wheat\data\raw\wheat\wheat_disease_main\Wheat Disease\Original Dataset\LeafBlight\LeafBlight_273.jpg,1440,1080,3,JPEG,199889,476308d78511e3d12fc57556034c05e743e393448641eea7804b23d763850732,val
wheat,WheatBlast,WheatBlast_289.jpg,data\raw\wheat\wheat_disease_main\Wheat Disease\Original Dataset\WheatBlast\WheatBlast_289.jpg,D:\ZaraiAI_Tomato_Cotton_Wheat\data\raw\wheat\wheat_disease_main\Wheat Disease\Original Dataset\WheatBlast\WheatBlast_289.jpg,1440,1080,3,JPEG,487688,f2d758245e56aed9326758fffceb39c3f813c5aec17e978e4547e900972e4342,val
wheat,WheatBlast,WheatBlast_117.jpg,data\raw\wheat\wheat_disease_main\Wheat Disease\Original Dataset\WheatBlast\WheatBlast_117.jpg,D:\ZaraiAI_Tomato_Cotton_Wheat\data\raw\wheat\wheat_disease_main\Wheat Disease\Original Dataset\WheatBlast\WheatBlast_117.jpg,1440,1080,3,JPEG,390925,bdc49b6090e7ffa4232916d387d89f076250ead39ecde51a6abc249350d7bc5c,val
wheat,FusariumFootRot,FusariumFootRot_90.jpg,data\raw\wheat\wheat_disease_main\Wheat Disease\Original Dataset\FusariumFootRot\FusariumFootRot_90.jpg,D:\ZaraiAI_Tomato_Cotton_Wheat\data\raw\wheat\wheat_disease_main\Wheat Disease\Original Dataset\FusariumFootRot\FusariumFootRot_90.jpg,1080,1440,3,JPEG,397832,08923904340d2f6c38db0f1a9c5e8136562ec1af9cb22d6230fb371901797e39,val
wheat,FusariumFootRot,FusariumFootRot_74.jpg,data\raw\wheat\wheat_disease_main\Wheat Disease\Original Dataset\FusariumFootRot\FusariumFootRot_74.jpg,D:\ZaraiAI_Tomato_Cotton_Wheat\data\raw\wheat\wheat_disease_main\Wheat Disease\Original Dataset\FusariumFootRot\FusariumFootRot_74.jpg,1080,1440,3,JPEG,328087,aee59fbea0ab7169ba2a46330b1f7d88b3f8e092abd70179ab028785f75571cb,val
wheat,LeafBlight,LeafBlight_138.jpg,data\raw\wheat\wheat_disease_main\Wheat Disease\Original Dataset\LeafBlight\LeafBlight_138.jpg,D:\ZaraiAI_Tomato_Cotton_Wheat\data\raw\wheat\wheat_disease_main\Wheat Disease\Original Dataset\LeafBlight\LeafBlight_138.jpg,1440,1080,3,JPEG,288861,aacaecefdb002a0aa1849d39e27a04ef7cf787efea3f25f05108d88be871a12a,val
wheat,FusariumFootRot,FusariumFootRot_153.jpg,data\raw\wheat\wheat_disease_main\Wheat Disease\Original Dataset\FusariumFootRot\FusariumFootRot_153.jpg,D:\ZaraiAI_Tomato_Cotton_Wheat\data\raw\wheat\wheat_disease_main\Wheat Disease\Original Dataset\FusariumFootRot\FusariumFootRot_153.jpg,1080,1440,3,JPEG,449204,c18ca22cb8d57f19228f056b29cc2cc46fc312ef9f52c26003c8314db79bb11e,val
wheat,BlackPoint,BlackPoint_117.jpg,data\raw\wheat\wheat_disease_main\Wheat Disease\Original Dataset\BlackPoint\BlackPoint_117.jpg,D:\ZaraiAI_Tomato_Cotton_Wheat\data\raw\wheat\wheat_disease_main\Wheat Disease\Original Dataset\BlackPoint\BlackPoint_117.jpg,400,533,3,JPEG,53569,f1c97d5ba8cddb388c7420a20361b6e3f5031d7aa511371acfc360e45c084c0a,val
wheat,FusariumFootRot,FusariumFootRot_101.jpg,data\raw\wheat\wheat_disease_main\Wheat Disease\Original Dataset\FusariumFootRot\FusariumFootRot_101.jpg,D:\ZaraiAI_Tomato_Cotton_Wheat\data\raw\wheat\wheat_disease_main\Wheat Disease\Original Dataset\FusariumFootRot\FusariumFootRot_101.jpg,1080,1440,3,JPEG,268786,bffc37dc792f042a6def13c6bc3df6fd4c9f6df1fc85a3d57b341a7357c99917,val
wheat,BlackPoint,BlackPoint_191.jpg,data\raw\wheat\wheat_disease_main\Wheat Disease\Original Dataset\BlackPoint\BlackPoint_191.jpg,D:\ZaraiAI_Tomato_Cotton_Wheat\data\raw\wheat\wheat_disease_main\Wheat Disease\Original Dataset\BlackPoint\BlackPoint_191.jpg,1080,1440,3,JPEG,299605,b0c16f81d4d5b26561608c9b274073912ffcfb09702a1b63352381df8a173c27,val
wheat,FusariumFootRot,FusariumFootRot_238.jpg,data\raw\wheat\wheat_disease_main\Wheat Disease\Original Dataset\FusariumFootRot\FusariumFootRot_238.jpg,D:\ZaraiAI_Tomato_Cotton_Wheat\data\raw\wheat\wheat_disease_main\Wheat Disease\Original Dataset\FusariumFootRot\FusariumFootRot_238.jpg,1080,1440,3,JPEG,422217,1d0f404f4d487fc10a060acb1fe879662fa0dbc9ca16dff15563364569bcf59d,val
wheat,LeafBlight,LeafBlight_91.jpg,data\raw\wheat\wheat_disease_main\Wheat Disease\Original Dataset\LeafBlight\LeafBlight_91.jpg,D:\ZaraiAI_Tomato_Cotton_Wheat\data\raw\wheat\wheat_disease_main\Wheat Disease\Original Dataset\LeafBlight\LeafBlight_91.jpg,1440,1080,3,JPEG,352317,6eb19453fa10cd95fc2a5dcadbc48f18a1d90a70e133b3b82b7d59dbb3682987,val
wheat,LeafBlight,LeafBlight_317.jpg,data\raw\wheat\wheat_disease_main\Wheat Disease\Original Dataset\LeafBlight\LeafBlight_317.jpg,D:\ZaraiAI_Tomato_Cotton_Wheat\data\raw\wheat\wheat_disease_main\Wheat Disease\Original Dataset\LeafBlight\LeafBlight_317.jpg,1440,1080,3,JPEG,222138,26f4672cf3a6a99883a111f125bf96a66863efd580c2aec2628d8bc0626b1857,val
wheat,FusariumFootRot,FusariumFootRot_103.jpg,data\raw\wheat\wheat_disease_main\Wheat Disease\Original Dataset\FusariumFootRot\FusariumFootRot_103.jpg,D:\ZaraiAI_Tomato_Cotton_Wheat\data\raw\wheat\wheat_disease_main\Wheat Disease\Original Dataset\FusariumFootRot\FusariumFootRot_103.jpg,1080,1440,3,JPEG,274179,ce35215d88bd21242881310cdb65916073fe73f0b89a5c52d4c28f785e5beaa1,val
wheat,WheatBlast,WheatBlast_340.jpg,data\raw\wheat\wheat_disease_main\Wheat Disease\Original Dataset\WheatBlast\WheatBlast_340.jpg,D:\ZaraiAI_Tomato_Cotton_Wheat\data\raw\wheat\wheat_disease_main\Wheat Disease\Original Dataset\WheatBlast\WheatBlast_340.jpg,1440,1080,3,JPEG,382394,0fb24ed4d637029265615d9e66e4e9eac7df0403738b72b2124ecc988c782f38,val
wheat,WheatBlast,WheatBlast_15.jpg,data\raw\wheat\wheat_disease_main\Wheat Disease\Original Dataset\WheatBlast\WheatBlast_15.jpg,D:\ZaraiAI_Tomato_Cotton_Wheat\data\raw\wheat\wheat_disease_main\Wheat Disease\Original Dataset\WheatBlast\WheatBlast_15.jpg,1440,1080,3,JPEG,419857,299d2f05f5b86875089e695c04caa22ca5ba0bf92e2c191c132fa3cc42546ead,val
wheat,FusariumFootRot,FusariumFootRot_212.jpg,data\raw\wheat\wheat_disease_main\Wheat Disease\Original Dataset\FusariumFootRot\FusariumFootRot_212.jpg,D:\ZaraiAI_Tomato_Cotton_Wheat\data\raw\wheat\wheat_disease_main\Wheat Disease\Original Dataset\FusariumFootRot\FusariumFootRot_212.jpg,1080,1440,3,JPEG,412912,0ee17329a9f878c34c741cf72c43991d2ec36288c1aacc08347f6b41337ca527,val
wheat,BlackPoint,BlackPoint_179.jpg,data\raw\wheat\wheat_disease_main\Wheat Disease\Original Dataset\BlackPoint\BlackPoint_179.jpg,D:\ZaraiAI_Tomato_Cotton_Wheat\data\raw\wheat\wheat_disease_main\Wheat Disease\Original Dataset\BlackPoint\BlackPoint_179.jpg,1440,1080,3,JPEG,187275,caa32405a017ca060553bcf3f13d14f47c573ccfb20eeb0196faa1f6129c643f,val
wheat,FusariumFootRot,FusariumFootRot_125.jpg,data\raw\wheat\wheat_disease_main\Wheat Disease\Original Dataset\FusariumFootRot\FusariumFootRot_125.jpg,D:\ZaraiAI_Tomato_Cotton_Wheat\data\raw\wheat\wheat_disease_main\Wheat Disease\Original Dataset\FusariumFootRot\FusariumFootRot_125.jpg,1080,1440,3,JPEG,356938,3b06248c96b1db8a496fd393e6446a4b82a31588e2ba7eef909ecbedbd06ca97,val
wheat,LeafBlight,LeafBlight_71.jpg,data\raw\wheat\wheat_disease_main\Wheat Disease\Original Dataset\LeafBlight\LeafBlight_71.jpg,D:\ZaraiAI_Tomato_Cotton_Wheat\data\raw\wheat\wheat_disease_main\Wheat Disease\Original Dataset\LeafBlight\LeafBlight_71.jpg,1440,1080,3,JPEG,328750,367d214fa33409d778f9e2ca3f7a68e25ce66f8a3766167138f085420aaeec82,val
wheat,WheatBlast,WheatBlast_318.jpg,data\raw\wheat\wheat_disease_main\Wheat Disease\Original Dataset\WheatBlast\WheatBlast_318.jpg,D:\ZaraiAI_Tomato_Cotton_Wheat\data\raw\wheat\wheat_disease_main\Wheat Disease\Original Dataset\WheatBlast\WheatBlast_318.jpg,1440,1080,3,JPEG,481702,c23933b46c0a2dcccfc2ea5455cc1dc03b5397dd8988bc52fcd970a872bb2ca8,val
wheat,HealthyLeaf,HealthyLeaf_133.jpg,data\raw\wheat\wheat_disease_main\Wheat Disease\Original Dataset\HealthyLeaf\HealthyLeaf_133.jpg,D:\ZaraiAI_Tomato_Cotton_Wheat\data\raw\wheat\wheat_disease_main\Wheat Disease\Original Dataset\HealthyLeaf\HealthyLeaf_133.jpg,1080,1440,3,JPEG,412520,17a715af15051a4db50cf65e7c01d8d28d545f9ddd731844afdc68b6d4ec2e70,val
wheat,HealthyLeaf,HealthyLeaf_23.jpg,data\raw\wheat\wheat_disease_main\Wheat Disease\Original Dataset\HealthyLeaf\HealthyLeaf_23.jpg,D:\ZaraiAI_Tomato_Cotton_Wheat\data\raw\wheat\wheat_disease_main\Wheat Disease\Original Dataset\HealthyLeaf\HealthyLeaf_23.jpg,1080,1440,3,JPEG,231748,e3cf30ccdcc960eb3e024da07b2a7afd8f80b3cf244cb3ceeac4e87027518b1a,val
wheat,WheatBlast,WheatBlast_315.jpg,data\raw\wheat\wheat_disease_main\Wheat Disease\Original Dataset\WheatBlast\WheatBlast_315.jpg,D:\ZaraiAI_Tomato_Cotton_Wheat\data\raw\wheat\wheat_disease_main\Wheat Disease\Original Dataset\WheatBlast\WheatBlast_315.jpg,1440,1080,3,JPEG,535096,bb557bc66e36fa04158b93efcc4ae899faa7e17180c4ed0d7e35810c6e4ffc91,val
wheat,FusariumFootRot,FusariumFootRot_99.jpg,data\raw\wheat\wheat_disease_main\Wheat Disease\Original Dataset\FusariumFootRot\FusariumFootRot_99.jpg,D:\ZaraiAI_Tomato_Cotton_Wheat\data\raw\wheat\wheat_disease_main\Wheat Disease\Original Dataset\FusariumFootRot\FusariumFootRot_99.jpg,1080,1440,3,JPEG,267730,f82029fb9f2f4e5b91eac638e1998a9f17475a91d982efb2842ebe70c996b433,val
wheat,LeafBlight,LeafBlight_145.jpg,data\raw\wheat\wheat_disease_main\Wheat Disease\Original Dataset\LeafBlight\LeafBlight_145.jpg,D:\ZaraiAI_Tomato_Cotton_Wheat\data\raw\wheat\wheat_disease_main\Wheat Disease\Original Dataset\LeafBlight\LeafBlight_145.jpg,1440,1080,3,JPEG,360548,8aeb2c49e6c8d8f3ba0985bf6c3953b4b49b59cb571de0a57f97562f34482500,val
wheat,BlackPoint,BlackPoint_303.jpg,data\raw\wheat\wheat_disease_main\Wheat Disease\Original Dataset\BlackPoint\BlackPoint_303.jpg,D:\ZaraiAI_Tomato_Cotton_Wheat\data\raw\wheat\wheat_disease_main\Wheat Disease\Original Dataset\BlackPoint\BlackPoint_303.jpg,1080,1440,3,JPEG,247968,58a1c2d79474d9ed22530b71c9286bf95d8fa3514db0b173391c9b5be2953f30,val
wheat,BlackPoint,BlackPoint_181.jpg,data\raw\wheat\wheat_disease_main\Wheat Disease\Original Dataset\BlackPoint\BlackPoint_181.jpg,D:\ZaraiAI_Tomato_Cotton_Wheat\data\raw\wheat\wheat_disease_main\Wheat Disease\Original Dataset\BlackPoint\BlackPoint_181.jpg,1440,1080,3,JPEG,184100,856296f88d81439dde8671b6426f382e303249ad95522cea13959e75dd7c53a6,val
wheat,LeafBlight,LeafBlight_355.jpg,data\raw\wheat\wheat_disease_main\Wheat Disease\Original Dataset\LeafBlight\LeafBlight_355.jpg,D:\ZaraiAI_Tomato_Cotton_Wheat\data\raw\wheat\wheat_disease_main\Wheat Disease\Original Dataset\LeafBlight\LeafBlight_355.jpg,1440,1080,3,JPEG,160526,e2a18e6fae7f47da1515f28172f57f7c4806500c11295f99eaf9a41b1f97ff73,val
wheat,LeafBlight,LeafBlight_345.jpg,data\raw\wheat\wheat_disease_main\Wheat Disease\Original Dataset\LeafBlight\LeafBlight_345.jpg,D:\ZaraiAI_Tomato_Cotton_Wheat\data\raw\wheat\wheat_disease_main\Wheat Disease\Original Dataset\LeafBlight\LeafBlight_345.jpg,1440,1080,3,JPEG,201645,6225ae01c6d0df4b702ae2cefe12fb09f717c81e3f6f955af1c1d2635e8b301b,val
wheat,WheatBlast,WheatBlast_58.jpg,data\raw\wheat\wheat_disease_main\Wheat Disease\Original Dataset\WheatBlast\WheatBlast_58.jpg,D:\ZaraiAI_Tomato_Cotton_Wheat\data\raw\wheat\wheat_disease_main\Wheat Disease\Original Dataset\WheatBlast\WheatBlast_58.jpg,1440,1080,3,JPEG,375007,48697fb9693070abd763ae9133358d82ed10a43cb15d44e2cfb45341f8b064cc,val
wheat,BlackPoint,BlackPoint_23.jpg,data\raw\wheat\wheat_disease_main\Wheat Disease\Original Dataset\BlackPoint\BlackPoint_23.jpg,D:\ZaraiAI_Tomato_Cotton_Wheat\data\raw\wheat\wheat_disease_main\Wheat Disease\Original Dataset\BlackPoint\BlackPoint_23.jpg,1080,1440,3,JPEG,290089,f975af6b466b2dec65cc8aca61cf1b49637f28dbddfdc20280be4b17977e63e5,val
wheat,HealthyLeaf,HealthyLeaf_20.jpg,data\raw\wheat\wheat_disease_main\Wheat Disease\Original Dataset\HealthyLeaf\HealthyLeaf_20.jpg,D:\ZaraiAI_Tomato_Cotton_Wheat\data\raw\wheat\wheat_disease_main\Wheat Disease\Original Dataset\HealthyLeaf\HealthyLeaf_20.jpg,1080,1440,3,JPEG,293166,bb1597c79322d22c383db767527dd690d4b2ff33d5904c73140cdefde198517e,val
wheat,LeafBlight,LeafBlight_389.jpg,data\raw\wheat\wheat_disease_main\Wheat Disease\Original Dataset\LeafBlight\LeafBlight_389.jpg,D:\ZaraiAI_Tomato_Cotton_Wheat\data\raw\wheat\wheat_disease_main\Wheat Disease\Original Dataset\LeafBlight\LeafBlight_389.jpg,1440,1080,3,JPEG,113000,94f1f8bfa6b73d378845322284edef5d4a50fabc04a74b7dfa53952341cb6709,val
wheat,BlackPoint,BlackPoint_249.jpg,data\raw\wheat\wheat_disease_main\Wheat Disease\Original Dataset\BlackPoint\BlackPoint_249.jpg,D:\ZaraiAI_Tomato_Cotton_Wheat\data\raw\wheat\wheat_disease_main\Wheat Disease\Original Dataset\BlackPoint\BlackPoint_249.jpg,1440,1080,3,JPEG,141351,74bac63e333f09bcb75a6ef4e117cfb0f8ad81078d531713ff41536a7e40dc60,val
wheat,WheatBlast,WheatBlast_155.jpg,data\raw\wheat\wheat_disease_main\Wheat Disease\Original Dataset\WheatBlast\WheatBlast_155.jpg,D:\ZaraiAI_Tomato_Cotton_Wheat\data\raw\wheat\wheat_disease_main\Wheat Disease\Original Dataset\WheatBlast\WheatBlast_155.jpg,1440,1080,3,JPEG,401833,3f0f296f87c60c0c985f158e45a2dc391ce103c33690d7ae42837ede9ff485b5,val
wheat,BlackPoint,BlackPoint_91.jpg,data\raw\wheat\wheat_disease_main\Wheat Disease\Original Dataset\BlackPoint\BlackPoint_91.jpg,D:\ZaraiAI_Tomato_Cotton_Wheat\data\raw\wheat\wheat_disease_main\Wheat Disease\Original Dataset\BlackPoint\BlackPoint_91.jpg,1080,1440,3,JPEG,208609,a5b4da42e2ec748708f58163c48559deddac6b5f778df44ffd02a61b99b85153,val
wheat,HealthyLeaf,HealthyLeaf_213.jpg,data\raw\wheat\wheat_disease_main\Wheat Disease\Original Dataset\HealthyLeaf\HealthyLeaf_213.jpg,D:\ZaraiAI_Tomato_Cotton_Wheat\data\raw\wheat\wheat_disease_main\Wheat Disease\Original Dataset\HealthyLeaf\HealthyLeaf_213.jpg,1080,1440,3,JPEG,419284,2fa15f4f58ca30d5dcca90ac2a573acf0e5f7d2532fc9b6688fcea50881b0471,val
wheat,LeafBlight,LeafBlight_121.jpg,data\raw\wheat\wheat_disease_main\Wheat Disease\Original Dataset\LeafBlight\LeafBlight_121.jpg,D:\ZaraiAI_Tomato_Cotton_Wheat\data\raw\wheat\wheat_disease_main\Wheat Disease\Original Dataset\LeafBlight\LeafBlight_121.jpg,1440,1080,3,JPEG,331638,45c954070a601c455ff979019c4938045b9154ab297c278e65539b747a5112d9,val
wheat,WheatBlast,WheatBlast_382.jpg,data\raw\wheat\wheat_disease_main\Wheat Disease\Original Dataset\WheatBlast\WheatBlast_382.jpg,D:\ZaraiAI_Tomato_Cotton_Wheat\data\raw\wheat\wheat_disease_main\Wheat Disease\Original Dataset\WheatBlast\WheatBlast_382.jpg,1440,1080,3,JPEG,494105,917be6addef676cc388df6ec60f61739cdc20c36af57d14ffa2f785780d101af,val
wheat,BlackPoint,BlackPoint_47.jpg,data\raw\wheat\wheat_disease_main\Wheat Disease\Original Dataset\BlackPoint\BlackPoint_47.jpg,D:\ZaraiAI_Tomato_Cotton_Wheat\data\raw\wheat\wheat_disease_main\Wheat Disease\Original Dataset\BlackPoint\BlackPoint_47.jpg,1080,1440,3,JPEG,356235,1cc3524d79ed83e639abaddac2de4456864f1d4a0376dbe7ecea8f16043e00d4,val
wheat,HealthyLeaf,HealthyLeaf_208.jpg,data\raw\wheat\wheat_disease_main\Wheat Disease\Original Dataset\HealthyLeaf\HealthyLeaf_208.jpg,D:\ZaraiAI_Tomato_Cotton_Wheat\data\raw\wheat\wheat_disease_main\Wheat Disease\Original Dataset\HealthyLeaf\HealthyLeaf_208.jpg,1080,1440,3,JPEG,425373,8f694cd2708c0b4322d9bff70e92dc1a7c328e0aa97f099fdd318ca613fd9783,val
wheat,FusariumFootRot,FusariumFootRot_113.jpg,data\raw\wheat\wheat_disease_main\Wheat Disease\Original Dataset\FusariumFootRot\FusariumFootRot_113.jpg,D:\ZaraiAI_Tomato_Cotton_Wheat\data\raw\wheat\wheat_disease_main\Wheat Disease\Original Dataset\FusariumFootRot\FusariumFootRot_113.jpg,1080,1440,3,JPEG,347605,43632c87f72220023346a09bc42c5fb9c99cd09a72f9a1d8fa03852770876d73,val
wheat,HealthyLeaf,HealthyLeaf_136.jpg,data\raw\wheat\wheat_disease_main\Wheat Disease\Original Dataset\HealthyLeaf\HealthyLeaf_136.jpg,D:\ZaraiAI_Tomato_Cotton_Wheat\data\raw\wheat\wheat_disease_main\Wheat Disease\Original Dataset\HealthyLeaf\HealthyLeaf_136.jpg,1080,1440,3,JPEG,331516,425fd1ff637f9c08f6e9f205fb77342b96b45a76b5d9bf263716307e207bb2b2,val
wheat,FusariumFootRot,FusariumFootRot_30.jpg,data\raw\wheat\wheat_disease_main\Wheat Disease\Original Dataset\FusariumFootRot\FusariumFootRot_30.jpg,D:\ZaraiAI_Tomato_Cotton_Wheat\data\raw\wheat\wheat_disease_main\Wheat Disease\Original Dataset\FusariumFootRot\FusariumFootRot_30.jpg,1080,1440,3,JPEG,320436,d1fd4978b449eb5a14e63f4c8f3556604c1e96d062766a09c8ee8ffd69185fad,val
wheat,LeafBlight,LeafBlight_247.jpg,data\raw\wheat\wheat_disease_main\Wheat Disease\Original Dataset\LeafBlight\LeafBlight_247.jpg,D:\ZaraiAI_Tomato_Cotton_Wheat\data\raw\wheat\wheat_disease_main\Wheat Disease\Original Dataset\LeafBlight\LeafBlight_247.jpg,1440,1080,3,JPEG,264711,4e0da489c032ab7b8b62959d385a85a609fbb10bb1db83ba2cac2146c97a8492,val
wheat,HealthyLeaf,HealthyLeaf_247.jpg,data\raw\wheat\wheat_disease_main\Wheat Disease\Original Dataset\HealthyLeaf\HealthyLeaf_247.jpg,D:\ZaraiAI_Tomato_Cotton_Wheat\data\raw\wheat\wheat_disease_main\Wheat Disease\Original Dataset\HealthyLeaf\HealthyLeaf_247.jpg,1080,1440,3,JPEG,343345,6b1497de9796b9d337bc1660180c8f8edd8177625d65f6541999e0cbdfe95fba,val
wheat,HealthyLeaf,HealthyLeaf_8.jpg,data\raw\wheat\wheat_disease_main\Wheat Disease\Original Dataset\HealthyLeaf\HealthyLeaf_8.jpg,D:\ZaraiAI_Tomato_Cotton_Wheat\data\raw\wheat\wheat_disease_main\Wheat Disease\Original Dataset\HealthyLeaf\HealthyLeaf_8.jpg,1080,1440,3,JPEG,257976,d5aa20086e3ec9b4f49a9f484229eb70ab64a30f0e62ddbb60e5245c958171b3,val
wheat,LeafBlight,LeafBlight_324.jpg,data\raw\wheat\wheat_disease_main\Wheat Disease\Original Dataset\LeafBlight\LeafBlight_324.jpg,D:\ZaraiAI_Tomato_Cotton_Wheat\data\raw\wheat\wheat_disease_main\Wheat Disease\Original Dataset\LeafBlight\LeafBlight_324.jpg,1440,1080,3,JPEG,203824,21488535c25743f91c5c04d846ebf8df2bfa677ac1dbe30120953ff9291b1d21,val
wheat,HealthyLeaf,HealthyLeaf_32.jpg,data\raw\wheat\wheat_disease_main\Wheat Disease\Original Dataset\HealthyLeaf\HealthyLeaf_32.jpg,D:\ZaraiAI_Tomato_Cotton_Wheat\data\raw\wheat\wheat_disease_main\Wheat Disease\Original Dataset\HealthyLeaf\HealthyLeaf_32.jpg,1080,1440,3,JPEG,298270,357eaa3635fbee49a5f7a4e060e62a1e9c7e74a0e8cc01436ccd8e0361f01576,val
wheat,BlackPoint,BlackPoint_13.jpg,data\raw\wheat\wheat_disease_main\Wheat Disease\Original Dataset\BlackPoint\BlackPoint_13.jpg,D:\ZaraiAI_Tomato_Cotton_Wheat\data\raw\wheat\wheat_disease_main\Wheat Disease\Original Dataset\BlackPoint\BlackPoint_13.jpg,1080,1440,3,JPEG,271213,4090d5d5d12c14f910c55ba0ed68cba2c2650c1ca36b15d0b704d559fb5eee32,val
wheat,HealthyLeaf,HealthyLeaf_228.jpg,data\raw\wheat\wheat_disease_main\Wheat Disease\Original Dataset\HealthyLeaf\HealthyLeaf_228.jpg,D:\ZaraiAI_Tomato_Cotton_Wheat\data\raw\wheat\wheat_disease_main\Wheat Disease\Original Dataset\HealthyLeaf\HealthyLeaf_228.jpg,1080,1440,3,JPEG,309324,b7e3593801bb7a2ad3cade3646985ff6209e7398a0b6a6043afc811f9bbdadf3,val
wheat,FusariumFootRot,FusariumFootRot_15.jpg,data\raw\wheat\wheat_disease_main\Wheat Disease\Original Dataset\FusariumFootRot\FusariumFootRot_15.jpg,D:\ZaraiAI_Tomato_Cotton_Wheat\data\raw\wheat\wheat_disease_main\Wheat Disease\Original Dataset\FusariumFootRot\FusariumFootRot_15.jpg,1440,1080,3,JPEG,410424,53e678b5de095ec939312ee651e6fd12c76c56155d64035be8961347df341ca7,val
wheat,BlackPoint,BlackPoint_138.jpg,data\raw\wheat\wheat_disease_main\Wheat Disease\Original Dataset\BlackPoint\BlackPoint_138.jpg,D:\ZaraiAI_Tomato_Cotton_Wheat\data\raw\wheat\wheat_disease_main\Wheat Disease\Original Dataset\BlackPoint\BlackPoint_138.jpg,1080,1440,3,JPEG,413265,14f5e75f298ee6429d6c80bb35318396be0c76f137bb38ec4f85ac79af2a5b1e,val
wheat,LeafBlight,LeafBlight_140.jpg,data\raw\wheat\wheat_disease_main\Wheat Disease\Original Dataset\LeafBlight\LeafBlight_140.jpg,D:\ZaraiAI_Tomato_Cotton_Wheat\data\raw\wheat\wheat_disease_main\Wheat Disease\Original Dataset\LeafBlight\LeafBlight_140.jpg,1440,1080,3,JPEG,307761,83df14ddbfa3bd39bb18e97a804fc10ccd3ffea388b064116099dac29c22f88d,val
wheat,FusariumFootRot,FusariumFootRot_121.jpg,data\raw\wheat\wheat_disease_main\Wheat Disease\Original Dataset\FusariumFootRot\FusariumFootRot_121.jpg,D:\ZaraiAI_Tomato_Cotton_Wheat\data\raw\wheat\wheat_disease_main\Wheat Disease\Original Dataset\FusariumFootRot\FusariumFootRot_121.jpg,1080,1440,3,JPEG,350027,dc012d92c3a361553bde6783c4546913fe48c9b810f00033ee59eccfb1db29e8,val
wheat,HealthyLeaf,HealthyLeaf_197.jpg,data\raw\wheat\wheat_disease_main\Wheat Disease\Original Dataset\HealthyLeaf\HealthyLeaf_197.jpg,D:\ZaraiAI_Tomato_Cotton_Wheat\data\raw\wheat\wheat_disease_main\Wheat Disease\Original Dataset\HealthyLeaf\HealthyLeaf_197.jpg,1080,1440,3,JPEG,437021,da2375b026bd27bddce63c91a5d13fec60f28efacb7ea4f118174b9c0f3b145c,val
wheat,LeafBlight,LeafBlight_363.jpg,data\raw\wheat\wheat_disease_main\Wheat Disease\Original Dataset\LeafBlight\LeafBlight_363.jpg,D:\ZaraiAI_Tomato_Cotton_Wheat\data\raw\wheat\wheat_disease_main\Wheat Disease\Original Dataset\LeafBlight\LeafBlight_363.jpg,1440,1080,3,JPEG,148464,74d2729112694b9604daedb6a23526bb00d5093e9d804df6307e7f948aa9de7f,val
wheat,LeafBlight,LeafBlight_102.jpg,data\raw\wheat\wheat_disease_main\Wheat Disease\Original Dataset\LeafBlight\LeafBlight_102.jpg,D:\ZaraiAI_Tomato_Cotton_Wheat\data\raw\wheat\wheat_disease_main\Wheat Disease\Original Dataset\LeafBlight\LeafBlight_102.jpg,1440,1080,3,JPEG,354737,c4df5f385386e7587257d8ba8b4c85867a5842390c7b8a042ee3bef6246ba41c,val
wheat,WheatBlast,WheatBlast_238.jpg,data\raw\wheat\wheat_disease_main\Wheat Disease\Original Dataset\WheatBlast\WheatBlast_238.jpg,D:\ZaraiAI_Tomato_Cotton_Wheat\data\raw\wheat\wheat_disease_main\Wheat Disease\Original Dataset\WheatBlast\WheatBlast_238.jpg,1440,1080,3,JPEG,407282,e2023f09bab4f4833e2cb924d0d9887c8270fd1ca3609c733813456d50e5a163,val
wheat,BlackPoint,BlackPoint_244.jpg,data\raw\wheat\wheat_disease_main\Wheat Disease\Original Dataset\BlackPoint\BlackPoint_244.jpg,D:\ZaraiAI_Tomato_Cotton_Wheat\data\raw\wheat\wheat_disease_main\Wheat Disease\Original Dataset\BlackPoint\BlackPoint_244.jpg,1440,1080,3,JPEG,129374,5c7d64d436b343926b283b1e054a3d63fa1346abb20c91004825e2c5040403a5,val
wheat,BlackPoint,BlackPoint_295.jpg,data\raw\wheat\wheat_disease_main\Wheat Disease\Original Dataset\BlackPoint\BlackPoint_295.jpg,D:\ZaraiAI_Tomato_Cotton_Wheat\data\raw\wheat\wheat_disease_main\Wheat Disease\Original Dataset\BlackPoint\BlackPoint_295.jpg,1080,1440,3,JPEG,211302,fbdee2209ae9d0403c8dcd027c836c75674e7bfe683b0bd6e344497e40be9382,val
wheat,FusariumFootRot,FusariumFootRot_120.jpg,data\raw\wheat\wheat_disease_main\Wheat Disease\Original Dataset\FusariumFootRot\FusariumFootRot_120.jpg,D:\ZaraiAI_Tomato_Cotton_Wheat\data\raw\wheat\wheat_disease_main\Wheat Disease\Original Dataset\FusariumFootRot\FusariumFootRot_120.jpg,1080,1440,3,JPEG,371105,ee3b200cbe2694247ccca9186f0d86457604c82c133319481fbd29a0a3857551,val
wheat,LeafBlight,LeafBlight_373.jpg,data\raw\wheat\wheat_disease_main\Wheat Disease\Original Dataset\LeafBlight\LeafBlight_373.jpg,D:\ZaraiAI_Tomato_Cotton_Wheat\data\raw\wheat\wheat_disease_main\Wheat Disease\Original Dataset\LeafBlight\LeafBlight_373.jpg,1440,1080,3,JPEG,113524,9bcd3cf556f8a252494adac4d94b74641c397bb349ea719544977a8ad4cfbc90,val
wheat,LeafBlight,LeafBlight_272.jpg,data\raw\wheat\wheat_disease_main\Wheat Disease\Original Dataset\LeafBlight\LeafBlight_272.jpg,D:\ZaraiAI_Tomato_Cotton_Wheat\data\raw\wheat\wheat_disease_main\Wheat Disease\Original Dataset\LeafBlight\LeafBlight_272.jpg,1440,1080,3,JPEG,237878,4d77e89d955366f723f986ee3e799e89de4c570c41ecd659987a2fa4dbc16b48,val
wheat,FusariumFootRot,FusariumFootRot_75.jpg,data\raw\wheat\wheat_disease_main\Wheat Disease\Original Dataset\FusariumFootRot\FusariumFootRot_75.jpg,D:\ZaraiAI_Tomato_Cotton_Wheat\data\raw\wheat\wheat_disease_main\Wheat Disease\Original Dataset\FusariumFootRot\FusariumFootRot_75.jpg,1080,1440,3,JPEG,529952,3551a99a3e6929790690c6e04289cc90ac2efb17068e47b0a70688ab90bc9a61,val
wheat,FusariumFootRot,FusariumFootRot_11.jpg,data\raw\wheat\wheat_disease_main\Wheat Disease\Original Dataset\FusariumFootRot\FusariumFootRot_11.jpg,D:\ZaraiAI_Tomato_Cotton_Wheat\data\raw\wheat\wheat_disease_main\Wheat Disease\Original Dataset\FusariumFootRot\FusariumFootRot_11.jpg,1440,1080,3,JPEG,456462,60cb645ce263ec55d4289e29e565d8e3f65f64c0eb0523769eca296db88adeee,val
wheat,BlackPoint,BlackPoint_189.jpg,data\raw\wheat\wheat_disease_main\Wheat Disease\Original Dataset\BlackPoint\BlackPoint_189.jpg,D:\ZaraiAI_Tomato_Cotton_Wheat\data\raw\wheat\wheat_disease_main\Wheat Disease\Original Dataset\BlackPoint\BlackPoint_189.jpg,1080,1440,3,JPEG,194404,f93ff15f269741fe79aef9016138b9618bcdd0913d97eb6e5b8d516dbdfe142f,val
wheat,WheatBlast,WheatBlast_175.jpg,data\raw\wheat\wheat_disease_main\Wheat Disease\Original Dataset\WheatBlast\WheatBlast_175.jpg,D:\ZaraiAI_Tomato_Cotton_Wheat\data\raw\wheat\wheat_disease_main\Wheat Disease\Original Dataset\WheatBlast\WheatBlast_175.jpg,1440,1080,3,JPEG,451336,a9923b9c20716466d5700babca4aaf132fdc642d1f90729c71416ccddfc28956,val
wheat,LeafBlight,LeafBlight_55.jpg,data\raw\wheat\wheat_disease_main\Wheat Disease\Original Dataset\LeafBlight\LeafBlight_55.jpg,D:\ZaraiAI_Tomato_Cotton_Wheat\data\raw\wheat\wheat_disease_main\Wheat Disease\Original Dataset\LeafBlight\LeafBlight_55.jpg,1440,1080,3,JPEG,322711,26a9af0ec1a0fd3ac67e173ee3aacfb2fc6b4c55f1d51a3704d29ff660841b09,val
wheat,LeafBlight,LeafBlight_342.jpg,data\raw\wheat\wheat_disease_main\Wheat Disease\Original Dataset\LeafBlight\LeafBlight_342.jpg,D:\ZaraiAI_Tomato_Cotton_Wheat\data\raw\wheat\wheat_disease_main\Wheat Disease\Original Dataset\LeafBlight\LeafBlight_342.jpg,1440,1080,3,JPEG,222504,00999c5a62baeacf419c2d6872ad7567755b978264ca76c655e31fd5ce8de561,val
wheat,WheatBlast,WheatBlast_354.jpg,data\raw\wheat\wheat_disease_main\Wheat Disease\Original Dataset\WheatBlast\WheatBlast_354.jpg,D:\ZaraiAI_Tomato_Cotton_Wheat\data\raw\wheat\wheat_disease_main\Wheat Disease\Original Dataset\WheatBlast\WheatBlast_354.jpg,1440,1080,3,JPEG,573010,9f11ca20386aa2d00395615356d5504679db5715d97210f18642842c13d77776,val
wheat,LeafBlight,LeafBlight_188.jpg,data\raw\wheat\wheat_disease_main\Wheat Disease\Original Dataset\LeafBlight\LeafBlight_188.jpg,D:\ZaraiAI_Tomato_Cotton_Wheat\data\raw\wheat\wheat_disease_main\Wheat Disease\Original Dataset\LeafBlight\LeafBlight_188.jpg,1440,1080,3,JPEG,281352,bca67efe9e39536c54195f102a40d309b31cbed48efc6c70bbc815581e1403ad,val
wheat,LeafBlight,LeafBlight_68.jpg,data\raw\wheat\wheat_disease_main\Wheat Disease\Original Dataset\LeafBlight\LeafBlight_68.jpg,D:\ZaraiAI_Tomato_Cotton_Wheat\data\raw\wheat\wheat_disease_main\Wheat Disease\Original Dataset\LeafBlight\LeafBlight_68.jpg,1440,1080,3,JPEG,299231,f2525f9b19dace7cd9031214427e4efe2edafbe9fbc56684ffbfa2da13b921b2,val
wheat,WheatBlast,WheatBlast_91.jpg,data\raw\wheat\wheat_disease_main\Wheat Disease\Original Dataset\WheatBlast\WheatBlast_91.jpg,D:\ZaraiAI_Tomato_Cotton_Wheat\data\raw\wheat\wheat_disease_main\Wheat Disease\Original Dataset\WheatBlast\WheatBlast_91.jpg,1440,1080,3,JPEG,450459,70e925b28ef23bb300a4760eea615549f37f2f425c867bf15716543ec602e7ae,val
wheat,LeafBlight,LeafBlight_30.jpg,data\raw\wheat\wheat_disease_main\Wheat Disease\Original Dataset\LeafBlight\LeafBlight_30.jpg,D:\ZaraiAI_Tomato_Cotton_Wheat\data\raw\wheat\wheat_disease_main\Wheat Disease\Original Dataset\LeafBlight\LeafBlight_30.jpg,1440,1080,3,JPEG,375241,dd3dbfb0811287b405e2f10948b372fbc44916bdce837a44c75a7f72c851a197,val
wheat,LeafBlight,LeafBlight_251.jpg,data\raw\wheat\wheat_disease_main\Wheat Disease\Original Dataset\LeafBlight\LeafBlight_251.jpg,D:\ZaraiAI_Tomato_Cotton_Wheat\data\raw\wheat\wheat_disease_main\Wheat Disease\Original Dataset\LeafBlight\LeafBlight_251.jpg,1440,1080,3,JPEG,192725,bd89d7847194beb986c99ae4121812911bf3c7fc929c52335a95db39b172d1e1,val
wheat,HealthyLeaf,HealthyLeaf_97.jpg,data\raw\wheat\wheat_disease_main\Wheat Disease\Original Dataset\HealthyLeaf\HealthyLeaf_97.jpg,D:\ZaraiAI_Tomato_Cotton_Wheat\data\raw\wheat\wheat_disease_main\Wheat Disease\Original Dataset\HealthyLeaf\HealthyLeaf_97.jpg,1080,1440,3,JPEG,225084,9fe1db29ce9f11d180c3c2b8b824a8e2145585af6c170d716a8082608e771572,val
wheat,LeafBlight,LeafBlight_226.jpg,data\raw\wheat\wheat_disease_main\Wheat Disease\Original Dataset\LeafBlight\LeafBlight_226.jpg,D:\ZaraiAI_Tomato_Cotton_Wheat\data\raw\wheat\wheat_disease_main\Wheat Disease\Original Dataset\LeafBlight\LeafBlight_226.jpg,1440,1080,3,JPEG,296121,f299e921c717a925a3438c58b1f8e015d744ed2b110670dc8955841db8bf29aa,val
wheat,LeafBlight,LeafBlight_104.jpg,data\raw\wheat\wheat_disease_main\Wheat Disease\Original Dataset\LeafBlight\LeafBlight_104.jpg,D:\ZaraiAI_Tomato_Cotton_Wheat\data\raw\wheat\wheat_disease_main\Wheat Disease\Original Dataset\LeafBlight\LeafBlight_104.jpg,1440,1080,3,JPEG,311543,337e0cc4f0a8b6e24a493b20765bd864575d52ed37c92f61af9c60277df8c413,val
wheat,BlackPoint,BlackPoint_294.jpg,data\raw\wheat\wheat_disease_main\Wheat Disease\Original Dataset\BlackPoint\BlackPoint_294.jpg,D:\ZaraiAI_Tomato_Cotton_Wheat\data\raw\wheat\wheat_disease_main\Wheat Disease\Original Dataset\BlackPoint\BlackPoint_294.jpg,1080,1440,3,JPEG,267485,8f88d183ce9380a6f493b96d33e90034449b5a12613963e420f6319b5ec4804b,val
wheat,FusariumFootRot,FusariumFootRot_141.jpg,data\raw\wheat\wheat_disease_main\Wheat Disease\Original Dataset\FusariumFootRot\FusariumFootRot_141.jpg,D:\ZaraiAI_Tomato_Cotton_Wheat\data\raw\wheat\wheat_disease_main\Wheat Disease\Original Dataset\FusariumFootRot\FusariumFootRot_141.jpg,1440,1080,3,JPEG,480636,1699e4c2300bf351c98a248daae5096526b6052abf27e25a89d21bc044c0fd26,val
wheat,BlackPoint,BlackPoint_90.jpg,data\raw\wheat\wheat_disease_main\Wheat Disease\Original Dataset\BlackPoint\BlackPoint_90.jpg,D:\ZaraiAI_Tomato_Cotton_Wheat\data\raw\wheat\wheat_disease_main\Wheat Disease\Original Dataset\BlackPoint\BlackPoint_90.jpg,1080,1440,3,JPEG,218770,2ca2942833205aa720ad653217cf2135f60af1d983f89ca7cd1f8c2aa5488c2a,val
wheat,BlackPoint,BlackPoint_270.jpg,data\raw\wheat\wheat_disease_main\Wheat Disease\Original Dataset\BlackPoint\BlackPoint_270.jpg,D:\ZaraiAI_Tomato_Cotton_Wheat\data\raw\wheat\wheat_disease_main\Wheat Disease\Original Dataset\BlackPoint\BlackPoint_270.jpg,1440,1080,3,JPEG,137200,3d7c1cbffa8e235d6ea995f888907d933fe35ad4741651d4337e9e444b5784fb,val
wheat,BlackPoint,BlackPoint_172.jpg,data\raw\wheat\wheat_disease_main\Wheat Disease\Original Dataset\BlackPoint\BlackPoint_172.jpg,D:\ZaraiAI_Tomato_Cotton_Wheat\data\raw\wheat\wheat_disease_main\Wheat Disease\Original Dataset\BlackPoint\BlackPoint_172.jpg,1080,1440,3,JPEG,206289,2f640a7bfc08e5d1d6245ce042f98503e0c91dcd768ea1a797f48a805224c6fc,val
wheat,WheatBlast,WheatBlast_107.jpg,data\raw\wheat\wheat_disease_main\Wheat Disease\Original Dataset\WheatBlast\WheatBlast_107.jpg,D:\ZaraiAI_Tomato_Cotton_Wheat\data\raw\wheat\wheat_disease_main\Wheat Disease\Original Dataset\WheatBlast\WheatBlast_107.jpg,1440,1080,3,JPEG,402236,98361172c78fe204aad6e567267385268238e6fa598fb8cd2957db8a089903c2,val
wheat,BlackPoint,BlackPoint_271.jpg,data\raw\wheat\wheat_disease_main\Wheat Disease\Original Dataset\BlackPoint\BlackPoint_271.jpg,D:\ZaraiAI_Tomato_Cotton_Wheat\data\raw\wheat\wheat_disease_main\Wheat Disease\Original Dataset\BlackPoint\BlackPoint_271.jpg,1440,1080,3,JPEG,125751,a4bf4272ecccb131871e8c9e68c5adb137fe725193d04c740bc3b8e7b29f3179,val
wheat,HealthyLeaf,HealthyLeaf_82.jpg,data\raw\wheat\wheat_disease_main\Wheat Disease\Original Dataset\HealthyLeaf\HealthyLeaf_82.jpg,D:\ZaraiAI_Tomato_Cotton_Wheat\data\raw\wheat\wheat_disease_main\Wheat Disease\Original Dataset\HealthyLeaf\HealthyLeaf_82.jpg,1080,1440,3,JPEG,435868,0c2156947cb1a9fbf00c37d51cebd542b5b871060a65dcf0dedd378eb35f40da,val
wheat,WheatBlast,WheatBlast_359.jpg,data\raw\wheat\wheat_disease_main\Wheat Disease\Original Dataset\WheatBlast\WheatBlast_359.jpg,D:\ZaraiAI_Tomato_Cotton_Wheat\data\raw\wheat\wheat_disease_main\Wheat Disease\Original Dataset\WheatBlast\WheatBlast_359.jpg,1440,1080,3,JPEG,524122,232a4c65a5f0798c1c2adeeda49f8d7e54f6729b41007be5b4c2f099c72fc9c8,val
wheat,LeafBlight,LeafBlight_89.jpg,data\raw\wheat\wheat_disease_main\Wheat Disease\Original Dataset\LeafBlight\LeafBlight_89.jpg,D:\ZaraiAI_Tomato_Cotton_Wheat\data\raw\wheat\wheat_disease_main\Wheat Disease\Original Dataset\LeafBlight\LeafBlight_89.jpg,1440,1080,3,JPEG,335525,455fe507f12842197bdec4d1fbf7dd5dbdeaeb3396899ffbf79c7f540827b1b0,val
wheat,LeafBlight,LeafBlight_340.jpg,data\raw\wheat\wheat_disease_main\Wheat Disease\Original Dataset\LeafBlight\LeafBlight_340.jpg,D:\ZaraiAI_Tomato_Cotton_Wheat\data\raw\wheat\wheat_disease_main\Wheat Disease\Original Dataset\LeafBlight\LeafBlight_340.jpg,1440,1080,3,JPEG,190920,b88e7fbc6d1e257f5b6829ce13a03aa39e8624d48331e6d3398a9058d451a7b2,val
wheat,WheatBlast,WheatBlast_279.jpg,data\raw\wheat\wheat_disease_main\Wheat Disease\Original Dataset\WheatBlast\WheatBlast_279.jpg,D:\ZaraiAI_Tomato_Cotton_Wheat\data\raw\wheat\wheat_disease_main\Wheat Disease\Original Dataset\WheatBlast\WheatBlast_279.jpg,1440,1080,3,JPEG,548892,37b20994fe8ef4345c9d55bfe16dff76bafcfb19b7119994d35050f4aa7d7e98,val
wheat,BlackPoint,BlackPoint_110.jpg,data\raw\wheat\wheat_disease_main\Wheat Disease\Original Dataset\BlackPoint\BlackPoint_110.jpg,D:\ZaraiAI_Tomato_Cotton_Wheat\data\raw\wheat\wheat_disease_main\Wheat Disease\Original Dataset\BlackPoint\BlackPoint_110.jpg,1080,1440,3,JPEG,336318,6e18f58fc414d389ae61ddc2d86be10ec0f4bc26367540231d146ac2ed5cdac6,val
wheat,WheatBlast,WheatBlast_393.jpg,data\raw\wheat\wheat_disease_main\Wheat Disease\Original Dataset\WheatBlast\WheatBlast_393.jpg,D:\ZaraiAI_Tomato_Cotton_Wheat\data\raw\wheat\wheat_disease_main\Wheat Disease\Original Dataset\WheatBlast\WheatBlast_393.jpg,1440,1080,3,JPEG,332999,f653cad8b9ba6c4aa17cafd92537c283c9a441a6d08bc60461229ef4761337c4,val
wheat,WheatBlast,WheatBlast_204.jpg,data\raw\wheat\wheat_disease_main\Wheat Disease\Original Dataset\WheatBlast\WheatBlast_204.jpg,D:\ZaraiAI_Tomato_Cotton_Wheat\data\raw\wheat\wheat_disease_main\Wheat Disease\Original Dataset\WheatBlast\WheatBlast_204.jpg,1440,1080,3,JPEG,469144,084badba4748d42c243498f12445c6cdda41c183fe1b4f7d080d350672f39f34,val
wheat,BlackPoint,BlackPoint_38.jpg,data\raw\wheat\wheat_disease_main\Wheat Disease\Original Dataset\BlackPoint\BlackPoint_38.jpg,D:\ZaraiAI_Tomato_Cotton_Wheat\data\raw\wheat\wheat_disease_main\Wheat Disease\Original Dataset\BlackPoint\BlackPoint_38.jpg,1080,1440,3,JPEG,294831,631a2004322aea6f7f3fb693156cf8c87915d67cbf34d1e18710e91c484a9272,val
wheat,BlackPoint,BlackPoint_279.jpg,data\raw\wheat\wheat_disease_main\Wheat Disease\Original Dataset\BlackPoint\BlackPoint_279.jpg,D:\ZaraiAI_Tomato_Cotton_Wheat\data\raw\wheat\wheat_disease_main\Wheat Disease\Original Dataset\BlackPoint\BlackPoint_279.jpg,1080,1440,3,JPEG,273380,69576762dc0c0259812a0ee3d371b39aa29b2870af91927009f3c7ab787b2466,val
wheat,HealthyLeaf,HealthyLeaf_3.jpg,data\raw\wheat\wheat_disease_main\Wheat Disease\Original Dataset\HealthyLeaf\HealthyLeaf_3.jpg,D:\ZaraiAI_Tomato_Cotton_Wheat\data\raw\wheat\wheat_disease_main\Wheat Disease\Original Dataset\HealthyLeaf\HealthyLeaf_3.jpg,1080,1440,3,JPEG,275022,843e6b328f33e3a0add21cdeee3bb56115b0891017b0ace4bba8eafe40237ad8,val
wheat,BlackPoint,BlackPoint_155.jpg,data\raw\wheat\wheat_disease_main\Wheat Disease\Original Dataset\BlackPoint\BlackPoint_155.jpg,D:\ZaraiAI_Tomato_Cotton_Wheat\data\raw\wheat\wheat_disease_main\Wheat Disease\Original Dataset\BlackPoint\BlackPoint_155.jpg,1080,1440,3,JPEG,276226,5f13a46be49de1181b3ac957366958d531c9b1cdb3fbe56da121e44c24626f06,val
wheat,HealthyLeaf,HealthyLeaf_15.jpg,data\raw\wheat\wheat_disease_main\Wheat Disease\Original Dataset\HealthyLeaf\HealthyLeaf_15.jpg,D:\ZaraiAI_Tomato_Cotton_Wheat\data\raw\wheat\wheat_disease_main\Wheat Disease\Original Dataset\HealthyLeaf\HealthyLeaf_15.jpg,1080,1440,3,JPEG,336783,a0f54e558b343f7fd7cb7ab9f100a4a234d8a25ff78136a5a0b3d015d262c6ee,val
wheat,BlackPoint,BlackPoint_223.jpg,data\raw\wheat\wheat_disease_main\Wheat Disease\Original Dataset\BlackPoint\BlackPoint_223.jpg,D:\ZaraiAI_Tomato_Cotton_Wheat\data\raw\wheat\wheat_disease_main\Wheat Disease\Original Dataset\BlackPoint\BlackPoint_223.jpg,1440,1080,3,JPEG,154464,8f715e222ec6c644879bf4881237fdf34db783ce9c9228a443865d7caecdcb3f,val
wheat,HealthyLeaf,HealthyLeaf_220.jpg,data\raw\wheat\wheat_disease_main\Wheat Disease\Original Dataset\HealthyLeaf\HealthyLeaf_220.jpg,D:\ZaraiAI_Tomato_Cotton_Wheat\data\raw\wheat\wheat_disease_main\Wheat Disease\Original Dataset\HealthyLeaf\HealthyLeaf_220.jpg,1080,1440,3,JPEG,260045,0f260fe5229b0f4722125c2302617d700d0008a8124f7b91cd5689b67aafdd35,val
wheat,WheatBlast,WheatBlast_276.jpg,data\raw\wheat\wheat_disease_main\Wheat Disease\Original Dataset\WheatBlast\WheatBlast_276.jpg,D:\ZaraiAI_Tomato_Cotton_Wheat\data\raw\wheat\wheat_disease_main\Wheat Disease\Original Dataset\WheatBlast\WheatBlast_276.jpg,1440,1080,3,JPEG,426364,22275f402d7483f50e2fd149da7f722c57d291bd1c73c414fa90951b8dad2661,val
wheat,WheatBlast,WheatBlast_69.jpg,data\raw\wheat\wheat_disease_main\Wheat Disease\Original Dataset\WheatBlast\WheatBlast_69.jpg,D:\ZaraiAI_Tomato_Cotton_Wheat\data\raw\wheat\wheat_disease_main\Wheat Disease\Original Dataset\WheatBlast\WheatBlast_69.jpg,1440,1080,3,JPEG,318099,c06fa28884be8f578dc68e3e9ee3c726eb0d51a504b8fd93a910a27d02003aea,val
wheat,WheatBlast,WheatBlast_260.jpg,data\raw\wheat\wheat_disease_main\Wheat Disease\Original Dataset\WheatBlast\WheatBlast_260.jpg,D:\ZaraiAI_Tomato_Cotton_Wheat\data\raw\wheat\wheat_disease_main\Wheat Disease\Original Dataset\WheatBlast\WheatBlast_260.jpg,1440,1080,3,JPEG,475622,d1258714de353c4517523fa2685f9c6d701ba7522df6db79e07bdf8328987365,val
wheat,WheatBlast,WheatBlast_83.jpg,data\raw\wheat\wheat_disease_main\Wheat Disease\Original Dataset\WheatBlast\WheatBlast_83.jpg,D:\ZaraiAI_Tomato_Cotton_Wheat\data\raw\wheat\wheat_disease_main\Wheat Disease\Original Dataset\WheatBlast\WheatBlast_83.jpg,1440,1080,3,JPEG,469527,c11c22383fee2fe3414283ab9c5095ddce55463496153dd98f3c52b9583fdae6,val
wheat,WheatBlast,WheatBlast_2.jpg,data\raw\wheat\wheat_disease_main\Wheat Disease\Original Dataset\WheatBlast\WheatBlast_2.jpg,D:\ZaraiAI_Tomato_Cotton_Wheat\data\raw\wheat\wheat_disease_main\Wheat Disease\Original Dataset\WheatBlast\WheatBlast_2.jpg,1440,1080,3,JPEG,419835,19f908aca20e36f05f7d81dfe51a1ba18452fffbe814fb1ad91761b5cf256f98,val
wheat,HealthyLeaf,HealthyLeaf_189.jpg,data\raw\wheat\wheat_disease_main\Wheat Disease\Original Dataset\HealthyLeaf\HealthyLeaf_189.jpg,D:\ZaraiAI_Tomato_Cotton_Wheat\data\raw\wheat\wheat_disease_main\Wheat Disease\Original Dataset\HealthyLeaf\HealthyLeaf_189.jpg,1080,1440,3,JPEG,415592,58f967f36a660abbfe53f54e4f72adc417c77543e2de9b8783aec50e076e9b74,val
wheat,FusariumFootRot,FusariumFootRot_242.jpg,data\raw\wheat\wheat_disease_main\Wheat Disease\Original Dataset\FusariumFootRot\FusariumFootRot_242.jpg,D:\ZaraiAI_Tomato_Cotton_Wheat\data\raw\wheat\wheat_disease_main\Wheat Disease\Original Dataset\FusariumFootRot\FusariumFootRot_242.jpg,1080,1440,3,JPEG,474109,44ff1835e5ec76c070323c0442eb00f723f098b0048595bc0646db462ead5ece,val
wheat,FusariumFootRot,FusariumFootRot_72.jpg,data\raw\wheat\wheat_disease_main\Wheat Disease\Original Dataset\FusariumFootRot\FusariumFootRot_72.jpg,D:\ZaraiAI_Tomato_Cotton_Wheat\data\raw\wheat\wheat_disease_main\Wheat Disease\Original Dataset\FusariumFootRot\FusariumFootRot_72.jpg,1080,1440,3,JPEG,450957,b4f6b885d53f95c9bd3450aeaadc56d45f4e022377043565bb22a12c0cc86ba1,val
wheat,WheatBlast,WheatBlast_355.jpg,data\raw\wheat\wheat_disease_main\Wheat Disease\Original Dataset\WheatBlast\WheatBlast_355.jpg,D:\ZaraiAI_Tomato_Cotton_Wheat\data\raw\wheat\wheat_disease_main\Wheat Disease\Original Dataset\WheatBlast\WheatBlast_355.jpg,1440,1080,3,JPEG,598593,4ff7a4d1fc594a1172a9652dcd240459e627f3bc8ace9b2847a4c35987f0c817,val
wheat,BlackPoint,BlackPoint_243.jpg,data\raw\wheat\wheat_disease_main\Wheat Disease\Original Dataset\BlackPoint\BlackPoint_243.jpg,D:\ZaraiAI_Tomato_Cotton_Wheat\data\raw\wheat\wheat_disease_main\Wheat Disease\Original Dataset\BlackPoint\BlackPoint_243.jpg,1080,1440,3,JPEG,272893,6ab997d57b10aa4d565f7cfdac9706d60b85bd41e2dff3e17bc873702cca05cf,val
wheat,WheatBlast,WheatBlast_123.jpg,data\raw\wheat\wheat_disease_main\Wheat Disease\Original Dataset\WheatBlast\WheatBlast_123.jpg,D:\ZaraiAI_Tomato_Cotton_Wheat\data\raw\wheat\wheat_disease_main\Wheat Disease\Original Dataset\WheatBlast\WheatBlast_123.jpg,1440,1080,3,JPEG,446961,aeb856f351511173d7936dcb501b83ac8b6a19b588412383fa0d98289fcd287b,val
wheat,HealthyLeaf,HealthyLeaf_234.jpg,data\raw\wheat\wheat_disease_main\Wheat Disease\Original Dataset\HealthyLeaf\HealthyLeaf_234.jpg,D:\ZaraiAI_Tomato_Cotton_Wheat\data\raw\wheat\wheat_disease_main\Wheat Disease\Original Dataset\HealthyLeaf\HealthyLeaf_234.jpg,1080,1440,3,JPEG,285375,68ffe874fac97853aced5d0c4670ccf03e769aef3373ed1109579c16a1409e43,val
wheat,WheatBlast,WheatBlast_256.jpg,data\raw\wheat\wheat_disease_main\Wheat Disease\Original Dataset\WheatBlast\WheatBlast_256.jpg,D:\ZaraiAI_Tomato_Cotton_Wheat\data\raw\wheat\wheat_disease_main\Wheat Disease\Original Dataset\WheatBlast\WheatBlast_256.jpg,1440,1080,3,JPEG,413854,953bf33c85a24fbb97249b9a7bbb5fb8ee5b49b692a2f368404475fae41c9bf4,val
wheat,LeafBlight,LeafBlight_133.jpg,data\raw\wheat\wheat_disease_main\Wheat Disease\Original Dataset\LeafBlight\LeafBlight_133.jpg,D:\ZaraiAI_Tomato_Cotton_Wheat\data\raw\wheat\wheat_disease_main\Wheat Disease\Original Dataset\LeafBlight\LeafBlight_133.jpg,1440,1080,3,JPEG,356209,ded8abc61b88c7adc8afcffb191fc6ca12d7a601fc5847e7181542b06b8db23b,val
wheat,LeafBlight,LeafBlight_313.jpg,data\raw\wheat\wheat_disease_main\Wheat Disease\Original Dataset\LeafBlight\LeafBlight_313.jpg,D:\ZaraiAI_Tomato_Cotton_Wheat\data\raw\wheat\wheat_disease_main\Wheat Disease\Original Dataset\LeafBlight\LeafBlight_313.jpg,1440,1080,3,JPEG,195394,febeaf7d1e90b7af068695807b98095abbe71a9c69afde9362e8d8ee9a64d979,val
wheat,LeafBlight,LeafBlight_220.jpg,data\raw\wheat\wheat_disease_main\Wheat Disease\Original Dataset\LeafBlight\LeafBlight_220.jpg,D:\ZaraiAI_Tomato_Cotton_Wheat\data\raw\wheat\wheat_disease_main\Wheat Disease\Original Dataset\LeafBlight\LeafBlight_220.jpg,1440,1080,3,JPEG,305018,6837e97415ba2921f1d52e62c6e694c3e2bb660f9294920050556dd5d04c7313,test
wheat,LeafBlight,LeafBlight_63.jpg,data\raw\wheat\wheat_disease_main\Wheat Disease\Original Dataset\LeafBlight\LeafBlight_63.jpg,D:\ZaraiAI_Tomato_Cotton_Wheat\data\raw\wheat\wheat_disease_main\Wheat Disease\Original Dataset\LeafBlight\LeafBlight_63.jpg,1440,1080,3,JPEG,311612,130fca82ccfe8efff76fc6dd986e7fb99d1fc17bf065e662d9c984a1d882f43a,test
wheat,BlackPoint,BlackPoint_284.jpg,data\raw\wheat\wheat_disease_main\Wheat Disease\Original Dataset\BlackPoint\BlackPoint_284.jpg,D:\ZaraiAI_Tomato_Cotton_Wheat\data\raw\wheat\wheat_disease_main\Wheat Disease\Original Dataset\BlackPoint\BlackPoint_284.jpg,1440,1080,3,JPEG,173710,c92bf9c8b4fe4aad4a9f894a1ada6dfba36182f3c9d5546a34a6a638dbddf95a,test
wheat,LeafBlight,LeafBlight_238.jpg,data\raw\wheat\wheat_disease_main\Wheat Disease\Original Dataset\LeafBlight\LeafBlight_238.jpg,D:\ZaraiAI_Tomato_Cotton_Wheat\data\raw\wheat\wheat_disease_main\Wheat Disease\Original Dataset\LeafBlight\LeafBlight_238.jpg,1440,1080,3,JPEG,193941,9cde111ab6566c4efbdca0a0ef5c30f2659f9a2b2f3dee8d3f26646ca0c48b77,test
wheat,LeafBlight,LeafBlight_39.jpg,data\raw\wheat\wheat_disease_main\Wheat Disease\Original Dataset\LeafBlight\LeafBlight_39.jpg,D:\ZaraiAI_Tomato_Cotton_Wheat\data\raw\wheat\wheat_disease_main\Wheat Disease\Original Dataset\LeafBlight\LeafBlight_39.jpg,1440,1080,3,JPEG,213440,b8c802c72deec4b259900549defca1c6bf007f3046e7768e28b9b2a21df187e5,test
wheat,BlackPoint,BlackPoint_66.jpg,data\raw\wheat\wheat_disease_main\Wheat Disease\Original Dataset\BlackPoint\BlackPoint_66.jpg,D:\ZaraiAI_Tomato_Cotton_Wheat\data\raw\wheat\wheat_disease_main\Wheat Disease\Original Dataset\BlackPoint\BlackPoint_66.jpg,1080,1440,3,JPEG,279189,c2836b061da1bf57bb37c2bc3ab337a99d9d170a4fcc0079bc1725bb47515606,test
wheat,BlackPoint,BlackPoint_57.jpg,data\raw\wheat\wheat_disease_main\Wheat Disease\Original Dataset\BlackPoint\BlackPoint_57.jpg,D:\ZaraiAI_Tomato_Cotton_Wheat\data\raw\wheat\wheat_disease_main\Wheat Disease\Original Dataset\BlackPoint\BlackPoint_57.jpg,1080,1440,3,JPEG,294846,2108d433edd4b1ab2c312d7b686f4a110d11b7815209122ccbfd0bb597993ff6,test
wheat,WheatBlast,WheatBlast_95.jpg,data\raw\wheat\wheat_disease_main\Wheat Disease\Original Dataset\WheatBlast\WheatBlast_95.jpg,D:\ZaraiAI_Tomato_Cotton_Wheat\data\raw\wheat\wheat_disease_main\Wheat Disease\Original Dataset\WheatBlast\WheatBlast_95.jpg,1440,1080,3,JPEG,415839,840e88d7e91bb93796aeab11b155683372a4f28d322b87f7dd3f0f41e7542e07,test
wheat,LeafBlight,LeafBlight_216.jpg,data\raw\wheat\wheat_disease_main\Wheat Disease\Original Dataset\LeafBlight\LeafBlight_216.jpg,D:\ZaraiAI_Tomato_Cotton_Wheat\data\raw\wheat\wheat_disease_main\Wheat Disease\Original Dataset\LeafBlight\LeafBlight_216.jpg,1440,1080,3,JPEG,432659,9fd464d42ce9b7cd49c2383fd714531dc86a97f312f0aa73b116befb0607e7f8,test
wheat,BlackPoint,BlackPoint_139.jpg,data\raw\wheat\wheat_disease_main\Wheat Disease\Original Dataset\BlackPoint\BlackPoint_139.jpg,D:\ZaraiAI_Tomato_Cotton_Wheat\data\raw\wheat\wheat_disease_main\Wheat Disease\Original Dataset\BlackPoint\BlackPoint_139.jpg,1080,1440,3,JPEG,405281,c40e92574d1ee8f4b4285b524463093da6d8623bb735f0cd7e19d94b04e9a552,test
wheat,LeafBlight,LeafBlight_359.jpg,data\raw\wheat\wheat_disease_main\Wheat Disease\Original Dataset\LeafBlight\LeafBlight_359.jpg,D:\ZaraiAI_Tomato_Cotton_Wheat\data\raw\wheat\wheat_disease_main\Wheat Disease\Original Dataset\LeafBlight\LeafBlight_359.jpg,1440,1080,3,JPEG,133100,81d2f56ea3b21198ff8e02144ccc460d39d026075b05aa9c85f5421a7b9edf6d,test
wheat,LeafBlight,LeafBlight_277.jpg,data\raw\wheat\wheat_disease_main\Wheat Disease\Original Dataset\LeafBlight\LeafBlight_277.jpg,D:\ZaraiAI_Tomato_Cotton_Wheat\data\raw\wheat\wheat_disease_main\Wheat Disease\Original Dataset\LeafBlight\LeafBlight_277.jpg,1440,1080,3,JPEG,283248,3095ef3210ff9cdd9fca8beb122e8998b46c29e9717dc8da609bed8522082441,test
wheat,WheatBlast,WheatBlast_118.jpg,data\raw\wheat\wheat_disease_main\Wheat Disease\Original Dataset\WheatBlast\WheatBlast_118.jpg,D:\ZaraiAI_Tomato_Cotton_Wheat\data\raw\wheat\wheat_disease_main\Wheat Disease\Original Dataset\WheatBlast\WheatBlast_118.jpg,1440,1080,3,JPEG,431066,3d93f13a94bd9fba6da2d07813a41c94f6bd072863732ada04a2dc85c3a0f73a,test
wheat,FusariumFootRot,FusariumFootRot_152.jpg,data\raw\wheat\wheat_disease_main\Wheat Disease\Original Dataset\FusariumFootRot\FusariumFootRot_152.jpg,D:\ZaraiAI_Tomato_Cotton_Wheat\data\raw\wheat\wheat_disease_main\Wheat Disease\Original Dataset\FusariumFootRot\FusariumFootRot_152.jpg,1080,1440,3,JPEG,465669,b0e63f8b1a7d6dd9793fc43fa901c50ec1ab03c13b3ed6d532d73cf733bf912c,test
wheat,WheatBlast,WheatBlast_336.jpg,data\raw\wheat\wheat_disease_main\Wheat Disease\Original Dataset\WheatBlast\WheatBlast_336.jpg,D:\ZaraiAI_Tomato_Cotton_Wheat\data\raw\wheat\wheat_disease_main\Wheat Disease\Original Dataset\WheatBlast\WheatBlast_336.jpg,1440,1080,3,JPEG,500273,b18a92974681b8cb1db1897d6c98de12f39a880a3c1cdf9b2db21927e61a0b46,test
wheat,WheatBlast,WheatBlast_389.jpg,data\raw\wheat\wheat_disease_main\Wheat Disease\Original Dataset\WheatBlast\WheatBlast_389.jpg,D:\ZaraiAI_Tomato_Cotton_Wheat\data\raw\wheat\wheat_disease_main\Wheat Disease\Original Dataset\WheatBlast\WheatBlast_389.jpg,1440,1080,3,JPEG,460686,3fc70c04c8d9a6f20235a31dc211f38115c9e19b55f59141176a0180bb3d945d,test
wheat,HealthyLeaf,HealthyLeaf_72.jpg,data\raw\wheat\wheat_disease_main\Wheat Disease\Original Dataset\HealthyLeaf\HealthyLeaf_72.jpg,D:\ZaraiAI_Tomato_Cotton_Wheat\data\raw\wheat\wheat_disease_main\Wheat Disease\Original Dataset\HealthyLeaf\HealthyLeaf_72.jpg,1080,1440,3,JPEG,450274,4240bccb322ea4554b68c5d65cceb78b93a993a0e344399393234c019598674b,test
wheat,HealthyLeaf,HealthyLeaf_199.jpg,data\raw\wheat\wheat_disease_main\Wheat Disease\Original Dataset\HealthyLeaf\HealthyLeaf_199.jpg,D:\ZaraiAI_Tomato_Cotton_Wheat\data\raw\wheat\wheat_disease_main\Wheat Disease\Original Dataset\HealthyLeaf\HealthyLeaf_199.jpg,1080,1440,3,JPEG,327554,d4c0fd5655100d39acb2a6ce683d7f2fe68f98392d48cdc584be8676f1788256,test
wheat,BlackPoint,BlackPoint_60.jpg,data\raw\wheat\wheat_disease_main\Wheat Disease\Original Dataset\BlackPoint\BlackPoint_60.jpg,D:\ZaraiAI_Tomato_Cotton_Wheat\data\raw\wheat\wheat_disease_main\Wheat Disease\Original Dataset\BlackPoint\BlackPoint_60.jpg,1080,1440,3,JPEG,279277,4986f750e9e456910462331f4cc952a876103ea20c615d0634cb7fadb98f2b83,test
wheat,WheatBlast,WheatBlast_33.jpg,data\raw\wheat\wheat_disease_main\Wheat Disease\Original Dataset\WheatBlast\WheatBlast_33.jpg,D:\ZaraiAI_Tomato_Cotton_Wheat\data\raw\wheat\wheat_disease_main\Wheat Disease\Original Dataset\WheatBlast\WheatBlast_33.jpg,1440,1080,3,JPEG,359616,79f323be3b69d13f7a4ce6afe436895f29fa3ee05eede7d8d56d82b77f2027a4,test
wheat,FusariumFootRot,FusariumFootRot_243.jpg,data\raw\wheat\wheat_disease_main\Wheat Disease\Original Dataset\FusariumFootRot\FusariumFootRot_243.jpg,D:\ZaraiAI_Tomato_Cotton_Wheat\data\raw\wheat\wheat_disease_main\Wheat Disease\Original Dataset\FusariumFootRot\FusariumFootRot_243.jpg,1080,1440,3,JPEG,403081,0706c903f145e63337b832b104dd2ec72b028da6a72a817b75b38d9943da4034,test
wheat,LeafBlight,LeafBlight_1.jpg,data\raw\wheat\wheat_disease_main\Wheat Disease\Original Dataset\LeafBlight\LeafBlight_1.jpg,D:\ZaraiAI_Tomato_Cotton_Wheat\data\raw\wheat\wheat_disease_main\Wheat Disease\Original Dataset\LeafBlight\LeafBlight_1.jpg,1440,1080,3,JPEG,337216,2cfc6ef37486015367b69b0d16021e123b423c1de66ffd576afe6243660c88d3,test
wheat,WheatBlast,WheatBlast_368.jpg,data\raw\wheat\wheat_disease_main\Wheat Disease\Original Dataset\WheatBlast\WheatBlast_368.jpg,D:\ZaraiAI_Tomato_Cotton_Wheat\data\raw\wheat\wheat_disease_main\Wheat Disease\Original Dataset\WheatBlast\WheatBlast_368.jpg,1440,1080,3,JPEG,497311,6bf2f1d8aae3b6236a5f28598fb003e8d6e0978e24f89cd061a1b0fdf3012c75,test
wheat,BlackPoint,BlackPoint_42.jpg,data\raw\wheat\wheat_disease_main\Wheat Disease\Original Dataset\BlackPoint\BlackPoint_42.jpg,D:\ZaraiAI_Tomato_Cotton_Wheat\data\raw\wheat\wheat_disease_main\Wheat Disease\Original Dataset\BlackPoint\BlackPoint_42.jpg,1080,1440,3,JPEG,275322,c2c4f5a0e5bf3966ec1d92d4de01e494c95c6180ea7483512940fb559c5d9cf6,test
wheat,FusariumFootRot,FusariumFootRot_47.jpg,data\raw\wheat\wheat_disease_main\Wheat Disease\Original Dataset\FusariumFootRot\FusariumFootRot_47.jpg,D:\ZaraiAI_Tomato_Cotton_Wheat\data\raw\wheat\wheat_disease_main\Wheat Disease\Original Dataset\FusariumFootRot\FusariumFootRot_47.jpg,1080,1440,3,JPEG,505597,d94865bac9df671d9340c3dcbad6831f1a268437a8a2ec1b8b61b52704eb8170,test
wheat,BlackPoint,BlackPoint_101.jpg,data\raw\wheat\wheat_disease_main\Wheat Disease\Original Dataset\BlackPoint\BlackPoint_101.jpg,D:\ZaraiAI_Tomato_Cotton_Wheat\data\raw\wheat\wheat_disease_main\Wheat Disease\Original Dataset\BlackPoint\BlackPoint_101.jpg,1080,1440,3,JPEG,357542,1e01e4f64e61509b84a9a05c9162cf46998049e7936eb0934f36b72cb5bacf51,test
wheat,LeafBlight,LeafBlight_168.jpg,data\raw\wheat\wheat_disease_main\Wheat Disease\Original Dataset\LeafBlight\LeafBlight_168.jpg,D:\ZaraiAI_Tomato_Cotton_Wheat\data\raw\wheat\wheat_disease_main\Wheat Disease\Original Dataset\LeafBlight\LeafBlight_168.jpg,1440,1080,3,JPEG,247356,aafd91042b63675d8ab2c9a5f58ba728c37fa4f8d0d4eefa37e06dbccb742fa3,test
wheat,LeafBlight,LeafBlight_319.jpg,data\raw\wheat\wheat_disease_main\Wheat Disease\Original Dataset\LeafBlight\LeafBlight_319.jpg,D:\ZaraiAI_Tomato_Cotton_Wheat\data\raw\wheat\wheat_disease_main\Wheat Disease\Original Dataset\LeafBlight\LeafBlight_319.jpg,1440,1080,3,JPEG,270276,32c79d2cf62d5805203db7a420f9d1e61759a225308c419084b471b57be24448,test
wheat,BlackPoint,BlackPoint_178.jpg,data\raw\wheat\wheat_disease_main\Wheat Disease\Original Dataset\BlackPoint\BlackPoint_178.jpg,D:\ZaraiAI_Tomato_Cotton_Wheat\data\raw\wheat\wheat_disease_main\Wheat Disease\Original Dataset\BlackPoint\BlackPoint_178.jpg,1440,1080,3,JPEG,195241,e051b5dcd8414c74baf09d3892fb1707dada0882ae7c5a639189dfaf6f8c2463,test
wheat,BlackPoint,BlackPoint_99.jpg,data\raw\wheat\wheat_disease_main\Wheat Disease\Original Dataset\BlackPoint\BlackPoint_99.jpg,D:\ZaraiAI_Tomato_Cotton_Wheat\data\raw\wheat\wheat_disease_main\Wheat Disease\Original Dataset\BlackPoint\BlackPoint_99.jpg,1080,1440,3,JPEG,322220,00c8f3597ea063327b4cbe1970a1b621691aae14a7c2a5636d9eb72ba99ee216,test
wheat,BlackPoint,BlackPoint_134.jpg,data\raw\wheat\wheat_disease_main\Wheat Disease\Original Dataset\BlackPoint\BlackPoint_134.jpg,D:\ZaraiAI_Tomato_Cotton_Wheat\data\raw\wheat\wheat_disease_main\Wheat Disease\Original Dataset\BlackPoint\BlackPoint_134.jpg,1080,1440,3,JPEG,418561,7a7061aa5803a3c928b166d8d3681e3cf11fb520ea0693eed341144e7d39fda9,test
wheat,FusariumFootRot,FusariumFootRot_28.jpg,data\raw\wheat\wheat_disease_main\Wheat Disease\Original Dataset\FusariumFootRot\FusariumFootRot_28.jpg,D:\ZaraiAI_Tomato_Cotton_Wheat\data\raw\wheat\wheat_disease_main\Wheat Disease\Original Dataset\FusariumFootRot\FusariumFootRot_28.jpg,1440,1080,3,JPEG,401003,3344eb2c2fc1460a4ce6b5b754cca539542beee0bc7448be3cbe9efe00b4713e,test
wheat,HealthyLeaf,HealthyLeaf_124.jpg,data\raw\wheat\wheat_disease_main\Wheat Disease\Original Dataset\HealthyLeaf\HealthyLeaf_124.jpg,D:\ZaraiAI_Tomato_Cotton_Wheat\data\raw\wheat\wheat_disease_main\Wheat Disease\Original Dataset\HealthyLeaf\HealthyLeaf_124.jpg,1080,1440,3,JPEG,304612,1d0455051152e1df7c2bc0b7e1b4b7b856dc18727aa95d55a8852e3fe513a285,test
wheat,WheatBlast,WheatBlast_85.jpg,data\raw\wheat\wheat_disease_main\Wheat Disease\Original Dataset\WheatBlast\WheatBlast_85.jpg,D:\ZaraiAI_Tomato_Cotton_Wheat\data\raw\wheat\wheat_disease_main\Wheat Disease\Original Dataset\WheatBlast\WheatBlast_85.jpg,1440,1080,3,JPEG,496722,7db4dedd127949219ed2f0bfa3f949fc1e2e07b24f2257c5e9b914f8789e6298,test
wheat,HealthyLeaf,HealthyLeaf_174.jpg,data\raw\wheat\wheat_disease_main\Wheat Disease\Original Dataset\HealthyLeaf\HealthyLeaf_174.jpg,D:\ZaraiAI_Tomato_Cotton_Wheat\data\raw\wheat\wheat_disease_main\Wheat Disease\Original Dataset\HealthyLeaf\HealthyLeaf_174.jpg,1080,1440,3,JPEG,283529,cedc6b3aa56b79cbdf32bdd3418d4cb682a4b6e90c0647e08b1fa42793341ea0,test
wheat,LeafBlight,LeafBlight_22.jpg,data\raw\wheat\wheat_disease_main\Wheat Disease\Original Dataset\LeafBlight\LeafBlight_22.jpg,D:\ZaraiAI_Tomato_Cotton_Wheat\data\raw\wheat\wheat_disease_main\Wheat Disease\Original Dataset\LeafBlight\LeafBlight_22.jpg,1440,1080,3,JPEG,374197,a222e631408411a065cc0f70ad5623ee80ae9ca74bf73646d13529930cd866dc,test
wheat,FusariumFootRot,FusariumFootRot_200.jpg,data\raw\wheat\wheat_disease_main\Wheat Disease\Original Dataset\FusariumFootRot\FusariumFootRot_200.jpg,D:\ZaraiAI_Tomato_Cotton_Wheat\data\raw\wheat\wheat_disease_main\Wheat Disease\Original Dataset\FusariumFootRot\FusariumFootRot_200.jpg,1080,1440,3,JPEG,375947,51d319ebf3b52a465536c4b1bad7caff9accadc1fcf00870f8d120faabcef02e,test
wheat,BlackPoint,BlackPoint_235.jpg,data\raw\wheat\wheat_disease_main\Wheat Disease\Original Dataset\BlackPoint\BlackPoint_235.jpg,D:\ZaraiAI_Tomato_Cotton_Wheat\data\raw\wheat\wheat_disease_main\Wheat Disease\Original Dataset\BlackPoint\BlackPoint_235.jpg,1440,1080,3,JPEG,159766,6ab85312f0869de9993d1a277a72e634a4da292ebd17e444acf15ef6c1bee9d7,test
wheat,WheatBlast,WheatBlast_322.jpg,data\raw\wheat\wheat_disease_main\Wheat Disease\Original Dataset\WheatBlast\WheatBlast_322.jpg,D:\ZaraiAI_Tomato_Cotton_Wheat\data\raw\wheat\wheat_disease_main\Wheat Disease\Original Dataset\WheatBlast\WheatBlast_322.jpg,1440,1080,3,JPEG,514660,120f9c973a46bfa1599450fe699d9411dfbc24583e830622bf7112c94f2fb390,test
wheat,LeafBlight,LeafBlight_118.jpg,data\raw\wheat\wheat_disease_main\Wheat Disease\Original Dataset\LeafBlight\LeafBlight_118.jpg,D:\ZaraiAI_Tomato_Cotton_Wheat\data\raw\wheat\wheat_disease_main\Wheat Disease\Original Dataset\LeafBlight\LeafBlight_118.jpg,1440,1080,3,JPEG,372894,a86a967394559882fa26823a0045b03efcfb6f391c0b11e2008035a87975cdc8,test
wheat,FusariumFootRot,FusariumFootRot_213.jpg,data\raw\wheat\wheat_disease_main\Wheat Disease\Original Dataset\FusariumFootRot\FusariumFootRot_213.jpg,D:\ZaraiAI_Tomato_Cotton_Wheat\data\raw\wheat\wheat_disease_main\Wheat Disease\Original Dataset\FusariumFootRot\FusariumFootRot_213.jpg,1080,1440,3,JPEG,387825,d5a694f83fdc4d0d5f2c76ee3f7cf44584d1a7570b6d3faa506bed24645b9e18,test
wheat,BlackPoint,BlackPoint_58.jpg,data\raw\wheat\wheat_disease_main\Wheat Disease\Original Dataset\BlackPoint\BlackPoint_58.jpg,D:\ZaraiAI_Tomato_Cotton_Wheat\data\raw\wheat\wheat_disease_main\Wheat Disease\Original Dataset\BlackPoint\BlackPoint_58.jpg,1080,1440,3,JPEG,291199,980a3cda5c56188c5ed3fa8329029529882a4b9628016ea04b47038681c73e96,test
wheat,LeafBlight,LeafBlight_333.jpg,data\raw\wheat\wheat_disease_main\Wheat Disease\Original Dataset\LeafBlight\LeafBlight_333.jpg,D:\ZaraiAI_Tomato_Cotton_Wheat\data\raw\wheat\wheat_disease_main\Wheat Disease\Original Dataset\LeafBlight\LeafBlight_333.jpg,1440,1080,3,JPEG,187810,93103142f863a994994722922b07ca18b767c2dccecb9b0a05c0f1231d138e55,test
wheat,WheatBlast,WheatBlast_331.jpg,data\raw\wheat\wheat_disease_main\Wheat Disease\Original Dataset\WheatBlast\WheatBlast_331.jpg,D:\ZaraiAI_Tomato_Cotton_Wheat\data\raw\wheat\wheat_disease_main\Wheat Disease\Original Dataset\WheatBlast\WheatBlast_331.jpg,1440,1080,3,JPEG,513085,3311c155257567a1ab2b375973f7f0615b97b5ad6c5112e3ba505107d5988bf2,test
wheat,HealthyLeaf,HealthyLeaf_36.jpg,data\raw\wheat\wheat_disease_main\Wheat Disease\Original Dataset\HealthyLeaf\HealthyLeaf_36.jpg,D:\ZaraiAI_Tomato_Cotton_Wheat\data\raw\wheat\wheat_disease_main\Wheat Disease\Original Dataset\HealthyLeaf\HealthyLeaf_36.jpg,1080,1440,3,JPEG,284843,f38792ba89713de7ac86adfd22669423bbb705c67bfee8b75d96b5d721bd20b4,test
wheat,WheatBlast,WheatBlast_258.jpg,data\raw\wheat\wheat_disease_main\Wheat Disease\Original Dataset\WheatBlast\WheatBlast_258.jpg,D:\ZaraiAI_Tomato_Cotton_Wheat\data\raw\wheat\wheat_disease_main\Wheat Disease\Original Dataset\WheatBlast\WheatBlast_258.jpg,1440,1080,3,JPEG,492394,24053d417fd8c81c6f87c0a5e75993d1b6dcf0eb2e3d98f27c311133b4e4f9b8,test
wheat,WheatBlast,WheatBlast_130.jpg,data\raw\wheat\wheat_disease_main\Wheat Disease\Original Dataset\WheatBlast\WheatBlast_130.jpg,D:\ZaraiAI_Tomato_Cotton_Wheat\data\raw\wheat\wheat_disease_main\Wheat Disease\Original Dataset\WheatBlast\WheatBlast_130.jpg,1440,1080,3,JPEG,412597,8e977e209aa2654f70820e26742fdd37ee506104b811423974003ff671d6f48d,test
wheat,WheatBlast,WheatBlast_82.jpg,data\raw\wheat\wheat_disease_main\Wheat Disease\Original Dataset\WheatBlast\WheatBlast_82.jpg,D:\ZaraiAI_Tomato_Cotton_Wheat\data\raw\wheat\wheat_disease_main\Wheat Disease\Original Dataset\WheatBlast\WheatBlast_82.jpg,1440,1080,3,JPEG,472773,718124977e0c44982b162e227aa850df1140f06906955e079dd2dc27f79a6406,test
wheat,WheatBlast,WheatBlast_278.jpg,data\raw\wheat\wheat_disease_main\Wheat Disease\Original Dataset\WheatBlast\WheatBlast_278.jpg,D:\ZaraiAI_Tomato_Cotton_Wheat\data\raw\wheat\wheat_disease_main\Wheat Disease\Original Dataset\WheatBlast\WheatBlast_278.jpg,1440,1080,3,JPEG,459313,5cc0cc3402e925bbfb809650f8db52f2e2b17400628d0c1b31ef6bf8a7fcb5d5,test
wheat,BlackPoint,BlackPoint_237.jpg,data\raw\wheat\wheat_disease_main\Wheat Disease\Original Dataset\BlackPoint\BlackPoint_237.jpg,D:\ZaraiAI_Tomato_Cotton_Wheat\data\raw\wheat\wheat_disease_main\Wheat Disease\Original Dataset\BlackPoint\BlackPoint_237.jpg,1440,1080,3,JPEG,139019,6129b1f453553f1e1fa1902bc160670d0d150ae64d5c8055bdd147eff18c2bab,test
wheat,WheatBlast,WheatBlast_270.jpg,data\raw\wheat\wheat_disease_main\Wheat Disease\Original Dataset\WheatBlast\WheatBlast_270.jpg,D:\ZaraiAI_Tomato_Cotton_Wheat\data\raw\wheat\wheat_disease_main\Wheat Disease\Original Dataset\WheatBlast\WheatBlast_270.jpg,1440,1080,3,JPEG,452670,c8e1da08264e0f020ba1cc3521369fcad89226174f5af58700f0faf91599ea7c,test
wheat,BlackPoint,BlackPoint_268.jpg,data\raw\wheat\wheat_disease_main\Wheat Disease\Original Dataset\BlackPoint\BlackPoint_268.jpg,D:\ZaraiAI_Tomato_Cotton_Wheat\data\raw\wheat\wheat_disease_main\Wheat Disease\Original Dataset\BlackPoint\BlackPoint_268.jpg,1440,1080,3,JPEG,117799,3f014ef4c9702da2e3dca4cd2d4987f6eeba7de0c7757977dfa1ab8dfde6946b,test
wheat,FusariumFootRot,FusariumFootRot_12.jpg,data\raw\wheat\wheat_disease_main\Wheat Disease\Original Dataset\FusariumFootRot\FusariumFootRot_12.jpg,D:\ZaraiAI_Tomato_Cotton_Wheat\data\raw\wheat\wheat_disease_main\Wheat Disease\Original Dataset\FusariumFootRot\FusariumFootRot_12.jpg,1440,1080,3,JPEG,420326,66af0af285bc06c020b1344ed1e2acb2965dc5989633b168220305e252d1a9f4,test
wheat,BlackPoint,BlackPoint_24.jpg,data\raw\wheat\wheat_disease_main\Wheat Disease\Original Dataset\BlackPoint\BlackPoint_24.jpg,D:\ZaraiAI_Tomato_Cotton_Wheat\data\raw\wheat\wheat_disease_main\Wheat Disease\Original Dataset\BlackPoint\BlackPoint_24.jpg,1080,1440,3,JPEG,300428,407a47f71fe61ae60b5ddf751cdb07c3981f0f948b21e41741b3fb1ddab9bd71,test
wheat,FusariumFootRot,FusariumFootRot_215.jpg,data\raw\wheat\wheat_disease_main\Wheat Disease\Original Dataset\FusariumFootRot\FusariumFootRot_215.jpg,D:\ZaraiAI_Tomato_Cotton_Wheat\data\raw\wheat\wheat_disease_main\Wheat Disease\Original Dataset\FusariumFootRot\FusariumFootRot_215.jpg,1080,1440,3,JPEG,375043,d464a8572928b53076380773538c9806b03e458d4297e995205d558d82550e84,test
wheat,HealthyLeaf,HealthyLeaf_102.jpg,data\raw\wheat\wheat_disease_main\Wheat Disease\Original Dataset\HealthyLeaf\HealthyLeaf_102.jpg,D:\ZaraiAI_Tomato_Cotton_Wheat\data\raw\wheat\wheat_disease_main\Wheat Disease\Original Dataset\HealthyLeaf\HealthyLeaf_102.jpg,1080,1440,3,JPEG,289922,fb3d9207ad2957a90cda5745dba7712eeeb850a0b467a061faa99ee44363c714,test
wheat,WheatBlast,WheatBlast_297.jpg,data\raw\wheat\wheat_disease_main\Wheat Disease\Original Dataset\WheatBlast\WheatBlast_297.jpg,D:\ZaraiAI_Tomato_Cotton_Wheat\data\raw\wheat\wheat_disease_main\Wheat Disease\Original Dataset\WheatBlast\WheatBlast_297.jpg,1440,1080,3,JPEG,492510,3f6aee3ac21795286b335df114cf880f921c959744afda4b2098f52a1973eea3,test
wheat,WheatBlast,WheatBlast_25.jpg,data\raw\wheat\wheat_disease_main\Wheat Disease\Original Dataset\WheatBlast\WheatBlast_25.jpg,D:\ZaraiAI_Tomato_Cotton_Wheat\data\raw\wheat\wheat_disease_main\Wheat Disease\Original Dataset\WheatBlast\WheatBlast_25.jpg,1440,1080,3,JPEG,348254,156ab98d46ac418d9c065f90a383967e1c61b378db36a421dac1772b088a4f1c,test
wheat,LeafBlight,LeafBlight_67.jpg,data\raw\wheat\wheat_disease_main\Wheat Disease\Original Dataset\LeafBlight\LeafBlight_67.jpg,D:\ZaraiAI_Tomato_Cotton_Wheat\data\raw\wheat\wheat_disease_main\Wheat Disease\Original Dataset\LeafBlight\LeafBlight_67.jpg,1440,1080,3,JPEG,329136,ad88c9c515df79ebd37e4269794f17ea9b4a552b4ced9f6e05e51c8ec728db5d,test
wheat,WheatBlast,WheatBlast_282.jpg,data\raw\wheat\wheat_disease_main\Wheat Disease\Original Dataset\WheatBlast\WheatBlast_282.jpg,D:\ZaraiAI_Tomato_Cotton_Wheat\data\raw\wheat\wheat_disease_main\Wheat Disease\Original Dataset\WheatBlast\WheatBlast_282.jpg,1440,1080,3,JPEG,401918,a33d2a9c795c66008ad74ee5b1a511b7494d92b5f610b7beedba59cf4aadc652,test
wheat,FusariumFootRot,FusariumFootRot_48.jpg,data\raw\wheat\wheat_disease_main\Wheat Disease\Original Dataset\FusariumFootRot\FusariumFootRot_48.jpg,D:\ZaraiAI_Tomato_Cotton_Wheat\data\raw\wheat\wheat_disease_main\Wheat Disease\Original Dataset\FusariumFootRot\FusariumFootRot_48.jpg,1080,1440,3,JPEG,468903,1cb9fa4371967f7e89d9a6fed40bb8181a2d9e71ecc1eec9deca7fbe808fe37c,test
wheat,WheatBlast,WheatBlast_267.jpg,data\raw\wheat\wheat_disease_main\Wheat Disease\Original Dataset\WheatBlast\WheatBlast_267.jpg,D:\ZaraiAI_Tomato_Cotton_Wheat\data\raw\wheat\wheat_disease_main\Wheat Disease\Original Dataset\WheatBlast\WheatBlast_267.jpg,1440,1080,3,JPEG,495706,da5aa52a85e1952af1fd37ff37734c329259eb86610d23f39146c5eed0087c4c,test
wheat,HealthyLeaf,HealthyLeaf_70.jpg,data\raw\wheat\wheat_disease_main\Wheat Disease\Original Dataset\HealthyLeaf\HealthyLeaf_70.jpg,D:\ZaraiAI_Tomato_Cotton_Wheat\data\raw\wheat\wheat_disease_main\Wheat Disease\Original Dataset\HealthyLeaf\HealthyLeaf_70.jpg,1080,1440,3,JPEG,477514,11ced9e1a66a5d85e56878957e191e662f91213f5049303a19d51b3d22d05cf7,test
wheat,WheatBlast,WheatBlast_365.jpg,data\raw\wheat\wheat_disease_main\Wheat Disease\Original Dataset\WheatBlast\WheatBlast_365.jpg,D:\ZaraiAI_Tomato_Cotton_Wheat\data\raw\wheat\wheat_disease_main\Wheat Disease\Original Dataset\WheatBlast\WheatBlast_365.jpg,1440,1080,3,JPEG,563382,36c6e7283d84d65faf69f522d9c856d797f011fb4210850f752abaa47f8dc8a6,test
wheat,BlackPoint,BlackPoint_144.jpg,data\raw\wheat\wheat_disease_main\Wheat Disease\Original Dataset\BlackPoint\BlackPoint_144.jpg,D:\ZaraiAI_Tomato_Cotton_Wheat\data\raw\wheat\wheat_disease_main\Wheat Disease\Original Dataset\BlackPoint\BlackPoint_144.jpg,1080,1440,3,JPEG,264741,54e26f574252315456aba1986bcf7f12b855c319a916f6e10757ed676ed33324,test
wheat,LeafBlight,LeafBlight_129.jpg,data\raw\wheat\wheat_disease_main\Wheat Disease\Original Dataset\LeafBlight\LeafBlight_129.jpg,D:\ZaraiAI_Tomato_Cotton_Wheat\data\raw\wheat\wheat_disease_main\Wheat Disease\Original Dataset\LeafBlight\LeafBlight_129.jpg,1440,1080,3,JPEG,328052,90120a09cbbbd2f2dea145444034ed4fef7f0a17eba874388c73dfb72378be0c,test
wheat,BlackPoint,BlackPoint_118.jpg,data\raw\wheat\wheat_disease_main\Wheat Disease\Original Dataset\BlackPoint\BlackPoint_118.jpg,D:\ZaraiAI_Tomato_Cotton_Wheat\data\raw\wheat\wheat_disease_main\Wheat Disease\Original Dataset\BlackPoint\BlackPoint_118.jpg,1080,1440,3,JPEG,224521,d6369827842078f614a0213a2274fa29e3337e6f395b0fad1281478f652ad32e,test
wheat,LeafBlight,LeafBlight_281.jpg,data\raw\wheat\wheat_disease_main\Wheat Disease\Original Dataset\LeafBlight\LeafBlight_281.jpg,D:\ZaraiAI_Tomato_Cotton_Wheat\data\raw\wheat\wheat_disease_main\Wheat Disease\Original Dataset\LeafBlight\LeafBlight_281.jpg,1440,1080,3,JPEG,214883,6adc6806eaa2c07a1bd091cefedd8d686015a73d69bb251c53c079cb213bb8bb,test
wheat,BlackPoint,BlackPoint_233.jpg,data\raw\wheat\wheat_disease_main\Wheat Disease\Original Dataset\BlackPoint\BlackPoint_233.jpg,D:\ZaraiAI_Tomato_Cotton_Wheat\data\raw\wheat\wheat_disease_main\Wheat Disease\Original Dataset\BlackPoint\BlackPoint_233.jpg,1440,1080,3,JPEG,155825,01619b6f321665c513eceebfb464f5bb0768ef2567cf9f9bc7aebbb547a8c45b,test
wheat,BlackPoint,BlackPoint_290.jpg,data\raw\wheat\wheat_disease_main\Wheat Disease\Original Dataset\BlackPoint\BlackPoint_290.jpg,D:\ZaraiAI_Tomato_Cotton_Wheat\data\raw\wheat\wheat_disease_main\Wheat Disease\Original Dataset\BlackPoint\BlackPoint_290.jpg,1080,1440,3,JPEG,224964,9f1c704761710f184a9dcc1cd2c1700ec54510fade822841c913718ec90cc4bd,test
wheat,HealthyLeaf,HealthyLeaf_122.jpg,data\raw\wheat\wheat_disease_main\Wheat Disease\Original Dataset\HealthyLeaf\HealthyLeaf_122.jpg,D:\ZaraiAI_Tomato_Cotton_Wheat\data\raw\wheat\wheat_disease_main\Wheat Disease\Original Dataset\HealthyLeaf\HealthyLeaf_122.jpg,1080,1440,3,JPEG,325385,0fdc0b3702183bc718c380ab91d26c1e52eccbd42cad7c2009025a8bdcb0fa89,test
wheat,FusariumFootRot,FusariumFootRot_236.jpg,data\raw\wheat\wheat_disease_main\Wheat Disease\Original Dataset\FusariumFootRot\FusariumFootRot_236.jpg,D:\ZaraiAI_Tomato_Cotton_Wheat\data\raw\wheat\wheat_disease_main\Wheat Disease\Original Dataset\FusariumFootRot\FusariumFootRot_236.jpg,1080,1440,3,JPEG,393041,0dca2edc6f5cdc96acede0a4770d1e855810b6d4313b41528f554bf2dee1211f,test
wheat,LeafBlight,LeafBlight_99.jpg,data\raw\wheat\wheat_disease_main\Wheat Disease\Original Dataset\LeafBlight\LeafBlight_99.jpg,D:\ZaraiAI_Tomato_Cotton_Wheat\data\raw\wheat\wheat_disease_main\Wheat Disease\Original Dataset\LeafBlight\LeafBlight_99.jpg,1440,1080,3,JPEG,347389,11456c4f04460e535545c8ddd74fc4c68126b232de9376955db618552447d319,test
wheat,LeafBlight,LeafBlight_246.jpg,data\raw\wheat\wheat_disease_main\Wheat Disease\Original Dataset\LeafBlight\LeafBlight_246.jpg,D:\ZaraiAI_Tomato_Cotton_Wheat\data\raw\wheat\wheat_disease_main\Wheat Disease\Original Dataset\LeafBlight\LeafBlight_246.jpg,1440,1080,3,JPEG,266077,f4067520ffb30524b2cb15e4d4053a046b8279235ded2b7584499e60823634d7,test
wheat,LeafBlight,LeafBlight_365.jpg,data\raw\wheat\wheat_disease_main\Wheat Disease\Original Dataset\LeafBlight\LeafBlight_365.jpg,D:\ZaraiAI_Tomato_Cotton_Wheat\data\raw\wheat\wheat_disease_main\Wheat Disease\Original Dataset\LeafBlight\LeafBlight_365.jpg,1440,1080,3,JPEG,108247,864ee72dcbfe47ee7e147c32592bb949d0eb3464742aca0440f25a6614830e4e,test
wheat,WheatBlast,WheatBlast_280.jpg,data\raw\wheat\wheat_disease_main\Wheat Disease\Original Dataset\WheatBlast\WheatBlast_280.jpg,D:\ZaraiAI_Tomato_Cotton_Wheat\data\raw\wheat\wheat_disease_main\Wheat Disease\Original Dataset\WheatBlast\WheatBlast_280.jpg,1440,1080,3,JPEG,428856,663d1fbea29039e1a4388b6390e97a66c47e8ea2d1c0dd63ec89db84bee7f35c,test
wheat,FusariumFootRot,FusariumFootRot_26.jpg,data\raw\wheat\wheat_disease_main\Wheat Disease\Original Dataset\FusariumFootRot\FusariumFootRot_26.jpg,D:\ZaraiAI_Tomato_Cotton_Wheat\data\raw\wheat\wheat_disease_main\Wheat Disease\Original Dataset\FusariumFootRot\FusariumFootRot_26.jpg,1080,1440,3,JPEG,492270,12f8e30e7b38b8ee630ddc6cd662fb485b95b6a7d9942e14751bbc84c556e7e1,test
wheat,BlackPoint,BlackPoint_269.jpg,data\raw\wheat\wheat_disease_main\Wheat Disease\Original Dataset\BlackPoint\BlackPoint_269.jpg,D:\ZaraiAI_Tomato_Cotton_Wheat\data\raw\wheat\wheat_disease_main\Wheat Disease\Original Dataset\BlackPoint\BlackPoint_269.jpg,1440,1080,3,JPEG,138517,adf3443ba37c1e9e4714a67d2db5d4f28e3b341524a8db3a6c8328a2abe2d095,test
wheat,WheatBlast,WheatBlast_395.jpg,data\raw\wheat\wheat_disease_main\Wheat Disease\Original Dataset\WheatBlast\WheatBlast_395.jpg,D:\ZaraiAI_Tomato_Cotton_Wheat\data\raw\wheat\wheat_disease_main\Wheat Disease\Original Dataset\WheatBlast\WheatBlast_395.jpg,1440,1080,3,JPEG,367430,559ac62f6713f74e4c0b4022351c63795fd342a1bad7c989ea78576405b3a835,test
wheat,HealthyLeaf,HealthyLeaf_104.jpg,data\raw\wheat\wheat_disease_main\Wheat Disease\Original Dataset\HealthyLeaf\HealthyLeaf_104.jpg,D:\ZaraiAI_Tomato_Cotton_Wheat\data\raw\wheat\wheat_disease_main\Wheat Disease\Original Dataset\HealthyLeaf\HealthyLeaf_104.jpg,1080,1440,3,JPEG,292064,1d783a7d92ca215bdba9c124d05c8f0d3b9f1c6018a4c2adddfb9ef69860ab59,test
wheat,LeafBlight,LeafBlight_202.jpg,data\raw\wheat\wheat_disease_main\Wheat Disease\Original Dataset\LeafBlight\LeafBlight_202.jpg,D:\ZaraiAI_Tomato_Cotton_Wheat\data\raw\wheat\wheat_disease_main\Wheat Disease\Original Dataset\LeafBlight\LeafBlight_202.jpg,1440,1080,3,JPEG,314187,048e95e39b12e151c30669b428f98d6f8f4df2259911e681099ef122a2730c2f,test
wheat,WheatBlast,WheatBlast_216.jpg,data\raw\wheat\wheat_disease_main\Wheat Disease\Original Dataset\WheatBlast\WheatBlast_216.jpg,D:\ZaraiAI_Tomato_Cotton_Wheat\data\raw\wheat\wheat_disease_main\Wheat Disease\Original Dataset\WheatBlast\WheatBlast_216.jpg,1440,1080,3,JPEG,408251,1ba6ddd7e304ef63b8422bd92142f1730550846aeec767c269df658e7867dbd6,test
wheat,WheatBlast,WheatBlast_399.jpg,data\raw\wheat\wheat_disease_main\Wheat Disease\Original Dataset\WheatBlast\WheatBlast_399.jpg,D:\ZaraiAI_Tomato_Cotton_Wheat\data\raw\wheat\wheat_disease_main\Wheat Disease\Original Dataset\WheatBlast\WheatBlast_399.jpg,1440,1080,3,JPEG,501718,93e260b62cc5d770cf0bed698f67c070fffbf29386c67e40f771322237901d6c,test
wheat,HealthyLeaf,HealthyLeaf_69.jpg,data\raw\wheat\wheat_disease_main\Wheat Disease\Original Dataset\HealthyLeaf\HealthyLeaf_69.jpg,D:\ZaraiAI_Tomato_Cotton_Wheat\data\raw\wheat\wheat_disease_main\Wheat Disease\Original Dataset\HealthyLeaf\HealthyLeaf_69.jpg,1080,1440,3,JPEG,445834,316a8304cfd9a38bedd576c52e3214b9cde4dfa4ecca753a47c4915c4526814f,test
wheat,FusariumFootRot,FusariumFootRot_117.jpg,data\raw\wheat\wheat_disease_main\Wheat Disease\Original Dataset\FusariumFootRot\FusariumFootRot_117.jpg,D:\ZaraiAI_Tomato_Cotton_Wheat\data\raw\wheat\wheat_disease_main\Wheat Disease\Original Dataset\FusariumFootRot\FusariumFootRot_117.jpg,1080,1440,3,JPEG,345663,8294a83480c2a15cd7c0926afd94caf0eb3c4903ce6ce66973d98ce0793555b2,test
wheat,LeafBlight,LeafBlight_356.jpg,data\raw\wheat\wheat_disease_main\Wheat Disease\Original Dataset\LeafBlight\LeafBlight_356.jpg,D:\ZaraiAI_Tomato_Cotton_Wheat\data\raw\wheat\wheat_disease_main\Wheat Disease\Original Dataset\LeafBlight\LeafBlight_356.jpg,1440,1080,3,JPEG,178191,8aed029bfded5f1ac9284cd374a6ab212a655f090c8e342b7050d979b4399508,test
wheat,LeafBlight,LeafBlight_215.jpg,data\raw\wheat\wheat_disease_main\Wheat Disease\Original Dataset\LeafBlight\LeafBlight_215.jpg,D:\ZaraiAI_Tomato_Cotton_Wheat\data\raw\wheat\wheat_disease_main\Wheat Disease\Original Dataset\LeafBlight\LeafBlight_215.jpg,1440,1080,3,JPEG,439350,89024d247a7b232f58d63e5f0cebcb440b6ac90171c1beef4a20158759d3f67c,test
wheat,LeafBlight,LeafBlight_301.jpg,data\raw\wheat\wheat_disease_main\Wheat Disease\Original Dataset\LeafBlight\LeafBlight_301.jpg,D:\ZaraiAI_Tomato_Cotton_Wheat\data\raw\wheat\wheat_disease_main\Wheat Disease\Original Dataset\LeafBlight\LeafBlight_301.jpg,1440,1080,3,JPEG,227719,02e6c36afc958a9b9b242ce2022c850ee7616239e40c2ec4ebae07723992e4a0,test
wheat,BlackPoint,BlackPoint_141.jpg,data\raw\wheat\wheat_disease_main\Wheat Disease\Original Dataset\BlackPoint\BlackPoint_141.jpg,D:\ZaraiAI_Tomato_Cotton_Wheat\data\raw\wheat\wheat_disease_main\Wheat Disease\Original Dataset\BlackPoint\BlackPoint_141.jpg,1080,1440,3,JPEG,367986,9ec57cadef7580f3656d97f7b77fe8eb0b21ef2d9fcf875b3c5da11d107d7d19,test
wheat,FusariumFootRot,FusariumFootRot_202.jpg,data\raw\wheat\wheat_disease_main\Wheat Disease\Original Dataset\FusariumFootRot\FusariumFootRot_202.jpg,D:\ZaraiAI_Tomato_Cotton_Wheat\data\raw\wheat\wheat_disease_main\Wheat Disease\Original Dataset\FusariumFootRot\FusariumFootRot_202.jpg,1080,1440,3,JPEG,488465,3d3c8aabcd554eab39c9f411e606bf7acde93350c017c6fabf32077e0c86c8f3,test
wheat,LeafBlight,LeafBlight_162.jpg,data\raw\wheat\wheat_disease_main\Wheat Disease\Original Dataset\LeafBlight\LeafBlight_162.jpg,D:\ZaraiAI_Tomato_Cotton_Wheat\data\raw\wheat\wheat_disease_main\Wheat Disease\Original Dataset\LeafBlight\LeafBlight_162.jpg,1440,1080,3,JPEG,259533,788094f55d7ea4ea0523fd2a831c1bcb57fd019f4e8a7c585cfd3a80ec37afdf,test
wheat,LeafBlight,LeafBlight_367.jpg,data\raw\wheat\wheat_disease_main\Wheat Disease\Original Dataset\LeafBlight\LeafBlight_367.jpg,D:\ZaraiAI_Tomato_Cotton_Wheat\data\raw\wheat\wheat_disease_main\Wheat Disease\Original Dataset\LeafBlight\LeafBlight_367.jpg,1440,1080,3,JPEG,112259,5cc0e326ecdab636f430e7bac30a508266a8832d810464f10520c57493e2a0d9,test
wheat,WheatBlast,WheatBlast_295.jpg,data\raw\wheat\wheat_disease_main\Wheat Disease\Original Dataset\WheatBlast\WheatBlast_295.jpg,D:\ZaraiAI_Tomato_Cotton_Wheat\data\raw\wheat\wheat_disease_main\Wheat Disease\Original Dataset\WheatBlast\WheatBlast_295.jpg,1440,1080,3,JPEG,494897,41057ce11c81bdd851f3f2227e3c4e22565cf825ea57b427feadef686ab38c56,test
wheat,LeafBlight,LeafBlight_150.jpg,data\raw\wheat\wheat_disease_main\Wheat Disease\Original Dataset\LeafBlight\LeafBlight_150.jpg,D:\ZaraiAI_Tomato_Cotton_Wheat\data\raw\wheat\wheat_disease_main\Wheat Disease\Original Dataset\LeafBlight\LeafBlight_150.jpg,1440,1080,3,JPEG,382548,dca37f3954f0b7502f5e6b89a8f6ea29de6726b1915715cb397d2db8ed0b52cf,test
wheat,FusariumFootRot,FusariumFootRot_143.jpg,data\raw\wheat\wheat_disease_main\Wheat Disease\Original Dataset\FusariumFootRot\FusariumFootRot_143.jpg,D:\ZaraiAI_Tomato_Cotton_Wheat\data\raw\wheat\wheat_disease_main\Wheat Disease\Original Dataset\FusariumFootRot\FusariumFootRot_143.jpg,1440,1080,3,JPEG,380186,e44348991f91856883882e2362b06e52a16ff85365dbd0643e32e647617bc224,test
wheat,HealthyLeaf,HealthyLeaf_176.jpg,data\raw\wheat\wheat_disease_main\Wheat Disease\Original Dataset\HealthyLeaf\HealthyLeaf_176.jpg,D:\ZaraiAI_Tomato_Cotton_Wheat\data\raw\wheat\wheat_disease_main\Wheat Disease\Original Dataset\HealthyLeaf\HealthyLeaf_176.jpg,1080,1440,3,JPEG,237981,99f821a1c54184b3c36868fab07c2680a2c0ab12ca5bb6aad61715d1a75e9b47,test
wheat,HealthyLeaf,HealthyLeaf_96.jpg,data\raw\wheat\wheat_disease_main\Wheat Disease\Original Dataset\HealthyLeaf\HealthyLeaf_96.jpg,D:\ZaraiAI_Tomato_Cotton_Wheat\data\raw\wheat\wheat_disease_main\Wheat Disease\Original Dataset\HealthyLeaf\HealthyLeaf_96.jpg,1080,1440,3,JPEG,238186,22cf28688b3bd1085f292f6e2e7a653af12cb532b043e28fa7216969d53b1254,test
wheat,HealthyLeaf,HealthyLeaf_145.jpg,data\raw\wheat\wheat_disease_main\Wheat Disease\Original Dataset\HealthyLeaf\HealthyLeaf_145.jpg,D:\ZaraiAI_Tomato_Cotton_Wheat\data\raw\wheat\wheat_disease_main\Wheat Disease\Original Dataset\HealthyLeaf\HealthyLeaf_145.jpg,1080,1440,3,JPEG,234399,bfdcb9f5e1173fa603b7d1ae9aa1b78b4eab72ac6a477bb59b26301c1dd8cb26,test
wheat,FusariumFootRot,FusariumFootRot_137.jpg,data\raw\wheat\wheat_disease_main\Wheat Disease\Original Dataset\FusariumFootRot\FusariumFootRot_137.jpg,D:\ZaraiAI_Tomato_Cotton_Wheat\data\raw\wheat\wheat_disease_main\Wheat Disease\Original Dataset\FusariumFootRot\FusariumFootRot_137.jpg,1080,1440,3,JPEG,276889,a897c901eb21abe7004afc0afc1e5f7f18cb04fd2c8ca8834c29a46730d76da1,test
wheat,BlackPoint,BlackPoint_214.jpg,data\raw\wheat\wheat_disease_main\Wheat Disease\Original Dataset\BlackPoint\BlackPoint_214.jpg,D:\ZaraiAI_Tomato_Cotton_Wheat\data\raw\wheat\wheat_disease_main\Wheat Disease\Original Dataset\BlackPoint\BlackPoint_214.jpg,1080,1440,3,JPEG,212689,d3f330296297052ef363bb73c2d07a6ecebcb6bb0324c05915df1cca49b076fe,test
wheat,WheatBlast,WheatBlast_363.jpg,data\raw\wheat\wheat_disease_main\Wheat Disease\Original Dataset\WheatBlast\WheatBlast_363.jpg,D:\ZaraiAI_Tomato_Cotton_Wheat\data\raw\wheat\wheat_disease_main\Wheat Disease\Original Dataset\WheatBlast\WheatBlast_363.jpg,1440,1080,3,JPEG,487294,c8436b87d42c46817b51a8034bf95d10065d95f9ee94c2451361f96fe9923b49,test
wheat,WheatBlast,WheatBlast_50.jpg,data\raw\wheat\wheat_disease_main\Wheat Disease\Original Dataset\WheatBlast\WheatBlast_50.jpg,D:\ZaraiAI_Tomato_Cotton_Wheat\data\raw\wheat\wheat_disease_main\Wheat Disease\Original Dataset\WheatBlast\WheatBlast_50.jpg,1440,1080,3,JPEG,357165,96b9b3de3d619298f6ba1ee623bec9d395a84e0e5859557d368fa0ec055b17b7,test
wheat,LeafBlight,LeafBlight_109.jpg,data\raw\wheat\wheat_disease_main\Wheat Disease\Original Dataset\LeafBlight\LeafBlight_109.jpg,D:\ZaraiAI_Tomato_Cotton_Wheat\data\raw\wheat\wheat_disease_main\Wheat Disease\Original Dataset\LeafBlight\LeafBlight_109.jpg,1440,1080,3,JPEG,325358,ea593363d9535e82066e5204ff562231509db23b7d49efd9ee1c1be2e5fdafe7,test
wheat,BlackPoint,BlackPoint_53.jpg,data\raw\wheat\wheat_disease_main\Wheat Disease\Original Dataset\BlackPoint\BlackPoint_53.jpg,D:\ZaraiAI_Tomato_Cotton_Wheat\data\raw\wheat\wheat_disease_main\Wheat Disease\Original Dataset\BlackPoint\BlackPoint_53.jpg,1080,1440,3,JPEG,373936,ef0356eae18ffd711f9a58abeac522c1809dd4707eab503f3343f34dce3a2f8c,test
wheat,WheatBlast,WheatBlast_387.jpg,data\raw\wheat\wheat_disease_main\Wheat Disease\Original Dataset\WheatBlast\WheatBlast_387.jpg,D:\ZaraiAI_Tomato_Cotton_Wheat\data\raw\wheat\wheat_disease_main\Wheat Disease\Original Dataset\WheatBlast\WheatBlast_387.jpg,1440,1080,3,JPEG,483461,a60bb97b5b2a639ee54b428858374ea57885a3f7f9d51d3e9291045069ffd81b,test
wheat,FusariumFootRot,FusariumFootRot_21.jpg,data\raw\wheat\wheat_disease_main\Wheat Disease\Original Dataset\FusariumFootRot\FusariumFootRot_21.jpg,D:\ZaraiAI_Tomato_Cotton_Wheat\data\raw\wheat\wheat_disease_main\Wheat Disease\Original Dataset\FusariumFootRot\FusariumFootRot_21.jpg,1080,1440,3,JPEG,357048,22537cbbfd422cae9f496d17c35ba1efcd7ca325e9a894160ef4ef7de2092f67,test
wheat,WheatBlast,WheatBlast_367.jpg,data\raw\wheat\wheat_disease_main\Wheat Disease\Original Dataset\WheatBlast\WheatBlast_367.jpg,D:\ZaraiAI_Tomato_Cotton_Wheat\data\raw\wheat\wheat_disease_main\Wheat Disease\Original Dataset\WheatBlast\WheatBlast_367.jpg,1440,1080,3,JPEG,503053,c912fd2fb380c97e34f4fde24a8bfe73784bf4c5d91981bf0c6da4e2a2471cd7,test
wheat,HealthyLeaf,HealthyLeaf_193.jpg,data\raw\wheat\wheat_disease_main\Wheat Disease\Original Dataset\HealthyLeaf\HealthyLeaf_193.jpg,D:\ZaraiAI_Tomato_Cotton_Wheat\data\raw\wheat\wheat_disease_main\Wheat Disease\Original Dataset\HealthyLeaf\HealthyLeaf_193.jpg,1080,1440,3,JPEG,340780,4f8c62773c1e9bbcd1b84d4d2ac4b6b80f0d811a2a8a6cf0107743b6ff37bcb2,test
wheat,HealthyLeaf,HealthyLeaf_248.jpg,data\raw\wheat\wheat_disease_main\Wheat Disease\Original Dataset\HealthyLeaf\HealthyLeaf_248.jpg,D:\ZaraiAI_Tomato_Cotton_Wheat\data\raw\wheat\wheat_disease_main\Wheat Disease\Original Dataset\HealthyLeaf\HealthyLeaf_248.jpg,1080,1440,3,JPEG,432246,8509a33d1964c4ff9ae35dcb422f7dc885b48ebfb76b032c7b9dc432ea1b2f55,test
wheat,WheatBlast,WheatBlast_231.jpg,data\raw\wheat\wheat_disease_main\Wheat Disease\Original Dataset\WheatBlast\WheatBlast_231.jpg,D:\ZaraiAI_Tomato_Cotton_Wheat\data\raw\wheat\wheat_disease_main\Wheat Disease\Original Dataset\WheatBlast\WheatBlast_231.jpg,1440,1080,3,JPEG,386423,b992b75324c764c09551430758b8758b366f9219a96c54a73266e06aa482aaeb,test
wheat,HealthyLeaf,HealthyLeaf_35.jpg,data\raw\wheat\wheat_disease_main\Wheat Disease\Original Dataset\HealthyLeaf\HealthyLeaf_35.jpg,D:\ZaraiAI_Tomato_Cotton_Wheat\data\raw\wheat\wheat_disease_main\Wheat Disease\Original Dataset\HealthyLeaf\HealthyLeaf_35.jpg,1080,1440,3,JPEG,196999,655a834db80c5bdf704b6e66bdca7044e8801968b449d8c0b23a6aa9b62c2164,test
wheat,HealthyLeaf,HealthyLeaf_203.jpg,data\raw\wheat\wheat_disease_main\Wheat Disease\Original Dataset\HealthyLeaf\HealthyLeaf_203.jpg,D:\ZaraiAI_Tomato_Cotton_Wheat\data\raw\wheat\wheat_disease_main\Wheat Disease\Original Dataset\HealthyLeaf\HealthyLeaf_203.jpg,1080,1440,3,JPEG,343736,f00cab491e627b4abf4a4f0763f4f77ff3735fc9788c4c43f30dae32a25710f9,test
wheat,LeafBlight,LeafBlight_142.jpg,data\raw\wheat\wheat_disease_main\Wheat Disease\Original Dataset\LeafBlight\LeafBlight_142.jpg,D:\ZaraiAI_Tomato_Cotton_Wheat\data\raw\wheat\wheat_disease_main\Wheat Disease\Original Dataset\LeafBlight\LeafBlight_142.jpg,1440,1080,3,JPEG,383362,2bae9172b38dd929bcca9208b6b66cb219f36d061934028c4ab3251ebeaa18ce,test
wheat,FusariumFootRot,FusariumFootRot_37.jpg,data\raw\wheat\wheat_disease_main\Wheat Disease\Original Dataset\FusariumFootRot\FusariumFootRot_37.jpg,D:\ZaraiAI_Tomato_Cotton_Wheat\data\raw\wheat\wheat_disease_main\Wheat Disease\Original Dataset\FusariumFootRot\FusariumFootRot_37.jpg,1080,1440,3,JPEG,450044,cc7aece407dbffc802c0d2d1e3a3a80f0c46f084c9239c59a70b41e510ad0f43,test
wheat,WheatBlast,WheatBlast_398.jpg,data\raw\wheat\wheat_disease_main\Wheat Disease\Original Dataset\WheatBlast\WheatBlast_398.jpg,D:\ZaraiAI_Tomato_Cotton_Wheat\data\raw\wheat\wheat_disease_main\Wheat Disease\Original Dataset\WheatBlast\WheatBlast_398.jpg,1440,1080,3,JPEG,503879,92a5fa03e85a6caebbbe7be676f20c8c71c454ea05d0c7cd28b6500748ed58ca,test
wheat,LeafBlight,LeafBlight_337.jpg,data\raw\wheat\wheat_disease_main\Wheat Disease\Original Dataset\LeafBlight\LeafBlight_337.jpg,D:\ZaraiAI_Tomato_Cotton_Wheat\data\raw\wheat\wheat_disease_main\Wheat Disease\Original Dataset\LeafBlight\LeafBlight_337.jpg,1440,1080,3,JPEG,211134,4710de3780f2d5353b7af172bb0049f78bab13c731182b0846d806277fd7b690,test
wheat,LeafBlight,LeafBlight_97.jpg,data\raw\wheat\wheat_disease_main\Wheat Disease\Original Dataset\LeafBlight\LeafBlight_97.jpg,D:\ZaraiAI_Tomato_Cotton_Wheat\data\raw\wheat\wheat_disease_main\Wheat Disease\Original Dataset\LeafBlight\LeafBlight_97.jpg,1440,1080,3,JPEG,348557,4634a699d822906177885c3007a30bac9739e7c9a38437886ff5b0ed2a9926e1,test
wheat,HealthyLeaf,HealthyLeaf_53.jpg,data\raw\wheat\wheat_disease_main\Wheat Disease\Original Dataset\HealthyLeaf\HealthyLeaf_53.jpg,D:\ZaraiAI_Tomato_Cotton_Wheat\data\raw\wheat\wheat_disease_main\Wheat Disease\Original Dataset\HealthyLeaf\HealthyLeaf_53.jpg,1080,1440,3,JPEG,437065,46cf1708ac592d846df6c23b1eacad8396c335e260de6c2965fc96e748b9890b,test
wheat,FusariumFootRot,FusariumFootRot_176.jpg,data\raw\wheat\wheat_disease_main\Wheat Disease\Original Dataset\FusariumFootRot\FusariumFootRot_176.jpg,D:\ZaraiAI_Tomato_Cotton_Wheat\data\raw\wheat\wheat_disease_main\Wheat Disease\Original Dataset\FusariumFootRot\FusariumFootRot_176.jpg,1080,1440,3,JPEG,456491,5fc45f54d1eac40568ea0486b8b52cdc953e1bfe9036c72244378fded4466726,test
wheat,WheatBlast,WheatBlast_89.jpg,data\raw\wheat\wheat_disease_main\Wheat Disease\Original Dataset\WheatBlast\WheatBlast_89.jpg,D:\ZaraiAI_Tomato_Cotton_Wheat\data\raw\wheat\wheat_disease_main\Wheat Disease\Original Dataset\WheatBlast\WheatBlast_89.jpg,1440,1080,3,JPEG,462606,c54dbdee0a3fc7d3bdf1c924bbe078f47adaf716da46105c5c8fa3a6ebb93377,test
wheat,WheatBlast,WheatBlast_61.jpg,data\raw\wheat\wheat_disease_main\Wheat Disease\Original Dataset\WheatBlast\WheatBlast_61.jpg,D:\ZaraiAI_Tomato_Cotton_Wheat\data\raw\wheat\wheat_disease_main\Wheat Disease\Original Dataset\WheatBlast\WheatBlast_61.jpg,1440,1080,3,JPEG,416175,855baad64f1c1d8ed4f71317a16d717364028c1eebdfa9e42fe843cafe2326be,test
wheat,LeafBlight,LeafBlight_398.jpg,data\raw\wheat\wheat_disease_main\Wheat Disease\Original Dataset\LeafBlight\LeafBlight_398.jpg,D:\ZaraiAI_Tomato_Cotton_Wheat\data\raw\wheat\wheat_disease_main\Wheat Disease\Original Dataset\LeafBlight\LeafBlight_398.jpg,1440,1080,3,JPEG,137260,88b00f35249ba6fa3db13090454e7686900f2730960c823f1a85079a1b822982,test
wheat,LeafBlight,LeafBlight_27.jpg,data\raw\wheat\wheat_disease_main\Wheat Disease\Original Dataset\LeafBlight\LeafBlight_27.jpg,D:\ZaraiAI_Tomato_Cotton_Wheat\data\raw\wheat\wheat_disease_main\Wheat Disease\Original Dataset\LeafBlight\LeafBlight_27.jpg,1440,1080,3,JPEG,395402,a0d9107a25b9e0a1827d1d21f3bd07c6631427ba8325a246c2bd164ca9c98363,test
wheat,LeafBlight,LeafBlight_208.jpg,data\raw\wheat\wheat_disease_main\Wheat Disease\Original Dataset\LeafBlight\LeafBlight_208.jpg,D:\ZaraiAI_Tomato_Cotton_Wheat\data\raw\wheat\wheat_disease_main\Wheat Disease\Original Dataset\LeafBlight\LeafBlight_208.jpg,1440,1080,3,JPEG,379809,ab07df1a5d463b35a6d78959b5a0d79c849f5d103ac2cf49aa84e0d06e5c88a1,test
wheat,LeafBlight,LeafBlight_204.jpg,data\raw\wheat\wheat_disease_main\Wheat Disease\Original Dataset\LeafBlight\LeafBlight_204.jpg,D:\ZaraiAI_Tomato_Cotton_Wheat\data\raw\wheat\wheat_disease_main\Wheat Disease\Original Dataset\LeafBlight\LeafBlight_204.jpg,1440,1080,3,JPEG,368555,dd3242410564a97a333cc629154a50855868a6e46f594a176627aab71ef97582,test
wheat,LeafBlight,LeafBlight_284.jpg,data\raw\wheat\wheat_disease_main\Wheat Disease\Original Dataset\LeafBlight\LeafBlight_284.jpg,D:\ZaraiAI_Tomato_Cotton_Wheat\data\raw\wheat\wheat_disease_main\Wheat Disease\Original Dataset\LeafBlight\LeafBlight_284.jpg,1440,1080,3,JPEG,247533,70e81a221f1eea93dd9c5c357affd8609a3a3ff3027e0c9653f3cddb8fefa6d6,test
wheat,FusariumFootRot,FusariumFootRot_14.jpg,data\raw\wheat\wheat_disease_main\Wheat Disease\Original Dataset\FusariumFootRot\FusariumFootRot_14.jpg,D:\ZaraiAI_Tomato_Cotton_Wheat\data\raw\wheat\wheat_disease_main\Wheat Disease\Original Dataset\FusariumFootRot\FusariumFootRot_14.jpg,1440,1080,3,JPEG,410806,d7cf2bde969ee0eaa4873ded4d7a37e11d95abe3570aa78ee9368271d92e849f,test
wheat,BlackPoint,BlackPoint_162.jpg,data\raw\wheat\wheat_disease_main\Wheat Disease\Original Dataset\BlackPoint\BlackPoint_162.jpg,D:\ZaraiAI_Tomato_Cotton_Wheat\data\raw\wheat\wheat_disease_main\Wheat Disease\Original Dataset\BlackPoint\BlackPoint_162.jpg,1080,1440,3,JPEG,299667,ca1de4d8fd6777a1bd58291ce8c5602352fd71d837012e2a05202395c0d1d9b5,test
wheat,HealthyLeaf,HealthyLeaf_106.jpg,data\raw\wheat\wheat_disease_main\Wheat Disease\Original Dataset\HealthyLeaf\HealthyLeaf_106.jpg,D:\ZaraiAI_Tomato_Cotton_Wheat\data\raw\wheat\wheat_disease_main\Wheat Disease\Original Dataset\HealthyLeaf\HealthyLeaf_106.jpg,1080,1440,3,JPEG,304263,5a5d427dae00ee126def55a869afba356f556b0d3f978cf88afe70020443a73e,test
wheat,FusariumFootRot,FusariumFootRot_133.jpg,data\raw\wheat\wheat_disease_main\Wheat Disease\Original Dataset\FusariumFootRot\FusariumFootRot_133.jpg,D:\ZaraiAI_Tomato_Cotton_Wheat\data\raw\wheat\wheat_disease_main\Wheat Disease\Original Dataset\FusariumFootRot\FusariumFootRot_133.jpg,1080,1440,3,JPEG,348478,7485d5ee0726a49f2f80ba63f57db594070215405cc9ae2aa1e1d18c07fff020,test
wheat,FusariumFootRot,FusariumFootRot_13.jpg,data\raw\wheat\wheat_disease_main\Wheat Disease\Original Dataset\FusariumFootRot\FusariumFootRot_13.jpg,D:\ZaraiAI_Tomato_Cotton_Wheat\data\raw\wheat\wheat_disease_main\Wheat Disease\Original Dataset\FusariumFootRot\FusariumFootRot_13.jpg,1440,1080,3,JPEG,373418,04eb07de8d2e3cc3bea8bb013c3c8078ff568d19d2662a992bc3eda7ab40bf73,test
wheat,WheatBlast,WheatBlast_186.jpg,data\raw\wheat\wheat_disease_main\Wheat Disease\Original Dataset\WheatBlast\WheatBlast_186.jpg,D:\ZaraiAI_Tomato_Cotton_Wheat\data\raw\wheat\wheat_disease_main\Wheat Disease\Original Dataset\WheatBlast\WheatBlast_186.jpg,1440,1080,3,JPEG,545800,953820bfd6d39afd1b5e4376ff1c22e6626eab351f476daa6677d63823741cd2,test
wheat,WheatBlast,WheatBlast_70.jpg,data\raw\wheat\wheat_disease_main\Wheat Disease\Original Dataset\WheatBlast\WheatBlast_70.jpg,D:\ZaraiAI_Tomato_Cotton_Wheat\data\raw\wheat\wheat_disease_main\Wheat Disease\Original Dataset\WheatBlast\WheatBlast_70.jpg,1440,1080,3,JPEG,362158,97dc38442c6f9ced5527b5c79e1f63264e72b9819f0530d7bea1a7f28bd42570,test
wheat,HealthyLeaf,HealthyLeaf_125.jpg,data\raw\wheat\wheat_disease_main\Wheat Disease\Original Dataset\HealthyLeaf\HealthyLeaf_125.jpg,D:\ZaraiAI_Tomato_Cotton_Wheat\data\raw\wheat\wheat_disease_main\Wheat Disease\Original Dataset\HealthyLeaf\HealthyLeaf_125.jpg,1080,1440,3,JPEG,284794,42f3fc0d64b5ab8db2d9e5a7e4e10b60ed69fdef637e82e17c6ae196c1ded1e2,test
wheat,FusariumFootRot,FusariumFootRot_73.jpg,data\raw\wheat\wheat_disease_main\Wheat Disease\Original Dataset\FusariumFootRot\FusariumFootRot_73.jpg,D:\ZaraiAI_Tomato_Cotton_Wheat\data\raw\wheat\wheat_disease_main\Wheat Disease\Original Dataset\FusariumFootRot\FusariumFootRot_73.jpg,1440,1080,3,JPEG,514998,acdec395fa77f0b16e51563b13dcee024fa0dae747cf0df5cd8d728c0c7fe5dd,test
wheat,LeafBlight,LeafBlight_180.jpg,data\raw\wheat\wheat_disease_main\Wheat Disease\Original Dataset\LeafBlight\LeafBlight_180.jpg,D:\ZaraiAI_Tomato_Cotton_Wheat\data\raw\wheat\wheat_disease_main\Wheat Disease\Original Dataset\LeafBlight\LeafBlight_180.jpg,1440,1080,3,JPEG,278229,c04c552d7ade9e67ebd860979cc8465e56b73ef2013df246442ee0f99d9501e7,test
wheat,FusariumFootRot,FusariumFootRot_142.jpg,data\raw\wheat\wheat_disease_main\Wheat Disease\Original Dataset\FusariumFootRot\FusariumFootRot_142.jpg,D:\ZaraiAI_Tomato_Cotton_Wheat\data\raw\wheat\wheat_disease_main\Wheat Disease\Original Dataset\FusariumFootRot\FusariumFootRot_142.jpg,1440,1080,3,JPEG,397072,00132a976396f6053e29180632cc009d52593ab874e0d6108897eb65999ebaf5,test
wheat,BlackPoint,BlackPoint_7.jpg,data\raw\wheat\wheat_disease_main\Wheat Disease\Original Dataset\BlackPoint\BlackPoint_7.jpg,D:\ZaraiAI_Tomato_Cotton_Wheat\data\raw\wheat\wheat_disease_main\Wheat Disease\Original Dataset\BlackPoint\BlackPoint_7.jpg,1080,1440,3,JPEG,286627,43c2f076f0883933170cc9b6aa74cc8fdece60fe896b929ae0ba01958f54d299,test
wheat,FusariumFootRot,FusariumFootRot_91.jpg,data\raw\wheat\wheat_disease_main\Wheat Disease\Original Dataset\FusariumFootRot\FusariumFootRot_91.jpg,D:\ZaraiAI_Tomato_Cotton_Wheat\data\raw\wheat\wheat_disease_main\Wheat Disease\Original Dataset\FusariumFootRot\FusariumFootRot_91.jpg,1080,1440,3,JPEG,378052,9f3e450dc41a05252b55ba3e8e0c98b1cb2cef5031038e1e24ad760c0ee49e0a,test
wheat,LeafBlight,LeafBlight_163.jpg,data\raw\wheat\wheat_disease_main\Wheat Disease\Original Dataset\LeafBlight\LeafBlight_163.jpg,D:\ZaraiAI_Tomato_Cotton_Wheat\data\raw\wheat\wheat_disease_main\Wheat Disease\Original Dataset\LeafBlight\LeafBlight_163.jpg,1440,1080,3,JPEG,248357,6b8ec4bdb421a957d5462ee376493f65fa5eb103e3d2860c38bc3ba0db45a4ff,test
wheat,LeafBlight,LeafBlight_172.jpg,data\raw\wheat\wheat_disease_main\Wheat Disease\Original Dataset\LeafBlight\LeafBlight_172.jpg,D:\ZaraiAI_Tomato_Cotton_Wheat\data\raw\wheat\wheat_disease_main\Wheat Disease\Original Dataset\LeafBlight\LeafBlight_172.jpg,1440,1080,3,JPEG,256182,33194360edb83c403686d79a79e69612959238f94ee9eddb14c069ddef9da0c2,test
wheat,WheatBlast,WheatBlast_23.jpg,data\raw\wheat\wheat_disease_main\Wheat Disease\Original Dataset\WheatBlast\WheatBlast_23.jpg,D:\ZaraiAI_Tomato_Cotton_Wheat\data\raw\wheat\wheat_disease_main\Wheat Disease\Original Dataset\WheatBlast\WheatBlast_23.jpg,1440,1080,3,JPEG,351172,963acb73770ac8c9560562027ac488633bb9775be9d6733f0f4437e0417e9adf,test
wheat,BlackPoint,BlackPoint_111.jpg,data\raw\wheat\wheat_disease_main\Wheat Disease\Original Dataset\BlackPoint\BlackPoint_111.jpg,D:\ZaraiAI_Tomato_Cotton_Wheat\data\raw\wheat\wheat_disease_main\Wheat Disease\Original Dataset\BlackPoint\BlackPoint_111.jpg,1080,1440,3,JPEG,329908,384f849068b68f6e0449ae47d9ac48655bdf51570064347536a83a917e3c21bd,test
wheat,FusariumFootRot,FusariumFootRot_203.jpg,data\raw\wheat\wheat_disease_main\Wheat Disease\Original Dataset\FusariumFootRot\FusariumFootRot_203.jpg,D:\ZaraiAI_Tomato_Cotton_Wheat\data\raw\wheat\wheat_disease_main\Wheat Disease\Original Dataset\FusariumFootRot\FusariumFootRot_203.jpg,1080,1440,3,JPEG,493267,ab2a8118198f9c106579bc9631664a4240b966aa12cbd252f19d6db845a8caf2,test
wheat,LeafBlight,LeafBlight_351.jpg,data\raw\wheat\wheat_disease_main\Wheat Disease\Original Dataset\LeafBlight\LeafBlight_351.jpg,D:\ZaraiAI_Tomato_Cotton_Wheat\data\raw\wheat\wheat_disease_main\Wheat Disease\Original Dataset\LeafBlight\LeafBlight_351.jpg,1440,1080,3,JPEG,174543,ba4a3baa220e118bc94bace153bfb4cad409c1df2e4125163d1cadb4e6151f25,test
wheat,WheatBlast,WheatBlast_44.jpg,data\raw\wheat\wheat_disease_main\Wheat Disease\Original Dataset\WheatBlast\WheatBlast_44.jpg,D:\ZaraiAI_Tomato_Cotton_Wheat\data\raw\wheat\wheat_disease_main\Wheat Disease\Original Dataset\WheatBlast\WheatBlast_44.jpg,1440,1080,3,JPEG,393820,3552b7b64199384377f1485a3aab24a76c4da2fbe455decfb11433f680573ce6,test
wheat,BlackPoint,BlackPoint_146.jpg,data\raw\wheat\wheat_disease_main\Wheat Disease\Original Dataset\BlackPoint\BlackPoint_146.jpg,D:\ZaraiAI_Tomato_Cotton_Wheat\data\raw\wheat\wheat_disease_main\Wheat Disease\Original Dataset\BlackPoint\BlackPoint_146.jpg,1080,1440,3,JPEG,274096,dd627fb37d8935aeb5697afbdf787a5c9943392909d5e9a0963d316b8bb257ec,test
wheat,BlackPoint,BlackPoint_147.jpg,data\raw\wheat\wheat_disease_main\Wheat Disease\Original Dataset\BlackPoint\BlackPoint_147.jpg,D:\ZaraiAI_Tomato_Cotton_Wheat\data\raw\wheat\wheat_disease_main\Wheat Disease\Original Dataset\BlackPoint\BlackPoint_147.jpg,1080,1440,3,JPEG,287462,b6f46eea0989ce598dda6363c2b422e03b57d6006bf5bf257d57010e28fcf6ee,test
wheat,HealthyLeaf,HealthyLeaf_119.jpg,data\raw\wheat\wheat_disease_main\Wheat Disease\Original Dataset\HealthyLeaf\HealthyLeaf_119.jpg,D:\ZaraiAI_Tomato_Cotton_Wheat\data\raw\wheat\wheat_disease_main\Wheat Disease\Original Dataset\HealthyLeaf\HealthyLeaf_119.jpg,1080,1440,3,JPEG,331436,34b645daf1b310456f26a52d8e70657f2d37aa0356190952224ab68afbfe75cc,test
wheat,BlackPoint,BlackPoint_77.jpg,data\raw\wheat\wheat_disease_main\Wheat Disease\Original Dataset\BlackPoint\BlackPoint_77.jpg,D:\ZaraiAI_Tomato_Cotton_Wheat\data\raw\wheat\wheat_disease_main\Wheat Disease\Original Dataset\BlackPoint\BlackPoint_77.jpg,1080,1440,3,JPEG,314914,c2fef710303006c4498eeb3df7b252f6d8c2bd2f34ad1761b477de8b538d8150,test
wheat,FusariumFootRot,FusariumFootRot_235.jpg,data\raw\wheat\wheat_disease_main\Wheat Disease\Original Dataset\FusariumFootRot\FusariumFootRot_235.jpg,D:\ZaraiAI_Tomato_Cotton_Wheat\data\raw\wheat\wheat_disease_main\Wheat Disease\Original Dataset\FusariumFootRot\FusariumFootRot_235.jpg,1080,1440,3,JPEG,379520,e0da05f43195489bc814a1bdf762188b40cf0649dd6c0b6d4b323ed0fd3262c1,test
wheat,BlackPoint,BlackPoint_64.jpg,data\raw\wheat\wheat_disease_main\Wheat Disease\Original Dataset\BlackPoint\BlackPoint_64.jpg,D:\ZaraiAI_Tomato_Cotton_Wheat\data\raw\wheat\wheat_disease_main\Wheat Disease\Original Dataset\BlackPoint\BlackPoint_64.jpg,1080,1440,3,JPEG,216983,d07443a0cf84c1193fddb4068b250620103b5d56c0b49a30702393f146c1c94e,test
wheat,HealthyLeaf,HealthyLeaf_229.jpg,data\raw\wheat\wheat_disease_main\Wheat Disease\Original Dataset\HealthyLeaf\HealthyLeaf_229.jpg,D:\ZaraiAI_Tomato_Cotton_Wheat\data\raw\wheat\wheat_disease_main\Wheat Disease\Original Dataset\HealthyLeaf\HealthyLeaf_229.jpg,1080,1440,3,JPEG,286051,b2a98b3ca3d10619ae2114a058f464f15c824299c5c597ed188794a085b303e3,test
wheat,FusariumFootRot,FusariumFootRot_32.jpg,data\raw\wheat\wheat_disease_main\Wheat Disease\Original Dataset\FusariumFootRot\FusariumFootRot_32.jpg,D:\ZaraiAI_Tomato_Cotton_Wheat\data\raw\wheat\wheat_disease_main\Wheat Disease\Original Dataset\FusariumFootRot\FusariumFootRot_32.jpg,1080,1440,3,JPEG,516363,d155fb6d7cd1e10fc5787475eaab29a14e7e86081b6b3782bbce7ffaff92e924,test
wheat,WheatBlast,WheatBlast_62.jpg,data\raw\wheat\wheat_disease_main\Wheat Disease\Original Dataset\WheatBlast\WheatBlast_62.jpg,D:\ZaraiAI_Tomato_Cotton_Wheat\data\raw\wheat\wheat_disease_main\Wheat Disease\Original Dataset\WheatBlast\WheatBlast_62.jpg,1440,1080,3,JPEG,371009,953ab426e08a486c75465a0b56873603c8197ad1cf7fbcb085e04aa3cd892dda,test
wheat,WheatBlast,WheatBlast_284.jpg,data\raw\wheat\wheat_disease_main\Wheat Disease\Original Dataset\WheatBlast\WheatBlast_284.jpg,D:\ZaraiAI_Tomato_Cotton_Wheat\data\raw\wheat\wheat_disease_main\Wheat Disease\Original Dataset\WheatBlast\WheatBlast_284.jpg,1440,1080,3,JPEG,480506,770625567177f4f9ff88b7aa404489b7c8cc73a7b7282a7179c938a1e0140cae,test
wheat,FusariumFootRot,FusariumFootRot_78.jpg,data\raw\wheat\wheat_disease_main\Wheat Disease\Original Dataset\FusariumFootRot\FusariumFootRot_78.jpg,D:\ZaraiAI_Tomato_Cotton_Wheat\data\raw\wheat\wheat_disease_main\Wheat Disease\Original Dataset\FusariumFootRot\FusariumFootRot_78.jpg,1080,1440,3,JPEG,370424,3c34f7a76041eef63fd8ec06e93b2fbe2323090db10d3d67828c6e24555639b4,test
wheat,FusariumFootRot,FusariumFootRot_230.jpg,data\raw\wheat\wheat_disease_main\Wheat Disease\Original Dataset\FusariumFootRot\FusariumFootRot_230.jpg,D:\ZaraiAI_Tomato_Cotton_Wheat\data\raw\wheat\wheat_disease_main\Wheat Disease\Original Dataset\FusariumFootRot\FusariumFootRot_230.jpg,1080,1440,3,JPEG,290637,15a9106bcade7aedaaae03d2433e4baf862ec6039accad7bb2ee0838b3cd455f,test
wheat,BlackPoint,BlackPoint_98.jpg,data\raw\wheat\wheat_disease_main\Wheat Disease\Original Dataset\BlackPoint\BlackPoint_98.jpg,D:\ZaraiAI_Tomato_Cotton_Wheat\data\raw\wheat\wheat_disease_main\Wheat Disease\Original Dataset\BlackPoint\BlackPoint_98.jpg,1080,1440,3,JPEG,303286,22bc6f6e607dc39c10b46ac3d11875239d515b33611023868acab3aa3b5350e2,test
wheat,BlackPoint,BlackPoint_148.jpg,data\raw\wheat\wheat_disease_main\Wheat Disease\Original Dataset\BlackPoint\BlackPoint_148.jpg,D:\ZaraiAI_Tomato_Cotton_Wheat\data\raw\wheat\wheat_disease_main\Wheat Disease\Original Dataset\BlackPoint\BlackPoint_148.jpg,1080,1440,3,JPEG,282399,0bda292adddd9d3a6ad438e56dbc7fd6800cd874ab45c087538c3bc7f4775733,test
wheat,WheatBlast,WheatBlast_116.jpg,data\raw\wheat\wheat_disease_main\Wheat Disease\Original Dataset\WheatBlast\WheatBlast_116.jpg,D:\ZaraiAI_Tomato_Cotton_Wheat\data\raw\wheat\wheat_disease_main\Wheat Disease\Original Dataset\WheatBlast\WheatBlast_116.jpg,1440,1080,3,JPEG,453147,a865c767311abed561195188dac0325f30c983c319b2795617ad5ca3ac9978c9,test
wheat,LeafBlight,LeafBlight_305.jpg,data\raw\wheat\wheat_disease_main\Wheat Disease\Original Dataset\LeafBlight\LeafBlight_305.jpg,D:\ZaraiAI_Tomato_Cotton_Wheat\data\raw\wheat\wheat_disease_main\Wheat Disease\Original Dataset\LeafBlight\LeafBlight_305.jpg,1440,1080,3,JPEG,205272,ce8ccd027f814da5090e709b598583dd6d1e2ddfc6f48f317e299fd1a2b1d628,test
wheat,HealthyLeaf,HealthyLeaf_41.jpg,data\raw\wheat\wheat_disease_main\Wheat Disease\Original Dataset\HealthyLeaf\HealthyLeaf_41.jpg,D:\ZaraiAI_Tomato_Cotton_Wheat\data\raw\wheat\wheat_disease_main\Wheat Disease\Original Dataset\HealthyLeaf\HealthyLeaf_41.jpg,1080,1440,3,JPEG,304053,c5b0d4abbae801eef09410f8794f4a27a1cdfa7cdaa0c67fccd0101177685239,test
wheat,BlackPoint,BlackPoint_27.jpg,data\raw\wheat\wheat_disease_main\Wheat Disease\Original Dataset\BlackPoint\BlackPoint_27.jpg,D:\ZaraiAI_Tomato_Cotton_Wheat\data\raw\wheat\wheat_disease_main\Wheat Disease\Original Dataset\BlackPoint\BlackPoint_27.jpg,1080,1440,3,JPEG,214949,6093be7cc76894e8a9afb07ed0e69d7924105cbd814e6a604c08cb5ec2dd3f4d,test
wheat,FusariumFootRot,FusariumFootRot_234.jpg,data\raw\wheat\wheat_disease_main\Wheat Disease\Original Dataset\FusariumFootRot\FusariumFootRot_234.jpg,D:\ZaraiAI_Tomato_Cotton_Wheat\data\raw\wheat\wheat_disease_main\Wheat Disease\Original Dataset\FusariumFootRot\FusariumFootRot_234.jpg,1440,1080,3,JPEG,404143,46a36388eb556146cf9f76f5344b0110fd18914dda14d2a27cbb67e2aa7ea284,test
wheat,LeafBlight,LeafBlight_213.jpg,data\raw\wheat\wheat_disease_main\Wheat Disease\Original Dataset\LeafBlight\LeafBlight_213.jpg,D:\ZaraiAI_Tomato_Cotton_Wheat\data\raw\wheat\wheat_disease_main\Wheat Disease\Original Dataset\LeafBlight\LeafBlight_213.jpg,1440,1080,3,JPEG,291869,6d664e7c965fd9eb31a4c1d70c3421767d2e4f270a3a8edc0e74a87117962230,test
wheat,LeafBlight,LeafBlight_230.jpg,data\raw\wheat\wheat_disease_main\Wheat Disease\Original Dataset\LeafBlight\LeafBlight_230.jpg,D:\ZaraiAI_Tomato_Cotton_Wheat\data\raw\wheat\wheat_disease_main\Wheat Disease\Original Dataset\LeafBlight\LeafBlight_230.jpg,1440,1080,3,JPEG,279973,da3d1f9d878f9fec9b02d8394d386308b8b12a8e8036dba3a25ba31eb8f827d7,test
wheat,HealthyLeaf,HealthyLeaf_56.jpg,data\raw\wheat\wheat_disease_main\Wheat Disease\Original Dataset\HealthyLeaf\HealthyLeaf_56.jpg,D:\ZaraiAI_Tomato_Cotton_Wheat\data\raw\wheat\wheat_disease_main\Wheat Disease\Original Dataset\HealthyLeaf\HealthyLeaf_56.jpg,1080,1440,3,JPEG,315387,6002b14e2430e4c5fab09415cae48738965428881643bdda2bdc1807e694de58,test
wheat,HealthyLeaf,HealthyLeaf_123.jpg,data\raw\wheat\wheat_disease_main\Wheat Disease\Original Dataset\HealthyLeaf\HealthyLeaf_123.jpg,D:\ZaraiAI_Tomato_Cotton_Wheat\data\raw\wheat\wheat_disease_main\Wheat Disease\Original Dataset\HealthyLeaf\HealthyLeaf_123.jpg,1080,1440,3,JPEG,289378,1d275e56ab35e7259ec05a0636a78a911dc7703581910c49218f02eaaabeb849,test
wheat,HealthyLeaf,HealthyLeaf_120.jpg,data\raw\wheat\wheat_disease_main\Wheat Disease\Original Dataset\HealthyLeaf\HealthyLeaf_120.jpg,D:\ZaraiAI_Tomato_Cotton_Wheat\data\raw\wheat\wheat_disease_main\Wheat Disease\Original Dataset\HealthyLeaf\HealthyLeaf_120.jpg,1080,1440,3,JPEG,459234,c5c1a2d2c418359f0df59593232b83270471f27963a408bf4fc4a84a86c2a0bd,test
wheat,WheatBlast,WheatBlast_286.jpg,data\raw\wheat\wheat_disease_main\Wheat Disease\Original Dataset\WheatBlast\WheatBlast_286.jpg,D:\ZaraiAI_Tomato_Cotton_Wheat\data\raw\wheat\wheat_disease_main\Wheat Disease\Original Dataset\WheatBlast\WheatBlast_286.jpg,1440,1080,3,JPEG,487951,23d70bada9aaa9ae2581c8fbc24ea1503690a9737dd07a88a2060650ef3740dd,test
wheat,BlackPoint,BlackPoint_256.jpg,data\raw\wheat\wheat_disease_main\Wheat Disease\Original Dataset\BlackPoint\BlackPoint_256.jpg,D:\ZaraiAI_Tomato_Cotton_Wheat\data\raw\wheat\wheat_disease_main\Wheat Disease\Original Dataset\BlackPoint\BlackPoint_256.jpg,1440,1080,3,JPEG,154330,8f10d2d59d711d2543587d0530e658ec8a67146874f1362f88b2a3b9948ef334,test
wheat,FusariumFootRot,FusariumFootRot_150.jpg,data\raw\wheat\wheat_disease_main\Wheat Disease\Original Dataset\FusariumFootRot\FusariumFootRot_150.jpg,D:\ZaraiAI_Tomato_Cotton_Wheat\data\raw\wheat\wheat_disease_main\Wheat Disease\Original Dataset\FusariumFootRot\FusariumFootRot_150.jpg,1080,1440,3,JPEG,327655,b9f5ae7dfa632fc0bf981012ae90fdc06e20d9ec4d93a89e6ca8e842e47f27cf,test
wheat,HealthyLeaf,HealthyLeaf_218.jpg,data\raw\wheat\wheat_disease_main\Wheat Disease\Original Dataset\HealthyLeaf\HealthyLeaf_218.jpg,D:\ZaraiAI_Tomato_Cotton_Wheat\data\raw\wheat\wheat_disease_main\Wheat Disease\Original Dataset\HealthyLeaf\HealthyLeaf_218.jpg,1080,1440,3,JPEG,281464,9de3cc5bbfc010986d69f74b93f6cd6145c573a87f9bf1307909e43b46ce796f,test
wheat,FusariumFootRot,FusariumFootRot_240.jpg,data\raw\wheat\wheat_disease_main\Wheat Disease\Original Dataset\FusariumFootRot\FusariumFootRot_240.jpg,D:\ZaraiAI_Tomato_Cotton_Wheat\data\raw\wheat\wheat_disease_main\Wheat Disease\Original Dataset\FusariumFootRot\FusariumFootRot_240.jpg,1080,1440,3,JPEG,427845,53ac16891056fba0a3962fac433a95dd661ad9d56ed83a5eb207b589fed7a08e,test
wheat,BlackPoint,BlackPoint_135.jpg,data\raw\wheat\wheat_disease_main\Wheat Disease\Original Dataset\BlackPoint\BlackPoint_135.jpg,D:\ZaraiAI_Tomato_Cotton_Wheat\data\raw\wheat\wheat_disease_main\Wheat Disease\Original Dataset\BlackPoint\BlackPoint_135.jpg,1080,1440,3,JPEG,394647,4fb97b2980debc56f8b5ede04d6e436e634e447554e0dcb30f985d4f34cac437,test
wheat,HealthyLeaf,HealthyLeaf_11.jpg,data\raw\wheat\wheat_disease_main\Wheat Disease\Original Dataset\HealthyLeaf\HealthyLeaf_11.jpg,D:\ZaraiAI_Tomato_Cotton_Wheat\data\raw\wheat\wheat_disease_main\Wheat Disease\Original Dataset\HealthyLeaf\HealthyLeaf_11.jpg,1080,1440,3,JPEG,239821,2d11836eaf2b06fed8fe6cd40b0b36a8e21e5ef79038b6587803cefceb8d2614,test
wheat,BlackPoint,BlackPoint_151.jpg,data\raw\wheat\wheat_disease_main\Wheat Disease\Original Dataset\BlackPoint\BlackPoint_151.jpg,D:\ZaraiAI_Tomato_Cotton_Wheat\data\raw\wheat\wheat_disease_main\Wheat Disease\Original Dataset\BlackPoint\BlackPoint_151.jpg,1080,1440,3,JPEG,408688,a0b67dc762e52bf6be2528d3b9a946ae26b917bfceef755c448c25600355acfe,test
wheat,WheatBlast,WheatBlast_96.jpg,data\raw\wheat\wheat_disease_main\Wheat Disease\Original Dataset\WheatBlast\WheatBlast_96.jpg,D:\ZaraiAI_Tomato_Cotton_Wheat\data\raw\wheat\wheat_disease_main\Wheat Disease\Original Dataset\WheatBlast\WheatBlast_96.jpg,1440,1080,3,JPEG,419759,7561858826ec688b64b3585f8cb6575eebc1c63765b3a25e5d5f6ddd35bf656d,test
wheat,LeafBlight,LeafBlight_77.jpg,data\raw\wheat\wheat_disease_main\Wheat Disease\Original Dataset\LeafBlight\LeafBlight_77.jpg,D:\ZaraiAI_Tomato_Cotton_Wheat\data\raw\wheat\wheat_disease_main\Wheat Disease\Original Dataset\LeafBlight\LeafBlight_77.jpg,1440,1080,3,JPEG,313448,1d23166fa5a9e40a9d571600b2b7a0d51c5a6be7af8138a7158676ef0afb8ed3,test
wheat,FusariumFootRot,FusariumFootRot_123.jpg,data\raw\wheat\wheat_disease_main\Wheat Disease\Original Dataset\FusariumFootRot\FusariumFootRot_123.jpg,D:\ZaraiAI_Tomato_Cotton_Wheat\data\raw\wheat\wheat_disease_main\Wheat Disease\Original Dataset\FusariumFootRot\FusariumFootRot_123.jpg,1080,1440,3,JPEG,306411,de985aee4c650b6190ad9628712d466f5b2465c27080f40fd4496bf1fc07b977,test
wheat,HealthyLeaf,HealthyLeaf_209.jpg,data\raw\wheat\wheat_disease_main\Wheat Disease\Original Dataset\HealthyLeaf\HealthyLeaf_209.jpg,D:\ZaraiAI_Tomato_Cotton_Wheat\data\raw\wheat\wheat_disease_main\Wheat Disease\Original Dataset\HealthyLeaf\HealthyLeaf_209.jpg,1080,1440,3,JPEG,388944,25a2eb5071ebab27a7bb56269ad9816111437a41a1ebe62bbacc8284bfa4926d,test
wheat,BlackPoint,BlackPoint_298.jpg,data\raw\wheat\wheat_disease_main\Wheat Disease\Original Dataset\BlackPoint\BlackPoint_298.jpg,D:\ZaraiAI_Tomato_Cotton_Wheat\data\raw\wheat\wheat_disease_main\Wheat Disease\Original Dataset\BlackPoint\BlackPoint_298.jpg,1080,1440,3,JPEG,214708,d6ce6a985d05c31d54b90814255124687a76c53c03bc4eed35e50f9d4e0781ea,test
wheat,HealthyLeaf,HealthyLeaf_25.jpg,data\raw\wheat\wheat_disease_main\Wheat Disease\Original Dataset\HealthyLeaf\HealthyLeaf_25.jpg,D:\ZaraiAI_Tomato_Cotton_Wheat\data\raw\wheat\wheat_disease_main\Wheat Disease\Original Dataset\HealthyLeaf\HealthyLeaf_25.jpg,1080,1440,3,JPEG,326279,8b32ebb2d171ff72be19d42b5386eba5b3bd6cbfc9a8e3a21dc84da2fe12f055,test
wheat,BlackPoint,BlackPoint_143.jpg,data\raw\wheat\wheat_disease_main\Wheat Disease\Original Dataset\BlackPoint\BlackPoint_143.jpg,D:\ZaraiAI_Tomato_Cotton_Wheat\data\raw\wheat\wheat_disease_main\Wheat Disease\Original Dataset\BlackPoint\BlackPoint_143.jpg,1080,1440,3,JPEG,287702,a69b03250f8679735680bf4b07f1a33699e00c7274ad4deace5697964e3449be,test
wheat,HealthyLeaf,HealthyLeaf_59.jpg,data\raw\wheat\wheat_disease_main\Wheat Disease\Original Dataset\HealthyLeaf\HealthyLeaf_59.jpg,D:\ZaraiAI_Tomato_Cotton_Wheat\data\raw\wheat\wheat_disease_main\Wheat Disease\Original Dataset\HealthyLeaf\HealthyLeaf_59.jpg,1080,1440,3,JPEG,356631,da4c9605f55fb0874cf1edce64f600babedc494f32801b5635623e81c2bf1b13,test
wheat,BlackPoint,BlackPoint_220.jpg,data\raw\wheat\wheat_disease_main\Wheat Disease\Original Dataset\BlackPoint\BlackPoint_220.jpg,D:\ZaraiAI_Tomato_Cotton_Wheat\data\raw\wheat\wheat_disease_main\Wheat Disease\Original Dataset\BlackPoint\BlackPoint_220.jpg,1080,1440,3,JPEG,221091,d0629d1988916057fbcdcfd1b97a611739d124be47517d02892972ffcde440e1,test
wheat,FusariumFootRot,FusariumFootRot_114.jpg,data\raw\wheat\wheat_disease_main\Wheat Disease\Original Dataset\FusariumFootRot\FusariumFootRot_114.jpg,D:\ZaraiAI_Tomato_Cotton_Wheat\data\raw\wheat\wheat_disease_main\Wheat Disease\Original Dataset\FusariumFootRot\FusariumFootRot_114.jpg,1080,1440,3,JPEG,318596,6553a003dc8c95a1d8888d89ec76da58022bfcd294a3b3f6a1c8b94e9083ef76,test
wheat,BlackPoint,BlackPoint_45.jpg,data\raw\wheat\wheat_disease_main\Wheat Disease\Original Dataset\BlackPoint\BlackPoint_45.jpg,D:\ZaraiAI_Tomato_Cotton_Wheat\data\raw\wheat\wheat_disease_main\Wheat Disease\Original Dataset\BlackPoint\BlackPoint_45.jpg,1080,1440,3,JPEG,334172,9b02e9e39ed1b93e7cb76c6a8fd8b98d5a208b415853caa9a4cfece891fe0ff3,test
wheat,LeafBlight,LeafBlight_190.jpg,data\raw\wheat\wheat_disease_main\Wheat Disease\Original Dataset\LeafBlight\LeafBlight_190.jpg,D:\ZaraiAI_Tomato_Cotton_Wheat\data\raw\wheat\wheat_disease_main\Wheat Disease\Original Dataset\LeafBlight\LeafBlight_190.jpg,1440,1080,3,JPEG,267644,d1b5ff32caa41e096a827d5fe8a62b5c35be0c0d748bc8023bb156a9ebd7f1c6,test
wheat,FusariumFootRot,FusariumFootRot_31.jpg,data\raw\wheat\wheat_disease_main\Wheat Disease\Original Dataset\FusariumFootRot\FusariumFootRot_31.jpg,D:\ZaraiAI_Tomato_Cotton_Wheat\data\raw\wheat\wheat_disease_main\Wheat Disease\Original Dataset\FusariumFootRot\FusariumFootRot_31.jpg,1080,1440,3,JPEG,329768,7566082439d52aaa38aa00f77349539db2942832fd9689a59ee9c014f8806a8c,test
wheat,HealthyLeaf,HealthyLeaf_79.jpg,data\raw\wheat\wheat_disease_main\Wheat Disease\Original Dataset\HealthyLeaf\HealthyLeaf_79.jpg,D:\ZaraiAI_Tomato_Cotton_Wheat\data\raw\wheat\wheat_disease_main\Wheat Disease\Original Dataset\HealthyLeaf\HealthyLeaf_79.jpg,1080,1440,3,JPEG,278182,a317b0ad62bff8944d013135d6b7700482fbc0874b30eb9d99e74b4b75baeebc,test
wheat,FusariumFootRot,FusariumFootRot_127.jpg,data\raw\wheat\wheat_disease_main\Wheat Disease\Original Dataset\FusariumFootRot\FusariumFootRot_127.jpg,D:\ZaraiAI_Tomato_Cotton_Wheat\data\raw\wheat\wheat_disease_main\Wheat Disease\Original Dataset\FusariumFootRot\FusariumFootRot_127.jpg,1080,1440,3,JPEG,411865,0ba9e80e96954b81e0c5540a851f5e8435611d2af67eaf9ec632271479d62558,test
wheat,LeafBlight,LeafBlight_237.jpg,data\raw\wheat\wheat_disease_main\Wheat Disease\Original Dataset\LeafBlight\LeafBlight_237.jpg,D:\ZaraiAI_Tomato_Cotton_Wheat\data\raw\wheat\wheat_disease_main\Wheat Disease\Original Dataset\LeafBlight\LeafBlight_237.jpg,1440,1080,3,JPEG,168335,83b18c84b192c5b149acc66453cd73b299f42ee095234333d888194eab3a1160,test
wheat,BlackPoint,BlackPoint_199.jpg,data\raw\wheat\wheat_disease_main\Wheat Disease\Original Dataset\BlackPoint\BlackPoint_199.jpg,D:\ZaraiAI_Tomato_Cotton_Wheat\data\raw\wheat\wheat_disease_main\Wheat Disease\Original Dataset\BlackPoint\BlackPoint_199.jpg,1080,1440,3,JPEG,309412,cbd9b7de5f5f4000d970a9d12972d64b7a884fe90307f9c9829002b192f07a4d,test
wheat,BlackPoint,BlackPoint_75.jpg,data\raw\wheat\wheat_disease_main\Wheat Disease\Original Dataset\BlackPoint\BlackPoint_75.jpg,D:\ZaraiAI_Tomato_Cotton_Wheat\data\raw\wheat\wheat_disease_main\Wheat Disease\Original Dataset\BlackPoint\BlackPoint_75.jpg,1080,1440,3,JPEG,279377,86cf8535aa1f22468a13cba65664346a2c1ed01c0195d08b3bbd533c9084435b,test
wheat,LeafBlight,LeafBlight_375.jpg,data\raw\wheat\wheat_disease_main\Wheat Disease\Original Dataset\LeafBlight\LeafBlight_375.jpg,D:\ZaraiAI_Tomato_Cotton_Wheat\data\raw\wheat\wheat_disease_main\Wheat Disease\Original Dataset\LeafBlight\LeafBlight_375.jpg,1440,1080,3,JPEG,168281,5e52ef22cfb1447d82486551c034f4d44f033bf86acbd25b14c59d3f5e46ff50,test
wheat,LeafBlight,LeafBlight_120.jpg,data\raw\wheat\wheat_disease_main\Wheat Disease\Original Dataset\LeafBlight\LeafBlight_120.jpg,D:\ZaraiAI_Tomato_Cotton_Wheat\data\raw\wheat\wheat_disease_main\Wheat Disease\Original Dataset\LeafBlight\LeafBlight_120.jpg,1440,1080,3,JPEG,350941,30ecebca043f110524a757b9a96b722435c7080faa9e706ee9cbf1cabcaf725f,test
wheat,LeafBlight,LeafBlight_83.jpg,data\raw\wheat\wheat_disease_main\Wheat Disease\Original Dataset\LeafBlight\LeafBlight_83.jpg,D:\ZaraiAI_Tomato_Cotton_Wheat\data\raw\wheat\wheat_disease_main\Wheat Disease\Original Dataset\LeafBlight\LeafBlight_83.jpg,1440,1080,3,JPEG,312778,6cc42c07be96eb8db2270979fdc50d093521ebe4ee3620a03944d4f6d7df41ac,test
wheat,LeafBlight,LeafBlight_260.jpg,data\raw\wheat\wheat_disease_main\Wheat Disease\Original Dataset\LeafBlight\LeafBlight_260.jpg,D:\ZaraiAI_Tomato_Cotton_Wheat\data\raw\wheat\wheat_disease_main\Wheat Disease\Original Dataset\LeafBlight\LeafBlight_260.jpg,1440,1080,3,JPEG,232599,066a7ffd160ee35959f7f2573d8019e7725536f5fe74166f376b2390b8f59b91,test
wheat,WheatBlast,WheatBlast_32.jpg,data\raw\wheat\wheat_disease_main\Wheat Disease\Original Dataset\WheatBlast\WheatBlast_32.jpg,D:\ZaraiAI_Tomato_Cotton_Wheat\data\raw\wheat\wheat_disease_main\Wheat Disease\Original Dataset\WheatBlast\WheatBlast_32.jpg,1440,1080,3,JPEG,353315,11d2f7d20dd22fbad87b05265068c3b0e56a840e24b7df288e1839dbfa67b10e,test
wheat,LeafBlight,LeafBlight_76.jpg,data\raw\wheat\wheat_disease_main\Wheat Disease\Original Dataset\LeafBlight\LeafBlight_76.jpg,D:\ZaraiAI_Tomato_Cotton_Wheat\data\raw\wheat\wheat_disease_main\Wheat Disease\Original Dataset\LeafBlight\LeafBlight_76.jpg,1440,1080,3,JPEG,347692,900eb1840509b86cbc5128c8648938f7c597307453caa37069757736a3a7d5c8,test
wheat,WheatBlast,WheatBlast_253.jpg,data\raw\wheat\wheat_disease_main\Wheat Disease\Original Dataset\WheatBlast\WheatBlast_253.jpg,D:\ZaraiAI_Tomato_Cotton_Wheat\data\raw\wheat\wheat_disease_main\Wheat Disease\Original Dataset\WheatBlast\WheatBlast_253.jpg,1440,1080,3,JPEG,442801,adb64f4dd8ace298b4c7222dac64ed307e39823b6fbebaba6e667d3a12cdce40,test
wheat,BlackPoint,BlackPoint_216.jpg,data\raw\wheat\wheat_disease_main\Wheat Disease\Original Dataset\BlackPoint\BlackPoint_216.jpg,D:\ZaraiAI_Tomato_Cotton_Wheat\data\raw\wheat\wheat_disease_main\Wheat Disease\Original Dataset\BlackPoint\BlackPoint_216.jpg,1440,1080,3,JPEG,179321,5b6b0ff6281b0889aca62ea2b05956605146d82637e7dfd8733c82ead06bde1f,test
wheat,HealthyLeaf,HealthyLeaf_113.jpg,data\raw\wheat\wheat_disease_main\Wheat Disease\Original Dataset\HealthyLeaf\HealthyLeaf_113.jpg,D:\ZaraiAI_Tomato_Cotton_Wheat\data\raw\wheat\wheat_disease_main\Wheat Disease\Original Dataset\HealthyLeaf\HealthyLeaf_113.jpg,1080,1440,3,JPEG,365817,dc3b1331219dc0bcfcbfe3c1da3ecf65b46ca190b6bce194d9da2feb09515e35,test
wheat,BlackPoint,BlackPoint_88.jpg,data\raw\wheat\wheat_disease_main\Wheat Disease\Original Dataset\BlackPoint\BlackPoint_88.jpg,D:\ZaraiAI_Tomato_Cotton_Wheat\data\raw\wheat\wheat_disease_main\Wheat Disease\Original Dataset\BlackPoint\BlackPoint_88.jpg,1080,1440,3,JPEG,296134,b2a8f96856eb081a30949f083563927f83edc0ba206067ebfe9229276b78af61,test
wheat,WheatBlast,WheatBlast_319.jpg,data\raw\wheat\wheat_disease_main\Wheat Disease\Original Dataset\WheatBlast\WheatBlast_319.jpg,D:\ZaraiAI_Tomato_Cotton_Wheat\data\raw\wheat\wheat_disease_main\Wheat Disease\Original Dataset\WheatBlast\WheatBlast_319.jpg,1440,1080,3,JPEG,570113,d4b8e0b629f8eee9f155aad3d9419ddd4fb3a53c8a11c64acb65ee1889560f6b,test
wheat,FusariumFootRot,FusariumFootRot_82.jpg,data\raw\wheat\wheat_disease_main\Wheat Disease\Original Dataset\FusariumFootRot\FusariumFootRot_82.jpg,D:\ZaraiAI_Tomato_Cotton_Wheat\data\raw\wheat\wheat_disease_main\Wheat Disease\Original Dataset\FusariumFootRot\FusariumFootRot_82.jpg,1080,1440,3,JPEG,450025,f7150332ef3a7922dfadc394fc78a049295541cb0c1a8dffbadb989426c85e14,test
wheat,WheatBlast,WheatBlast_1.jpg,data\raw\wheat\wheat_disease_main\Wheat Disease\Original Dataset\WheatBlast\WheatBlast_1.jpg,D:\ZaraiAI_Tomato_Cotton_Wheat\data\raw\wheat\wheat_disease_main\Wheat Disease\Original Dataset\WheatBlast\WheatBlast_1.jpg,1440,1080,3,JPEG,394226,02744066181d672cc13c417f8e2f49fae192cc40eeeb2e593d9ba129d026b586,test
wheat,LeafBlight,LeafBlight_314.jpg,data\raw\wheat\wheat_disease_main\Wheat Disease\Original Dataset\LeafBlight\LeafBlight_314.jpg,D:\ZaraiAI_Tomato_Cotton_Wheat\data\raw\wheat\wheat_disease_main\Wheat Disease\Original Dataset\LeafBlight\LeafBlight_314.jpg,1440,1080,3,JPEG,226023,2fc71e1f5e9e8819114c1deda913301e4e4fba62aec719dc816fbf783be256eb,test
wheat,HealthyLeaf,HealthyLeaf_165.jpg,data\raw\wheat\wheat_disease_main\Wheat Disease\Original Dataset\HealthyLeaf\HealthyLeaf_165.jpg,D:\ZaraiAI_Tomato_Cotton_Wheat\data\raw\wheat\wheat_disease_main\Wheat Disease\Original Dataset\HealthyLeaf\HealthyLeaf_165.jpg,1080,1440,3,JPEG,332864,737b76c0132813c0ad2e16465ca8b77655ea6653de83f4af253280c8f2a53bc3,test
wheat,LeafBlight,LeafBlight_94.jpg,data\raw\wheat\wheat_disease_main\Wheat Disease\Original Dataset\LeafBlight\LeafBlight_94.jpg,D:\ZaraiAI_Tomato_Cotton_Wheat\data\raw\wheat\wheat_disease_main\Wheat Disease\Original Dataset\LeafBlight\LeafBlight_94.jpg,1440,1080,3,JPEG,361688,852aede57b529db65df3bdb5686880dd680a02c26ec1370c765dc933c53238c4,test
wheat,HealthyLeaf,HealthyLeaf_40.jpg,data\raw\wheat\wheat_disease_main\Wheat Disease\Original Dataset\HealthyLeaf\HealthyLeaf_40.jpg,D:\ZaraiAI_Tomato_Cotton_Wheat\data\raw\wheat\wheat_disease_main\Wheat Disease\Original Dataset\HealthyLeaf\HealthyLeaf_40.jpg,1080,1440,3,JPEG,346556,b4f460ce01f96bb0cf7b4646ef2b3eed5447634fe21344c69a88997daf9151ae,test
wheat,LeafBlight,LeafBlight_175.jpg,data\raw\wheat\wheat_disease_main\Wheat Disease\Original Dataset\LeafBlight\LeafBlight_175.jpg,D:\ZaraiAI_Tomato_Cotton_Wheat\data\raw\wheat\wheat_disease_main\Wheat Disease\Original Dataset\LeafBlight\LeafBlight_175.jpg,1440,1080,3,JPEG,236780,a4e770558c726784a2887105b3bd0c8802641193e180b5247968bfb3df1d084e,test
wheat,BlackPoint,BlackPoint_22.jpg,data\raw\wheat\wheat_disease_main\Wheat Disease\Original Dataset\BlackPoint\BlackPoint_22.jpg,D:\ZaraiAI_Tomato_Cotton_Wheat\data\raw\wheat\wheat_disease_main\Wheat Disease\Original Dataset\BlackPoint\BlackPoint_22.jpg,1080,1440,3,JPEG,242736,9512477ad1dad34b5b4ba0f4bf1afbae498c13921fe61d066490bdbb13d634ea,test
wheat,HealthyLeaf,HealthyLeaf_230.jpg,data\raw\wheat\wheat_disease_main\Wheat Disease\Original Dataset\HealthyLeaf\HealthyLeaf_230.jpg,D:\ZaraiAI_Tomato_Cotton_Wheat\data\raw\wheat\wheat_disease_main\Wheat Disease\Original Dataset\HealthyLeaf\HealthyLeaf_230.jpg,1080,1440,3,JPEG,294128,c9eb4555bc39fc21f295df39f5aba5fc976fa7db0ca220fb1ad4a3ab9cf6b91b,test
wheat,LeafBlight,LeafBlight_141.jpg,data\raw\wheat\wheat_disease_main\Wheat Disease\Original Dataset\LeafBlight\LeafBlight_141.jpg,D:\ZaraiAI_Tomato_Cotton_Wheat\data\raw\wheat\wheat_disease_main\Wheat Disease\Original Dataset\LeafBlight\LeafBlight_141.jpg,1440,1080,3,JPEG,397764,b66b4e13ac5f74a3b75694fc79051fd8685dced11ceffacded5c0c50689f3ffd,test
wheat,LeafBlight,LeafBlight_100.jpg,data\raw\wheat\wheat_disease_main\Wheat Disease\Original Dataset\LeafBlight\LeafBlight_100.jpg,D:\ZaraiAI_Tomato_Cotton_Wheat\data\raw\wheat\wheat_disease_main\Wheat Disease\Original Dataset\LeafBlight\LeafBlight_100.jpg,1440,1080,3,JPEG,325621,d3b0657bf2a96726ce913daf6a9461f246141e1852480911ccc333255a1111ba,test
wheat,WheatBlast,WheatBlast_301.jpg,data\raw\wheat\wheat_disease_main\Wheat Disease\Original Dataset\WheatBlast\WheatBlast_301.jpg,D:\ZaraiAI_Tomato_Cotton_Wheat\data\raw\wheat\wheat_disease_main\Wheat Disease\Original Dataset\WheatBlast\WheatBlast_301.jpg,1440,1080,3,JPEG,516622,bdb24c0b5cbce38a3c4249f538e9f8f23ce3d50cbb1218ae358c8758008c7381,test
wheat,HealthyLeaf,HealthyLeaf_188.jpg,data\raw\wheat\wheat_disease_main\Wheat Disease\Original Dataset\HealthyLeaf\HealthyLeaf_188.jpg,D:\ZaraiAI_Tomato_Cotton_Wheat\data\raw\wheat\wheat_disease_main\Wheat Disease\Original Dataset\HealthyLeaf\HealthyLeaf_188.jpg,1080,1440,3,JPEG,409738,5aa017c3c8c760f43ea61076ceb4d6925fa3bca000454d445a569659ce953e29,test
wheat,WheatBlast,WheatBlast_320.jpg,data\raw\wheat\wheat_disease_main\Wheat Disease\Original Dataset\WheatBlast\WheatBlast_320.jpg,D:\ZaraiAI_Tomato_Cotton_Wheat\data\raw\wheat\wheat_disease_main\Wheat Disease\Original Dataset\WheatBlast\WheatBlast_320.jpg,1440,1080,3,JPEG,538338,3ada952a46044e4fb35c460f6afa041b8549025b19bc1d9c768794fc5a71d881,test
wheat,BlackPoint,BlackPoint_142.jpg,data\raw\wheat\wheat_disease_main\Wheat Disease\Original Dataset\BlackPoint\BlackPoint_142.jpg,D:\ZaraiAI_Tomato_Cotton_Wheat\data\raw\wheat\wheat_disease_main\Wheat Disease\Original Dataset\BlackPoint\BlackPoint_142.jpg,1080,1440,3,JPEG,396908,6bd7691f63e6d843642bb182385b15f34c2cd1fe926ec3bfae90eb6a88254046,test
